# Editable approximated 3D reconstruction based on the supplied reference image
mtllib king_warrior_editable.mtl
v -0.27000 0.00000 0.42500
v -0.28370 0.08652 0.42500
v -0.32348 0.16458 0.42500
v -0.38542 0.22652 0.42500
v -0.46348 0.26630 0.42500
v -0.55000 0.28000 0.42500
v -0.63652 0.26630 0.42500
v -0.71458 0.22652 0.42500
v -0.77652 0.16458 0.42500
v -0.81630 0.08652 0.42500
v -0.83000 0.00000 0.42500
v -0.81630 -0.08652 0.42500
v -0.77652 -0.16458 0.42500
v -0.71458 -0.22652 0.42500
v -0.63652 -0.26630 0.42500
v -0.55000 -0.28000 0.42500
v -0.46348 -0.26630 0.42500
v -0.38542 -0.22652 0.42500
v -0.32348 -0.16458 0.42500
v -0.28370 -0.08652 0.42500
v -0.27000 0.00000 1.57500
v -0.28370 0.08652 1.57500
v -0.32348 0.16458 1.57500
v -0.38542 0.22652 1.57500
v -0.46348 0.26630 1.57500
v -0.55000 0.28000 1.57500
v -0.63652 0.26630 1.57500
v -0.71458 0.22652 1.57500
v -0.77652 0.16458 1.57500
v -0.81630 0.08652 1.57500
v -0.83000 0.00000 1.57500
v -0.81630 -0.08652 1.57500
v -0.77652 -0.16458 1.57500
v -0.71458 -0.22652 1.57500
v -0.63652 -0.26630 1.57500
v -0.55000 -0.28000 1.57500
v -0.46348 -0.26630 1.57500
v -0.38542 -0.22652 1.57500
v -0.32348 -0.16458 1.57500
v -0.28370 -0.08652 1.57500
v 0.83000 0.00000 0.42500
v 0.81630 0.08652 0.42500
v 0.77652 0.16458 0.42500
v 0.71458 0.22652 0.42500
v 0.63652 0.26630 0.42500
v 0.55000 0.28000 0.42500
v 0.46348 0.26630 0.42500
v 0.38542 0.22652 0.42500
v 0.32348 0.16458 0.42500
v 0.28370 0.08652 0.42500
v 0.27000 0.00000 0.42500
v 0.28370 -0.08652 0.42500
v 0.32348 -0.16458 0.42500
v 0.38542 -0.22652 0.42500
v 0.46348 -0.26630 0.42500
v 0.55000 -0.28000 0.42500
v 0.63652 -0.26630 0.42500
v 0.71458 -0.22652 0.42500
v 0.77652 -0.16458 0.42500
v 0.81630 -0.08652 0.42500
v 0.83000 0.00000 1.57500
v 0.81630 0.08652 1.57500
v 0.77652 0.16458 1.57500
v 0.71458 0.22652 1.57500
v 0.63652 0.26630 1.57500
v 0.55000 0.28000 1.57500
v 0.46348 0.26630 1.57500
v 0.38542 0.22652 1.57500
v 0.32348 0.16458 1.57500
v 0.28370 0.08652 1.57500
v 0.27000 0.00000 1.57500
v 0.28370 -0.08652 1.57500
v 0.32348 -0.16458 1.57500
v 0.38542 -0.22652 1.57500
v 0.46348 -0.26630 1.57500
v 0.55000 -0.28000 1.57500
v 0.63652 -0.26630 1.57500
v 0.71458 -0.22652 1.57500
v 0.77652 -0.16458 1.57500
v 0.81630 -0.08652 1.57500
v -0.32000 0.00000 1.40000
v -0.33387 0.07866 1.40000
v -0.37381 0.14784 1.40000
v -0.43500 0.19919 1.40000
v -0.51006 0.22651 1.40000
v -0.58994 0.22651 1.40000
v -0.66500 0.19919 1.40000
v -0.72619 0.14784 1.40000
v -0.76613 0.07866 1.40000
v -0.78000 0.00000 1.40000
v -0.76613 -0.07866 1.40000
v -0.72619 -0.14784 1.40000
v -0.66500 -0.19919 1.40000
v -0.58994 -0.22651 1.40000
v -0.51006 -0.22651 1.40000
v -0.43500 -0.19919 1.40000
v -0.37381 -0.14784 1.40000
v -0.33387 -0.07866 1.40000
v -0.32000 0.00000 2.40000
v -0.33387 0.07866 2.40000
v -0.37381 0.14784 2.40000
v -0.43500 0.19919 2.40000
v -0.51006 0.22651 2.40000
v -0.58994 0.22651 2.40000
v -0.66500 0.19919 2.40000
v -0.72619 0.14784 2.40000
v -0.76613 0.07866 2.40000
v -0.78000 0.00000 2.40000
v -0.76613 -0.07866 2.40000
v -0.72619 -0.14784 2.40000
v -0.66500 -0.19919 2.40000
v -0.58994 -0.22651 2.40000
v -0.51006 -0.22651 2.40000
v -0.43500 -0.19919 2.40000
v -0.37381 -0.14784 2.40000
v -0.33387 -0.07866 2.40000
v 0.78000 0.00000 1.40000
v 0.76613 0.07866 1.40000
v 0.72619 0.14784 1.40000
v 0.66500 0.19919 1.40000
v 0.58994 0.22651 1.40000
v 0.51006 0.22651 1.40000
v 0.43500 0.19919 1.40000
v 0.37381 0.14784 1.40000
v 0.33387 0.07866 1.40000
v 0.32000 0.00000 1.40000
v 0.33387 -0.07866 1.40000
v 0.37381 -0.14784 1.40000
v 0.43500 -0.19919 1.40000
v 0.51006 -0.22651 1.40000
v 0.58994 -0.22651 1.40000
v 0.66500 -0.19919 1.40000
v 0.72619 -0.14784 1.40000
v 0.76613 -0.07866 1.40000
v 0.78000 0.00000 2.40000
v 0.76613 0.07866 2.40000
v 0.72619 0.14784 2.40000
v 0.66500 0.19919 2.40000
v 0.58994 0.22651 2.40000
v 0.51006 0.22651 2.40000
v 0.43500 0.19919 2.40000
v 0.37381 0.14784 2.40000
v 0.33387 0.07866 2.40000
v 0.32000 0.00000 2.40000
v 0.33387 -0.07866 2.40000
v 0.37381 -0.14784 2.40000
v 0.43500 -0.19919 2.40000
v 0.51006 -0.22651 2.40000
v 0.58994 -0.22651 2.40000
v 0.66500 -0.19919 2.40000
v 0.72619 -0.14784 2.40000
v 0.76613 -0.07866 2.40000
v 0.00000 0.00000 4.05000
v 0.00000 0.00000 4.05000
v 0.00000 0.00000 4.05000
v 0.00000 0.00000 4.05000
v 0.00000 0.00000 4.05000
v 0.00000 0.00000 4.05000
v 0.00000 0.00000 4.05000
v 0.00000 0.00000 4.05000
v 0.00000 0.00000 4.05000
v 0.00000 0.00000 4.05000
v 0.00000 0.00000 4.05000
v 0.00000 0.00000 4.05000
v 0.00000 0.00000 4.05000
v 0.00000 0.00000 4.05000
v 0.00000 0.00000 4.05000
v 0.00000 0.00000 4.05000
v 0.00000 0.00000 4.05000
v 0.00000 0.00000 4.05000
v 0.00000 0.00000 4.05000
v 0.00000 0.00000 4.05000
v 0.00000 0.00000 4.05000
v 0.00000 0.00000 4.05000
v 0.00000 0.00000 4.05000
v 0.00000 0.00000 4.05000
v 0.00000 0.00000 4.05000
v 0.00000 0.00000 4.05000
v 0.00000 0.00000 4.05000
v 0.00000 0.00000 4.05000
v 0.16583 0.00000 4.02982
v 0.16167 0.02084 4.02982
v 0.14940 0.04063 4.02982
v 0.12965 0.05839 4.02982
v 0.10339 0.07321 4.02982
v 0.07195 0.08437 4.02982
v 0.03690 0.09130 4.02982
v 0.00000 0.09364 4.02982
v -0.03690 0.09130 4.02982
v -0.07195 0.08437 4.02982
v -0.10339 0.07321 4.02982
v -0.12965 0.05839 4.02982
v -0.14940 0.04063 4.02982
v -0.16167 0.02084 4.02982
v -0.16583 0.00000 4.02982
v -0.16167 -0.02084 4.02982
v -0.14940 -0.04063 4.02982
v -0.12965 -0.05839 4.02982
v -0.10339 -0.07321 4.02982
v -0.07195 -0.08437 4.02982
v -0.03690 -0.09130 4.02982
v -0.00000 -0.09364 4.02982
v 0.03690 -0.09130 4.02982
v 0.07195 -0.08437 4.02982
v 0.10339 -0.07321 4.02982
v 0.12965 -0.05839 4.02982
v 0.14940 -0.04063 4.02982
v 0.16167 -0.02084 4.02982
v 0.32528 0.00000 3.97007
v 0.31713 0.04087 3.97007
v 0.29307 0.07970 3.97007
v 0.25431 0.11453 3.97007
v 0.20281 0.14361 3.97007
v 0.14113 0.16550 3.97007
v 0.07238 0.17908 3.97007
v 0.00000 0.18369 3.97007
v -0.07238 0.17908 3.97007
v -0.14113 0.16550 3.97007
v -0.20281 0.14361 3.97007
v -0.25431 0.11453 3.97007
v -0.29307 0.07970 3.97007
v -0.31713 0.04087 3.97007
v -0.32528 0.00000 3.97007
v -0.31713 -0.04087 3.97007
v -0.29307 -0.07970 3.97007
v -0.25431 -0.11453 3.97007
v -0.20281 -0.14361 3.97007
v -0.14113 -0.16550 3.97007
v -0.07238 -0.17908 3.97007
v -0.00000 -0.18369 3.97007
v 0.07238 -0.17908 3.97007
v 0.14113 -0.16550 3.97007
v 0.20281 -0.14361 3.97007
v 0.25431 -0.11453 3.97007
v 0.29307 -0.07970 3.97007
v 0.31713 -0.04087 3.97007
v 0.47223 0.00000 3.87304
v 0.46039 0.05934 3.87304
v 0.42547 0.11571 3.87304
v 0.36921 0.16627 3.87304
v 0.29443 0.20849 3.87304
v 0.20489 0.24026 3.87304
v 0.10508 0.25999 3.87304
v 0.00000 0.26667 3.87304
v -0.10508 0.25999 3.87304
v -0.20489 0.24026 3.87304
v -0.29443 0.20849 3.87304
v -0.36921 0.16627 3.87304
v -0.42547 0.11571 3.87304
v -0.46039 0.05934 3.87304
v -0.47223 0.00000 3.87304
v -0.46039 -0.05934 3.87304
v -0.42547 -0.11571 3.87304
v -0.36921 -0.16627 3.87304
v -0.29443 -0.20849 3.87304
v -0.20489 -0.24026 3.87304
v -0.10508 -0.25999 3.87304
v -0.00000 -0.26667 3.87304
v 0.10508 -0.25999 3.87304
v 0.20489 -0.24026 3.87304
v 0.29443 -0.20849 3.87304
v 0.36921 -0.16627 3.87304
v 0.42547 -0.11571 3.87304
v 0.46039 -0.05934 3.87304
v 0.60104 0.00000 3.74246
v 0.58597 0.07553 3.74246
v 0.54152 0.14727 3.74246
v 0.46991 0.21162 3.74246
v 0.37474 0.26536 3.74246
v 0.26078 0.30580 3.74246
v 0.13374 0.33090 3.74246
v 0.00000 0.33941 3.74246
v -0.13374 0.33090 3.74246
v -0.26078 0.30580 3.74246
v -0.37474 0.26536 3.74246
v -0.46991 0.21162 3.74246
v -0.54152 0.14727 3.74246
v -0.58597 0.07553 3.74246
v -0.60104 0.00000 3.74246
v -0.58597 -0.07553 3.74246
v -0.54152 -0.14727 3.74246
v -0.46991 -0.21162 3.74246
v -0.37474 -0.26536 3.74246
v -0.26078 -0.30580 3.74246
v -0.13374 -0.33090 3.74246
v -0.00000 -0.33941 3.74246
v 0.13374 -0.33090 3.74246
v 0.26078 -0.30580 3.74246
v 0.37474 -0.26536 3.74246
v 0.46991 -0.21162 3.74246
v 0.54152 -0.14727 3.74246
v 0.58597 -0.07553 3.74246
v 0.70675 0.00000 3.58335
v 0.68903 0.08881 3.58335
v 0.63676 0.17317 3.58335
v 0.55256 0.24884 3.58335
v 0.44065 0.31203 3.58335
v 0.30665 0.35958 3.58335
v 0.15727 0.38910 3.58335
v 0.00000 0.39911 3.58335
v -0.15727 0.38910 3.58335
v -0.30665 0.35958 3.58335
v -0.44065 0.31203 3.58335
v -0.55256 0.24884 3.58335
v -0.63676 0.17317 3.58335
v -0.68903 0.08881 3.58335
v -0.70675 0.00000 3.58335
v -0.68903 -0.08881 3.58335
v -0.63676 -0.17317 3.58335
v -0.55256 -0.24884 3.58335
v -0.44065 -0.31203 3.58335
v -0.30665 -0.35958 3.58335
v -0.15727 -0.38910 3.58335
v -0.00000 -0.39911 3.58335
v 0.15727 -0.38910 3.58335
v 0.30665 -0.35958 3.58335
v 0.44065 -0.31203 3.58335
v 0.55256 -0.24884 3.58335
v 0.63676 -0.17317 3.58335
v 0.68903 -0.08881 3.58335
v 0.78530 0.00000 3.40182
v 0.76561 0.09868 3.40182
v 0.70753 0.19241 3.40182
v 0.61397 0.27649 3.40182
v 0.48963 0.34671 3.40182
v 0.34073 0.39955 3.40182
v 0.17475 0.43234 3.40182
v 0.00000 0.44346 3.40182
v -0.17475 0.43234 3.40182
v -0.34073 0.39955 3.40182
v -0.48963 0.34671 3.40182
v -0.61397 0.27649 3.40182
v -0.70753 0.19241 3.40182
v -0.76561 0.09868 3.40182
v -0.78530 0.00000 3.40182
v -0.76561 -0.09868 3.40182
v -0.70753 -0.19241 3.40182
v -0.61397 -0.27649 3.40182
v -0.48963 -0.34671 3.40182
v -0.34073 -0.39955 3.40182
v -0.17475 -0.43234 3.40182
v -0.00000 -0.44346 3.40182
v 0.17475 -0.43234 3.40182
v 0.34073 -0.39955 3.40182
v 0.48963 -0.34671 3.40182
v 0.61397 -0.27649 3.40182
v 0.70753 -0.19241 3.40182
v 0.76561 -0.09868 3.40182
v 0.83367 0.00000 3.20484
v 0.81277 0.10476 3.20484
v 0.75111 0.20426 3.20484
v 0.65179 0.29352 3.20484
v 0.51978 0.36807 3.20484
v 0.36171 0.42416 3.20484
v 0.18551 0.45897 3.20484
v 0.00000 0.47078 3.20484
v -0.18551 0.45897 3.20484
v -0.36171 0.42416 3.20484
v -0.51978 0.36807 3.20484
v -0.65179 0.29352 3.20484
v -0.75111 0.20426 3.20484
v -0.81277 0.10476 3.20484
v -0.83367 0.00000 3.20484
v -0.81277 -0.10476 3.20484
v -0.75111 -0.20426 3.20484
v -0.65179 -0.29352 3.20484
v -0.51978 -0.36807 3.20484
v -0.36171 -0.42416 3.20484
v -0.18551 -0.45897 3.20484
v -0.00000 -0.47078 3.20484
v 0.18551 -0.45897 3.20484
v 0.36171 -0.42416 3.20484
v 0.51978 -0.36807 3.20484
v 0.65179 -0.29352 3.20484
v 0.75111 -0.20426 3.20484
v 0.81277 -0.10476 3.20484
v 0.85000 0.00000 3.00000
v 0.82869 0.10681 3.00000
v 0.76582 0.20826 3.00000
v 0.66456 0.29928 3.00000
v 0.52997 0.37528 3.00000
v 0.36880 0.43247 3.00000
v 0.18914 0.46797 3.00000
v 0.00000 0.48000 3.00000
v -0.18914 0.46797 3.00000
v -0.36880 0.43247 3.00000
v -0.52997 0.37528 3.00000
v -0.66456 0.29928 3.00000
v -0.76582 0.20826 3.00000
v -0.82869 0.10681 3.00000
v -0.85000 0.00000 3.00000
v -0.82869 -0.10681 3.00000
v -0.76582 -0.20826 3.00000
v -0.66456 -0.29928 3.00000
v -0.52997 -0.37528 3.00000
v -0.36880 -0.43247 3.00000
v -0.18914 -0.46797 3.00000
v -0.00000 -0.48000 3.00000
v 0.18914 -0.46797 3.00000
v 0.36880 -0.43247 3.00000
v 0.52997 -0.37528 3.00000
v 0.66456 -0.29928 3.00000
v 0.76582 -0.20826 3.00000
v 0.82869 -0.10681 3.00000
v 0.83367 0.00000 2.79516
v 0.81277 0.10476 2.79516
v 0.75111 0.20426 2.79516
v 0.65179 0.29352 2.79516
v 0.51978 0.36807 2.79516
v 0.36171 0.42416 2.79516
v 0.18551 0.45897 2.79516
v 0.00000 0.47078 2.79516
v -0.18551 0.45897 2.79516
v -0.36171 0.42416 2.79516
v -0.51978 0.36807 2.79516
v -0.65179 0.29352 2.79516
v -0.75111 0.20426 2.79516
v -0.81277 0.10476 2.79516
v -0.83367 0.00000 2.79516
v -0.81277 -0.10476 2.79516
v -0.75111 -0.20426 2.79516
v -0.65179 -0.29352 2.79516
v -0.51978 -0.36807 2.79516
v -0.36171 -0.42416 2.79516
v -0.18551 -0.45897 2.79516
v -0.00000 -0.47078 2.79516
v 0.18551 -0.45897 2.79516
v 0.36171 -0.42416 2.79516
v 0.51978 -0.36807 2.79516
v 0.65179 -0.29352 2.79516
v 0.75111 -0.20426 2.79516
v 0.81277 -0.10476 2.79516
v 0.78530 0.00000 2.59818
v 0.76561 0.09868 2.59818
v 0.70753 0.19241 2.59818
v 0.61397 0.27649 2.59818
v 0.48963 0.34671 2.59818
v 0.34073 0.39955 2.59818
v 0.17475 0.43234 2.59818
v 0.00000 0.44346 2.59818
v -0.17475 0.43234 2.59818
v -0.34073 0.39955 2.59818
v -0.48963 0.34671 2.59818
v -0.61397 0.27649 2.59818
v -0.70753 0.19241 2.59818
v -0.76561 0.09868 2.59818
v -0.78530 0.00000 2.59818
v -0.76561 -0.09868 2.59818
v -0.70753 -0.19241 2.59818
v -0.61397 -0.27649 2.59818
v -0.48963 -0.34671 2.59818
v -0.34073 -0.39955 2.59818
v -0.17475 -0.43234 2.59818
v -0.00000 -0.44346 2.59818
v 0.17475 -0.43234 2.59818
v 0.34073 -0.39955 2.59818
v 0.48963 -0.34671 2.59818
v 0.61397 -0.27649 2.59818
v 0.70753 -0.19241 2.59818
v 0.76561 -0.09868 2.59818
v 0.70675 0.00000 2.41665
v 0.68903 0.08881 2.41665
v 0.63676 0.17317 2.41665
v 0.55256 0.24884 2.41665
v 0.44065 0.31203 2.41665
v 0.30665 0.35958 2.41665
v 0.15727 0.38910 2.41665
v 0.00000 0.39911 2.41665
v -0.15727 0.38910 2.41665
v -0.30665 0.35958 2.41665
v -0.44065 0.31203 2.41665
v -0.55256 0.24884 2.41665
v -0.63676 0.17317 2.41665
v -0.68903 0.08881 2.41665
v -0.70675 0.00000 2.41665
v -0.68903 -0.08881 2.41665
v -0.63676 -0.17317 2.41665
v -0.55256 -0.24884 2.41665
v -0.44065 -0.31203 2.41665
v -0.30665 -0.35958 2.41665
v -0.15727 -0.38910 2.41665
v -0.00000 -0.39911 2.41665
v 0.15727 -0.38910 2.41665
v 0.30665 -0.35958 2.41665
v 0.44065 -0.31203 2.41665
v 0.55256 -0.24884 2.41665
v 0.63676 -0.17317 2.41665
v 0.68903 -0.08881 2.41665
v 0.60104 0.00000 2.25754
v 0.58597 0.07553 2.25754
v 0.54152 0.14727 2.25754
v 0.46991 0.21162 2.25754
v 0.37474 0.26536 2.25754
v 0.26078 0.30580 2.25754
v 0.13374 0.33090 2.25754
v 0.00000 0.33941 2.25754
v -0.13374 0.33090 2.25754
v -0.26078 0.30580 2.25754
v -0.37474 0.26536 2.25754
v -0.46991 0.21162 2.25754
v -0.54152 0.14727 2.25754
v -0.58597 0.07553 2.25754
v -0.60104 0.00000 2.25754
v -0.58597 -0.07553 2.25754
v -0.54152 -0.14727 2.25754
v -0.46991 -0.21162 2.25754
v -0.37474 -0.26536 2.25754
v -0.26078 -0.30580 2.25754
v -0.13374 -0.33090 2.25754
v -0.00000 -0.33941 2.25754
v 0.13374 -0.33090 2.25754
v 0.26078 -0.30580 2.25754
v 0.37474 -0.26536 2.25754
v 0.46991 -0.21162 2.25754
v 0.54152 -0.14727 2.25754
v 0.58597 -0.07553 2.25754
v 0.47223 0.00000 2.12696
v 0.46039 0.05934 2.12696
v 0.42547 0.11571 2.12696
v 0.36921 0.16627 2.12696
v 0.29443 0.20849 2.12696
v 0.20489 0.24026 2.12696
v 0.10508 0.25999 2.12696
v 0.00000 0.26667 2.12696
v -0.10508 0.25999 2.12696
v -0.20489 0.24026 2.12696
v -0.29443 0.20849 2.12696
v -0.36921 0.16627 2.12696
v -0.42547 0.11571 2.12696
v -0.46039 0.05934 2.12696
v -0.47223 0.00000 2.12696
v -0.46039 -0.05934 2.12696
v -0.42547 -0.11571 2.12696
v -0.36921 -0.16627 2.12696
v -0.29443 -0.20849 2.12696
v -0.20489 -0.24026 2.12696
v -0.10508 -0.25999 2.12696
v -0.00000 -0.26667 2.12696
v 0.10508 -0.25999 2.12696
v 0.20489 -0.24026 2.12696
v 0.29443 -0.20849 2.12696
v 0.36921 -0.16627 2.12696
v 0.42547 -0.11571 2.12696
v 0.46039 -0.05934 2.12696
v 0.32528 0.00000 2.02993
v 0.31713 0.04087 2.02993
v 0.29307 0.07970 2.02993
v 0.25431 0.11453 2.02993
v 0.20281 0.14361 2.02993
v 0.14113 0.16550 2.02993
v 0.07238 0.17908 2.02993
v 0.00000 0.18369 2.02993
v -0.07238 0.17908 2.02993
v -0.14113 0.16550 2.02993
v -0.20281 0.14361 2.02993
v -0.25431 0.11453 2.02993
v -0.29307 0.07970 2.02993
v -0.31713 0.04087 2.02993
v -0.32528 0.00000 2.02993
v -0.31713 -0.04087 2.02993
v -0.29307 -0.07970 2.02993
v -0.25431 -0.11453 2.02993
v -0.20281 -0.14361 2.02993
v -0.14113 -0.16550 2.02993
v -0.07238 -0.17908 2.02993
v -0.00000 -0.18369 2.02993
v 0.07238 -0.17908 2.02993
v 0.14113 -0.16550 2.02993
v 0.20281 -0.14361 2.02993
v 0.25431 -0.11453 2.02993
v 0.29307 -0.07970 2.02993
v 0.31713 -0.04087 2.02993
v 0.16583 0.00000 1.97018
v 0.16167 0.02084 1.97018
v 0.14940 0.04063 1.97018
v 0.12965 0.05839 1.97018
v 0.10339 0.07321 1.97018
v 0.07195 0.08437 1.97018
v 0.03690 0.09130 1.97018
v 0.00000 0.09364 1.97018
v -0.03690 0.09130 1.97018
v -0.07195 0.08437 1.97018
v -0.10339 0.07321 1.97018
v -0.12965 0.05839 1.97018
v -0.14940 0.04063 1.97018
v -0.16167 0.02084 1.97018
v -0.16583 0.00000 1.97018
v -0.16167 -0.02084 1.97018
v -0.14940 -0.04063 1.97018
v -0.12965 -0.05839 1.97018
v -0.10339 -0.07321 1.97018
v -0.07195 -0.08437 1.97018
v -0.03690 -0.09130 1.97018
v -0.00000 -0.09364 1.97018
v 0.03690 -0.09130 1.97018
v 0.07195 -0.08437 1.97018
v 0.10339 -0.07321 1.97018
v 0.12965 -0.05839 1.97018
v 0.14940 -0.04063 1.97018
v 0.16167 -0.02084 1.97018
v 0.00000 0.00000 1.95000
v 0.00000 0.00000 1.95000
v 0.00000 0.00000 1.95000
v 0.00000 0.00000 1.95000
v 0.00000 0.00000 1.95000
v 0.00000 0.00000 1.95000
v 0.00000 0.00000 1.95000
v 0.00000 0.00000 1.95000
v -0.00000 0.00000 1.95000
v -0.00000 0.00000 1.95000
v -0.00000 0.00000 1.95000
v -0.00000 0.00000 1.95000
v -0.00000 0.00000 1.95000
v -0.00000 0.00000 1.95000
v -0.00000 0.00000 1.95000
v -0.00000 -0.00000 1.95000
v -0.00000 -0.00000 1.95000
v -0.00000 -0.00000 1.95000
v -0.00000 -0.00000 1.95000
v -0.00000 -0.00000 1.95000
v -0.00000 -0.00000 1.95000
v -0.00000 -0.00000 1.95000
v 0.00000 -0.00000 1.95000
v 0.00000 -0.00000 1.95000
v 0.00000 -0.00000 1.95000
v 0.00000 -0.00000 1.95000
v 0.00000 -0.00000 1.95000
v 0.00000 -0.00000 1.95000
v -0.62500 -0.19500 2.22500
v 0.62500 -0.19500 2.22500
v 0.62500 0.35500 2.22500
v -0.62500 0.35500 2.22500
v -0.62500 -0.19500 3.77500
v 0.62500 -0.19500 3.77500
v 0.62500 0.35500 3.77500
v -0.62500 0.35500 3.77500
v 0.00000 -0.43000 4.07000
v 0.00000 -0.43000 4.07000
v 0.00000 -0.43000 4.07000
v 0.00000 -0.43000 4.07000
v 0.00000 -0.43000 4.07000
v 0.00000 -0.43000 4.07000
v 0.00000 -0.43000 4.07000
v 0.00000 -0.43000 4.07000
v 0.00000 -0.43000 4.07000
v 0.00000 -0.43000 4.07000
v 0.00000 -0.43000 4.07000
v 0.00000 -0.43000 4.07000
v 0.00000 -0.43000 4.07000
v 0.00000 -0.43000 4.07000
v 0.00000 -0.43000 4.07000
v 0.00000 -0.43000 4.07000
v 0.00000 -0.43000 4.07000
v 0.00000 -0.43000 4.07000
v 0.00000 -0.43000 4.07000
v 0.00000 -0.43000 4.07000
v 0.00000 -0.43000 4.07000
v 0.00000 -0.43000 4.07000
v 0.00000 -0.43000 4.07000
v 0.00000 -0.43000 4.07000
v 0.00000 -0.43000 4.07000
v 0.00000 -0.43000 4.07000
v 0.00000 -0.43000 4.07000
v 0.00000 -0.43000 4.07000
v 0.16022 -0.43000 4.04944
v 0.15620 -0.42505 4.04944
v 0.14435 -0.42035 4.04944
v 0.12526 -0.41613 4.04944
v 0.09989 -0.41260 4.04944
v 0.06951 -0.40995 4.04944
v 0.03565 -0.40831 4.04944
v 0.00000 -0.40775 4.04944
v -0.03565 -0.40831 4.04944
v -0.06951 -0.40995 4.04944
v -0.09989 -0.41260 4.04944
v -0.12526 -0.41613 4.04944
v -0.14435 -0.42035 4.04944
v -0.15620 -0.42505 4.04944
v -0.16022 -0.43000 4.04944
v -0.15620 -0.43495 4.04944
v -0.14435 -0.43965 4.04944
v -0.12526 -0.44387 4.04944
v -0.09989 -0.44740 4.04944
v -0.06951 -0.45005 4.04944
v -0.03565 -0.45169 4.04944
v -0.00000 -0.45225 4.04944
v 0.03565 -0.45169 4.04944
v 0.06951 -0.45005 4.04944
v 0.09989 -0.44740 4.04944
v 0.12526 -0.44387 4.04944
v 0.14435 -0.43965 4.04944
v 0.15620 -0.43495 4.04944
v 0.31240 -0.43000 3.98879
v 0.30456 -0.42035 3.98879
v 0.28146 -0.41117 3.98879
v 0.24424 -0.40295 3.98879
v 0.19478 -0.39608 3.98879
v 0.13554 -0.39091 3.98879
v 0.06951 -0.38770 3.98879
v 0.00000 -0.38661 3.98879
v -0.06951 -0.38770 3.98879
v -0.13554 -0.39091 3.98879
v -0.19478 -0.39608 3.98879
v -0.24424 -0.40295 3.98879
v -0.28146 -0.41117 3.98879
v -0.30456 -0.42035 3.98879
v -0.31240 -0.43000 3.98879
v -0.30456 -0.43965 3.98879
v -0.28146 -0.44883 3.98879
v -0.24424 -0.45705 3.98879
v -0.19478 -0.46392 3.98879
v -0.13554 -0.46909 3.98879
v -0.06951 -0.47230 3.98879
v -0.00000 -0.47339 3.98879
v 0.06951 -0.47230 3.98879
v 0.13554 -0.46909 3.98879
v 0.19478 -0.46392 3.98879
v 0.24424 -0.45705 3.98879
v 0.28146 -0.44883 3.98879
v 0.30456 -0.43965 3.98879
v 0.44891 -0.43000 3.89110
v 0.43766 -0.41613 3.89110
v 0.40446 -0.40295 3.89110
v 0.35097 -0.39113 3.89110
v 0.27989 -0.38125 3.89110
v 0.19478 -0.37383 3.89110
v 0.09989 -0.36921 3.89110
v 0.00000 -0.36765 3.89110
v -0.09989 -0.36921 3.89110
v -0.19478 -0.37383 3.89110
v -0.27989 -0.38125 3.89110
v -0.35097 -0.39113 3.89110
v -0.40446 -0.40295 3.89110
v -0.43766 -0.41613 3.89110
v -0.44891 -0.43000 3.89110
v -0.43766 -0.44387 3.89110
v -0.40446 -0.45705 3.89110
v -0.35097 -0.46887 3.89110
v -0.27989 -0.47875 3.89110
v -0.19478 -0.48617 3.89110
v -0.09989 -0.49079 3.89110
v -0.00000 -0.49235 3.89110
v 0.09989 -0.49079 3.89110
v 0.19478 -0.48617 3.89110
v 0.27989 -0.47875 3.89110
v 0.35097 -0.46887 3.89110
v 0.40446 -0.45705 3.89110
v 0.43766 -0.44387 3.89110
v 0.56292 -0.43000 3.76126
v 0.54881 -0.41260 3.76126
v 0.50717 -0.39608 3.76126
v 0.44011 -0.38125 3.76126
v 0.35097 -0.36887 3.76126
v 0.24424 -0.35956 3.76126
v 0.12526 -0.35378 3.76126
v 0.00000 -0.35182 3.76126
v -0.12526 -0.35378 3.76126
v -0.24424 -0.35956 3.76126
v -0.35097 -0.36887 3.76126
v -0.44011 -0.38125 3.76126
v -0.50717 -0.39608 3.76126
v -0.54881 -0.41260 3.76126
v -0.56292 -0.43000 3.76126
v -0.54881 -0.44740 3.76126
v -0.50717 -0.46392 3.76126
v -0.44011 -0.47875 3.76126
v -0.35097 -0.49113 3.76126
v -0.24424 -0.50044 3.76126
v -0.12526 -0.50622 3.76126
v -0.00000 -0.50818 3.76126
v 0.12526 -0.50622 3.76126
v 0.24424 -0.50044 3.76126
v 0.35097 -0.49113 3.76126
v 0.44011 -0.47875 3.76126
v 0.50717 -0.46392 3.76126
v 0.54881 -0.44740 3.76126
v 0.64870 -0.43000 3.60578
v 0.63243 -0.40995 3.60578
v 0.58446 -0.39091 3.60578
v 0.50717 -0.37383 3.60578
v 0.40446 -0.35956 3.60578
v 0.28146 -0.34883 3.60578
v 0.14435 -0.34216 3.60578
v 0.00000 -0.33990 3.60578
v -0.14435 -0.34216 3.60578
v -0.28146 -0.34883 3.60578
v -0.40446 -0.35956 3.60578
v -0.50717 -0.37383 3.60578
v -0.58446 -0.39091 3.60578
v -0.63243 -0.40995 3.60578
v -0.64870 -0.43000 3.60578
v -0.63243 -0.45005 3.60578
v -0.58446 -0.46909 3.60578
v -0.50717 -0.48617 3.60578
v -0.40446 -0.50044 3.60578
v -0.28146 -0.51117 3.60578
v -0.14435 -0.51784 3.60578
v -0.00000 -0.52010 3.60578
v 0.14435 -0.51784 3.60578
v 0.28146 -0.51117 3.60578
v 0.40446 -0.50044 3.60578
v 0.50717 -0.48617 3.60578
v 0.58446 -0.46909 3.60578
v 0.63243 -0.45005 3.60578
v 0.70195 -0.43000 3.43247
v 0.68435 -0.40831 3.43247
v 0.63243 -0.38770 3.43247
v 0.54881 -0.36921 3.43247
v 0.43766 -0.35378 3.43247
v 0.30456 -0.34216 3.43247
v 0.15620 -0.33495 3.43247
v 0.00000 -0.33251 3.43247
v -0.15620 -0.33495 3.43247
v -0.30456 -0.34216 3.43247
v -0.43766 -0.35378 3.43247
v -0.54881 -0.36921 3.43247
v -0.63243 -0.38770 3.43247
v -0.68435 -0.40831 3.43247
v -0.70195 -0.43000 3.43247
v -0.68435 -0.45169 3.43247
v -0.63243 -0.47230 3.43247
v -0.54881 -0.49079 3.43247
v -0.43766 -0.50622 3.43247
v -0.30456 -0.51784 3.43247
v -0.15620 -0.52505 3.43247
v -0.00000 -0.52749 3.43247
v 0.15620 -0.52505 3.43247
v 0.30456 -0.51784 3.43247
v 0.43766 -0.50622 3.43247
v 0.54881 -0.49079 3.43247
v 0.63243 -0.47230 3.43247
v 0.68435 -0.45169 3.43247
v 0.72000 -0.43000 3.25000
v 0.70195 -0.40775 3.25000
v 0.64870 -0.38661 3.25000
v 0.56292 -0.36765 3.25000
v 0.44891 -0.35182 3.25000
v 0.31240 -0.33990 3.25000
v 0.16022 -0.33251 3.25000
v 0.00000 -0.33000 3.25000
v -0.16022 -0.33251 3.25000
v -0.31240 -0.33990 3.25000
v -0.44891 -0.35182 3.25000
v -0.56292 -0.36765 3.25000
v -0.64870 -0.38661 3.25000
v -0.70195 -0.40775 3.25000
v -0.72000 -0.43000 3.25000
v -0.70195 -0.45225 3.25000
v -0.64870 -0.47339 3.25000
v -0.56292 -0.49235 3.25000
v -0.44891 -0.50818 3.25000
v -0.31240 -0.52010 3.25000
v -0.16022 -0.52749 3.25000
v -0.00000 -0.53000 3.25000
v 0.16022 -0.52749 3.25000
v 0.31240 -0.52010 3.25000
v 0.44891 -0.50818 3.25000
v 0.56292 -0.49235 3.25000
v 0.64870 -0.47339 3.25000
v 0.70195 -0.45225 3.25000
v 0.70195 -0.43000 3.06753
v 0.68435 -0.40831 3.06753
v 0.63243 -0.38770 3.06753
v 0.54881 -0.36921 3.06753
v 0.43766 -0.35378 3.06753
v 0.30456 -0.34216 3.06753
v 0.15620 -0.33495 3.06753
v 0.00000 -0.33251 3.06753
v -0.15620 -0.33495 3.06753
v -0.30456 -0.34216 3.06753
v -0.43766 -0.35378 3.06753
v -0.54881 -0.36921 3.06753
v -0.63243 -0.38770 3.06753
v -0.68435 -0.40831 3.06753
v -0.70195 -0.43000 3.06753
v -0.68435 -0.45169 3.06753
v -0.63243 -0.47230 3.06753
v -0.54881 -0.49079 3.06753
v -0.43766 -0.50622 3.06753
v -0.30456 -0.51784 3.06753
v -0.15620 -0.52505 3.06753
v -0.00000 -0.52749 3.06753
v 0.15620 -0.52505 3.06753
v 0.30456 -0.51784 3.06753
v 0.43766 -0.50622 3.06753
v 0.54881 -0.49079 3.06753
v 0.63243 -0.47230 3.06753
v 0.68435 -0.45169 3.06753
v 0.64870 -0.43000 2.89422
v 0.63243 -0.40995 2.89422
v 0.58446 -0.39091 2.89422
v 0.50717 -0.37383 2.89422
v 0.40446 -0.35956 2.89422
v 0.28146 -0.34883 2.89422
v 0.14435 -0.34216 2.89422
v 0.00000 -0.33990 2.89422
v -0.14435 -0.34216 2.89422
v -0.28146 -0.34883 2.89422
v -0.40446 -0.35956 2.89422
v -0.50717 -0.37383 2.89422
v -0.58446 -0.39091 2.89422
v -0.63243 -0.40995 2.89422
v -0.64870 -0.43000 2.89422
v -0.63243 -0.45005 2.89422
v -0.58446 -0.46909 2.89422
v -0.50717 -0.48617 2.89422
v -0.40446 -0.50044 2.89422
v -0.28146 -0.51117 2.89422
v -0.14435 -0.51784 2.89422
v -0.00000 -0.52010 2.89422
v 0.14435 -0.51784 2.89422
v 0.28146 -0.51117 2.89422
v 0.40446 -0.50044 2.89422
v 0.50717 -0.48617 2.89422
v 0.58446 -0.46909 2.89422
v 0.63243 -0.45005 2.89422
v 0.56292 -0.43000 2.73874
v 0.54881 -0.41260 2.73874
v 0.50717 -0.39608 2.73874
v 0.44011 -0.38125 2.73874
v 0.35097 -0.36887 2.73874
v 0.24424 -0.35956 2.73874
v 0.12526 -0.35378 2.73874
v 0.00000 -0.35182 2.73874
v -0.12526 -0.35378 2.73874
v -0.24424 -0.35956 2.73874
v -0.35097 -0.36887 2.73874
v -0.44011 -0.38125 2.73874
v -0.50717 -0.39608 2.73874
v -0.54881 -0.41260 2.73874
v -0.56292 -0.43000 2.73874
v -0.54881 -0.44740 2.73874
v -0.50717 -0.46392 2.73874
v -0.44011 -0.47875 2.73874
v -0.35097 -0.49113 2.73874
v -0.24424 -0.50044 2.73874
v -0.12526 -0.50622 2.73874
v -0.00000 -0.50818 2.73874
v 0.12526 -0.50622 2.73874
v 0.24424 -0.50044 2.73874
v 0.35097 -0.49113 2.73874
v 0.44011 -0.47875 2.73874
v 0.50717 -0.46392 2.73874
v 0.54881 -0.44740 2.73874
v 0.44891 -0.43000 2.60890
v 0.43766 -0.41613 2.60890
v 0.40446 -0.40295 2.60890
v 0.35097 -0.39113 2.60890
v 0.27989 -0.38125 2.60890
v 0.19478 -0.37383 2.60890
v 0.09989 -0.36921 2.60890
v 0.00000 -0.36765 2.60890
v -0.09989 -0.36921 2.60890
v -0.19478 -0.37383 2.60890
v -0.27989 -0.38125 2.60890
v -0.35097 -0.39113 2.60890
v -0.40446 -0.40295 2.60890
v -0.43766 -0.41613 2.60890
v -0.44891 -0.43000 2.60890
v -0.43766 -0.44387 2.60890
v -0.40446 -0.45705 2.60890
v -0.35097 -0.46887 2.60890
v -0.27989 -0.47875 2.60890
v -0.19478 -0.48617 2.60890
v -0.09989 -0.49079 2.60890
v -0.00000 -0.49235 2.60890
v 0.09989 -0.49079 2.60890
v 0.19478 -0.48617 2.60890
v 0.27989 -0.47875 2.60890
v 0.35097 -0.46887 2.60890
v 0.40446 -0.45705 2.60890
v 0.43766 -0.44387 2.60890
v 0.31240 -0.43000 2.51121
v 0.30456 -0.42035 2.51121
v 0.28146 -0.41117 2.51121
v 0.24424 -0.40295 2.51121
v 0.19478 -0.39608 2.51121
v 0.13554 -0.39091 2.51121
v 0.06951 -0.38770 2.51121
v 0.00000 -0.38661 2.51121
v -0.06951 -0.38770 2.51121
v -0.13554 -0.39091 2.51121
v -0.19478 -0.39608 2.51121
v -0.24424 -0.40295 2.51121
v -0.28146 -0.41117 2.51121
v -0.30456 -0.42035 2.51121
v -0.31240 -0.43000 2.51121
v -0.30456 -0.43965 2.51121
v -0.28146 -0.44883 2.51121
v -0.24424 -0.45705 2.51121
v -0.19478 -0.46392 2.51121
v -0.13554 -0.46909 2.51121
v -0.06951 -0.47230 2.51121
v -0.00000 -0.47339 2.51121
v 0.06951 -0.47230 2.51121
v 0.13554 -0.46909 2.51121
v 0.19478 -0.46392 2.51121
v 0.24424 -0.45705 2.51121
v 0.28146 -0.44883 2.51121
v 0.30456 -0.43965 2.51121
v 0.16022 -0.43000 2.45056
v 0.15620 -0.42505 2.45056
v 0.14435 -0.42035 2.45056
v 0.12526 -0.41613 2.45056
v 0.09989 -0.41260 2.45056
v 0.06951 -0.40995 2.45056
v 0.03565 -0.40831 2.45056
v 0.00000 -0.40775 2.45056
v -0.03565 -0.40831 2.45056
v -0.06951 -0.40995 2.45056
v -0.09989 -0.41260 2.45056
v -0.12526 -0.41613 2.45056
v -0.14435 -0.42035 2.45056
v -0.15620 -0.42505 2.45056
v -0.16022 -0.43000 2.45056
v -0.15620 -0.43495 2.45056
v -0.14435 -0.43965 2.45056
v -0.12526 -0.44387 2.45056
v -0.09989 -0.44740 2.45056
v -0.06951 -0.45005 2.45056
v -0.03565 -0.45169 2.45056
v -0.00000 -0.45225 2.45056
v 0.03565 -0.45169 2.45056
v 0.06951 -0.45005 2.45056
v 0.09989 -0.44740 2.45056
v 0.12526 -0.44387 2.45056
v 0.14435 -0.43965 2.45056
v 0.15620 -0.43495 2.45056
v 0.00000 -0.43000 2.43000
v 0.00000 -0.43000 2.43000
v 0.00000 -0.43000 2.43000
v 0.00000 -0.43000 2.43000
v 0.00000 -0.43000 2.43000
v 0.00000 -0.43000 2.43000
v 0.00000 -0.43000 2.43000
v 0.00000 -0.43000 2.43000
v -0.00000 -0.43000 2.43000
v -0.00000 -0.43000 2.43000
v -0.00000 -0.43000 2.43000
v -0.00000 -0.43000 2.43000
v -0.00000 -0.43000 2.43000
v -0.00000 -0.43000 2.43000
v -0.00000 -0.43000 2.43000
v -0.00000 -0.43000 2.43000
v -0.00000 -0.43000 2.43000
v -0.00000 -0.43000 2.43000
v -0.00000 -0.43000 2.43000
v -0.00000 -0.43000 2.43000
v -0.00000 -0.43000 2.43000
v -0.00000 -0.43000 2.43000
v 0.00000 -0.43000 2.43000
v 0.00000 -0.43000 2.43000
v 0.00000 -0.43000 2.43000
v 0.00000 -0.43000 2.43000
v 0.00000 -0.43000 2.43000
v 0.00000 -0.43000 2.43000
v -0.93000 0.00000 3.99000
v -0.93000 0.00000 3.99000
v -0.93000 0.00000 3.99000
v -0.93000 0.00000 3.99000
v -0.93000 0.00000 3.99000
v -0.93000 0.00000 3.99000
v -0.93000 0.00000 3.99000
v -0.93000 0.00000 3.99000
v -0.93000 0.00000 3.99000
v -0.93000 0.00000 3.99000
v -0.93000 0.00000 3.99000
v -0.93000 0.00000 3.99000
v -0.93000 0.00000 3.99000
v -0.93000 0.00000 3.99000
v -0.93000 0.00000 3.99000
v -0.93000 0.00000 3.99000
v -0.93000 0.00000 3.99000
v -0.93000 0.00000 3.99000
v -0.93000 0.00000 3.99000
v -0.93000 0.00000 3.99000
v -0.80639 0.00000 3.97336
v -0.81244 0.04584 3.97336
v -0.83000 0.08719 3.97336
v -0.85735 0.12000 3.97336
v -0.89180 0.14107 3.97336
v -0.93000 0.14833 3.97336
v -0.96820 0.14107 3.97336
v -1.00265 0.12000 3.97336
v -1.03000 0.08719 3.97336
v -1.04756 0.04584 3.97336
v -1.05361 0.00000 3.97336
v -1.04756 -0.04584 3.97336
v -1.03000 -0.08719 3.97336
v -1.00265 -0.12000 3.97336
v -0.96820 -0.14107 3.97336
v -0.93000 -0.14833 3.97336
v -0.89180 -0.14107 3.97336
v -0.85735 -0.12000 3.97336
v -0.83000 -0.08719 3.97336
v -0.81244 -0.04584 3.97336
v -0.69489 0.00000 3.92507
v -0.70639 0.08719 3.92507
v -0.73979 0.16584 3.92507
v -0.79180 0.22825 3.92507
v -0.85735 0.26833 3.92507
v -0.93000 0.28214 3.92507
v -1.00265 0.26833 3.92507
v -1.06820 0.22825 3.92507
v -1.12021 0.16584 3.92507
v -1.15361 0.08719 3.92507
v -1.16511 0.00000 3.92507
v -1.15361 -0.08719 3.92507
v -1.12021 -0.16584 3.92507
v -1.06820 -0.22825 3.92507
v -1.00265 -0.26833 3.92507
v -0.93000 -0.28214 3.92507
v -0.85735 -0.26833 3.92507
v -0.79180 -0.22825 3.92507
v -0.73979 -0.16584 3.92507
v -0.70639 -0.08719 3.92507
v -0.60639 0.00000 3.84985
v -0.62223 0.12000 3.84985
v -0.66820 0.22825 3.84985
v -0.73979 0.31416 3.84985
v -0.83000 0.36932 3.84985
v -0.93000 0.38833 3.84985
v -1.03000 0.36932 3.84985
v -1.12021 0.31416 3.84985
v -1.19180 0.22825 3.84985
v -1.23777 0.12000 3.84985
v -1.25361 0.00000 3.84985
v -1.23777 -0.12000 3.84985
v -1.19180 -0.22825 3.84985
v -1.12021 -0.31416 3.84985
v -1.03000 -0.36932 3.84985
v -0.93000 -0.38833 3.84985
v -0.83000 -0.36932 3.84985
v -0.73979 -0.31416 3.84985
v -0.66820 -0.22825 3.84985
v -0.62223 -0.12000 3.84985
v -0.54958 0.00000 3.75507
v -0.56820 0.14107 3.75507
v -0.62223 0.26833 3.75507
v -0.70639 0.36932 3.75507
v -0.81244 0.43416 3.75507
v -0.93000 0.45651 3.75507
v -1.04756 0.43416 3.75507
v -1.15361 0.36932 3.75507
v -1.23777 0.26833 3.75507
v -1.29180 0.14107 3.75507
v -1.31042 0.00000 3.75507
v -1.29180 -0.14107 3.75507
v -1.23777 -0.26833 3.75507
v -1.15361 -0.36932 3.75507
v -1.04756 -0.43416 3.75507
v -0.93000 -0.45651 3.75507
v -0.81244 -0.43416 3.75507
v -0.70639 -0.36932 3.75507
v -0.62223 -0.26833 3.75507
v -0.56820 -0.14107 3.75507
v -0.53000 0.00000 3.65000
v -0.54958 0.14833 3.65000
v -0.60639 0.28214 3.65000
v -0.69489 0.38833 3.65000
v -0.80639 0.45651 3.65000
v -0.93000 0.48000 3.65000
v -1.05361 0.45651 3.65000
v -1.16511 0.38833 3.65000
v -1.25361 0.28214 3.65000
v -1.31042 0.14833 3.65000
v -1.33000 0.00000 3.65000
v -1.31042 -0.14833 3.65000
v -1.25361 -0.28214 3.65000
v -1.16511 -0.38833 3.65000
v -1.05361 -0.45651 3.65000
v -0.93000 -0.48000 3.65000
v -0.80639 -0.45651 3.65000
v -0.69489 -0.38833 3.65000
v -0.60639 -0.28214 3.65000
v -0.54958 -0.14833 3.65000
v -0.54958 0.00000 3.54493
v -0.56820 0.14107 3.54493
v -0.62223 0.26833 3.54493
v -0.70639 0.36932 3.54493
v -0.81244 0.43416 3.54493
v -0.93000 0.45651 3.54493
v -1.04756 0.43416 3.54493
v -1.15361 0.36932 3.54493
v -1.23777 0.26833 3.54493
v -1.29180 0.14107 3.54493
v -1.31042 0.00000 3.54493
v -1.29180 -0.14107 3.54493
v -1.23777 -0.26833 3.54493
v -1.15361 -0.36932 3.54493
v -1.04756 -0.43416 3.54493
v -0.93000 -0.45651 3.54493
v -0.81244 -0.43416 3.54493
v -0.70639 -0.36932 3.54493
v -0.62223 -0.26833 3.54493
v -0.56820 -0.14107 3.54493
v -0.60639 0.00000 3.45015
v -0.62223 0.12000 3.45015
v -0.66820 0.22825 3.45015
v -0.73979 0.31416 3.45015
v -0.83000 0.36932 3.45015
v -0.93000 0.38833 3.45015
v -1.03000 0.36932 3.45015
v -1.12021 0.31416 3.45015
v -1.19180 0.22825 3.45015
v -1.23777 0.12000 3.45015
v -1.25361 0.00000 3.45015
v -1.23777 -0.12000 3.45015
v -1.19180 -0.22825 3.45015
v -1.12021 -0.31416 3.45015
v -1.03000 -0.36932 3.45015
v -0.93000 -0.38833 3.45015
v -0.83000 -0.36932 3.45015
v -0.73979 -0.31416 3.45015
v -0.66820 -0.22825 3.45015
v -0.62223 -0.12000 3.45015
v -0.69489 0.00000 3.37493
v -0.70639 0.08719 3.37493
v -0.73979 0.16584 3.37493
v -0.79180 0.22825 3.37493
v -0.85735 0.26833 3.37493
v -0.93000 0.28214 3.37493
v -1.00265 0.26833 3.37493
v -1.06820 0.22825 3.37493
v -1.12021 0.16584 3.37493
v -1.15361 0.08719 3.37493
v -1.16511 0.00000 3.37493
v -1.15361 -0.08719 3.37493
v -1.12021 -0.16584 3.37493
v -1.06820 -0.22825 3.37493
v -1.00265 -0.26833 3.37493
v -0.93000 -0.28214 3.37493
v -0.85735 -0.26833 3.37493
v -0.79180 -0.22825 3.37493
v -0.73979 -0.16584 3.37493
v -0.70639 -0.08719 3.37493
v -0.80639 0.00000 3.32664
v -0.81244 0.04584 3.32664
v -0.83000 0.08719 3.32664
v -0.85735 0.12000 3.32664
v -0.89180 0.14107 3.32664
v -0.93000 0.14833 3.32664
v -0.96820 0.14107 3.32664
v -1.00265 0.12000 3.32664
v -1.03000 0.08719 3.32664
v -1.04756 0.04584 3.32664
v -1.05361 0.00000 3.32664
v -1.04756 -0.04584 3.32664
v -1.03000 -0.08719 3.32664
v -1.00265 -0.12000 3.32664
v -0.96820 -0.14107 3.32664
v -0.93000 -0.14833 3.32664
v -0.89180 -0.14107 3.32664
v -0.85735 -0.12000 3.32664
v -0.83000 -0.08719 3.32664
v -0.81244 -0.04584 3.32664
v -0.93000 0.00000 3.31000
v -0.93000 0.00000 3.31000
v -0.93000 0.00000 3.31000
v -0.93000 0.00000 3.31000
v -0.93000 0.00000 3.31000
v -0.93000 0.00000 3.31000
v -0.93000 0.00000 3.31000
v -0.93000 0.00000 3.31000
v -0.93000 0.00000 3.31000
v -0.93000 0.00000 3.31000
v -0.93000 0.00000 3.31000
v -0.93000 -0.00000 3.31000
v -0.93000 -0.00000 3.31000
v -0.93000 -0.00000 3.31000
v -0.93000 -0.00000 3.31000
v -0.93000 -0.00000 3.31000
v -0.93000 -0.00000 3.31000
v -0.93000 -0.00000 3.31000
v -0.93000 -0.00000 3.31000
v -0.93000 -0.00000 3.31000
v 0.93000 0.00000 3.99000
v 0.93000 0.00000 3.99000
v 0.93000 0.00000 3.99000
v 0.93000 0.00000 3.99000
v 0.93000 0.00000 3.99000
v 0.93000 0.00000 3.99000
v 0.93000 0.00000 3.99000
v 0.93000 0.00000 3.99000
v 0.93000 0.00000 3.99000
v 0.93000 0.00000 3.99000
v 0.93000 0.00000 3.99000
v 0.93000 0.00000 3.99000
v 0.93000 0.00000 3.99000
v 0.93000 0.00000 3.99000
v 0.93000 0.00000 3.99000
v 0.93000 0.00000 3.99000
v 0.93000 0.00000 3.99000
v 0.93000 0.00000 3.99000
v 0.93000 0.00000 3.99000
v 0.93000 0.00000 3.99000
v 1.05361 0.00000 3.97336
v 1.04756 0.04584 3.97336
v 1.03000 0.08719 3.97336
v 1.00265 0.12000 3.97336
v 0.96820 0.14107 3.97336
v 0.93000 0.14833 3.97336
v 0.89180 0.14107 3.97336
v 0.85735 0.12000 3.97336
v 0.83000 0.08719 3.97336
v 0.81244 0.04584 3.97336
v 0.80639 0.00000 3.97336
v 0.81244 -0.04584 3.97336
v 0.83000 -0.08719 3.97336
v 0.85735 -0.12000 3.97336
v 0.89180 -0.14107 3.97336
v 0.93000 -0.14833 3.97336
v 0.96820 -0.14107 3.97336
v 1.00265 -0.12000 3.97336
v 1.03000 -0.08719 3.97336
v 1.04756 -0.04584 3.97336
v 1.16511 0.00000 3.92507
v 1.15361 0.08719 3.92507
v 1.12021 0.16584 3.92507
v 1.06820 0.22825 3.92507
v 1.00265 0.26833 3.92507
v 0.93000 0.28214 3.92507
v 0.85735 0.26833 3.92507
v 0.79180 0.22825 3.92507
v 0.73979 0.16584 3.92507
v 0.70639 0.08719 3.92507
v 0.69489 0.00000 3.92507
v 0.70639 -0.08719 3.92507
v 0.73979 -0.16584 3.92507
v 0.79180 -0.22825 3.92507
v 0.85735 -0.26833 3.92507
v 0.93000 -0.28214 3.92507
v 1.00265 -0.26833 3.92507
v 1.06820 -0.22825 3.92507
v 1.12021 -0.16584 3.92507
v 1.15361 -0.08719 3.92507
v 1.25361 0.00000 3.84985
v 1.23777 0.12000 3.84985
v 1.19180 0.22825 3.84985
v 1.12021 0.31416 3.84985
v 1.03000 0.36932 3.84985
v 0.93000 0.38833 3.84985
v 0.83000 0.36932 3.84985
v 0.73979 0.31416 3.84985
v 0.66820 0.22825 3.84985
v 0.62223 0.12000 3.84985
v 0.60639 0.00000 3.84985
v 0.62223 -0.12000 3.84985
v 0.66820 -0.22825 3.84985
v 0.73979 -0.31416 3.84985
v 0.83000 -0.36932 3.84985
v 0.93000 -0.38833 3.84985
v 1.03000 -0.36932 3.84985
v 1.12021 -0.31416 3.84985
v 1.19180 -0.22825 3.84985
v 1.23777 -0.12000 3.84985
v 1.31042 0.00000 3.75507
v 1.29180 0.14107 3.75507
v 1.23777 0.26833 3.75507
v 1.15361 0.36932 3.75507
v 1.04756 0.43416 3.75507
v 0.93000 0.45651 3.75507
v 0.81244 0.43416 3.75507
v 0.70639 0.36932 3.75507
v 0.62223 0.26833 3.75507
v 0.56820 0.14107 3.75507
v 0.54958 0.00000 3.75507
v 0.56820 -0.14107 3.75507
v 0.62223 -0.26833 3.75507
v 0.70639 -0.36932 3.75507
v 0.81244 -0.43416 3.75507
v 0.93000 -0.45651 3.75507
v 1.04756 -0.43416 3.75507
v 1.15361 -0.36932 3.75507
v 1.23777 -0.26833 3.75507
v 1.29180 -0.14107 3.75507
v 1.33000 0.00000 3.65000
v 1.31042 0.14833 3.65000
v 1.25361 0.28214 3.65000
v 1.16511 0.38833 3.65000
v 1.05361 0.45651 3.65000
v 0.93000 0.48000 3.65000
v 0.80639 0.45651 3.65000
v 0.69489 0.38833 3.65000
v 0.60639 0.28214 3.65000
v 0.54958 0.14833 3.65000
v 0.53000 0.00000 3.65000
v 0.54958 -0.14833 3.65000
v 0.60639 -0.28214 3.65000
v 0.69489 -0.38833 3.65000
v 0.80639 -0.45651 3.65000
v 0.93000 -0.48000 3.65000
v 1.05361 -0.45651 3.65000
v 1.16511 -0.38833 3.65000
v 1.25361 -0.28214 3.65000
v 1.31042 -0.14833 3.65000
v 1.31042 0.00000 3.54493
v 1.29180 0.14107 3.54493
v 1.23777 0.26833 3.54493
v 1.15361 0.36932 3.54493
v 1.04756 0.43416 3.54493
v 0.93000 0.45651 3.54493
v 0.81244 0.43416 3.54493
v 0.70639 0.36932 3.54493
v 0.62223 0.26833 3.54493
v 0.56820 0.14107 3.54493
v 0.54958 0.00000 3.54493
v 0.56820 -0.14107 3.54493
v 0.62223 -0.26833 3.54493
v 0.70639 -0.36932 3.54493
v 0.81244 -0.43416 3.54493
v 0.93000 -0.45651 3.54493
v 1.04756 -0.43416 3.54493
v 1.15361 -0.36932 3.54493
v 1.23777 -0.26833 3.54493
v 1.29180 -0.14107 3.54493
v 1.25361 0.00000 3.45015
v 1.23777 0.12000 3.45015
v 1.19180 0.22825 3.45015
v 1.12021 0.31416 3.45015
v 1.03000 0.36932 3.45015
v 0.93000 0.38833 3.45015
v 0.83000 0.36932 3.45015
v 0.73979 0.31416 3.45015
v 0.66820 0.22825 3.45015
v 0.62223 0.12000 3.45015
v 0.60639 0.00000 3.45015
v 0.62223 -0.12000 3.45015
v 0.66820 -0.22825 3.45015
v 0.73979 -0.31416 3.45015
v 0.83000 -0.36932 3.45015
v 0.93000 -0.38833 3.45015
v 1.03000 -0.36932 3.45015
v 1.12021 -0.31416 3.45015
v 1.19180 -0.22825 3.45015
v 1.23777 -0.12000 3.45015
v 1.16511 0.00000 3.37493
v 1.15361 0.08719 3.37493
v 1.12021 0.16584 3.37493
v 1.06820 0.22825 3.37493
v 1.00265 0.26833 3.37493
v 0.93000 0.28214 3.37493
v 0.85735 0.26833 3.37493
v 0.79180 0.22825 3.37493
v 0.73979 0.16584 3.37493
v 0.70639 0.08719 3.37493
v 0.69489 0.00000 3.37493
v 0.70639 -0.08719 3.37493
v 0.73979 -0.16584 3.37493
v 0.79180 -0.22825 3.37493
v 0.85735 -0.26833 3.37493
v 0.93000 -0.28214 3.37493
v 1.00265 -0.26833 3.37493
v 1.06820 -0.22825 3.37493
v 1.12021 -0.16584 3.37493
v 1.15361 -0.08719 3.37493
v 1.05361 0.00000 3.32664
v 1.04756 0.04584 3.32664
v 1.03000 0.08719 3.32664
v 1.00265 0.12000 3.32664
v 0.96820 0.14107 3.32664
v 0.93000 0.14833 3.32664
v 0.89180 0.14107 3.32664
v 0.85735 0.12000 3.32664
v 0.83000 0.08719 3.32664
v 0.81244 0.04584 3.32664
v 0.80639 0.00000 3.32664
v 0.81244 -0.04584 3.32664
v 0.83000 -0.08719 3.32664
v 0.85735 -0.12000 3.32664
v 0.89180 -0.14107 3.32664
v 0.93000 -0.14833 3.32664
v 0.96820 -0.14107 3.32664
v 1.00265 -0.12000 3.32664
v 1.03000 -0.08719 3.32664
v 1.04756 -0.04584 3.32664
v 0.93000 0.00000 3.31000
v 0.93000 0.00000 3.31000
v 0.93000 0.00000 3.31000
v 0.93000 0.00000 3.31000
v 0.93000 0.00000 3.31000
v 0.93000 0.00000 3.31000
v 0.93000 0.00000 3.31000
v 0.93000 0.00000 3.31000
v 0.93000 0.00000 3.31000
v 0.93000 0.00000 3.31000
v 0.93000 0.00000 3.31000
v 0.93000 -0.00000 3.31000
v 0.93000 -0.00000 3.31000
v 0.93000 -0.00000 3.31000
v 0.93000 -0.00000 3.31000
v 0.93000 -0.00000 3.31000
v 0.93000 -0.00000 3.31000
v 0.93000 -0.00000 3.31000
v 0.93000 -0.00000 3.31000
v 0.93000 -0.00000 3.31000
v -0.78000 0.00000 2.55000
v -0.79508 0.08551 2.55000
v -0.83849 0.16070 2.55000
v -0.90500 0.21651 2.55000
v -0.98659 0.24620 2.55000
v -1.07341 0.24620 2.55000
v -1.15500 0.21651 2.55000
v -1.22151 0.16070 2.55000
v -1.26492 0.08551 2.55000
v -1.28000 0.00000 2.55000
v -1.26492 -0.08551 2.55000
v -1.22151 -0.16070 2.55000
v -1.15500 -0.21651 2.55000
v -1.07341 -0.24620 2.55000
v -0.98659 -0.24620 2.55000
v -0.90500 -0.21651 2.55000
v -0.83849 -0.16070 2.55000
v -0.79508 -0.08551 2.55000
v -0.78000 0.00000 3.55000
v -0.79508 0.08551 3.55000
v -0.83849 0.16070 3.55000
v -0.90500 0.21651 3.55000
v -0.98659 0.24620 3.55000
v -1.07341 0.24620 3.55000
v -1.15500 0.21651 3.55000
v -1.22151 0.16070 3.55000
v -1.26492 0.08551 3.55000
v -1.28000 0.00000 3.55000
v -1.26492 -0.08551 3.55000
v -1.22151 -0.16070 3.55000
v -1.15500 -0.21651 3.55000
v -1.07341 -0.24620 3.55000
v -0.98659 -0.24620 3.55000
v -0.90500 -0.21651 3.55000
v -0.83849 -0.16070 3.55000
v -0.79508 -0.08551 3.55000
v 1.28000 0.00000 2.55000
v 1.26492 0.08551 2.55000
v 1.22151 0.16070 2.55000
v 1.15500 0.21651 2.55000
v 1.07341 0.24620 2.55000
v 0.98659 0.24620 2.55000
v 0.90500 0.21651 2.55000
v 0.83849 0.16070 2.55000
v 0.79508 0.08551 2.55000
v 0.78000 0.00000 2.55000
v 0.79508 -0.08551 2.55000
v 0.83849 -0.16070 2.55000
v 0.90500 -0.21651 2.55000
v 0.98659 -0.24620 2.55000
v 1.07341 -0.24620 2.55000
v 1.15500 -0.21651 2.55000
v 1.22151 -0.16070 2.55000
v 1.26492 -0.08551 2.55000
v 1.28000 0.00000 3.55000
v 1.26492 0.08551 3.55000
v 1.22151 0.16070 3.55000
v 1.15500 0.21651 3.55000
v 1.07341 0.24620 3.55000
v 0.98659 0.24620 3.55000
v 0.90500 0.21651 3.55000
v 0.83849 0.16070 3.55000
v 0.79508 0.08551 3.55000
v 0.78000 0.00000 3.55000
v 0.79508 -0.08551 3.55000
v 0.83849 -0.16070 3.55000
v 0.90500 -0.21651 3.55000
v 0.98659 -0.24620 3.55000
v 1.07341 -0.24620 3.55000
v 1.15500 -0.21651 3.55000
v 1.22151 -0.16070 3.55000
v 1.26492 -0.08551 3.55000
v -0.84000 -0.02000 1.87500
v -0.85447 0.06208 1.87500
v -0.89615 0.13427 1.87500
v -0.96000 0.18785 1.87500
v -1.03832 0.21635 1.87500
v -1.12168 0.21635 1.87500
v -1.20000 0.18785 1.87500
v -1.26385 0.13427 1.87500
v -1.30553 0.06208 1.87500
v -1.32000 -0.02000 1.87500
v -1.30553 -0.10208 1.87500
v -1.26385 -0.17427 1.87500
v -1.20000 -0.22785 1.87500
v -1.12168 -0.25635 1.87500
v -1.03832 -0.25635 1.87500
v -0.96000 -0.22785 1.87500
v -0.89615 -0.17427 1.87500
v -0.85447 -0.10208 1.87500
v -0.84000 -0.02000 2.82500
v -0.85447 0.06208 2.82500
v -0.89615 0.13427 2.82500
v -0.96000 0.18785 2.82500
v -1.03832 0.21635 2.82500
v -1.12168 0.21635 2.82500
v -1.20000 0.18785 2.82500
v -1.26385 0.13427 2.82500
v -1.30553 0.06208 2.82500
v -1.32000 -0.02000 2.82500
v -1.30553 -0.10208 2.82500
v -1.26385 -0.17427 2.82500
v -1.20000 -0.22785 2.82500
v -1.12168 -0.25635 2.82500
v -1.03832 -0.25635 2.82500
v -0.96000 -0.22785 2.82500
v -0.89615 -0.17427 2.82500
v -0.85447 -0.10208 2.82500
v 1.32000 -0.02000 1.87500
v 1.30553 0.06208 1.87500
v 1.26385 0.13427 1.87500
v 1.20000 0.18785 1.87500
v 1.12168 0.21635 1.87500
v 1.03832 0.21635 1.87500
v 0.96000 0.18785 1.87500
v 0.89615 0.13427 1.87500
v 0.85447 0.06208 1.87500
v 0.84000 -0.02000 1.87500
v 0.85447 -0.10208 1.87500
v 0.89615 -0.17427 1.87500
v 0.96000 -0.22785 1.87500
v 1.03832 -0.25635 1.87500
v 1.12168 -0.25635 1.87500
v 1.20000 -0.22785 1.87500
v 1.26385 -0.17427 1.87500
v 1.30553 -0.10208 1.87500
v 1.32000 -0.02000 2.82500
v 1.30553 0.06208 2.82500
v 1.26385 0.13427 2.82500
v 1.20000 0.18785 2.82500
v 1.12168 0.21635 2.82500
v 1.03832 0.21635 2.82500
v 0.96000 0.18785 2.82500
v 0.89615 0.13427 2.82500
v 0.85447 0.06208 2.82500
v 0.84000 -0.02000 2.82500
v 0.85447 -0.10208 2.82500
v 0.89615 -0.17427 2.82500
v 0.96000 -0.22785 2.82500
v 1.03832 -0.25635 2.82500
v 1.12168 -0.25635 2.82500
v 1.20000 -0.22785 2.82500
v 1.26385 -0.17427 2.82500
v 1.30553 -0.10208 2.82500
v -1.08000 -0.02000 2.10000
v -1.08000 -0.02000 2.10000
v -1.08000 -0.02000 2.10000
v -1.08000 -0.02000 2.10000
v -1.08000 -0.02000 2.10000
v -1.08000 -0.02000 2.10000
v -1.08000 -0.02000 2.10000
v -1.08000 -0.02000 2.10000
v -1.08000 -0.02000 2.10000
v -1.08000 -0.02000 2.10000
v -1.08000 -0.02000 2.10000
v -1.08000 -0.02000 2.10000
v -1.08000 -0.02000 2.10000
v -1.08000 -0.02000 2.10000
v -1.08000 -0.02000 2.10000
v -1.08000 -0.02000 2.10000
v -0.99198 -0.02000 2.07869
v -0.99868 0.00929 2.07869
v -1.01776 0.03412 2.07869
v -1.04632 0.05071 2.07869
v -1.08000 0.05654 2.07869
v -1.11368 0.05071 2.07869
v -1.14224 0.03412 2.07869
v -1.16132 0.00929 2.07869
v -1.16802 -0.02000 2.07869
v -1.16132 -0.04929 2.07869
v -1.14224 -0.07412 2.07869
v -1.11368 -0.09071 2.07869
v -1.08000 -0.09654 2.07869
v -1.04632 -0.09071 2.07869
v -1.01776 -0.07412 2.07869
v -0.99868 -0.04929 2.07869
v -0.91737 -0.02000 2.01799
v -0.92975 0.03412 2.01799
v -0.96500 0.08000 2.01799
v -1.01776 0.11066 2.01799
v -1.08000 0.12142 2.01799
v -1.14224 0.11066 2.01799
v -1.19500 0.08000 2.01799
v -1.23025 0.03412 2.01799
v -1.24263 -0.02000 2.01799
v -1.23025 -0.07412 2.01799
v -1.19500 -0.12000 2.01799
v -1.14224 -0.15066 2.01799
v -1.08000 -0.16142 2.01799
v -1.01776 -0.15066 2.01799
v -0.96500 -0.12000 2.01799
v -0.92975 -0.07412 2.01799
v -0.86751 -0.02000 1.92715
v -0.88368 0.05071 1.92715
v -0.92975 0.11066 1.92715
v -0.99868 0.15071 1.92715
v -1.08000 0.16478 1.92715
v -1.16132 0.15071 1.92715
v -1.23025 0.11066 1.92715
v -1.27632 0.05071 1.92715
v -1.29249 -0.02000 1.92715
v -1.27632 -0.09071 1.92715
v -1.23025 -0.15066 1.92715
v -1.16132 -0.19071 1.92715
v -1.08000 -0.20478 1.92715
v -0.99868 -0.19071 1.92715
v -0.92975 -0.15066 1.92715
v -0.88368 -0.09071 1.92715
v -0.85000 -0.02000 1.82000
v -0.86751 0.05654 1.82000
v -0.91737 0.12142 1.82000
v -0.99198 0.16478 1.82000
v -1.08000 0.18000 1.82000
v -1.16802 0.16478 1.82000
v -1.24263 0.12142 1.82000
v -1.29249 0.05654 1.82000
v -1.31000 -0.02000 1.82000
v -1.29249 -0.09654 1.82000
v -1.24263 -0.16142 1.82000
v -1.16802 -0.20478 1.82000
v -1.08000 -0.22000 1.82000
v -0.99198 -0.20478 1.82000
v -0.91737 -0.16142 1.82000
v -0.86751 -0.09654 1.82000
v -0.86751 -0.02000 1.71285
v -0.88368 0.05071 1.71285
v -0.92975 0.11066 1.71285
v -0.99868 0.15071 1.71285
v -1.08000 0.16478 1.71285
v -1.16132 0.15071 1.71285
v -1.23025 0.11066 1.71285
v -1.27632 0.05071 1.71285
v -1.29249 -0.02000 1.71285
v -1.27632 -0.09071 1.71285
v -1.23025 -0.15066 1.71285
v -1.16132 -0.19071 1.71285
v -1.08000 -0.20478 1.71285
v -0.99868 -0.19071 1.71285
v -0.92975 -0.15066 1.71285
v -0.88368 -0.09071 1.71285
v -0.91737 -0.02000 1.62201
v -0.92975 0.03412 1.62201
v -0.96500 0.08000 1.62201
v -1.01776 0.11066 1.62201
v -1.08000 0.12142 1.62201
v -1.14224 0.11066 1.62201
v -1.19500 0.08000 1.62201
v -1.23025 0.03412 1.62201
v -1.24263 -0.02000 1.62201
v -1.23025 -0.07412 1.62201
v -1.19500 -0.12000 1.62201
v -1.14224 -0.15066 1.62201
v -1.08000 -0.16142 1.62201
v -1.01776 -0.15066 1.62201
v -0.96500 -0.12000 1.62201
v -0.92975 -0.07412 1.62201
v -0.99198 -0.02000 1.56131
v -0.99868 0.00929 1.56131
v -1.01776 0.03412 1.56131
v -1.04632 0.05071 1.56131
v -1.08000 0.05654 1.56131
v -1.11368 0.05071 1.56131
v -1.14224 0.03412 1.56131
v -1.16132 0.00929 1.56131
v -1.16802 -0.02000 1.56131
v -1.16132 -0.04929 1.56131
v -1.14224 -0.07412 1.56131
v -1.11368 -0.09071 1.56131
v -1.08000 -0.09654 1.56131
v -1.04632 -0.09071 1.56131
v -1.01776 -0.07412 1.56131
v -0.99868 -0.04929 1.56131
v -1.08000 -0.02000 1.54000
v -1.08000 -0.02000 1.54000
v -1.08000 -0.02000 1.54000
v -1.08000 -0.02000 1.54000
v -1.08000 -0.02000 1.54000
v -1.08000 -0.02000 1.54000
v -1.08000 -0.02000 1.54000
v -1.08000 -0.02000 1.54000
v -1.08000 -0.02000 1.54000
v -1.08000 -0.02000 1.54000
v -1.08000 -0.02000 1.54000
v -1.08000 -0.02000 1.54000
v -1.08000 -0.02000 1.54000
v -1.08000 -0.02000 1.54000
v -1.08000 -0.02000 1.54000
v -1.08000 -0.02000 1.54000
v 1.08000 -0.02000 2.10000
v 1.08000 -0.02000 2.10000
v 1.08000 -0.02000 2.10000
v 1.08000 -0.02000 2.10000
v 1.08000 -0.02000 2.10000
v 1.08000 -0.02000 2.10000
v 1.08000 -0.02000 2.10000
v 1.08000 -0.02000 2.10000
v 1.08000 -0.02000 2.10000
v 1.08000 -0.02000 2.10000
v 1.08000 -0.02000 2.10000
v 1.08000 -0.02000 2.10000
v 1.08000 -0.02000 2.10000
v 1.08000 -0.02000 2.10000
v 1.08000 -0.02000 2.10000
v 1.08000 -0.02000 2.10000
v 1.16802 -0.02000 2.07869
v 1.16132 0.00929 2.07869
v 1.14224 0.03412 2.07869
v 1.11368 0.05071 2.07869
v 1.08000 0.05654 2.07869
v 1.04632 0.05071 2.07869
v 1.01776 0.03412 2.07869
v 0.99868 0.00929 2.07869
v 0.99198 -0.02000 2.07869
v 0.99868 -0.04929 2.07869
v 1.01776 -0.07412 2.07869
v 1.04632 -0.09071 2.07869
v 1.08000 -0.09654 2.07869
v 1.11368 -0.09071 2.07869
v 1.14224 -0.07412 2.07869
v 1.16132 -0.04929 2.07869
v 1.24263 -0.02000 2.01799
v 1.23025 0.03412 2.01799
v 1.19500 0.08000 2.01799
v 1.14224 0.11066 2.01799
v 1.08000 0.12142 2.01799
v 1.01776 0.11066 2.01799
v 0.96500 0.08000 2.01799
v 0.92975 0.03412 2.01799
v 0.91737 -0.02000 2.01799
v 0.92975 -0.07412 2.01799
v 0.96500 -0.12000 2.01799
v 1.01776 -0.15066 2.01799
v 1.08000 -0.16142 2.01799
v 1.14224 -0.15066 2.01799
v 1.19500 -0.12000 2.01799
v 1.23025 -0.07412 2.01799
v 1.29249 -0.02000 1.92715
v 1.27632 0.05071 1.92715
v 1.23025 0.11066 1.92715
v 1.16132 0.15071 1.92715
v 1.08000 0.16478 1.92715
v 0.99868 0.15071 1.92715
v 0.92975 0.11066 1.92715
v 0.88368 0.05071 1.92715
v 0.86751 -0.02000 1.92715
v 0.88368 -0.09071 1.92715
v 0.92975 -0.15066 1.92715
v 0.99868 -0.19071 1.92715
v 1.08000 -0.20478 1.92715
v 1.16132 -0.19071 1.92715
v 1.23025 -0.15066 1.92715
v 1.27632 -0.09071 1.92715
v 1.31000 -0.02000 1.82000
v 1.29249 0.05654 1.82000
v 1.24263 0.12142 1.82000
v 1.16802 0.16478 1.82000
v 1.08000 0.18000 1.82000
v 0.99198 0.16478 1.82000
v 0.91737 0.12142 1.82000
v 0.86751 0.05654 1.82000
v 0.85000 -0.02000 1.82000
v 0.86751 -0.09654 1.82000
v 0.91737 -0.16142 1.82000
v 0.99198 -0.20478 1.82000
v 1.08000 -0.22000 1.82000
v 1.16802 -0.20478 1.82000
v 1.24263 -0.16142 1.82000
v 1.29249 -0.09654 1.82000
v 1.29249 -0.02000 1.71285
v 1.27632 0.05071 1.71285
v 1.23025 0.11066 1.71285
v 1.16132 0.15071 1.71285
v 1.08000 0.16478 1.71285
v 0.99868 0.15071 1.71285
v 0.92975 0.11066 1.71285
v 0.88368 0.05071 1.71285
v 0.86751 -0.02000 1.71285
v 0.88368 -0.09071 1.71285
v 0.92975 -0.15066 1.71285
v 0.99868 -0.19071 1.71285
v 1.08000 -0.20478 1.71285
v 1.16132 -0.19071 1.71285
v 1.23025 -0.15066 1.71285
v 1.27632 -0.09071 1.71285
v 1.24263 -0.02000 1.62201
v 1.23025 0.03412 1.62201
v 1.19500 0.08000 1.62201
v 1.14224 0.11066 1.62201
v 1.08000 0.12142 1.62201
v 1.01776 0.11066 1.62201
v 0.96500 0.08000 1.62201
v 0.92975 0.03412 1.62201
v 0.91737 -0.02000 1.62201
v 0.92975 -0.07412 1.62201
v 0.96500 -0.12000 1.62201
v 1.01776 -0.15066 1.62201
v 1.08000 -0.16142 1.62201
v 1.14224 -0.15066 1.62201
v 1.19500 -0.12000 1.62201
v 1.23025 -0.07412 1.62201
v 1.16802 -0.02000 1.56131
v 1.16132 0.00929 1.56131
v 1.14224 0.03412 1.56131
v 1.11368 0.05071 1.56131
v 1.08000 0.05654 1.56131
v 1.04632 0.05071 1.56131
v 1.01776 0.03412 1.56131
v 0.99868 0.00929 1.56131
v 0.99198 -0.02000 1.56131
v 0.99868 -0.04929 1.56131
v 1.01776 -0.07412 1.56131
v 1.04632 -0.09071 1.56131
v 1.08000 -0.09654 1.56131
v 1.11368 -0.09071 1.56131
v 1.14224 -0.07412 1.56131
v 1.16132 -0.04929 1.56131
v 1.08000 -0.02000 1.54000
v 1.08000 -0.02000 1.54000
v 1.08000 -0.02000 1.54000
v 1.08000 -0.02000 1.54000
v 1.08000 -0.02000 1.54000
v 1.08000 -0.02000 1.54000
v 1.08000 -0.02000 1.54000
v 1.08000 -0.02000 1.54000
v 1.08000 -0.02000 1.54000
v 1.08000 -0.02000 1.54000
v 1.08000 -0.02000 1.54000
v 1.08000 -0.02000 1.54000
v 1.08000 -0.02000 1.54000
v 1.08000 -0.02000 1.54000
v 1.08000 -0.02000 1.54000
v 1.08000 -0.02000 1.54000
v 0.27000 0.00000 3.90500
v 0.25372 0.09235 3.90500
v 0.20683 0.17355 3.90500
v 0.13500 0.23383 3.90500
v 0.04689 0.26590 3.90500
v -0.04689 0.26590 3.90500
v -0.13500 0.23383 3.90500
v -0.20683 0.17355 3.90500
v -0.25372 0.09235 3.90500
v -0.27000 0.00000 3.90500
v -0.25372 -0.09235 3.90500
v -0.20683 -0.17355 3.90500
v -0.13500 -0.23383 3.90500
v -0.04689 -0.26590 3.90500
v 0.04689 -0.26590 3.90500
v 0.13500 -0.23383 3.90500
v 0.20683 -0.17355 3.90500
v 0.25372 -0.09235 3.90500
v 0.27000 0.00000 4.25500
v 0.25372 0.09235 4.25500
v 0.20683 0.17355 4.25500
v 0.13500 0.23383 4.25500
v 0.04689 0.26590 4.25500
v -0.04689 0.26590 4.25500
v -0.13500 0.23383 4.25500
v -0.20683 0.17355 4.25500
v -0.25372 0.09235 4.25500
v -0.27000 0.00000 4.25500
v -0.25372 -0.09235 4.25500
v -0.20683 -0.17355 4.25500
v -0.13500 -0.23383 4.25500
v -0.04689 -0.26590 4.25500
v 0.04689 -0.26590 4.25500
v 0.13500 -0.23383 4.25500
v 0.20683 -0.17355 4.25500
v 0.25372 -0.09235 4.25500
v 0.00000 -0.02000 5.30000
v 0.00000 -0.02000 5.30000
v 0.00000 -0.02000 5.30000
v 0.00000 -0.02000 5.30000
v 0.00000 -0.02000 5.30000
v 0.00000 -0.02000 5.30000
v 0.00000 -0.02000 5.30000
v 0.00000 -0.02000 5.30000
v 0.00000 -0.02000 5.30000
v 0.00000 -0.02000 5.30000
v 0.00000 -0.02000 5.30000
v 0.00000 -0.02000 5.30000
v 0.00000 -0.02000 5.30000
v 0.00000 -0.02000 5.30000
v 0.00000 -0.02000 5.30000
v 0.00000 -0.02000 5.30000
v 0.00000 -0.02000 5.30000
v 0.00000 -0.02000 5.30000
v 0.00000 -0.02000 5.30000
v 0.00000 -0.02000 5.30000
v 0.00000 -0.02000 5.30000
v 0.00000 -0.02000 5.30000
v 0.00000 -0.02000 5.30000
v 0.00000 -0.02000 5.30000
v 0.08974 -0.02000 5.28886
v 0.08668 0.00121 5.28886
v 0.07772 0.02097 5.28886
v 0.06346 0.03794 5.28886
v 0.04487 0.05096 5.28886
v 0.02323 0.05915 5.28886
v 0.00000 0.06194 5.28886
v -0.02323 0.05915 5.28886
v -0.04487 0.05096 5.28886
v -0.06346 0.03794 5.28886
v -0.07772 0.02097 5.28886
v -0.08668 0.00121 5.28886
v -0.08974 -0.02000 5.28886
v -0.08668 -0.04121 5.28886
v -0.07772 -0.06097 5.28886
v -0.06346 -0.07794 5.28886
v -0.04487 -0.09096 5.28886
v -0.02323 -0.09915 5.28886
v -0.00000 -0.10194 5.28886
v 0.02323 -0.09915 5.28886
v 0.04487 -0.09096 5.28886
v 0.06346 -0.07794 5.28886
v 0.07772 -0.06097 5.28886
v 0.08668 -0.04121 5.28886
v 0.17603 -0.02000 5.25585
v 0.17004 0.02160 5.25585
v 0.15245 0.06036 5.25585
v 0.12448 0.09365 5.25585
v 0.08802 0.11919 5.25585
v 0.04556 0.13525 5.25585
v 0.00000 0.14073 5.25585
v -0.04556 0.13525 5.25585
v -0.08802 0.11919 5.25585
v -0.12448 0.09365 5.25585
v -0.15245 0.06036 5.25585
v -0.17004 0.02160 5.25585
v -0.17603 -0.02000 5.25585
v -0.17004 -0.06160 5.25585
v -0.15245 -0.10036 5.25585
v -0.12448 -0.13365 5.25585
v -0.08802 -0.15919 5.25585
v -0.04556 -0.17525 5.25585
v -0.00000 -0.18073 5.25585
v 0.04556 -0.17525 5.25585
v 0.08802 -0.15919 5.25585
v 0.12448 -0.13365 5.25585
v 0.15245 -0.10036 5.25585
v 0.17004 -0.06160 5.25585
v 0.25556 -0.02000 5.20225
v 0.24685 0.04039 5.20225
v 0.22132 0.09667 5.20225
v 0.18071 0.14500 5.20225
v 0.12778 0.18208 5.20225
v 0.06614 0.20539 5.20225
v 0.00000 0.21334 5.20225
v -0.06614 0.20539 5.20225
v -0.12778 0.18208 5.20225
v -0.18071 0.14500 5.20225
v -0.22132 0.09667 5.20225
v -0.24685 0.04039 5.20225
v -0.25556 -0.02000 5.20225
v -0.24685 -0.08039 5.20225
v -0.22132 -0.13667 5.20225
v -0.18071 -0.18500 5.20225
v -0.12778 -0.22208 5.20225
v -0.06614 -0.24539 5.20225
v -0.00000 -0.25334 5.20225
v 0.06614 -0.24539 5.20225
v 0.12778 -0.22208 5.20225
v 0.18071 -0.18500 5.20225
v 0.22132 -0.13667 5.20225
v 0.24685 -0.08039 5.20225
v 0.32527 -0.02000 5.13012
v 0.31419 0.05687 5.13012
v 0.28169 0.12849 5.13012
v 0.23000 0.19000 5.13012
v 0.16263 0.23720 5.13012
v 0.08419 0.26687 5.13012
v 0.00000 0.27698 5.13012
v -0.08419 0.26687 5.13012
v -0.16263 0.23720 5.13012
v -0.23000 0.19000 5.13012
v -0.28169 0.12849 5.13012
v -0.31419 0.05687 5.13012
v -0.32527 -0.02000 5.13012
v -0.31419 -0.09687 5.13012
v -0.28169 -0.16849 5.13012
v -0.23000 -0.23000 5.13012
v -0.16263 -0.27720 5.13012
v -0.08419 -0.30687 5.13012
v -0.00000 -0.31698 5.13012
v 0.08419 -0.30687 5.13012
v 0.16263 -0.27720 5.13012
v 0.23000 -0.23000 5.13012
v 0.28169 -0.16849 5.13012
v 0.31419 -0.09687 5.13012
v 0.38248 -0.02000 5.04223
v 0.36944 0.07038 5.04223
v 0.33123 0.15461 5.04223
v 0.27045 0.22693 5.04223
v 0.19124 0.28243 5.04223
v 0.09899 0.31732 5.04223
v 0.00000 0.32922 5.04223
v -0.09899 0.31732 5.04223
v -0.19124 0.28243 5.04223
v -0.27045 0.22693 5.04223
v -0.33123 0.15461 5.04223
v -0.36944 0.07038 5.04223
v -0.38248 -0.02000 5.04223
v -0.36944 -0.11038 5.04223
v -0.33123 -0.19461 5.04223
v -0.27045 -0.26693 5.04223
v -0.19124 -0.32243 5.04223
v -0.09899 -0.35732 5.04223
v -0.00000 -0.36922 5.04223
v 0.09899 -0.35732 5.04223
v 0.19124 -0.32243 5.04223
v 0.27045 -0.26693 5.04223
v 0.33123 -0.19461 5.04223
v 0.36944 -0.11038 5.04223
v 0.42498 -0.02000 4.94196
v 0.41050 0.08043 4.94196
v 0.36805 0.17401 4.94196
v 0.30051 0.25438 4.94196
v 0.21249 0.31604 4.94196
v 0.10999 0.35481 4.94196
v 0.00000 0.36803 4.94196
v -0.10999 0.35481 4.94196
v -0.21249 0.31604 4.94196
v -0.30051 0.25438 4.94196
v -0.36805 0.17401 4.94196
v -0.41050 0.08043 4.94196
v -0.42498 -0.02000 4.94196
v -0.41050 -0.12043 4.94196
v -0.36805 -0.21401 4.94196
v -0.30051 -0.29438 4.94196
v -0.21249 -0.35604 4.94196
v -0.10999 -0.39481 4.94196
v -0.00000 -0.40803 4.94196
v 0.10999 -0.39481 4.94196
v 0.21249 -0.35604 4.94196
v 0.30051 -0.29438 4.94196
v 0.36805 -0.21401 4.94196
v 0.41050 -0.12043 4.94196
v 0.45116 -0.02000 4.83315
v 0.43579 0.08662 4.83315
v 0.39072 0.18596 4.83315
v 0.31902 0.27128 4.83315
v 0.22558 0.33674 4.83315
v 0.11677 0.37789 4.83315
v 0.00000 0.39193 4.83315
v -0.11677 0.37789 4.83315
v -0.22558 0.33674 4.83315
v -0.31902 0.27128 4.83315
v -0.39072 0.18596 4.83315
v -0.43579 0.08662 4.83315
v -0.45116 -0.02000 4.83315
v -0.43579 -0.12662 4.83315
v -0.39072 -0.22596 4.83315
v -0.31902 -0.31128 4.83315
v -0.22558 -0.37674 4.83315
v -0.11677 -0.41789 4.83315
v -0.00000 -0.43193 4.83315
v 0.11677 -0.41789 4.83315
v 0.22558 -0.37674 4.83315
v 0.31902 -0.31128 4.83315
v 0.39072 -0.22596 4.83315
v 0.43579 -0.12662 4.83315
v 0.46000 -0.02000 4.72000
v 0.44433 0.08870 4.72000
v 0.39837 0.19000 4.72000
v 0.32527 0.27698 4.72000
v 0.23000 0.34373 4.72000
v 0.11906 0.38569 4.72000
v 0.00000 0.40000 4.72000
v -0.11906 0.38569 4.72000
v -0.23000 0.34373 4.72000
v -0.32527 0.27698 4.72000
v -0.39837 0.19000 4.72000
v -0.44433 0.08870 4.72000
v -0.46000 -0.02000 4.72000
v -0.44433 -0.12870 4.72000
v -0.39837 -0.23000 4.72000
v -0.32527 -0.31698 4.72000
v -0.23000 -0.38373 4.72000
v -0.11906 -0.42569 4.72000
v -0.00000 -0.44000 4.72000
v 0.11906 -0.42569 4.72000
v 0.23000 -0.38373 4.72000
v 0.32527 -0.31698 4.72000
v 0.39837 -0.23000 4.72000
v 0.44433 -0.12870 4.72000
v 0.45116 -0.02000 4.60685
v 0.43579 0.08662 4.60685
v 0.39072 0.18596 4.60685
v 0.31902 0.27128 4.60685
v 0.22558 0.33674 4.60685
v 0.11677 0.37789 4.60685
v 0.00000 0.39193 4.60685
v -0.11677 0.37789 4.60685
v -0.22558 0.33674 4.60685
v -0.31902 0.27128 4.60685
v -0.39072 0.18596 4.60685
v -0.43579 0.08662 4.60685
v -0.45116 -0.02000 4.60685
v -0.43579 -0.12662 4.60685
v -0.39072 -0.22596 4.60685
v -0.31902 -0.31128 4.60685
v -0.22558 -0.37674 4.60685
v -0.11677 -0.41789 4.60685
v -0.00000 -0.43193 4.60685
v 0.11677 -0.41789 4.60685
v 0.22558 -0.37674 4.60685
v 0.31902 -0.31128 4.60685
v 0.39072 -0.22596 4.60685
v 0.43579 -0.12662 4.60685
v 0.42498 -0.02000 4.49804
v 0.41050 0.08043 4.49804
v 0.36805 0.17401 4.49804
v 0.30051 0.25438 4.49804
v 0.21249 0.31604 4.49804
v 0.10999 0.35481 4.49804
v 0.00000 0.36803 4.49804
v -0.10999 0.35481 4.49804
v -0.21249 0.31604 4.49804
v -0.30051 0.25438 4.49804
v -0.36805 0.17401 4.49804
v -0.41050 0.08043 4.49804
v -0.42498 -0.02000 4.49804
v -0.41050 -0.12043 4.49804
v -0.36805 -0.21401 4.49804
v -0.30051 -0.29438 4.49804
v -0.21249 -0.35604 4.49804
v -0.10999 -0.39481 4.49804
v -0.00000 -0.40803 4.49804
v 0.10999 -0.39481 4.49804
v 0.21249 -0.35604 4.49804
v 0.30051 -0.29438 4.49804
v 0.36805 -0.21401 4.49804
v 0.41050 -0.12043 4.49804
v 0.38248 -0.02000 4.39777
v 0.36944 0.07038 4.39777
v 0.33123 0.15461 4.39777
v 0.27045 0.22693 4.39777
v 0.19124 0.28243 4.39777
v 0.09899 0.31732 4.39777
v 0.00000 0.32922 4.39777
v -0.09899 0.31732 4.39777
v -0.19124 0.28243 4.39777
v -0.27045 0.22693 4.39777
v -0.33123 0.15461 4.39777
v -0.36944 0.07038 4.39777
v -0.38248 -0.02000 4.39777
v -0.36944 -0.11038 4.39777
v -0.33123 -0.19461 4.39777
v -0.27045 -0.26693 4.39777
v -0.19124 -0.32243 4.39777
v -0.09899 -0.35732 4.39777
v -0.00000 -0.36922 4.39777
v 0.09899 -0.35732 4.39777
v 0.19124 -0.32243 4.39777
v 0.27045 -0.26693 4.39777
v 0.33123 -0.19461 4.39777
v 0.36944 -0.11038 4.39777
v 0.32527 -0.02000 4.30988
v 0.31419 0.05687 4.30988
v 0.28169 0.12849 4.30988
v 0.23000 0.19000 4.30988
v 0.16263 0.23720 4.30988
v 0.08419 0.26687 4.30988
v 0.00000 0.27698 4.30988
v -0.08419 0.26687 4.30988
v -0.16263 0.23720 4.30988
v -0.23000 0.19000 4.30988
v -0.28169 0.12849 4.30988
v -0.31419 0.05687 4.30988
v -0.32527 -0.02000 4.30988
v -0.31419 -0.09687 4.30988
v -0.28169 -0.16849 4.30988
v -0.23000 -0.23000 4.30988
v -0.16263 -0.27720 4.30988
v -0.08419 -0.30687 4.30988
v -0.00000 -0.31698 4.30988
v 0.08419 -0.30687 4.30988
v 0.16263 -0.27720 4.30988
v 0.23000 -0.23000 4.30988
v 0.28169 -0.16849 4.30988
v 0.31419 -0.09687 4.30988
v 0.25556 -0.02000 4.23775
v 0.24685 0.04039 4.23775
v 0.22132 0.09667 4.23775
v 0.18071 0.14500 4.23775
v 0.12778 0.18208 4.23775
v 0.06614 0.20539 4.23775
v 0.00000 0.21334 4.23775
v -0.06614 0.20539 4.23775
v -0.12778 0.18208 4.23775
v -0.18071 0.14500 4.23775
v -0.22132 0.09667 4.23775
v -0.24685 0.04039 4.23775
v -0.25556 -0.02000 4.23775
v -0.24685 -0.08039 4.23775
v -0.22132 -0.13667 4.23775
v -0.18071 -0.18500 4.23775
v -0.12778 -0.22208 4.23775
v -0.06614 -0.24539 4.23775
v -0.00000 -0.25334 4.23775
v 0.06614 -0.24539 4.23775
v 0.12778 -0.22208 4.23775
v 0.18071 -0.18500 4.23775
v 0.22132 -0.13667 4.23775
v 0.24685 -0.08039 4.23775
v 0.17603 -0.02000 4.18415
v 0.17004 0.02160 4.18415
v 0.15245 0.06036 4.18415
v 0.12448 0.09365 4.18415
v 0.08802 0.11919 4.18415
v 0.04556 0.13525 4.18415
v 0.00000 0.14073 4.18415
v -0.04556 0.13525 4.18415
v -0.08802 0.11919 4.18415
v -0.12448 0.09365 4.18415
v -0.15245 0.06036 4.18415
v -0.17004 0.02160 4.18415
v -0.17603 -0.02000 4.18415
v -0.17004 -0.06160 4.18415
v -0.15245 -0.10036 4.18415
v -0.12448 -0.13365 4.18415
v -0.08802 -0.15919 4.18415
v -0.04556 -0.17525 4.18415
v -0.00000 -0.18073 4.18415
v 0.04556 -0.17525 4.18415
v 0.08802 -0.15919 4.18415
v 0.12448 -0.13365 4.18415
v 0.15245 -0.10036 4.18415
v 0.17004 -0.06160 4.18415
v 0.08974 -0.02000 4.15114
v 0.08668 0.00121 4.15114
v 0.07772 0.02097 4.15114
v 0.06346 0.03794 4.15114
v 0.04487 0.05096 4.15114
v 0.02323 0.05915 4.15114
v 0.00000 0.06194 4.15114
v -0.02323 0.05915 4.15114
v -0.04487 0.05096 4.15114
v -0.06346 0.03794 4.15114
v -0.07772 0.02097 4.15114
v -0.08668 0.00121 4.15114
v -0.08974 -0.02000 4.15114
v -0.08668 -0.04121 4.15114
v -0.07772 -0.06097 4.15114
v -0.06346 -0.07794 4.15114
v -0.04487 -0.09096 4.15114
v -0.02323 -0.09915 4.15114
v -0.00000 -0.10194 4.15114
v 0.02323 -0.09915 4.15114
v 0.04487 -0.09096 4.15114
v 0.06346 -0.07794 4.15114
v 0.07772 -0.06097 4.15114
v 0.08668 -0.04121 4.15114
v 0.00000 -0.02000 4.14000
v 0.00000 -0.02000 4.14000
v 0.00000 -0.02000 4.14000
v 0.00000 -0.02000 4.14000
v 0.00000 -0.02000 4.14000
v 0.00000 -0.02000 4.14000
v 0.00000 -0.02000 4.14000
v -0.00000 -0.02000 4.14000
v -0.00000 -0.02000 4.14000
v -0.00000 -0.02000 4.14000
v -0.00000 -0.02000 4.14000
v -0.00000 -0.02000 4.14000
v -0.00000 -0.02000 4.14000
v -0.00000 -0.02000 4.14000
v -0.00000 -0.02000 4.14000
v -0.00000 -0.02000 4.14000
v -0.00000 -0.02000 4.14000
v -0.00000 -0.02000 4.14000
v -0.00000 -0.02000 4.14000
v 0.00000 -0.02000 4.14000
v 0.00000 -0.02000 4.14000
v 0.00000 -0.02000 4.14000
v 0.00000 -0.02000 4.14000
v 0.00000 -0.02000 4.14000
v 0.00000 -0.36000 4.96000
v 0.00000 -0.36000 4.96000
v 0.00000 -0.36000 4.96000
v 0.00000 -0.36000 4.96000
v 0.00000 -0.36000 4.96000
v 0.00000 -0.36000 4.96000
v 0.00000 -0.36000 4.96000
v 0.00000 -0.36000 4.96000
v 0.00000 -0.36000 4.96000
v 0.00000 -0.36000 4.96000
v 0.00000 -0.36000 4.96000
v 0.00000 -0.36000 4.96000
v 0.00000 -0.36000 4.96000
v 0.00000 -0.36000 4.96000
v 0.00000 -0.36000 4.96000
v 0.00000 -0.36000 4.96000
v 0.00000 -0.36000 4.96000
v 0.00000 -0.36000 4.96000
v 0.00000 -0.36000 4.96000
v 0.00000 -0.36000 4.96000
v 0.00000 -0.36000 4.96000
v 0.00000 -0.36000 4.96000
v 0.00000 -0.36000 4.96000
v 0.00000 -0.36000 4.96000
v 0.10353 -0.36000 4.94364
v 0.10000 -0.34794 4.94364
v 0.08966 -0.33671 4.94364
v 0.07321 -0.32706 4.94364
v 0.05176 -0.31965 4.94364
v 0.02679 -0.31500 4.94364
v 0.00000 -0.31341 4.94364
v -0.02679 -0.31500 4.94364
v -0.05176 -0.31965 4.94364
v -0.07321 -0.32706 4.94364
v -0.08966 -0.33671 4.94364
v -0.10000 -0.34794 4.94364
v -0.10353 -0.36000 4.94364
v -0.10000 -0.37206 4.94364
v -0.08966 -0.38329 4.94364
v -0.07321 -0.39294 4.94364
v -0.05176 -0.40035 4.94364
v -0.02679 -0.40500 4.94364
v -0.00000 -0.40659 4.94364
v 0.02679 -0.40500 4.94364
v 0.05176 -0.40035 4.94364
v 0.07321 -0.39294 4.94364
v 0.08966 -0.38329 4.94364
v 0.10000 -0.37206 4.94364
v 0.20000 -0.36000 4.89569
v 0.19319 -0.33671 4.89569
v 0.17321 -0.31500 4.89569
v 0.14142 -0.29636 4.89569
v 0.10000 -0.28206 4.89569
v 0.05176 -0.27307 4.89569
v 0.00000 -0.27000 4.89569
v -0.05176 -0.27307 4.89569
v -0.10000 -0.28206 4.89569
v -0.14142 -0.29636 4.89569
v -0.17321 -0.31500 4.89569
v -0.19319 -0.33671 4.89569
v -0.20000 -0.36000 4.89569
v -0.19319 -0.38329 4.89569
v -0.17321 -0.40500 4.89569
v -0.14142 -0.42364 4.89569
v -0.10000 -0.43794 4.89569
v -0.05176 -0.44693 4.89569
v -0.00000 -0.45000 4.89569
v 0.05176 -0.44693 4.89569
v 0.10000 -0.43794 4.89569
v 0.14142 -0.42364 4.89569
v 0.17321 -0.40500 4.89569
v 0.19319 -0.38329 4.89569
v 0.28284 -0.36000 4.81941
v 0.27321 -0.32706 4.81941
v 0.24495 -0.29636 4.81941
v 0.20000 -0.27000 4.81941
v 0.14142 -0.24977 4.81941
v 0.07321 -0.23706 4.81941
v 0.00000 -0.23272 4.81941
v -0.07321 -0.23706 4.81941
v -0.14142 -0.24977 4.81941
v -0.20000 -0.27000 4.81941
v -0.24495 -0.29636 4.81941
v -0.27321 -0.32706 4.81941
v -0.28284 -0.36000 4.81941
v -0.27321 -0.39294 4.81941
v -0.24495 -0.42364 4.81941
v -0.20000 -0.45000 4.81941
v -0.14142 -0.47023 4.81941
v -0.07321 -0.48294 4.81941
v -0.00000 -0.48728 4.81941
v 0.07321 -0.48294 4.81941
v 0.14142 -0.47023 4.81941
v 0.20000 -0.45000 4.81941
v 0.24495 -0.42364 4.81941
v 0.27321 -0.39294 4.81941
v 0.34641 -0.36000 4.72000
v 0.33461 -0.31965 4.72000
v 0.30000 -0.28206 4.72000
v 0.24495 -0.24977 4.72000
v 0.17321 -0.22500 4.72000
v 0.08966 -0.20943 4.72000
v 0.00000 -0.20412 4.72000
v -0.08966 -0.20943 4.72000
v -0.17321 -0.22500 4.72000
v -0.24495 -0.24977 4.72000
v -0.30000 -0.28206 4.72000
v -0.33461 -0.31965 4.72000
v -0.34641 -0.36000 4.72000
v -0.33461 -0.40035 4.72000
v -0.30000 -0.43794 4.72000
v -0.24495 -0.47023 4.72000
v -0.17321 -0.49500 4.72000
v -0.08966 -0.51057 4.72000
v -0.00000 -0.51588 4.72000
v 0.08966 -0.51057 4.72000
v 0.17321 -0.49500 4.72000
v 0.24495 -0.47023 4.72000
v 0.30000 -0.43794 4.72000
v 0.33461 -0.40035 4.72000
v 0.38637 -0.36000 4.60423
v 0.37321 -0.31500 4.60423
v 0.33461 -0.27307 4.60423
v 0.27321 -0.23706 4.60423
v 0.19319 -0.20943 4.60423
v 0.10000 -0.19206 4.60423
v 0.00000 -0.18613 4.60423
v -0.10000 -0.19206 4.60423
v -0.19319 -0.20943 4.60423
v -0.27321 -0.23706 4.60423
v -0.33461 -0.27307 4.60423
v -0.37321 -0.31500 4.60423
v -0.38637 -0.36000 4.60423
v -0.37321 -0.40500 4.60423
v -0.33461 -0.44693 4.60423
v -0.27321 -0.48294 4.60423
v -0.19319 -0.51057 4.60423
v -0.10000 -0.52794 4.60423
v -0.00000 -0.53387 4.60423
v 0.10000 -0.52794 4.60423
v 0.19319 -0.51057 4.60423
v 0.27321 -0.48294 4.60423
v 0.33461 -0.44693 4.60423
v 0.37321 -0.40500 4.60423
v 0.40000 -0.36000 4.48000
v 0.38637 -0.31341 4.48000
v 0.34641 -0.27000 4.48000
v 0.28284 -0.23272 4.48000
v 0.20000 -0.20412 4.48000
v 0.10353 -0.18613 4.48000
v 0.00000 -0.18000 4.48000
v -0.10353 -0.18613 4.48000
v -0.20000 -0.20412 4.48000
v -0.28284 -0.23272 4.48000
v -0.34641 -0.27000 4.48000
v -0.38637 -0.31341 4.48000
v -0.40000 -0.36000 4.48000
v -0.38637 -0.40659 4.48000
v -0.34641 -0.45000 4.48000
v -0.28284 -0.48728 4.48000
v -0.20000 -0.51588 4.48000
v -0.10353 -0.53387 4.48000
v -0.00000 -0.54000 4.48000
v 0.10353 -0.53387 4.48000
v 0.20000 -0.51588 4.48000
v 0.28284 -0.48728 4.48000
v 0.34641 -0.45000 4.48000
v 0.38637 -0.40659 4.48000
v 0.38637 -0.36000 4.35577
v 0.37321 -0.31500 4.35577
v 0.33461 -0.27307 4.35577
v 0.27321 -0.23706 4.35577
v 0.19319 -0.20943 4.35577
v 0.10000 -0.19206 4.35577
v 0.00000 -0.18613 4.35577
v -0.10000 -0.19206 4.35577
v -0.19319 -0.20943 4.35577
v -0.27321 -0.23706 4.35577
v -0.33461 -0.27307 4.35577
v -0.37321 -0.31500 4.35577
v -0.38637 -0.36000 4.35577
v -0.37321 -0.40500 4.35577
v -0.33461 -0.44693 4.35577
v -0.27321 -0.48294 4.35577
v -0.19319 -0.51057 4.35577
v -0.10000 -0.52794 4.35577
v -0.00000 -0.53387 4.35577
v 0.10000 -0.52794 4.35577
v 0.19319 -0.51057 4.35577
v 0.27321 -0.48294 4.35577
v 0.33461 -0.44693 4.35577
v 0.37321 -0.40500 4.35577
v 0.34641 -0.36000 4.24000
v 0.33461 -0.31965 4.24000
v 0.30000 -0.28206 4.24000
v 0.24495 -0.24977 4.24000
v 0.17321 -0.22500 4.24000
v 0.08966 -0.20943 4.24000
v 0.00000 -0.20412 4.24000
v -0.08966 -0.20943 4.24000
v -0.17321 -0.22500 4.24000
v -0.24495 -0.24977 4.24000
v -0.30000 -0.28206 4.24000
v -0.33461 -0.31965 4.24000
v -0.34641 -0.36000 4.24000
v -0.33461 -0.40035 4.24000
v -0.30000 -0.43794 4.24000
v -0.24495 -0.47023 4.24000
v -0.17321 -0.49500 4.24000
v -0.08966 -0.51057 4.24000
v -0.00000 -0.51588 4.24000
v 0.08966 -0.51057 4.24000
v 0.17321 -0.49500 4.24000
v 0.24495 -0.47023 4.24000
v 0.30000 -0.43794 4.24000
v 0.33461 -0.40035 4.24000
v 0.28284 -0.36000 4.14059
v 0.27321 -0.32706 4.14059
v 0.24495 -0.29636 4.14059
v 0.20000 -0.27000 4.14059
v 0.14142 -0.24977 4.14059
v 0.07321 -0.23706 4.14059
v 0.00000 -0.23272 4.14059
v -0.07321 -0.23706 4.14059
v -0.14142 -0.24977 4.14059
v -0.20000 -0.27000 4.14059
v -0.24495 -0.29636 4.14059
v -0.27321 -0.32706 4.14059
v -0.28284 -0.36000 4.14059
v -0.27321 -0.39294 4.14059
v -0.24495 -0.42364 4.14059
v -0.20000 -0.45000 4.14059
v -0.14142 -0.47023 4.14059
v -0.07321 -0.48294 4.14059
v -0.00000 -0.48728 4.14059
v 0.07321 -0.48294 4.14059
v 0.14142 -0.47023 4.14059
v 0.20000 -0.45000 4.14059
v 0.24495 -0.42364 4.14059
v 0.27321 -0.39294 4.14059
v 0.20000 -0.36000 4.06431
v 0.19319 -0.33671 4.06431
v 0.17321 -0.31500 4.06431
v 0.14142 -0.29636 4.06431
v 0.10000 -0.28206 4.06431
v 0.05176 -0.27307 4.06431
v 0.00000 -0.27000 4.06431
v -0.05176 -0.27307 4.06431
v -0.10000 -0.28206 4.06431
v -0.14142 -0.29636 4.06431
v -0.17321 -0.31500 4.06431
v -0.19319 -0.33671 4.06431
v -0.20000 -0.36000 4.06431
v -0.19319 -0.38329 4.06431
v -0.17321 -0.40500 4.06431
v -0.14142 -0.42364 4.06431
v -0.10000 -0.43794 4.06431
v -0.05176 -0.44693 4.06431
v -0.00000 -0.45000 4.06431
v 0.05176 -0.44693 4.06431
v 0.10000 -0.43794 4.06431
v 0.14142 -0.42364 4.06431
v 0.17321 -0.40500 4.06431
v 0.19319 -0.38329 4.06431
v 0.10353 -0.36000 4.01636
v 0.10000 -0.34794 4.01636
v 0.08966 -0.33671 4.01636
v 0.07321 -0.32706 4.01636
v 0.05176 -0.31965 4.01636
v 0.02679 -0.31500 4.01636
v 0.00000 -0.31341 4.01636
v -0.02679 -0.31500 4.01636
v -0.05176 -0.31965 4.01636
v -0.07321 -0.32706 4.01636
v -0.08966 -0.33671 4.01636
v -0.10000 -0.34794 4.01636
v -0.10353 -0.36000 4.01636
v -0.10000 -0.37206 4.01636
v -0.08966 -0.38329 4.01636
v -0.07321 -0.39294 4.01636
v -0.05176 -0.40035 4.01636
v -0.02679 -0.40500 4.01636
v -0.00000 -0.40659 4.01636
v 0.02679 -0.40500 4.01636
v 0.05176 -0.40035 4.01636
v 0.07321 -0.39294 4.01636
v 0.08966 -0.38329 4.01636
v 0.10000 -0.37206 4.01636
v 0.00000 -0.36000 4.00000
v 0.00000 -0.36000 4.00000
v 0.00000 -0.36000 4.00000
v 0.00000 -0.36000 4.00000
v 0.00000 -0.36000 4.00000
v 0.00000 -0.36000 4.00000
v 0.00000 -0.36000 4.00000
v -0.00000 -0.36000 4.00000
v -0.00000 -0.36000 4.00000
v -0.00000 -0.36000 4.00000
v -0.00000 -0.36000 4.00000
v -0.00000 -0.36000 4.00000
v -0.00000 -0.36000 4.00000
v -0.00000 -0.36000 4.00000
v -0.00000 -0.36000 4.00000
v -0.00000 -0.36000 4.00000
v -0.00000 -0.36000 4.00000
v -0.00000 -0.36000 4.00000
v -0.00000 -0.36000 4.00000
v 0.00000 -0.36000 4.00000
v 0.00000 -0.36000 4.00000
v 0.00000 -0.36000 4.00000
v 0.00000 -0.36000 4.00000
v 0.00000 -0.36000 4.00000
v 0.00000 0.03000 5.30000
v 0.00000 0.03000 5.30000
v 0.00000 0.03000 5.30000
v 0.00000 0.03000 5.30000
v 0.00000 0.03000 5.30000
v 0.00000 0.03000 5.30000
v 0.00000 0.03000 5.30000
v 0.00000 0.03000 5.30000
v 0.00000 0.03000 5.30000
v 0.00000 0.03000 5.30000
v 0.00000 0.03000 5.30000
v 0.00000 0.03000 5.30000
v 0.00000 0.03000 5.30000
v 0.00000 0.03000 5.30000
v 0.00000 0.03000 5.30000
v 0.00000 0.03000 5.30000
v 0.00000 0.03000 5.30000
v 0.00000 0.03000 5.30000
v 0.00000 0.03000 5.30000
v 0.00000 0.03000 5.30000
v 0.00000 0.03000 5.30000
v 0.00000 0.03000 5.30000
v 0.00000 0.03000 5.30000
v 0.00000 0.03000 5.30000
v 0.14833 0.03000 5.28776
v 0.14327 0.06199 5.28776
v 0.12846 0.09180 5.28776
v 0.10488 0.11740 5.28776
v 0.07416 0.13705 5.28776
v 0.03839 0.14939 5.28776
v 0.00000 0.15361 5.28776
v -0.03839 0.14939 5.28776
v -0.07416 0.13705 5.28776
v -0.10488 0.11740 5.28776
v -0.12846 0.09180 5.28776
v -0.14327 0.06199 5.28776
v -0.14833 0.03000 5.28776
v -0.14327 -0.00199 5.28776
v -0.12846 -0.03180 5.28776
v -0.10488 -0.05740 5.28776
v -0.07416 -0.07705 5.28776
v -0.03839 -0.08939 5.28776
v -0.00000 -0.09361 5.28776
v 0.03839 -0.08939 5.28776
v 0.07416 -0.07705 5.28776
v 0.10488 -0.05740 5.28776
v 0.12846 -0.03180 5.28776
v 0.14327 -0.00199 5.28776
v 0.28214 0.03000 5.25225
v 0.27252 0.09085 5.25225
v 0.24434 0.14756 5.25225
v 0.19950 0.19625 5.25225
v 0.14107 0.23361 5.25225
v 0.07302 0.25710 5.25225
v 0.00000 0.26511 5.25225
v -0.07302 0.25710 5.25225
v -0.14107 0.23361 5.25225
v -0.19950 0.19625 5.25225
v -0.24434 0.14756 5.25225
v -0.27252 0.09085 5.25225
v -0.28214 0.03000 5.25225
v -0.27252 -0.03085 5.25225
v -0.24434 -0.08756 5.25225
v -0.19950 -0.13625 5.25225
v -0.14107 -0.17361 5.25225
v -0.07302 -0.19710 5.25225
v -0.00000 -0.20511 5.25225
v 0.07302 -0.19710 5.25225
v 0.14107 -0.17361 5.25225
v 0.19950 -0.13625 5.25225
v 0.24434 -0.08756 5.25225
v 0.27252 -0.03085 5.25225
v 0.38833 0.03000 5.19695
v 0.37510 0.11376 5.19695
v 0.33630 0.19180 5.19695
v 0.27459 0.25882 5.19695
v 0.19416 0.31025 5.19695
v 0.10051 0.34258 5.19695
v 0.00000 0.35361 5.19695
v -0.10051 0.34258 5.19695
v -0.19416 0.31025 5.19695
v -0.27459 0.25882 5.19695
v -0.33630 0.19180 5.19695
v -0.37510 0.11376 5.19695
v -0.38833 0.03000 5.19695
v -0.37510 -0.05376 5.19695
v -0.33630 -0.13180 5.19695
v -0.27459 -0.19882 5.19695
v -0.19416 -0.25025 5.19695
v -0.10051 -0.28258 5.19695
v -0.00000 -0.29361 5.19695
v 0.10051 -0.28258 5.19695
v 0.19416 -0.25025 5.19695
v 0.27459 -0.19882 5.19695
v 0.33630 -0.13180 5.19695
v 0.37510 -0.05376 5.19695
v 0.45651 0.03000 5.12725
v 0.44095 0.12846 5.12725
v 0.39535 0.22021 5.12725
v 0.32280 0.29900 5.12725
v 0.22825 0.35946 5.12725
v 0.11815 0.39746 5.12725
v 0.00000 0.41042 5.12725
v -0.11815 0.39746 5.12725
v -0.22825 0.35946 5.12725
v -0.32280 0.29900 5.12725
v -0.39535 0.22021 5.12725
v -0.44095 0.12846 5.12725
v -0.45651 0.03000 5.12725
v -0.44095 -0.06846 5.12725
v -0.39535 -0.16021 5.12725
v -0.32280 -0.23900 5.12725
v -0.22825 -0.29946 5.12725
v -0.11815 -0.33746 5.12725
v -0.00000 -0.35042 5.12725
v 0.11815 -0.33746 5.12725
v 0.22825 -0.29946 5.12725
v 0.32280 -0.23900 5.12725
v 0.39535 -0.16021 5.12725
v 0.44095 -0.06846 5.12725
v 0.48000 0.03000 5.05000
v 0.46364 0.13353 5.05000
v 0.41569 0.23000 5.05000
v 0.33941 0.31284 5.05000
v 0.24000 0.37641 5.05000
v 0.12423 0.41637 5.05000
v 0.00000 0.43000 5.05000
v -0.12423 0.41637 5.05000
v -0.24000 0.37641 5.05000
v -0.33941 0.31284 5.05000
v -0.41569 0.23000 5.05000
v -0.46364 0.13353 5.05000
v -0.48000 0.03000 5.05000
v -0.46364 -0.07353 5.05000
v -0.41569 -0.17000 5.05000
v -0.33941 -0.25284 5.05000
v -0.24000 -0.31641 5.05000
v -0.12423 -0.35637 5.05000
v -0.00000 -0.37000 5.05000
v 0.12423 -0.35637 5.05000
v 0.24000 -0.31641 5.05000
v 0.33941 -0.25284 5.05000
v 0.41569 -0.17000 5.05000
v 0.46364 -0.07353 5.05000
v 0.45651 0.03000 4.97275
v 0.44095 0.12846 4.97275
v 0.39535 0.22021 4.97275
v 0.32280 0.29900 4.97275
v 0.22825 0.35946 4.97275
v 0.11815 0.39746 4.97275
v 0.00000 0.41042 4.97275
v -0.11815 0.39746 4.97275
v -0.22825 0.35946 4.97275
v -0.32280 0.29900 4.97275
v -0.39535 0.22021 4.97275
v -0.44095 0.12846 4.97275
v -0.45651 0.03000 4.97275
v -0.44095 -0.06846 4.97275
v -0.39535 -0.16021 4.97275
v -0.32280 -0.23900 4.97275
v -0.22825 -0.29946 4.97275
v -0.11815 -0.33746 4.97275
v -0.00000 -0.35042 4.97275
v 0.11815 -0.33746 4.97275
v 0.22825 -0.29946 4.97275
v 0.32280 -0.23900 4.97275
v 0.39535 -0.16021 4.97275
v 0.44095 -0.06846 4.97275
v 0.38833 0.03000 4.90305
v 0.37510 0.11376 4.90305
v 0.33630 0.19180 4.90305
v 0.27459 0.25882 4.90305
v 0.19416 0.31025 4.90305
v 0.10051 0.34258 4.90305
v 0.00000 0.35361 4.90305
v -0.10051 0.34258 4.90305
v -0.19416 0.31025 4.90305
v -0.27459 0.25882 4.90305
v -0.33630 0.19180 4.90305
v -0.37510 0.11376 4.90305
v -0.38833 0.03000 4.90305
v -0.37510 -0.05376 4.90305
v -0.33630 -0.13180 4.90305
v -0.27459 -0.19882 4.90305
v -0.19416 -0.25025 4.90305
v -0.10051 -0.28258 4.90305
v -0.00000 -0.29361 4.90305
v 0.10051 -0.28258 4.90305
v 0.19416 -0.25025 4.90305
v 0.27459 -0.19882 4.90305
v 0.33630 -0.13180 4.90305
v 0.37510 -0.05376 4.90305
v 0.28214 0.03000 4.84775
v 0.27252 0.09085 4.84775
v 0.24434 0.14756 4.84775
v 0.19950 0.19625 4.84775
v 0.14107 0.23361 4.84775
v 0.07302 0.25710 4.84775
v 0.00000 0.26511 4.84775
v -0.07302 0.25710 4.84775
v -0.14107 0.23361 4.84775
v -0.19950 0.19625 4.84775
v -0.24434 0.14756 4.84775
v -0.27252 0.09085 4.84775
v -0.28214 0.03000 4.84775
v -0.27252 -0.03085 4.84775
v -0.24434 -0.08756 4.84775
v -0.19950 -0.13625 4.84775
v -0.14107 -0.17361 4.84775
v -0.07302 -0.19710 4.84775
v -0.00000 -0.20511 4.84775
v 0.07302 -0.19710 4.84775
v 0.14107 -0.17361 4.84775
v 0.19950 -0.13625 4.84775
v 0.24434 -0.08756 4.84775
v 0.27252 -0.03085 4.84775
v 0.14833 0.03000 4.81224
v 0.14327 0.06199 4.81224
v 0.12846 0.09180 4.81224
v 0.10488 0.11740 4.81224
v 0.07416 0.13705 4.81224
v 0.03839 0.14939 4.81224
v 0.00000 0.15361 4.81224
v -0.03839 0.14939 4.81224
v -0.07416 0.13705 4.81224
v -0.10488 0.11740 4.81224
v -0.12846 0.09180 4.81224
v -0.14327 0.06199 4.81224
v -0.14833 0.03000 4.81224
v -0.14327 -0.00199 4.81224
v -0.12846 -0.03180 4.81224
v -0.10488 -0.05740 4.81224
v -0.07416 -0.07705 4.81224
v -0.03839 -0.08939 4.81224
v -0.00000 -0.09361 4.81224
v 0.03839 -0.08939 4.81224
v 0.07416 -0.07705 4.81224
v 0.10488 -0.05740 4.81224
v 0.12846 -0.03180 4.81224
v 0.14327 -0.00199 4.81224
v 0.00000 0.03000 4.80000
v 0.00000 0.03000 4.80000
v 0.00000 0.03000 4.80000
v 0.00000 0.03000 4.80000
v 0.00000 0.03000 4.80000
v 0.00000 0.03000 4.80000
v 0.00000 0.03000 4.80000
v -0.00000 0.03000 4.80000
v -0.00000 0.03000 4.80000
v -0.00000 0.03000 4.80000
v -0.00000 0.03000 4.80000
v -0.00000 0.03000 4.80000
v -0.00000 0.03000 4.80000
v -0.00000 0.03000 4.80000
v -0.00000 0.03000 4.80000
v -0.00000 0.03000 4.80000
v -0.00000 0.03000 4.80000
v -0.00000 0.03000 4.80000
v -0.00000 0.03000 4.80000
v 0.00000 0.03000 4.80000
v 0.00000 0.03000 4.80000
v 0.00000 0.03000 4.80000
v 0.00000 0.03000 4.80000
v 0.00000 0.03000 4.80000
v 0.48000 -0.01000 5.19000
v 0.46364 0.11423 5.19000
v 0.41569 0.23000 5.19000
v 0.33941 0.32941 5.19000
v 0.24000 0.40569 5.19000
v 0.12423 0.45364 5.19000
v 0.00000 0.47000 5.19000
v -0.12423 0.45364 5.19000
v -0.24000 0.40569 5.19000
v -0.33941 0.32941 5.19000
v -0.41569 0.23000 5.19000
v -0.46364 0.11423 5.19000
v -0.48000 -0.01000 5.19000
v -0.46364 -0.13423 5.19000
v -0.41569 -0.25000 5.19000
v -0.33941 -0.34941 5.19000
v -0.24000 -0.42569 5.19000
v -0.12423 -0.47364 5.19000
v -0.00000 -0.49000 5.19000
v 0.12423 -0.47364 5.19000
v 0.24000 -0.42569 5.19000
v 0.33941 -0.34941 5.19000
v 0.41569 -0.25000 5.19000
v 0.46364 -0.13423 5.19000
v 0.48000 -0.01000 5.37000
v 0.46364 0.11423 5.37000
v 0.41569 0.23000 5.37000
v 0.33941 0.32941 5.37000
v 0.24000 0.40569 5.37000
v 0.12423 0.45364 5.37000
v 0.00000 0.47000 5.37000
v -0.12423 0.45364 5.37000
v -0.24000 0.40569 5.37000
v -0.33941 0.32941 5.37000
v -0.41569 0.23000 5.37000
v -0.46364 0.11423 5.37000
v -0.48000 -0.01000 5.37000
v -0.46364 -0.13423 5.37000
v -0.41569 -0.25000 5.37000
v -0.33941 -0.34941 5.37000
v -0.24000 -0.42569 5.37000
v -0.12423 -0.47364 5.37000
v -0.00000 -0.49000 5.37000
v 0.12423 -0.47364 5.37000
v 0.24000 -0.42569 5.37000
v 0.33941 -0.34941 5.37000
v 0.41569 -0.25000 5.37000
v 0.46364 -0.13423 5.37000
v 0.47000 -0.01000 5.34000
v 0.47000 0.09000 5.34000
v 0.47000 -0.11000 5.34000
v 0.47000 -0.01000 5.72000
v 0.33234 0.32234 5.34000
v 0.26163 0.39305 5.34000
v 0.40305 0.25163 5.34000
v 0.33234 0.32234 5.72000
v 0.00000 0.46000 5.34000
v -0.10000 0.46000 5.34000
v 0.10000 0.46000 5.34000
v 0.00000 0.46000 5.72000
v -0.33234 0.32234 5.34000
v -0.40305 0.25163 5.34000
v -0.26163 0.39305 5.34000
v -0.33234 0.32234 5.72000
v -0.47000 -0.01000 5.34000
v -0.47000 -0.11000 5.34000
v -0.47000 0.09000 5.34000
v -0.47000 -0.01000 5.72000
v -0.33234 -0.34234 5.34000
v -0.26163 -0.41305 5.34000
v -0.40305 -0.27163 5.34000
v -0.33234 -0.34234 5.72000
v -0.00000 -0.48000 5.34000
v 0.10000 -0.48000 5.34000
v -0.10000 -0.48000 5.34000
v -0.00000 -0.48000 5.72000
v 0.33234 -0.34234 5.34000
v 0.40305 -0.27163 5.34000
v 0.26163 -0.41305 5.34000
v 0.33234 -0.34234 5.72000
v -0.86000 -0.70000 1.80500
v -0.70000 -0.70000 1.80500
v -0.70000 -0.54000 1.80500
v -0.86000 -0.54000 1.80500
v -0.86000 -0.70000 2.55500
v -0.70000 -0.70000 2.55500
v -0.70000 -0.54000 2.55500
v -0.86000 -0.54000 2.55500
v -1.15500 -0.68000 2.49000
v -0.40500 -0.68000 2.49000
v -0.40500 -0.56000 2.49000
v -1.15500 -0.56000 2.49000
v -1.15500 -0.68000 2.61000
v -0.40500 -0.68000 2.61000
v -0.40500 -0.56000 2.61000
v -1.15500 -0.56000 2.61000
v -0.90000 -0.62000 2.62000
v -0.66000 -0.62000 2.62000
v -0.66000 -0.62000 0.55000
v -0.78000 -0.62000 0.35000
v -0.90000 -0.50000 2.62000
v -0.66000 -0.50000 2.62000
v -0.66000 -0.50000 0.55000
v -0.78000 -0.50000 0.35000
v 0.52000 -0.02000 2.34000
v 0.50228 0.11459 2.34000
v 0.45033 0.24000 2.34000
v 0.36770 0.34770 2.34000
v 0.26000 0.43033 2.34000
v 0.13459 0.48228 2.34000
v 0.00000 0.50000 2.34000
v -0.13459 0.48228 2.34000
v -0.26000 0.43033 2.34000
v -0.36770 0.34770 2.34000
v -0.45033 0.24000 2.34000
v -0.50228 0.11459 2.34000
v -0.52000 -0.02000 2.34000
v -0.50228 -0.15459 2.34000
v -0.45033 -0.28000 2.34000
v -0.36770 -0.38770 2.34000
v -0.26000 -0.47033 2.34000
v -0.13459 -0.52228 2.34000
v -0.00000 -0.54000 2.34000
v 0.13459 -0.52228 2.34000
v 0.26000 -0.47033 2.34000
v 0.36770 -0.38770 2.34000
v 0.45033 -0.28000 2.34000
v 0.50228 -0.15459 2.34000
v 0.52000 -0.02000 2.50000
v 0.50228 0.11459 2.50000
v 0.45033 0.24000 2.50000
v 0.36770 0.34770 2.50000
v 0.26000 0.43033 2.50000
v 0.13459 0.48228 2.50000
v 0.00000 0.50000 2.50000
v -0.13459 0.48228 2.50000
v -0.26000 0.43033 2.50000
v -0.36770 0.34770 2.50000
v -0.45033 0.24000 2.50000
v -0.50228 0.11459 2.50000
v -0.52000 -0.02000 2.50000
v -0.50228 -0.15459 2.50000
v -0.45033 -0.28000 2.50000
v -0.36770 -0.38770 2.50000
v -0.26000 -0.47033 2.50000
v -0.13459 -0.52228 2.50000
v -0.00000 -0.54000 2.50000
v 0.13459 -0.52228 2.50000
v 0.26000 -0.47033 2.50000
v 0.36770 -0.38770 2.50000
v 0.45033 -0.28000 2.50000
v 0.50228 -0.15459 2.50000
v 0.00000 -0.57000 2.60000
v 0.00000 -0.57000 2.60000
v 0.00000 -0.57000 2.60000
v 0.00000 -0.57000 2.60000
v 0.00000 -0.57000 2.60000
v 0.00000 -0.57000 2.60000
v 0.00000 -0.57000 2.60000
v 0.00000 -0.57000 2.60000
v 0.00000 -0.57000 2.60000
v 0.00000 -0.57000 2.60000
v 0.00000 -0.57000 2.60000
v 0.00000 -0.57000 2.60000
v 0.00000 -0.57000 2.60000
v 0.00000 -0.57000 2.60000
v 0.00000 -0.57000 2.60000
v 0.00000 -0.57000 2.60000
v 0.00000 -0.57000 2.60000
v 0.00000 -0.57000 2.60000
v 0.00000 -0.57000 2.60000
v 0.00000 -0.57000 2.60000
v 0.05562 -0.57000 2.59119
v 0.05290 -0.56236 2.59119
v 0.04500 -0.55547 2.59119
v 0.03269 -0.55000 2.59119
v 0.01719 -0.54649 2.59119
v 0.00000 -0.54528 2.59119
v -0.01719 -0.54649 2.59119
v -0.03269 -0.55000 2.59119
v -0.04500 -0.55547 2.59119
v -0.05290 -0.56236 2.59119
v -0.05562 -0.57000 2.59119
v -0.05290 -0.57764 2.59119
v -0.04500 -0.58453 2.59119
v -0.03269 -0.59000 2.59119
v -0.01719 -0.59351 2.59119
v -0.00000 -0.59472 2.59119
v 0.01719 -0.59351 2.59119
v 0.03269 -0.59000 2.59119
v 0.04500 -0.58453 2.59119
v 0.05290 -0.57764 2.59119
v 0.10580 -0.57000 2.56562
v 0.10062 -0.55547 2.56562
v 0.08560 -0.54236 2.56562
v 0.06219 -0.53196 2.56562
v 0.03269 -0.52528 2.56562
v 0.00000 -0.52298 2.56562
v -0.03269 -0.52528 2.56562
v -0.06219 -0.53196 2.56562
v -0.08560 -0.54236 2.56562
v -0.10062 -0.55547 2.56562
v -0.10580 -0.57000 2.56562
v -0.10062 -0.58453 2.56562
v -0.08560 -0.59764 2.56562
v -0.06219 -0.60804 2.56562
v -0.03269 -0.61472 2.56562
v -0.00000 -0.61702 2.56562
v 0.03269 -0.61472 2.56562
v 0.06219 -0.60804 2.56562
v 0.08560 -0.59764 2.56562
v 0.10062 -0.58453 2.56562
v 0.14562 -0.57000 2.52580
v 0.13850 -0.55000 2.52580
v 0.11781 -0.53196 2.52580
v 0.08560 -0.51764 2.52580
v 0.04500 -0.50845 2.52580
v 0.00000 -0.50528 2.52580
v -0.04500 -0.50845 2.52580
v -0.08560 -0.51764 2.52580
v -0.11781 -0.53196 2.52580
v -0.13850 -0.55000 2.52580
v -0.14562 -0.57000 2.52580
v -0.13850 -0.59000 2.52580
v -0.11781 -0.60804 2.52580
v -0.08560 -0.62236 2.52580
v -0.04500 -0.63155 2.52580
v -0.00000 -0.63472 2.52580
v 0.04500 -0.63155 2.52580
v 0.08560 -0.62236 2.52580
v 0.11781 -0.60804 2.52580
v 0.13850 -0.59000 2.52580
v 0.17119 -0.57000 2.47562
v 0.16281 -0.54649 2.47562
v 0.13850 -0.52528 2.47562
v 0.10062 -0.50845 2.47562
v 0.05290 -0.49764 2.47562
v 0.00000 -0.49392 2.47562
v -0.05290 -0.49764 2.47562
v -0.10062 -0.50845 2.47562
v -0.13850 -0.52528 2.47562
v -0.16281 -0.54649 2.47562
v -0.17119 -0.57000 2.47562
v -0.16281 -0.59351 2.47562
v -0.13850 -0.61472 2.47562
v -0.10062 -0.63155 2.47562
v -0.05290 -0.64236 2.47562
v -0.00000 -0.64608 2.47562
v 0.05290 -0.64236 2.47562
v 0.10062 -0.63155 2.47562
v 0.13850 -0.61472 2.47562
v 0.16281 -0.59351 2.47562
v 0.18000 -0.57000 2.42000
v 0.17119 -0.54528 2.42000
v 0.14562 -0.52298 2.42000
v 0.10580 -0.50528 2.42000
v 0.05562 -0.49392 2.42000
v 0.00000 -0.49000 2.42000
v -0.05562 -0.49392 2.42000
v -0.10580 -0.50528 2.42000
v -0.14562 -0.52298 2.42000
v -0.17119 -0.54528 2.42000
v -0.18000 -0.57000 2.42000
v -0.17119 -0.59472 2.42000
v -0.14562 -0.61702 2.42000
v -0.10580 -0.63472 2.42000
v -0.05562 -0.64608 2.42000
v -0.00000 -0.65000 2.42000
v 0.05562 -0.64608 2.42000
v 0.10580 -0.63472 2.42000
v 0.14562 -0.61702 2.42000
v 0.17119 -0.59472 2.42000
v 0.17119 -0.57000 2.36438
v 0.16281 -0.54649 2.36438
v 0.13850 -0.52528 2.36438
v 0.10062 -0.50845 2.36438
v 0.05290 -0.49764 2.36438
v 0.00000 -0.49392 2.36438
v -0.05290 -0.49764 2.36438
v -0.10062 -0.50845 2.36438
v -0.13850 -0.52528 2.36438
v -0.16281 -0.54649 2.36438
v -0.17119 -0.57000 2.36438
v -0.16281 -0.59351 2.36438
v -0.13850 -0.61472 2.36438
v -0.10062 -0.63155 2.36438
v -0.05290 -0.64236 2.36438
v -0.00000 -0.64608 2.36438
v 0.05290 -0.64236 2.36438
v 0.10062 -0.63155 2.36438
v 0.13850 -0.61472 2.36438
v 0.16281 -0.59351 2.36438
v 0.14562 -0.57000 2.31420
v 0.13850 -0.55000 2.31420
v 0.11781 -0.53196 2.31420
v 0.08560 -0.51764 2.31420
v 0.04500 -0.50845 2.31420
v 0.00000 -0.50528 2.31420
v -0.04500 -0.50845 2.31420
v -0.08560 -0.51764 2.31420
v -0.11781 -0.53196 2.31420
v -0.13850 -0.55000 2.31420
v -0.14562 -0.57000 2.31420
v -0.13850 -0.59000 2.31420
v -0.11781 -0.60804 2.31420
v -0.08560 -0.62236 2.31420
v -0.04500 -0.63155 2.31420
v -0.00000 -0.63472 2.31420
v 0.04500 -0.63155 2.31420
v 0.08560 -0.62236 2.31420
v 0.11781 -0.60804 2.31420
v 0.13850 -0.59000 2.31420
v 0.10580 -0.57000 2.27438
v 0.10062 -0.55547 2.27438
v 0.08560 -0.54236 2.27438
v 0.06219 -0.53196 2.27438
v 0.03269 -0.52528 2.27438
v 0.00000 -0.52298 2.27438
v -0.03269 -0.52528 2.27438
v -0.06219 -0.53196 2.27438
v -0.08560 -0.54236 2.27438
v -0.10062 -0.55547 2.27438
v -0.10580 -0.57000 2.27438
v -0.10062 -0.58453 2.27438
v -0.08560 -0.59764 2.27438
v -0.06219 -0.60804 2.27438
v -0.03269 -0.61472 2.27438
v -0.00000 -0.61702 2.27438
v 0.03269 -0.61472 2.27438
v 0.06219 -0.60804 2.27438
v 0.08560 -0.59764 2.27438
v 0.10062 -0.58453 2.27438
v 0.05562 -0.57000 2.24881
v 0.05290 -0.56236 2.24881
v 0.04500 -0.55547 2.24881
v 0.03269 -0.55000 2.24881
v 0.01719 -0.54649 2.24881
v 0.00000 -0.54528 2.24881
v -0.01719 -0.54649 2.24881
v -0.03269 -0.55000 2.24881
v -0.04500 -0.55547 2.24881
v -0.05290 -0.56236 2.24881
v -0.05562 -0.57000 2.24881
v -0.05290 -0.57764 2.24881
v -0.04500 -0.58453 2.24881
v -0.03269 -0.59000 2.24881
v -0.01719 -0.59351 2.24881
v -0.00000 -0.59472 2.24881
v 0.01719 -0.59351 2.24881
v 0.03269 -0.59000 2.24881
v 0.04500 -0.58453 2.24881
v 0.05290 -0.57764 2.24881
v 0.00000 -0.57000 2.24000
v 0.00000 -0.57000 2.24000
v 0.00000 -0.57000 2.24000
v 0.00000 -0.57000 2.24000
v 0.00000 -0.57000 2.24000
v 0.00000 -0.57000 2.24000
v -0.00000 -0.57000 2.24000
v -0.00000 -0.57000 2.24000
v -0.00000 -0.57000 2.24000
v -0.00000 -0.57000 2.24000
v -0.00000 -0.57000 2.24000
v -0.00000 -0.57000 2.24000
v -0.00000 -0.57000 2.24000
v -0.00000 -0.57000 2.24000
v -0.00000 -0.57000 2.24000
v -0.00000 -0.57000 2.24000
v 0.00000 -0.57000 2.24000
v 0.00000 -0.57000 2.24000
v 0.00000 -0.57000 2.24000
v 0.00000 -0.57000 2.24000
v -1.05000 0.38000 4.05000
v 1.05000 0.38000 4.05000
v 1.30000 0.42000 2.90000
v 1.20000 0.45000 1.15000
v 0.70000 0.48000 0.35000
v 0.00000 0.50000 0.25000
v -0.70000 0.48000 0.35000
v -1.20000 0.45000 1.15000
v -1.30000 0.42000 2.90000
g left_boot
usemtl Gold
f 0 1 21 20
f 1 2 22 21
f 2 3 23 22
f 3 4 24 23
f 4 5 25 24
f 5 6 26 25
f 6 7 27 26
f 7 8 28 27
f 8 9 29 28
f 9 10 30 29
f 10 11 31 30
f 11 12 32 31
f 12 13 33 32
f 13 14 34 33
f 14 15 35 34
f 15 16 36 35
f 16 17 37 36
f 17 18 38 37
f 18 19 39 38
f 19 0 20 39
f 19 18 17 16 15 14 13 12 11 10 9 8 7 6 5 4 3 2 1 0
f 20 21 22 23 24 25 26 27 28 29 30 31 32 33 34 35 36 37 38 39
g right_boot
usemtl Gold
f 40 41 61 60
f 41 42 62 61
f 42 43 63 62
f 43 44 64 63
f 44 45 65 64
f 45 46 66 65
f 46 47 67 66
f 47 48 68 67
f 48 49 69 68
f 49 50 70 69
f 50 51 71 70
f 51 52 72 71
f 52 53 73 72
f 53 54 74 73
f 54 55 75 74
f 55 56 76 75
f 56 57 77 76
f 57 58 78 77
f 58 59 79 78
f 59 40 60 79
f 59 58 57 56 55 54 53 52 51 50 49 48 47 46 45 44 43 42 41 40
f 60 61 62 63 64 65 66 67 68 69 70 71 72 73 74 75 76 77 78 79
g left_leg
usemtl Chainmail
f 80 81 99 98
f 81 82 100 99
f 82 83 101 100
f 83 84 102 101
f 84 85 103 102
f 85 86 104 103
f 86 87 105 104
f 87 88 106 105
f 88 89 107 106
f 89 90 108 107
f 90 91 109 108
f 91 92 110 109
f 92 93 111 110
f 93 94 112 111
f 94 95 113 112
f 95 96 114 113
f 96 97 115 114
f 97 80 98 115
f 97 96 95 94 93 92 91 90 89 88 87 86 85 84 83 82 81 80
f 98 99 100 101 102 103 104 105 106 107 108 109 110 111 112 113 114 115
g right_leg
usemtl Chainmail
f 116 117 135 134
f 117 118 136 135
f 118 119 137 136
f 119 120 138 137
f 120 121 139 138
f 121 122 140 139
f 122 123 141 140
f 123 124 142 141
f 124 125 143 142
f 125 126 144 143
f 126 127 145 144
f 127 128 146 145
f 128 129 147 146
f 129 130 148 147
f 130 131 149 148
f 131 132 150 149
f 132 133 151 150
f 133 116 134 151
f 133 132 131 130 129 128 127 126 125 124 123 122 121 120 119 118 117 116
f 134 135 136 137 138 139 140 141 142 143 144 145 146 147 148 149 150 151
g torso
usemtl Gold
f 153 181 180
f 154 182 181
f 155 183 182
f 156 184 183
f 157 185 184
f 158 186 185
f 159 187 186
f 160 188 187
f 161 189 188
f 162 190 189
f 163 191 190
f 164 192 191
f 165 193 192
f 166 194 193
f 167 195 194
f 168 196 195
f 169 197 196
f 170 198 197
f 171 199 198
f 172 200 199
f 173 201 200
f 174 202 201
f 175 203 202
f 176 204 203
f 177 205 204
f 178 206 205
f 179 207 206
f 152 180 207
f 180 181 208
f 181 209 208
f 181 182 209
f 182 210 209
f 182 183 210
f 183 211 210
f 183 184 211
f 184 212 211
f 184 185 212
f 185 213 212
f 185 186 213
f 186 214 213
f 186 187 214
f 187 215 214
f 187 188 215
f 188 216 215
f 188 189 216
f 189 217 216
f 189 190 217
f 190 218 217
f 190 191 218
f 191 219 218
f 191 192 219
f 192 220 219
f 192 193 220
f 193 221 220
f 193 194 221
f 194 222 221
f 194 195 222
f 195 223 222
f 195 196 223
f 196 224 223
f 196 197 224
f 197 225 224
f 197 198 225
f 198 226 225
f 198 199 226
f 199 227 226
f 199 200 227
f 200 228 227
f 200 201 228
f 201 229 228
f 201 202 229
f 202 230 229
f 202 203 230
f 203 231 230
f 203 204 231
f 204 232 231
f 204 205 232
f 205 233 232
f 205 206 233
f 206 234 233
f 206 207 234
f 207 235 234
f 207 180 235
f 180 208 235
f 208 209 236
f 209 237 236
f 209 210 237
f 210 238 237
f 210 211 238
f 211 239 238
f 211 212 239
f 212 240 239
f 212 213 240
f 213 241 240
f 213 214 241
f 214 242 241
f 214 215 242
f 215 243 242
f 215 216 243
f 216 244 243
f 216 217 244
f 217 245 244
f 217 218 245
f 218 246 245
f 218 219 246
f 219 247 246
f 219 220 247
f 220 248 247
f 220 221 248
f 221 249 248
f 221 222 249
f 222 250 249
f 222 223 250
f 223 251 250
f 223 224 251
f 224 252 251
f 224 225 252
f 225 253 252
f 225 226 253
f 226 254 253
f 226 227 254
f 227 255 254
f 227 228 255
f 228 256 255
f 228 229 256
f 229 257 256
f 229 230 257
f 230 258 257
f 230 231 258
f 231 259 258
f 231 232 259
f 232 260 259
f 232 233 260
f 233 261 260
f 233 234 261
f 234 262 261
f 234 235 262
f 235 263 262
f 235 208 263
f 208 236 263
f 236 237 264
f 237 265 264
f 237 238 265
f 238 266 265
f 238 239 266
f 239 267 266
f 239 240 267
f 240 268 267
f 240 241 268
f 241 269 268
f 241 242 269
f 242 270 269
f 242 243 270
f 243 271 270
f 243 244 271
f 244 272 271
f 244 245 272
f 245 273 272
f 245 246 273
f 246 274 273
f 246 247 274
f 247 275 274
f 247 248 275
f 248 276 275
f 248 249 276
f 249 277 276
f 249 250 277
f 250 278 277
f 250 251 278
f 251 279 278
f 251 252 279
f 252 280 279
f 252 253 280
f 253 281 280
f 253 254 281
f 254 282 281
f 254 255 282
f 255 283 282
f 255 256 283
f 256 284 283
f 256 257 284
f 257 285 284
f 257 258 285
f 258 286 285
f 258 259 286
f 259 287 286
f 259 260 287
f 260 288 287
f 260 261 288
f 261 289 288
f 261 262 289
f 262 290 289
f 262 263 290
f 263 291 290
f 263 236 291
f 236 264 291
f 264 265 292
f 265 293 292
f 265 266 293
f 266 294 293
f 266 267 294
f 267 295 294
f 267 268 295
f 268 296 295
f 268 269 296
f 269 297 296
f 269 270 297
f 270 298 297
f 270 271 298
f 271 299 298
f 271 272 299
f 272 300 299
f 272 273 300
f 273 301 300
f 273 274 301
f 274 302 301
f 274 275 302
f 275 303 302
f 275 276 303
f 276 304 303
f 276 277 304
f 277 305 304
f 277 278 305
f 278 306 305
f 278 279 306
f 279 307 306
f 279 280 307
f 280 308 307
f 280 281 308
f 281 309 308
f 281 282 309
f 282 310 309
f 282 283 310
f 283 311 310
f 283 284 311
f 284 312 311
f 284 285 312
f 285 313 312
f 285 286 313
f 286 314 313
f 286 287 314
f 287 315 314
f 287 288 315
f 288 316 315
f 288 289 316
f 289 317 316
f 289 290 317
f 290 318 317
f 290 291 318
f 291 319 318
f 291 264 319
f 264 292 319
f 292 293 320
f 293 321 320
f 293 294 321
f 294 322 321
f 294 295 322
f 295 323 322
f 295 296 323
f 296 324 323
f 296 297 324
f 297 325 324
f 297 298 325
f 298 326 325
f 298 299 326
f 299 327 326
f 299 300 327
f 300 328 327
f 300 301 328
f 301 329 328
f 301 302 329
f 302 330 329
f 302 303 330
f 303 331 330
f 303 304 331
f 304 332 331
f 304 305 332
f 305 333 332
f 305 306 333
f 306 334 333
f 306 307 334
f 307 335 334
f 307 308 335
f 308 336 335
f 308 309 336
f 309 337 336
f 309 310 337
f 310 338 337
f 310 311 338
f 311 339 338
f 311 312 339
f 312 340 339
f 312 313 340
f 313 341 340
f 313 314 341
f 314 342 341
f 314 315 342
f 315 343 342
f 315 316 343
f 316 344 343
f 316 317 344
f 317 345 344
f 317 318 345
f 318 346 345
f 318 319 346
f 319 347 346
f 319 292 347
f 292 320 347
f 320 321 348
f 321 349 348
f 321 322 349
f 322 350 349
f 322 323 350
f 323 351 350
f 323 324 351
f 324 352 351
f 324 325 352
f 325 353 352
f 325 326 353
f 326 354 353
f 326 327 354
f 327 355 354
f 327 328 355
f 328 356 355
f 328 329 356
f 329 357 356
f 329 330 357
f 330 358 357
f 330 331 358
f 331 359 358
f 331 332 359
f 332 360 359
f 332 333 360
f 333 361 360
f 333 334 361
f 334 362 361
f 334 335 362
f 335 363 362
f 335 336 363
f 336 364 363
f 336 337 364
f 337 365 364
f 337 338 365
f 338 366 365
f 338 339 366
f 339 367 366
f 339 340 367
f 340 368 367
f 340 341 368
f 341 369 368
f 341 342 369
f 342 370 369
f 342 343 370
f 343 371 370
f 343 344 371
f 344 372 371
f 344 345 372
f 345 373 372
f 345 346 373
f 346 374 373
f 346 347 374
f 347 375 374
f 347 320 375
f 320 348 375
f 348 349 376
f 349 377 376
f 349 350 377
f 350 378 377
f 350 351 378
f 351 379 378
f 351 352 379
f 352 380 379
f 352 353 380
f 353 381 380
f 353 354 381
f 354 382 381
f 354 355 382
f 355 383 382
f 355 356 383
f 356 384 383
f 356 357 384
f 357 385 384
f 357 358 385
f 358 386 385
f 358 359 386
f 359 387 386
f 359 360 387
f 360 388 387
f 360 361 388
f 361 389 388
f 361 362 389
f 362 390 389
f 362 363 390
f 363 391 390
f 363 364 391
f 364 392 391
f 364 365 392
f 365 393 392
f 365 366 393
f 366 394 393
f 366 367 394
f 367 395 394
f 367 368 395
f 368 396 395
f 368 369 396
f 369 397 396
f 369 370 397
f 370 398 397
f 370 371 398
f 371 399 398
f 371 372 399
f 372 400 399
f 372 373 400
f 373 401 400
f 373 374 401
f 374 402 401
f 374 375 402
f 375 403 402
f 375 348 403
f 348 376 403
f 376 377 404
f 377 405 404
f 377 378 405
f 378 406 405
f 378 379 406
f 379 407 406
f 379 380 407
f 380 408 407
f 380 381 408
f 381 409 408
f 381 382 409
f 382 410 409
f 382 383 410
f 383 411 410
f 383 384 411
f 384 412 411
f 384 385 412
f 385 413 412
f 385 386 413
f 386 414 413
f 386 387 414
f 387 415 414
f 387 388 415
f 388 416 415
f 388 389 416
f 389 417 416
f 389 390 417
f 390 418 417
f 390 391 418
f 391 419 418
f 391 392 419
f 392 420 419
f 392 393 420
f 393 421 420
f 393 394 421
f 394 422 421
f 394 395 422
f 395 423 422
f 395 396 423
f 396 424 423
f 396 397 424
f 397 425 424
f 397 398 425
f 398 426 425
f 398 399 426
f 399 427 426
f 399 400 427
f 400 428 427
f 400 401 428
f 401 429 428
f 401 402 429
f 402 430 429
f 402 403 430
f 403 431 430
f 403 376 431
f 376 404 431
f 404 405 432
f 405 433 432
f 405 406 433
f 406 434 433
f 406 407 434
f 407 435 434
f 407 408 435
f 408 436 435
f 408 409 436
f 409 437 436
f 409 410 437
f 410 438 437
f 410 411 438
f 411 439 438
f 411 412 439
f 412 440 439
f 412 413 440
f 413 441 440
f 413 414 441
f 414 442 441
f 414 415 442
f 415 443 442
f 415 416 443
f 416 444 443
f 416 417 444
f 417 445 444
f 417 418 445
f 418 446 445
f 418 419 446
f 419 447 446
f 419 420 447
f 420 448 447
f 420 421 448
f 421 449 448
f 421 422 449
f 422 450 449
f 422 423 450
f 423 451 450
f 423 424 451
f 424 452 451
f 424 425 452
f 425 453 452
f 425 426 453
f 426 454 453
f 426 427 454
f 427 455 454
f 427 428 455
f 428 456 455
f 428 429 456
f 429 457 456
f 429 430 457
f 430 458 457
f 430 431 458
f 431 459 458
f 431 404 459
f 404 432 459
f 432 433 460
f 433 461 460
f 433 434 461
f 434 462 461
f 434 435 462
f 435 463 462
f 435 436 463
f 436 464 463
f 436 437 464
f 437 465 464
f 437 438 465
f 438 466 465
f 438 439 466
f 439 467 466
f 439 440 467
f 440 468 467
f 440 441 468
f 441 469 468
f 441 442 469
f 442 470 469
f 442 443 470
f 443 471 470
f 443 444 471
f 444 472 471
f 444 445 472
f 445 473 472
f 445 446 473
f 446 474 473
f 446 447 474
f 447 475 474
f 447 448 475
f 448 476 475
f 448 449 476
f 449 477 476
f 449 450 477
f 450 478 477
f 450 451 478
f 451 479 478
f 451 452 479
f 452 480 479
f 452 453 480
f 453 481 480
f 453 454 481
f 454 482 481
f 454 455 482
f 455 483 482
f 455 456 483
f 456 484 483
f 456 457 484
f 457 485 484
f 457 458 485
f 458 486 485
f 458 459 486
f 459 487 486
f 459 432 487
f 432 460 487
f 460 461 488
f 461 489 488
f 461 462 489
f 462 490 489
f 462 463 490
f 463 491 490
f 463 464 491
f 464 492 491
f 464 465 492
f 465 493 492
f 465 466 493
f 466 494 493
f 466 467 494
f 467 495 494
f 467 468 495
f 468 496 495
f 468 469 496
f 469 497 496
f 469 470 497
f 470 498 497
f 470 471 498
f 471 499 498
f 471 472 499
f 472 500 499
f 472 473 500
f 473 501 500
f 473 474 501
f 474 502 501
f 474 475 502
f 475 503 502
f 475 476 503
f 476 504 503
f 476 477 504
f 477 505 504
f 477 478 505
f 478 506 505
f 478 479 506
f 479 507 506
f 479 480 507
f 480 508 507
f 480 481 508
f 481 509 508
f 481 482 509
f 482 510 509
f 482 483 510
f 483 511 510
f 483 484 511
f 484 512 511
f 484 485 512
f 485 513 512
f 485 486 513
f 486 514 513
f 486 487 514
f 487 515 514
f 487 460 515
f 460 488 515
f 488 489 516
f 489 517 516
f 489 490 517
f 490 518 517
f 490 491 518
f 491 519 518
f 491 492 519
f 492 520 519
f 492 493 520
f 493 521 520
f 493 494 521
f 494 522 521
f 494 495 522
f 495 523 522
f 495 496 523
f 496 524 523
f 496 497 524
f 497 525 524
f 497 498 525
f 498 526 525
f 498 499 526
f 499 527 526
f 499 500 527
f 500 528 527
f 500 501 528
f 501 529 528
f 501 502 529
f 502 530 529
f 502 503 530
f 503 531 530
f 503 504 531
f 504 532 531
f 504 505 532
f 505 533 532
f 505 506 533
f 506 534 533
f 506 507 534
f 507 535 534
f 507 508 535
f 508 536 535
f 508 509 536
f 509 537 536
f 509 510 537
f 510 538 537
f 510 511 538
f 511 539 538
f 511 512 539
f 512 540 539
f 512 513 540
f 513 541 540
f 513 514 541
f 514 542 541
f 514 515 542
f 515 543 542
f 515 488 543
f 488 516 543
f 516 517 544
f 517 545 544
f 517 518 545
f 518 546 545
f 518 519 546
f 519 547 546
f 519 520 547
f 520 548 547
f 520 521 548
f 521 549 548
f 521 522 549
f 522 550 549
f 522 523 550
f 523 551 550
f 523 524 551
f 524 552 551
f 524 525 552
f 525 553 552
f 525 526 553
f 526 554 553
f 526 527 554
f 527 555 554
f 527 528 555
f 528 556 555
f 528 529 556
f 529 557 556
f 529 530 557
f 530 558 557
f 530 531 558
f 531 559 558
f 531 532 559
f 532 560 559
f 532 533 560
f 533 561 560
f 533 534 561
f 534 562 561
f 534 535 562
f 535 563 562
f 535 536 563
f 536 564 563
f 536 537 564
f 537 565 564
f 537 538 565
f 538 566 565
f 538 539 566
f 539 567 566
f 539 540 567
f 540 568 567
f 540 541 568
f 541 569 568
f 541 542 569
f 542 570 569
f 542 543 570
f 543 571 570
f 543 516 571
f 516 544 571
f 544 545 572
f 545 573 572
f 545 546 573
f 546 574 573
f 546 547 574
f 547 575 574
f 547 548 575
f 548 576 575
f 548 549 576
f 549 577 576
f 549 550 577
f 550 578 577
f 550 551 578
f 551 579 578
f 551 552 579
f 552 580 579
f 552 553 580
f 553 581 580
f 553 554 581
f 554 582 581
f 554 555 582
f 555 583 582
f 555 556 583
f 556 584 583
f 556 557 584
f 557 585 584
f 557 558 585
f 558 586 585
f 558 559 586
f 559 587 586
f 559 560 587
f 560 588 587
f 560 561 588
f 561 589 588
f 561 562 589
f 562 590 589
f 562 563 590
f 563 591 590
f 563 564 591
f 564 592 591
f 564 565 592
f 565 593 592
f 565 566 593
f 566 594 593
f 566 567 594
f 567 595 594
f 567 568 595
f 568 596 595
f 568 569 596
f 569 597 596
f 569 570 597
f 570 598 597
f 570 571 598
f 571 599 598
f 571 544 599
f 544 572 599
f 572 573 600
f 573 574 601
f 574 575 602
f 575 576 603
f 576 577 604
f 577 578 605
f 578 579 606
f 579 580 607
f 580 581 608
f 581 582 609
f 582 583 610
f 583 584 611
f 584 585 612
f 585 586 613
f 586 587 614
f 587 588 615
f 588 589 616
f 589 590 617
f 590 591 618
f 591 592 619
f 592 593 620
f 593 594 621
f 594 595 622
f 595 596 623
f 596 597 624
f 597 598 625
f 598 599 626
f 599 572 627
g chainmail_torso
usemtl Chainmail
f 628 629 630 631
f 632 635 634 633
f 628 632 633 629
f 629 633 634 630
f 630 634 635 631
f 632 628 631 635
g chestplate
usemtl Gold
f 637 665 664
f 638 666 665
f 639 667 666
f 640 668 667
f 641 669 668
f 642 670 669
f 643 671 670
f 644 672 671
f 645 673 672
f 646 674 673
f 647 675 674
f 648 676 675
f 649 677 676
f 650 678 677
f 651 679 678
f 652 680 679
f 653 681 680
f 654 682 681
f 655 683 682
f 656 684 683
f 657 685 684
f 658 686 685
f 659 687 686
f 660 688 687
f 661 689 688
f 662 690 689
f 663 691 690
f 636 664 691
f 664 665 692
f 665 693 692
f 665 666 693
f 666 694 693
f 666 667 694
f 667 695 694
f 667 668 695
f 668 696 695
f 668 669 696
f 669 697 696
f 669 670 697
f 670 698 697
f 670 671 698
f 671 699 698
f 671 672 699
f 672 700 699
f 672 673 700
f 673 701 700
f 673 674 701
f 674 702 701
f 674 675 702
f 675 703 702
f 675 676 703
f 676 704 703
f 676 677 704
f 677 705 704
f 677 678 705
f 678 706 705
f 678 679 706
f 679 707 706
f 679 680 707
f 680 708 707
f 680 681 708
f 681 709 708
f 681 682 709
f 682 710 709
f 682 683 710
f 683 711 710
f 683 684 711
f 684 712 711
f 684 685 712
f 685 713 712
f 685 686 713
f 686 714 713
f 686 687 714
f 687 715 714
f 687 688 715
f 688 716 715
f 688 689 716
f 689 717 716
f 689 690 717
f 690 718 717
f 690 691 718
f 691 719 718
f 691 664 719
f 664 692 719
f 692 693 720
f 693 721 720
f 693 694 721
f 694 722 721
f 694 695 722
f 695 723 722
f 695 696 723
f 696 724 723
f 696 697 724
f 697 725 724
f 697 698 725
f 698 726 725
f 698 699 726
f 699 727 726
f 699 700 727
f 700 728 727
f 700 701 728
f 701 729 728
f 701 702 729
f 702 730 729
f 702 703 730
f 703 731 730
f 703 704 731
f 704 732 731
f 704 705 732
f 705 733 732
f 705 706 733
f 706 734 733
f 706 707 734
f 707 735 734
f 707 708 735
f 708 736 735
f 708 709 736
f 709 737 736
f 709 710 737
f 710 738 737
f 710 711 738
f 711 739 738
f 711 712 739
f 712 740 739
f 712 713 740
f 713 741 740
f 713 714 741
f 714 742 741
f 714 715 742
f 715 743 742
f 715 716 743
f 716 744 743
f 716 717 744
f 717 745 744
f 717 718 745
f 718 746 745
f 718 719 746
f 719 747 746
f 719 692 747
f 692 720 747
f 720 721 748
f 721 749 748
f 721 722 749
f 722 750 749
f 722 723 750
f 723 751 750
f 723 724 751
f 724 752 751
f 724 725 752
f 725 753 752
f 725 726 753
f 726 754 753
f 726 727 754
f 727 755 754
f 727 728 755
f 728 756 755
f 728 729 756
f 729 757 756
f 729 730 757
f 730 758 757
f 730 731 758
f 731 759 758
f 731 732 759
f 732 760 759
f 732 733 760
f 733 761 760
f 733 734 761
f 734 762 761
f 734 735 762
f 735 763 762
f 735 736 763
f 736 764 763
f 736 737 764
f 737 765 764
f 737 738 765
f 738 766 765
f 738 739 766
f 739 767 766
f 739 740 767
f 740 768 767
f 740 741 768
f 741 769 768
f 741 742 769
f 742 770 769
f 742 743 770
f 743 771 770
f 743 744 771
f 744 772 771
f 744 745 772
f 745 773 772
f 745 746 773
f 746 774 773
f 746 747 774
f 747 775 774
f 747 720 775
f 720 748 775
f 748 749 776
f 749 777 776
f 749 750 777
f 750 778 777
f 750 751 778
f 751 779 778
f 751 752 779
f 752 780 779
f 752 753 780
f 753 781 780
f 753 754 781
f 754 782 781
f 754 755 782
f 755 783 782
f 755 756 783
f 756 784 783
f 756 757 784
f 757 785 784
f 757 758 785
f 758 786 785
f 758 759 786
f 759 787 786
f 759 760 787
f 760 788 787
f 760 761 788
f 761 789 788
f 761 762 789
f 762 790 789
f 762 763 790
f 763 791 790
f 763 764 791
f 764 792 791
f 764 765 792
f 765 793 792
f 765 766 793
f 766 794 793
f 766 767 794
f 767 795 794
f 767 768 795
f 768 796 795
f 768 769 796
f 769 797 796
f 769 770 797
f 770 798 797
f 770 771 798
f 771 799 798
f 771 772 799
f 772 800 799
f 772 773 800
f 773 801 800
f 773 774 801
f 774 802 801
f 774 775 802
f 775 803 802
f 775 748 803
f 748 776 803
f 776 777 804
f 777 805 804
f 777 778 805
f 778 806 805
f 778 779 806
f 779 807 806
f 779 780 807
f 780 808 807
f 780 781 808
f 781 809 808
f 781 782 809
f 782 810 809
f 782 783 810
f 783 811 810
f 783 784 811
f 784 812 811
f 784 785 812
f 785 813 812
f 785 786 813
f 786 814 813
f 786 787 814
f 787 815 814
f 787 788 815
f 788 816 815
f 788 789 816
f 789 817 816
f 789 790 817
f 790 818 817
f 790 791 818
f 791 819 818
f 791 792 819
f 792 820 819
f 792 793 820
f 793 821 820
f 793 794 821
f 794 822 821
f 794 795 822
f 795 823 822
f 795 796 823
f 796 824 823
f 796 797 824
f 797 825 824
f 797 798 825
f 798 826 825
f 798 799 826
f 799 827 826
f 799 800 827
f 800 828 827
f 800 801 828
f 801 829 828
f 801 802 829
f 802 830 829
f 802 803 830
f 803 831 830
f 803 776 831
f 776 804 831
f 804 805 832
f 805 833 832
f 805 806 833
f 806 834 833
f 806 807 834
f 807 835 834
f 807 808 835
f 808 836 835
f 808 809 836
f 809 837 836
f 809 810 837
f 810 838 837
f 810 811 838
f 811 839 838
f 811 812 839
f 812 840 839
f 812 813 840
f 813 841 840
f 813 814 841
f 814 842 841
f 814 815 842
f 815 843 842
f 815 816 843
f 816 844 843
f 816 817 844
f 817 845 844
f 817 818 845
f 818 846 845
f 818 819 846
f 819 847 846
f 819 820 847
f 820 848 847
f 820 821 848
f 821 849 848
f 821 822 849
f 822 850 849
f 822 823 850
f 823 851 850
f 823 824 851
f 824 852 851
f 824 825 852
f 825 853 852
f 825 826 853
f 826 854 853
f 826 827 854
f 827 855 854
f 827 828 855
f 828 856 855
f 828 829 856
f 829 857 856
f 829 830 857
f 830 858 857
f 830 831 858
f 831 859 858
f 831 804 859
f 804 832 859
f 832 833 860
f 833 861 860
f 833 834 861
f 834 862 861
f 834 835 862
f 835 863 862
f 835 836 863
f 836 864 863
f 836 837 864
f 837 865 864
f 837 838 865
f 838 866 865
f 838 839 866
f 839 867 866
f 839 840 867
f 840 868 867
f 840 841 868
f 841 869 868
f 841 842 869
f 842 870 869
f 842 843 870
f 843 871 870
f 843 844 871
f 844 872 871
f 844 845 872
f 845 873 872
f 845 846 873
f 846 874 873
f 846 847 874
f 847 875 874
f 847 848 875
f 848 876 875
f 848 849 876
f 849 877 876
f 849 850 877
f 850 878 877
f 850 851 878
f 851 879 878
f 851 852 879
f 852 880 879
f 852 853 880
f 853 881 880
f 853 854 881
f 854 882 881
f 854 855 882
f 855 883 882
f 855 856 883
f 856 884 883
f 856 857 884
f 857 885 884
f 857 858 885
f 858 886 885
f 858 859 886
f 859 887 886
f 859 832 887
f 832 860 887
f 860 861 888
f 861 889 888
f 861 862 889
f 862 890 889
f 862 863 890
f 863 891 890
f 863 864 891
f 864 892 891
f 864 865 892
f 865 893 892
f 865 866 893
f 866 894 893
f 866 867 894
f 867 895 894
f 867 868 895
f 868 896 895
f 868 869 896
f 869 897 896
f 869 870 897
f 870 898 897
f 870 871 898
f 871 899 898
f 871 872 899
f 872 900 899
f 872 873 900
f 873 901 900
f 873 874 901
f 874 902 901
f 874 875 902
f 875 903 902
f 875 876 903
f 876 904 903
f 876 877 904
f 877 905 904
f 877 878 905
f 878 906 905
f 878 879 906
f 879 907 906
f 879 880 907
f 880 908 907
f 880 881 908
f 881 909 908
f 881 882 909
f 882 910 909
f 882 883 910
f 883 911 910
f 883 884 911
f 884 912 911
f 884 885 912
f 885 913 912
f 885 886 913
f 886 914 913
f 886 887 914
f 887 915 914
f 887 860 915
f 860 888 915
f 888 889 916
f 889 917 916
f 889 890 917
f 890 918 917
f 890 891 918
f 891 919 918
f 891 892 919
f 892 920 919
f 892 893 920
f 893 921 920
f 893 894 921
f 894 922 921
f 894 895 922
f 895 923 922
f 895 896 923
f 896 924 923
f 896 897 924
f 897 925 924
f 897 898 925
f 898 926 925
f 898 899 926
f 899 927 926
f 899 900 927
f 900 928 927
f 900 901 928
f 901 929 928
f 901 902 929
f 902 930 929
f 902 903 930
f 903 931 930
f 903 904 931
f 904 932 931
f 904 905 932
f 905 933 932
f 905 906 933
f 906 934 933
f 906 907 934
f 907 935 934
f 907 908 935
f 908 936 935
f 908 909 936
f 909 937 936
f 909 910 937
f 910 938 937
f 910 911 938
f 911 939 938
f 911 912 939
f 912 940 939
f 912 913 940
f 913 941 940
f 913 914 941
f 914 942 941
f 914 915 942
f 915 943 942
f 915 888 943
f 888 916 943
f 916 917 944
f 917 945 944
f 917 918 945
f 918 946 945
f 918 919 946
f 919 947 946
f 919 920 947
f 920 948 947
f 920 921 948
f 921 949 948
f 921 922 949
f 922 950 949
f 922 923 950
f 923 951 950
f 923 924 951
f 924 952 951
f 924 925 952
f 925 953 952
f 925 926 953
f 926 954 953
f 926 927 954
f 927 955 954
f 927 928 955
f 928 956 955
f 928 929 956
f 929 957 956
f 929 930 957
f 930 958 957
f 930 931 958
f 931 959 958
f 931 932 959
f 932 960 959
f 932 933 960
f 933 961 960
f 933 934 961
f 934 962 961
f 934 935 962
f 935 963 962
f 935 936 963
f 936 964 963
f 936 937 964
f 937 965 964
f 937 938 965
f 938 966 965
f 938 939 966
f 939 967 966
f 939 940 967
f 940 968 967
f 940 941 968
f 941 969 968
f 941 942 969
f 942 970 969
f 942 943 970
f 943 971 970
f 943 916 971
f 916 944 971
f 944 945 972
f 945 973 972
f 945 946 973
f 946 974 973
f 946 947 974
f 947 975 974
f 947 948 975
f 948 976 975
f 948 949 976
f 949 977 976
f 949 950 977
f 950 978 977
f 950 951 978
f 951 979 978
f 951 952 979
f 952 980 979
f 952 953 980
f 953 981 980
f 953 954 981
f 954 982 981
f 954 955 982
f 955 983 982
f 955 956 983
f 956 984 983
f 956 957 984
f 957 985 984
f 957 958 985
f 958 986 985
f 958 959 986
f 959 987 986
f 959 960 987
f 960 988 987
f 960 961 988
f 961 989 988
f 961 962 989
f 962 990 989
f 962 963 990
f 963 991 990
f 963 964 991
f 964 992 991
f 964 965 992
f 965 993 992
f 965 966 993
f 966 994 993
f 966 967 994
f 967 995 994
f 967 968 995
f 968 996 995
f 968 969 996
f 969 997 996
f 969 970 997
f 970 998 997
f 970 971 998
f 971 999 998
f 971 944 999
f 944 972 999
f 972 973 1000
f 973 1001 1000
f 973 974 1001
f 974 1002 1001
f 974 975 1002
f 975 1003 1002
f 975 976 1003
f 976 1004 1003
f 976 977 1004
f 977 1005 1004
f 977 978 1005
f 978 1006 1005
f 978 979 1006
f 979 1007 1006
f 979 980 1007
f 980 1008 1007
f 980 981 1008
f 981 1009 1008
f 981 982 1009
f 982 1010 1009
f 982 983 1010
f 983 1011 1010
f 983 984 1011
f 984 1012 1011
f 984 985 1012
f 985 1013 1012
f 985 986 1013
f 986 1014 1013
f 986 987 1014
f 987 1015 1014
f 987 988 1015
f 988 1016 1015
f 988 989 1016
f 989 1017 1016
f 989 990 1017
f 990 1018 1017
f 990 991 1018
f 991 1019 1018
f 991 992 1019
f 992 1020 1019
f 992 993 1020
f 993 1021 1020
f 993 994 1021
f 994 1022 1021
f 994 995 1022
f 995 1023 1022
f 995 996 1023
f 996 1024 1023
f 996 997 1024
f 997 1025 1024
f 997 998 1025
f 998 1026 1025
f 998 999 1026
f 999 1027 1026
f 999 972 1027
f 972 1000 1027
f 1000 1001 1028
f 1001 1002 1029
f 1002 1003 1030
f 1003 1004 1031
f 1004 1005 1032
f 1005 1006 1033
f 1006 1007 1034
f 1007 1008 1035
f 1008 1009 1036
f 1009 1010 1037
f 1010 1011 1038
f 1011 1012 1039
f 1012 1013 1040
f 1013 1014 1041
f 1014 1015 1042
f 1015 1016 1043
f 1016 1017 1044
f 1017 1018 1045
f 1018 1019 1046
f 1019 1020 1047
f 1020 1021 1048
f 1021 1022 1049
f 1022 1023 1050
f 1023 1024 1051
f 1024 1025 1052
f 1025 1026 1053
f 1026 1027 1054
f 1027 1000 1055
g left_pauldron
usemtl Gold
f 1057 1077 1076
f 1058 1078 1077
f 1059 1079 1078
f 1060 1080 1079
f 1061 1081 1080
f 1062 1082 1081
f 1063 1083 1082
f 1064 1084 1083
f 1065 1085 1084
f 1066 1086 1085
f 1067 1087 1086
f 1068 1088 1087
f 1069 1089 1088
f 1070 1090 1089
f 1071 1091 1090
f 1072 1092 1091
f 1073 1093 1092
f 1074 1094 1093
f 1075 1095 1094
f 1056 1076 1095
f 1076 1077 1096
f 1077 1097 1096
f 1077 1078 1097
f 1078 1098 1097
f 1078 1079 1098
f 1079 1099 1098
f 1079 1080 1099
f 1080 1100 1099
f 1080 1081 1100
f 1081 1101 1100
f 1081 1082 1101
f 1082 1102 1101
f 1082 1083 1102
f 1083 1103 1102
f 1083 1084 1103
f 1084 1104 1103
f 1084 1085 1104
f 1085 1105 1104
f 1085 1086 1105
f 1086 1106 1105
f 1086 1087 1106
f 1087 1107 1106
f 1087 1088 1107
f 1088 1108 1107
f 1088 1089 1108
f 1089 1109 1108
f 1089 1090 1109
f 1090 1110 1109
f 1090 1091 1110
f 1091 1111 1110
f 1091 1092 1111
f 1092 1112 1111
f 1092 1093 1112
f 1093 1113 1112
f 1093 1094 1113
f 1094 1114 1113
f 1094 1095 1114
f 1095 1115 1114
f 1095 1076 1115
f 1076 1096 1115
f 1096 1097 1116
f 1097 1117 1116
f 1097 1098 1117
f 1098 1118 1117
f 1098 1099 1118
f 1099 1119 1118
f 1099 1100 1119
f 1100 1120 1119
f 1100 1101 1120
f 1101 1121 1120
f 1101 1102 1121
f 1102 1122 1121
f 1102 1103 1122
f 1103 1123 1122
f 1103 1104 1123
f 1104 1124 1123
f 1104 1105 1124
f 1105 1125 1124
f 1105 1106 1125
f 1106 1126 1125
f 1106 1107 1126
f 1107 1127 1126
f 1107 1108 1127
f 1108 1128 1127
f 1108 1109 1128
f 1109 1129 1128
f 1109 1110 1129
f 1110 1130 1129
f 1110 1111 1130
f 1111 1131 1130
f 1111 1112 1131
f 1112 1132 1131
f 1112 1113 1132
f 1113 1133 1132
f 1113 1114 1133
f 1114 1134 1133
f 1114 1115 1134
f 1115 1135 1134
f 1115 1096 1135
f 1096 1116 1135
f 1116 1117 1136
f 1117 1137 1136
f 1117 1118 1137
f 1118 1138 1137
f 1118 1119 1138
f 1119 1139 1138
f 1119 1120 1139
f 1120 1140 1139
f 1120 1121 1140
f 1121 1141 1140
f 1121 1122 1141
f 1122 1142 1141
f 1122 1123 1142
f 1123 1143 1142
f 1123 1124 1143
f 1124 1144 1143
f 1124 1125 1144
f 1125 1145 1144
f 1125 1126 1145
f 1126 1146 1145
f 1126 1127 1146
f 1127 1147 1146
f 1127 1128 1147
f 1128 1148 1147
f 1128 1129 1148
f 1129 1149 1148
f 1129 1130 1149
f 1130 1150 1149
f 1130 1131 1150
f 1131 1151 1150
f 1131 1132 1151
f 1132 1152 1151
f 1132 1133 1152
f 1133 1153 1152
f 1133 1134 1153
f 1134 1154 1153
f 1134 1135 1154
f 1135 1155 1154
f 1135 1116 1155
f 1116 1136 1155
f 1136 1137 1156
f 1137 1157 1156
f 1137 1138 1157
f 1138 1158 1157
f 1138 1139 1158
f 1139 1159 1158
f 1139 1140 1159
f 1140 1160 1159
f 1140 1141 1160
f 1141 1161 1160
f 1141 1142 1161
f 1142 1162 1161
f 1142 1143 1162
f 1143 1163 1162
f 1143 1144 1163
f 1144 1164 1163
f 1144 1145 1164
f 1145 1165 1164
f 1145 1146 1165
f 1146 1166 1165
f 1146 1147 1166
f 1147 1167 1166
f 1147 1148 1167
f 1148 1168 1167
f 1148 1149 1168
f 1149 1169 1168
f 1149 1150 1169
f 1150 1170 1169
f 1150 1151 1170
f 1151 1171 1170
f 1151 1152 1171
f 1152 1172 1171
f 1152 1153 1172
f 1153 1173 1172
f 1153 1154 1173
f 1154 1174 1173
f 1154 1155 1174
f 1155 1175 1174
f 1155 1136 1175
f 1136 1156 1175
f 1156 1157 1176
f 1157 1177 1176
f 1157 1158 1177
f 1158 1178 1177
f 1158 1159 1178
f 1159 1179 1178
f 1159 1160 1179
f 1160 1180 1179
f 1160 1161 1180
f 1161 1181 1180
f 1161 1162 1181
f 1162 1182 1181
f 1162 1163 1182
f 1163 1183 1182
f 1163 1164 1183
f 1164 1184 1183
f 1164 1165 1184
f 1165 1185 1184
f 1165 1166 1185
f 1166 1186 1185
f 1166 1167 1186
f 1167 1187 1186
f 1167 1168 1187
f 1168 1188 1187
f 1168 1169 1188
f 1169 1189 1188
f 1169 1170 1189
f 1170 1190 1189
f 1170 1171 1190
f 1171 1191 1190
f 1171 1172 1191
f 1172 1192 1191
f 1172 1173 1192
f 1173 1193 1192
f 1173 1174 1193
f 1174 1194 1193
f 1174 1175 1194
f 1175 1195 1194
f 1175 1156 1195
f 1156 1176 1195
f 1176 1177 1196
f 1177 1197 1196
f 1177 1178 1197
f 1178 1198 1197
f 1178 1179 1198
f 1179 1199 1198
f 1179 1180 1199
f 1180 1200 1199
f 1180 1181 1200
f 1181 1201 1200
f 1181 1182 1201
f 1182 1202 1201
f 1182 1183 1202
f 1183 1203 1202
f 1183 1184 1203
f 1184 1204 1203
f 1184 1185 1204
f 1185 1205 1204
f 1185 1186 1205
f 1186 1206 1205
f 1186 1187 1206
f 1187 1207 1206
f 1187 1188 1207
f 1188 1208 1207
f 1188 1189 1208
f 1189 1209 1208
f 1189 1190 1209
f 1190 1210 1209
f 1190 1191 1210
f 1191 1211 1210
f 1191 1192 1211
f 1192 1212 1211
f 1192 1193 1212
f 1193 1213 1212
f 1193 1194 1213
f 1194 1214 1213
f 1194 1195 1214
f 1195 1215 1214
f 1195 1176 1215
f 1176 1196 1215
f 1196 1197 1216
f 1197 1217 1216
f 1197 1198 1217
f 1198 1218 1217
f 1198 1199 1218
f 1199 1219 1218
f 1199 1200 1219
f 1200 1220 1219
f 1200 1201 1220
f 1201 1221 1220
f 1201 1202 1221
f 1202 1222 1221
f 1202 1203 1222
f 1203 1223 1222
f 1203 1204 1223
f 1204 1224 1223
f 1204 1205 1224
f 1205 1225 1224
f 1205 1206 1225
f 1206 1226 1225
f 1206 1207 1226
f 1207 1227 1226
f 1207 1208 1227
f 1208 1228 1227
f 1208 1209 1228
f 1209 1229 1228
f 1209 1210 1229
f 1210 1230 1229
f 1210 1211 1230
f 1211 1231 1230
f 1211 1212 1231
f 1212 1232 1231
f 1212 1213 1232
f 1213 1233 1232
f 1213 1214 1233
f 1214 1234 1233
f 1214 1215 1234
f 1215 1235 1234
f 1215 1196 1235
f 1196 1216 1235
f 1216 1217 1236
f 1217 1237 1236
f 1217 1218 1237
f 1218 1238 1237
f 1218 1219 1238
f 1219 1239 1238
f 1219 1220 1239
f 1220 1240 1239
f 1220 1221 1240
f 1221 1241 1240
f 1221 1222 1241
f 1222 1242 1241
f 1222 1223 1242
f 1223 1243 1242
f 1223 1224 1243
f 1224 1244 1243
f 1224 1225 1244
f 1225 1245 1244
f 1225 1226 1245
f 1226 1246 1245
f 1226 1227 1246
f 1227 1247 1246
f 1227 1228 1247
f 1228 1248 1247
f 1228 1229 1248
f 1229 1249 1248
f 1229 1230 1249
f 1230 1250 1249
f 1230 1231 1250
f 1231 1251 1250
f 1231 1232 1251
f 1232 1252 1251
f 1232 1233 1252
f 1233 1253 1252
f 1233 1234 1253
f 1234 1254 1253
f 1234 1235 1254
f 1235 1255 1254
f 1235 1216 1255
f 1216 1236 1255
f 1236 1237 1256
f 1237 1238 1257
f 1238 1239 1258
f 1239 1240 1259
f 1240 1241 1260
f 1241 1242 1261
f 1242 1243 1262
f 1243 1244 1263
f 1244 1245 1264
f 1245 1246 1265
f 1246 1247 1266
f 1247 1248 1267
f 1248 1249 1268
f 1249 1250 1269
f 1250 1251 1270
f 1251 1252 1271
f 1252 1253 1272
f 1253 1254 1273
f 1254 1255 1274
f 1255 1236 1275
g right_pauldron
usemtl Gold
f 1277 1297 1296
f 1278 1298 1297
f 1279 1299 1298
f 1280 1300 1299
f 1281 1301 1300
f 1282 1302 1301
f 1283 1303 1302
f 1284 1304 1303
f 1285 1305 1304
f 1286 1306 1305
f 1287 1307 1306
f 1288 1308 1307
f 1289 1309 1308
f 1290 1310 1309
f 1291 1311 1310
f 1292 1312 1311
f 1293 1313 1312
f 1294 1314 1313
f 1295 1315 1314
f 1276 1296 1315
f 1296 1297 1316
f 1297 1317 1316
f 1297 1298 1317
f 1298 1318 1317
f 1298 1299 1318
f 1299 1319 1318
f 1299 1300 1319
f 1300 1320 1319
f 1300 1301 1320
f 1301 1321 1320
f 1301 1302 1321
f 1302 1322 1321
f 1302 1303 1322
f 1303 1323 1322
f 1303 1304 1323
f 1304 1324 1323
f 1304 1305 1324
f 1305 1325 1324
f 1305 1306 1325
f 1306 1326 1325
f 1306 1307 1326
f 1307 1327 1326
f 1307 1308 1327
f 1308 1328 1327
f 1308 1309 1328
f 1309 1329 1328
f 1309 1310 1329
f 1310 1330 1329
f 1310 1311 1330
f 1311 1331 1330
f 1311 1312 1331
f 1312 1332 1331
f 1312 1313 1332
f 1313 1333 1332
f 1313 1314 1333
f 1314 1334 1333
f 1314 1315 1334
f 1315 1335 1334
f 1315 1296 1335
f 1296 1316 1335
f 1316 1317 1336
f 1317 1337 1336
f 1317 1318 1337
f 1318 1338 1337
f 1318 1319 1338
f 1319 1339 1338
f 1319 1320 1339
f 1320 1340 1339
f 1320 1321 1340
f 1321 1341 1340
f 1321 1322 1341
f 1322 1342 1341
f 1322 1323 1342
f 1323 1343 1342
f 1323 1324 1343
f 1324 1344 1343
f 1324 1325 1344
f 1325 1345 1344
f 1325 1326 1345
f 1326 1346 1345
f 1326 1327 1346
f 1327 1347 1346
f 1327 1328 1347
f 1328 1348 1347
f 1328 1329 1348
f 1329 1349 1348
f 1329 1330 1349
f 1330 1350 1349
f 1330 1331 1350
f 1331 1351 1350
f 1331 1332 1351
f 1332 1352 1351
f 1332 1333 1352
f 1333 1353 1352
f 1333 1334 1353
f 1334 1354 1353
f 1334 1335 1354
f 1335 1355 1354
f 1335 1316 1355
f 1316 1336 1355
f 1336 1337 1356
f 1337 1357 1356
f 1337 1338 1357
f 1338 1358 1357
f 1338 1339 1358
f 1339 1359 1358
f 1339 1340 1359
f 1340 1360 1359
f 1340 1341 1360
f 1341 1361 1360
f 1341 1342 1361
f 1342 1362 1361
f 1342 1343 1362
f 1343 1363 1362
f 1343 1344 1363
f 1344 1364 1363
f 1344 1345 1364
f 1345 1365 1364
f 1345 1346 1365
f 1346 1366 1365
f 1346 1347 1366
f 1347 1367 1366
f 1347 1348 1367
f 1348 1368 1367
f 1348 1349 1368
f 1349 1369 1368
f 1349 1350 1369
f 1350 1370 1369
f 1350 1351 1370
f 1351 1371 1370
f 1351 1352 1371
f 1352 1372 1371
f 1352 1353 1372
f 1353 1373 1372
f 1353 1354 1373
f 1354 1374 1373
f 1354 1355 1374
f 1355 1375 1374
f 1355 1336 1375
f 1336 1356 1375
f 1356 1357 1376
f 1357 1377 1376
f 1357 1358 1377
f 1358 1378 1377
f 1358 1359 1378
f 1359 1379 1378
f 1359 1360 1379
f 1360 1380 1379
f 1360 1361 1380
f 1361 1381 1380
f 1361 1362 1381
f 1362 1382 1381
f 1362 1363 1382
f 1363 1383 1382
f 1363 1364 1383
f 1364 1384 1383
f 1364 1365 1384
f 1365 1385 1384
f 1365 1366 1385
f 1366 1386 1385
f 1366 1367 1386
f 1367 1387 1386
f 1367 1368 1387
f 1368 1388 1387
f 1368 1369 1388
f 1369 1389 1388
f 1369 1370 1389
f 1370 1390 1389
f 1370 1371 1390
f 1371 1391 1390
f 1371 1372 1391
f 1372 1392 1391
f 1372 1373 1392
f 1373 1393 1392
f 1373 1374 1393
f 1374 1394 1393
f 1374 1375 1394
f 1375 1395 1394
f 1375 1356 1395
f 1356 1376 1395
f 1376 1377 1396
f 1377 1397 1396
f 1377 1378 1397
f 1378 1398 1397
f 1378 1379 1398
f 1379 1399 1398
f 1379 1380 1399
f 1380 1400 1399
f 1380 1381 1400
f 1381 1401 1400
f 1381 1382 1401
f 1382 1402 1401
f 1382 1383 1402
f 1383 1403 1402
f 1383 1384 1403
f 1384 1404 1403
f 1384 1385 1404
f 1385 1405 1404
f 1385 1386 1405
f 1386 1406 1405
f 1386 1387 1406
f 1387 1407 1406
f 1387 1388 1407
f 1388 1408 1407
f 1388 1389 1408
f 1389 1409 1408
f 1389 1390 1409
f 1390 1410 1409
f 1390 1391 1410
f 1391 1411 1410
f 1391 1392 1411
f 1392 1412 1411
f 1392 1393 1412
f 1393 1413 1412
f 1393 1394 1413
f 1394 1414 1413
f 1394 1395 1414
f 1395 1415 1414
f 1395 1376 1415
f 1376 1396 1415
f 1396 1397 1416
f 1397 1417 1416
f 1397 1398 1417
f 1398 1418 1417
f 1398 1399 1418
f 1399 1419 1418
f 1399 1400 1419
f 1400 1420 1419
f 1400 1401 1420
f 1401 1421 1420
f 1401 1402 1421
f 1402 1422 1421
f 1402 1403 1422
f 1403 1423 1422
f 1403 1404 1423
f 1404 1424 1423
f 1404 1405 1424
f 1405 1425 1424
f 1405 1406 1425
f 1406 1426 1425
f 1406 1407 1426
f 1407 1427 1426
f 1407 1408 1427
f 1408 1428 1427
f 1408 1409 1428
f 1409 1429 1428
f 1409 1410 1429
f 1410 1430 1429
f 1410 1411 1430
f 1411 1431 1430
f 1411 1412 1431
f 1412 1432 1431
f 1412 1413 1432
f 1413 1433 1432
f 1413 1414 1433
f 1414 1434 1433
f 1414 1415 1434
f 1415 1435 1434
f 1415 1396 1435
f 1396 1416 1435
f 1416 1417 1436
f 1417 1437 1436
f 1417 1418 1437
f 1418 1438 1437
f 1418 1419 1438
f 1419 1439 1438
f 1419 1420 1439
f 1420 1440 1439
f 1420 1421 1440
f 1421 1441 1440
f 1421 1422 1441
f 1422 1442 1441
f 1422 1423 1442
f 1423 1443 1442
f 1423 1424 1443
f 1424 1444 1443
f 1424 1425 1444
f 1425 1445 1444
f 1425 1426 1445
f 1426 1446 1445
f 1426 1427 1446
f 1427 1447 1446
f 1427 1428 1447
f 1428 1448 1447
f 1428 1429 1448
f 1429 1449 1448
f 1429 1430 1449
f 1430 1450 1449
f 1430 1431 1450
f 1431 1451 1450
f 1431 1432 1451
f 1432 1452 1451
f 1432 1433 1452
f 1433 1453 1452
f 1433 1434 1453
f 1434 1454 1453
f 1434 1435 1454
f 1435 1455 1454
f 1435 1416 1455
f 1416 1436 1455
f 1436 1437 1456
f 1437 1457 1456
f 1437 1438 1457
f 1438 1458 1457
f 1438 1439 1458
f 1439 1459 1458
f 1439 1440 1459
f 1440 1460 1459
f 1440 1441 1460
f 1441 1461 1460
f 1441 1442 1461
f 1442 1462 1461
f 1442 1443 1462
f 1443 1463 1462
f 1443 1444 1463
f 1444 1464 1463
f 1444 1445 1464
f 1445 1465 1464
f 1445 1446 1465
f 1446 1466 1465
f 1446 1447 1466
f 1447 1467 1466
f 1447 1448 1467
f 1448 1468 1467
f 1448 1449 1468
f 1449 1469 1468
f 1449 1450 1469
f 1450 1470 1469
f 1450 1451 1470
f 1451 1471 1470
f 1451 1452 1471
f 1452 1472 1471
f 1452 1453 1472
f 1453 1473 1472
f 1453 1454 1473
f 1454 1474 1473
f 1454 1455 1474
f 1455 1475 1474
f 1455 1436 1475
f 1436 1456 1475
f 1456 1457 1476
f 1457 1458 1477
f 1458 1459 1478
f 1459 1460 1479
f 1460 1461 1480
f 1461 1462 1481
f 1462 1463 1482
f 1463 1464 1483
f 1464 1465 1484
f 1465 1466 1485
f 1466 1467 1486
f 1467 1468 1487
f 1468 1469 1488
f 1469 1470 1489
f 1470 1471 1490
f 1471 1472 1491
f 1472 1473 1492
f 1473 1474 1493
f 1474 1475 1494
f 1475 1456 1495
g left_upper_arm
usemtl Chainmail
f 1496 1497 1515 1514
f 1497 1498 1516 1515
f 1498 1499 1517 1516
f 1499 1500 1518 1517
f 1500 1501 1519 1518
f 1501 1502 1520 1519
f 1502 1503 1521 1520
f 1503 1504 1522 1521
f 1504 1505 1523 1522
f 1505 1506 1524 1523
f 1506 1507 1525 1524
f 1507 1508 1526 1525
f 1508 1509 1527 1526
f 1509 1510 1528 1527
f 1510 1511 1529 1528
f 1511 1512 1530 1529
f 1512 1513 1531 1530
f 1513 1496 1514 1531
f 1513 1512 1511 1510 1509 1508 1507 1506 1505 1504 1503 1502 1501 1500 1499 1498 1497 1496
f 1514 1515 1516 1517 1518 1519 1520 1521 1522 1523 1524 1525 1526 1527 1528 1529 1530 1531
g right_upper_arm
usemtl Chainmail
f 1532 1533 1551 1550
f 1533 1534 1552 1551
f 1534 1535 1553 1552
f 1535 1536 1554 1553
f 1536 1537 1555 1554
f 1537 1538 1556 1555
f 1538 1539 1557 1556
f 1539 1540 1558 1557
f 1540 1541 1559 1558
f 1541 1542 1560 1559
f 1542 1543 1561 1560
f 1543 1544 1562 1561
f 1544 1545 1563 1562
f 1545 1546 1564 1563
f 1546 1547 1565 1564
f 1547 1548 1566 1565
f 1548 1549 1567 1566
f 1549 1532 1550 1567
f 1549 1548 1547 1546 1545 1544 1543 1542 1541 1540 1539 1538 1537 1536 1535 1534 1533 1532
f 1550 1551 1552 1553 1554 1555 1556 1557 1558 1559 1560 1561 1562 1563 1564 1565 1566 1567
g left_forearm
usemtl Gold
f 1568 1569 1587 1586
f 1569 1570 1588 1587
f 1570 1571 1589 1588
f 1571 1572 1590 1589
f 1572 1573 1591 1590
f 1573 1574 1592 1591
f 1574 1575 1593 1592
f 1575 1576 1594 1593
f 1576 1577 1595 1594
f 1577 1578 1596 1595
f 1578 1579 1597 1596
f 1579 1580 1598 1597
f 1580 1581 1599 1598
f 1581 1582 1600 1599
f 1582 1583 1601 1600
f 1583 1584 1602 1601
f 1584 1585 1603 1602
f 1585 1568 1586 1603
f 1585 1584 1583 1582 1581 1580 1579 1578 1577 1576 1575 1574 1573 1572 1571 1570 1569 1568
f 1586 1587 1588 1589 1590 1591 1592 1593 1594 1595 1596 1597 1598 1599 1600 1601 1602 1603
g right_forearm
usemtl Gold
f 1604 1605 1623 1622
f 1605 1606 1624 1623
f 1606 1607 1625 1624
f 1607 1608 1626 1625
f 1608 1609 1627 1626
f 1609 1610 1628 1627
f 1610 1611 1629 1628
f 1611 1612 1630 1629
f 1612 1613 1631 1630
f 1613 1614 1632 1631
f 1614 1615 1633 1632
f 1615 1616 1634 1633
f 1616 1617 1635 1634
f 1617 1618 1636 1635
f 1618 1619 1637 1636
f 1619 1620 1638 1637
f 1620 1621 1639 1638
f 1621 1604 1622 1639
f 1621 1620 1619 1618 1617 1616 1615 1614 1613 1612 1611 1610 1609 1608 1607 1606 1605 1604
f 1622 1623 1624 1625 1626 1627 1628 1629 1630 1631 1632 1633 1634 1635 1636 1637 1638 1639
g left_hand
usemtl Gold
f 1641 1657 1656
f 1642 1658 1657
f 1643 1659 1658
f 1644 1660 1659
f 1645 1661 1660
f 1646 1662 1661
f 1647 1663 1662
f 1648 1664 1663
f 1649 1665 1664
f 1650 1666 1665
f 1651 1667 1666
f 1652 1668 1667
f 1653 1669 1668
f 1654 1670 1669
f 1655 1671 1670
f 1640 1656 1671
f 1656 1657 1672
f 1657 1673 1672
f 1657 1658 1673
f 1658 1674 1673
f 1658 1659 1674
f 1659 1675 1674
f 1659 1660 1675
f 1660 1676 1675
f 1660 1661 1676
f 1661 1677 1676
f 1661 1662 1677
f 1662 1678 1677
f 1662 1663 1678
f 1663 1679 1678
f 1663 1664 1679
f 1664 1680 1679
f 1664 1665 1680
f 1665 1681 1680
f 1665 1666 1681
f 1666 1682 1681
f 1666 1667 1682
f 1667 1683 1682
f 1667 1668 1683
f 1668 1684 1683
f 1668 1669 1684
f 1669 1685 1684
f 1669 1670 1685
f 1670 1686 1685
f 1670 1671 1686
f 1671 1687 1686
f 1671 1656 1687
f 1656 1672 1687
f 1672 1673 1688
f 1673 1689 1688
f 1673 1674 1689
f 1674 1690 1689
f 1674 1675 1690
f 1675 1691 1690
f 1675 1676 1691
f 1676 1692 1691
f 1676 1677 1692
f 1677 1693 1692
f 1677 1678 1693
f 1678 1694 1693
f 1678 1679 1694
f 1679 1695 1694
f 1679 1680 1695
f 1680 1696 1695
f 1680 1681 1696
f 1681 1697 1696
f 1681 1682 1697
f 1682 1698 1697
f 1682 1683 1698
f 1683 1699 1698
f 1683 1684 1699
f 1684 1700 1699
f 1684 1685 1700
f 1685 1701 1700
f 1685 1686 1701
f 1686 1702 1701
f 1686 1687 1702
f 1687 1703 1702
f 1687 1672 1703
f 1672 1688 1703
f 1688 1689 1704
f 1689 1705 1704
f 1689 1690 1705
f 1690 1706 1705
f 1690 1691 1706
f 1691 1707 1706
f 1691 1692 1707
f 1692 1708 1707
f 1692 1693 1708
f 1693 1709 1708
f 1693 1694 1709
f 1694 1710 1709
f 1694 1695 1710
f 1695 1711 1710
f 1695 1696 1711
f 1696 1712 1711
f 1696 1697 1712
f 1697 1713 1712
f 1697 1698 1713
f 1698 1714 1713
f 1698 1699 1714
f 1699 1715 1714
f 1699 1700 1715
f 1700 1716 1715
f 1700 1701 1716
f 1701 1717 1716
f 1701 1702 1717
f 1702 1718 1717
f 1702 1703 1718
f 1703 1719 1718
f 1703 1688 1719
f 1688 1704 1719
f 1704 1705 1720
f 1705 1721 1720
f 1705 1706 1721
f 1706 1722 1721
f 1706 1707 1722
f 1707 1723 1722
f 1707 1708 1723
f 1708 1724 1723
f 1708 1709 1724
f 1709 1725 1724
f 1709 1710 1725
f 1710 1726 1725
f 1710 1711 1726
f 1711 1727 1726
f 1711 1712 1727
f 1712 1728 1727
f 1712 1713 1728
f 1713 1729 1728
f 1713 1714 1729
f 1714 1730 1729
f 1714 1715 1730
f 1715 1731 1730
f 1715 1716 1731
f 1716 1732 1731
f 1716 1717 1732
f 1717 1733 1732
f 1717 1718 1733
f 1718 1734 1733
f 1718 1719 1734
f 1719 1735 1734
f 1719 1704 1735
f 1704 1720 1735
f 1720 1721 1736
f 1721 1737 1736
f 1721 1722 1737
f 1722 1738 1737
f 1722 1723 1738
f 1723 1739 1738
f 1723 1724 1739
f 1724 1740 1739
f 1724 1725 1740
f 1725 1741 1740
f 1725 1726 1741
f 1726 1742 1741
f 1726 1727 1742
f 1727 1743 1742
f 1727 1728 1743
f 1728 1744 1743
f 1728 1729 1744
f 1729 1745 1744
f 1729 1730 1745
f 1730 1746 1745
f 1730 1731 1746
f 1731 1747 1746
f 1731 1732 1747
f 1732 1748 1747
f 1732 1733 1748
f 1733 1749 1748
f 1733 1734 1749
f 1734 1750 1749
f 1734 1735 1750
f 1735 1751 1750
f 1735 1720 1751
f 1720 1736 1751
f 1736 1737 1752
f 1737 1753 1752
f 1737 1738 1753
f 1738 1754 1753
f 1738 1739 1754
f 1739 1755 1754
f 1739 1740 1755
f 1740 1756 1755
f 1740 1741 1756
f 1741 1757 1756
f 1741 1742 1757
f 1742 1758 1757
f 1742 1743 1758
f 1743 1759 1758
f 1743 1744 1759
f 1744 1760 1759
f 1744 1745 1760
f 1745 1761 1760
f 1745 1746 1761
f 1746 1762 1761
f 1746 1747 1762
f 1747 1763 1762
f 1747 1748 1763
f 1748 1764 1763
f 1748 1749 1764
f 1749 1765 1764
f 1749 1750 1765
f 1750 1766 1765
f 1750 1751 1766
f 1751 1767 1766
f 1751 1736 1767
f 1736 1752 1767
f 1752 1753 1768
f 1753 1754 1769
f 1754 1755 1770
f 1755 1756 1771
f 1756 1757 1772
f 1757 1758 1773
f 1758 1759 1774
f 1759 1760 1775
f 1760 1761 1776
f 1761 1762 1777
f 1762 1763 1778
f 1763 1764 1779
f 1764 1765 1780
f 1765 1766 1781
f 1766 1767 1782
f 1767 1752 1783
g right_hand
usemtl Gold
f 1785 1801 1800
f 1786 1802 1801
f 1787 1803 1802
f 1788 1804 1803
f 1789 1805 1804
f 1790 1806 1805
f 1791 1807 1806
f 1792 1808 1807
f 1793 1809 1808
f 1794 1810 1809
f 1795 1811 1810
f 1796 1812 1811
f 1797 1813 1812
f 1798 1814 1813
f 1799 1815 1814
f 1784 1800 1815
f 1800 1801 1816
f 1801 1817 1816
f 1801 1802 1817
f 1802 1818 1817
f 1802 1803 1818
f 1803 1819 1818
f 1803 1804 1819
f 1804 1820 1819
f 1804 1805 1820
f 1805 1821 1820
f 1805 1806 1821
f 1806 1822 1821
f 1806 1807 1822
f 1807 1823 1822
f 1807 1808 1823
f 1808 1824 1823
f 1808 1809 1824
f 1809 1825 1824
f 1809 1810 1825
f 1810 1826 1825
f 1810 1811 1826
f 1811 1827 1826
f 1811 1812 1827
f 1812 1828 1827
f 1812 1813 1828
f 1813 1829 1828
f 1813 1814 1829
f 1814 1830 1829
f 1814 1815 1830
f 1815 1831 1830
f 1815 1800 1831
f 1800 1816 1831
f 1816 1817 1832
f 1817 1833 1832
f 1817 1818 1833
f 1818 1834 1833
f 1818 1819 1834
f 1819 1835 1834
f 1819 1820 1835
f 1820 1836 1835
f 1820 1821 1836
f 1821 1837 1836
f 1821 1822 1837
f 1822 1838 1837
f 1822 1823 1838
f 1823 1839 1838
f 1823 1824 1839
f 1824 1840 1839
f 1824 1825 1840
f 1825 1841 1840
f 1825 1826 1841
f 1826 1842 1841
f 1826 1827 1842
f 1827 1843 1842
f 1827 1828 1843
f 1828 1844 1843
f 1828 1829 1844
f 1829 1845 1844
f 1829 1830 1845
f 1830 1846 1845
f 1830 1831 1846
f 1831 1847 1846
f 1831 1816 1847
f 1816 1832 1847
f 1832 1833 1848
f 1833 1849 1848
f 1833 1834 1849
f 1834 1850 1849
f 1834 1835 1850
f 1835 1851 1850
f 1835 1836 1851
f 1836 1852 1851
f 1836 1837 1852
f 1837 1853 1852
f 1837 1838 1853
f 1838 1854 1853
f 1838 1839 1854
f 1839 1855 1854
f 1839 1840 1855
f 1840 1856 1855
f 1840 1841 1856
f 1841 1857 1856
f 1841 1842 1857
f 1842 1858 1857
f 1842 1843 1858
f 1843 1859 1858
f 1843 1844 1859
f 1844 1860 1859
f 1844 1845 1860
f 1845 1861 1860
f 1845 1846 1861
f 1846 1862 1861
f 1846 1847 1862
f 1847 1863 1862
f 1847 1832 1863
f 1832 1848 1863
f 1848 1849 1864
f 1849 1865 1864
f 1849 1850 1865
f 1850 1866 1865
f 1850 1851 1866
f 1851 1867 1866
f 1851 1852 1867
f 1852 1868 1867
f 1852 1853 1868
f 1853 1869 1868
f 1853 1854 1869
f 1854 1870 1869
f 1854 1855 1870
f 1855 1871 1870
f 1855 1856 1871
f 1856 1872 1871
f 1856 1857 1872
f 1857 1873 1872
f 1857 1858 1873
f 1858 1874 1873
f 1858 1859 1874
f 1859 1875 1874
f 1859 1860 1875
f 1860 1876 1875
f 1860 1861 1876
f 1861 1877 1876
f 1861 1862 1877
f 1862 1878 1877
f 1862 1863 1878
f 1863 1879 1878
f 1863 1848 1879
f 1848 1864 1879
f 1864 1865 1880
f 1865 1881 1880
f 1865 1866 1881
f 1866 1882 1881
f 1866 1867 1882
f 1867 1883 1882
f 1867 1868 1883
f 1868 1884 1883
f 1868 1869 1884
f 1869 1885 1884
f 1869 1870 1885
f 1870 1886 1885
f 1870 1871 1886
f 1871 1887 1886
f 1871 1872 1887
f 1872 1888 1887
f 1872 1873 1888
f 1873 1889 1888
f 1873 1874 1889
f 1874 1890 1889
f 1874 1875 1890
f 1875 1891 1890
f 1875 1876 1891
f 1876 1892 1891
f 1876 1877 1892
f 1877 1893 1892
f 1877 1878 1893
f 1878 1894 1893
f 1878 1879 1894
f 1879 1895 1894
f 1879 1864 1895
f 1864 1880 1895
f 1880 1881 1896
f 1881 1897 1896
f 1881 1882 1897
f 1882 1898 1897
f 1882 1883 1898
f 1883 1899 1898
f 1883 1884 1899
f 1884 1900 1899
f 1884 1885 1900
f 1885 1901 1900
f 1885 1886 1901
f 1886 1902 1901
f 1886 1887 1902
f 1887 1903 1902
f 1887 1888 1903
f 1888 1904 1903
f 1888 1889 1904
f 1889 1905 1904
f 1889 1890 1905
f 1890 1906 1905
f 1890 1891 1906
f 1891 1907 1906
f 1891 1892 1907
f 1892 1908 1907
f 1892 1893 1908
f 1893 1909 1908
f 1893 1894 1909
f 1894 1910 1909
f 1894 1895 1910
f 1895 1911 1910
f 1895 1880 1911
f 1880 1896 1911
f 1896 1897 1912
f 1897 1898 1913
f 1898 1899 1914
f 1899 1900 1915
f 1900 1901 1916
f 1901 1902 1917
f 1902 1903 1918
f 1903 1904 1919
f 1904 1905 1920
f 1905 1906 1921
f 1906 1907 1922
f 1907 1908 1923
f 1908 1909 1924
f 1909 1910 1925
f 1910 1911 1926
f 1911 1896 1927
g neck
usemtl Skin
f 1928 1929 1947 1946
f 1929 1930 1948 1947
f 1930 1931 1949 1948
f 1931 1932 1950 1949
f 1932 1933 1951 1950
f 1933 1934 1952 1951
f 1934 1935 1953 1952
f 1935 1936 1954 1953
f 1936 1937 1955 1954
f 1937 1938 1956 1955
f 1938 1939 1957 1956
f 1939 1940 1958 1957
f 1940 1941 1959 1958
f 1941 1942 1960 1959
f 1942 1943 1961 1960
f 1943 1944 1962 1961
f 1944 1945 1963 1962
f 1945 1928 1946 1963
f 1945 1944 1943 1942 1941 1940 1939 1938 1937 1936 1935 1934 1933 1932 1931 1930 1929 1928
f 1946 1947 1948 1949 1950 1951 1952 1953 1954 1955 1956 1957 1958 1959 1960 1961 1962 1963
g head
usemtl Skin
f 1965 1989 1988
f 1966 1990 1989
f 1967 1991 1990
f 1968 1992 1991
f 1969 1993 1992
f 1970 1994 1993
f 1971 1995 1994
f 1972 1996 1995
f 1973 1997 1996
f 1974 1998 1997
f 1975 1999 1998
f 1976 2000 1999
f 1977 2001 2000
f 1978 2002 2001
f 1979 2003 2002
f 1980 2004 2003
f 1981 2005 2004
f 1982 2006 2005
f 1983 2007 2006
f 1984 2008 2007
f 1985 2009 2008
f 1986 2010 2009
f 1987 2011 2010
f 1964 1988 2011
f 1988 1989 2012
f 1989 2013 2012
f 1989 1990 2013
f 1990 2014 2013
f 1990 1991 2014
f 1991 2015 2014
f 1991 1992 2015
f 1992 2016 2015
f 1992 1993 2016
f 1993 2017 2016
f 1993 1994 2017
f 1994 2018 2017
f 1994 1995 2018
f 1995 2019 2018
f 1995 1996 2019
f 1996 2020 2019
f 1996 1997 2020
f 1997 2021 2020
f 1997 1998 2021
f 1998 2022 2021
f 1998 1999 2022
f 1999 2023 2022
f 1999 2000 2023
f 2000 2024 2023
f 2000 2001 2024
f 2001 2025 2024
f 2001 2002 2025
f 2002 2026 2025
f 2002 2003 2026
f 2003 2027 2026
f 2003 2004 2027
f 2004 2028 2027
f 2004 2005 2028
f 2005 2029 2028
f 2005 2006 2029
f 2006 2030 2029
f 2006 2007 2030
f 2007 2031 2030
f 2007 2008 2031
f 2008 2032 2031
f 2008 2009 2032
f 2009 2033 2032
f 2009 2010 2033
f 2010 2034 2033
f 2010 2011 2034
f 2011 2035 2034
f 2011 1988 2035
f 1988 2012 2035
f 2012 2013 2036
f 2013 2037 2036
f 2013 2014 2037
f 2014 2038 2037
f 2014 2015 2038
f 2015 2039 2038
f 2015 2016 2039
f 2016 2040 2039
f 2016 2017 2040
f 2017 2041 2040
f 2017 2018 2041
f 2018 2042 2041
f 2018 2019 2042
f 2019 2043 2042
f 2019 2020 2043
f 2020 2044 2043
f 2020 2021 2044
f 2021 2045 2044
f 2021 2022 2045
f 2022 2046 2045
f 2022 2023 2046
f 2023 2047 2046
f 2023 2024 2047
f 2024 2048 2047
f 2024 2025 2048
f 2025 2049 2048
f 2025 2026 2049
f 2026 2050 2049
f 2026 2027 2050
f 2027 2051 2050
f 2027 2028 2051
f 2028 2052 2051
f 2028 2029 2052
f 2029 2053 2052
f 2029 2030 2053
f 2030 2054 2053
f 2030 2031 2054
f 2031 2055 2054
f 2031 2032 2055
f 2032 2056 2055
f 2032 2033 2056
f 2033 2057 2056
f 2033 2034 2057
f 2034 2058 2057
f 2034 2035 2058
f 2035 2059 2058
f 2035 2012 2059
f 2012 2036 2059
f 2036 2037 2060
f 2037 2061 2060
f 2037 2038 2061
f 2038 2062 2061
f 2038 2039 2062
f 2039 2063 2062
f 2039 2040 2063
f 2040 2064 2063
f 2040 2041 2064
f 2041 2065 2064
f 2041 2042 2065
f 2042 2066 2065
f 2042 2043 2066
f 2043 2067 2066
f 2043 2044 2067
f 2044 2068 2067
f 2044 2045 2068
f 2045 2069 2068
f 2045 2046 2069
f 2046 2070 2069
f 2046 2047 2070
f 2047 2071 2070
f 2047 2048 2071
f 2048 2072 2071
f 2048 2049 2072
f 2049 2073 2072
f 2049 2050 2073
f 2050 2074 2073
f 2050 2051 2074
f 2051 2075 2074
f 2051 2052 2075
f 2052 2076 2075
f 2052 2053 2076
f 2053 2077 2076
f 2053 2054 2077
f 2054 2078 2077
f 2054 2055 2078
f 2055 2079 2078
f 2055 2056 2079
f 2056 2080 2079
f 2056 2057 2080
f 2057 2081 2080
f 2057 2058 2081
f 2058 2082 2081
f 2058 2059 2082
f 2059 2083 2082
f 2059 2036 2083
f 2036 2060 2083
f 2060 2061 2084
f 2061 2085 2084
f 2061 2062 2085
f 2062 2086 2085
f 2062 2063 2086
f 2063 2087 2086
f 2063 2064 2087
f 2064 2088 2087
f 2064 2065 2088
f 2065 2089 2088
f 2065 2066 2089
f 2066 2090 2089
f 2066 2067 2090
f 2067 2091 2090
f 2067 2068 2091
f 2068 2092 2091
f 2068 2069 2092
f 2069 2093 2092
f 2069 2070 2093
f 2070 2094 2093
f 2070 2071 2094
f 2071 2095 2094
f 2071 2072 2095
f 2072 2096 2095
f 2072 2073 2096
f 2073 2097 2096
f 2073 2074 2097
f 2074 2098 2097
f 2074 2075 2098
f 2075 2099 2098
f 2075 2076 2099
f 2076 2100 2099
f 2076 2077 2100
f 2077 2101 2100
f 2077 2078 2101
f 2078 2102 2101
f 2078 2079 2102
f 2079 2103 2102
f 2079 2080 2103
f 2080 2104 2103
f 2080 2081 2104
f 2081 2105 2104
f 2081 2082 2105
f 2082 2106 2105
f 2082 2083 2106
f 2083 2107 2106
f 2083 2060 2107
f 2060 2084 2107
f 2084 2085 2108
f 2085 2109 2108
f 2085 2086 2109
f 2086 2110 2109
f 2086 2087 2110
f 2087 2111 2110
f 2087 2088 2111
f 2088 2112 2111
f 2088 2089 2112
f 2089 2113 2112
f 2089 2090 2113
f 2090 2114 2113
f 2090 2091 2114
f 2091 2115 2114
f 2091 2092 2115
f 2092 2116 2115
f 2092 2093 2116
f 2093 2117 2116
f 2093 2094 2117
f 2094 2118 2117
f 2094 2095 2118
f 2095 2119 2118
f 2095 2096 2119
f 2096 2120 2119
f 2096 2097 2120
f 2097 2121 2120
f 2097 2098 2121
f 2098 2122 2121
f 2098 2099 2122
f 2099 2123 2122
f 2099 2100 2123
f 2100 2124 2123
f 2100 2101 2124
f 2101 2125 2124
f 2101 2102 2125
f 2102 2126 2125
f 2102 2103 2126
f 2103 2127 2126
f 2103 2104 2127
f 2104 2128 2127
f 2104 2105 2128
f 2105 2129 2128
f 2105 2106 2129
f 2106 2130 2129
f 2106 2107 2130
f 2107 2131 2130
f 2107 2084 2131
f 2084 2108 2131
f 2108 2109 2132
f 2109 2133 2132
f 2109 2110 2133
f 2110 2134 2133
f 2110 2111 2134
f 2111 2135 2134
f 2111 2112 2135
f 2112 2136 2135
f 2112 2113 2136
f 2113 2137 2136
f 2113 2114 2137
f 2114 2138 2137
f 2114 2115 2138
f 2115 2139 2138
f 2115 2116 2139
f 2116 2140 2139
f 2116 2117 2140
f 2117 2141 2140
f 2117 2118 2141
f 2118 2142 2141
f 2118 2119 2142
f 2119 2143 2142
f 2119 2120 2143
f 2120 2144 2143
f 2120 2121 2144
f 2121 2145 2144
f 2121 2122 2145
f 2122 2146 2145
f 2122 2123 2146
f 2123 2147 2146
f 2123 2124 2147
f 2124 2148 2147
f 2124 2125 2148
f 2125 2149 2148
f 2125 2126 2149
f 2126 2150 2149
f 2126 2127 2150
f 2127 2151 2150
f 2127 2128 2151
f 2128 2152 2151
f 2128 2129 2152
f 2129 2153 2152
f 2129 2130 2153
f 2130 2154 2153
f 2130 2131 2154
f 2131 2155 2154
f 2131 2108 2155
f 2108 2132 2155
f 2132 2133 2156
f 2133 2157 2156
f 2133 2134 2157
f 2134 2158 2157
f 2134 2135 2158
f 2135 2159 2158
f 2135 2136 2159
f 2136 2160 2159
f 2136 2137 2160
f 2137 2161 2160
f 2137 2138 2161
f 2138 2162 2161
f 2138 2139 2162
f 2139 2163 2162
f 2139 2140 2163
f 2140 2164 2163
f 2140 2141 2164
f 2141 2165 2164
f 2141 2142 2165
f 2142 2166 2165
f 2142 2143 2166
f 2143 2167 2166
f 2143 2144 2167
f 2144 2168 2167
f 2144 2145 2168
f 2145 2169 2168
f 2145 2146 2169
f 2146 2170 2169
f 2146 2147 2170
f 2147 2171 2170
f 2147 2148 2171
f 2148 2172 2171
f 2148 2149 2172
f 2149 2173 2172
f 2149 2150 2173
f 2150 2174 2173
f 2150 2151 2174
f 2151 2175 2174
f 2151 2152 2175
f 2152 2176 2175
f 2152 2153 2176
f 2153 2177 2176
f 2153 2154 2177
f 2154 2178 2177
f 2154 2155 2178
f 2155 2179 2178
f 2155 2132 2179
f 2132 2156 2179
f 2156 2157 2180
f 2157 2181 2180
f 2157 2158 2181
f 2158 2182 2181
f 2158 2159 2182
f 2159 2183 2182
f 2159 2160 2183
f 2160 2184 2183
f 2160 2161 2184
f 2161 2185 2184
f 2161 2162 2185
f 2162 2186 2185
f 2162 2163 2186
f 2163 2187 2186
f 2163 2164 2187
f 2164 2188 2187
f 2164 2165 2188
f 2165 2189 2188
f 2165 2166 2189
f 2166 2190 2189
f 2166 2167 2190
f 2167 2191 2190
f 2167 2168 2191
f 2168 2192 2191
f 2168 2169 2192
f 2169 2193 2192
f 2169 2170 2193
f 2170 2194 2193
f 2170 2171 2194
f 2171 2195 2194
f 2171 2172 2195
f 2172 2196 2195
f 2172 2173 2196
f 2173 2197 2196
f 2173 2174 2197
f 2174 2198 2197
f 2174 2175 2198
f 2175 2199 2198
f 2175 2176 2199
f 2176 2200 2199
f 2176 2177 2200
f 2177 2201 2200
f 2177 2178 2201
f 2178 2202 2201
f 2178 2179 2202
f 2179 2203 2202
f 2179 2156 2203
f 2156 2180 2203
f 2180 2181 2204
f 2181 2205 2204
f 2181 2182 2205
f 2182 2206 2205
f 2182 2183 2206
f 2183 2207 2206
f 2183 2184 2207
f 2184 2208 2207
f 2184 2185 2208
f 2185 2209 2208
f 2185 2186 2209
f 2186 2210 2209
f 2186 2187 2210
f 2187 2211 2210
f 2187 2188 2211
f 2188 2212 2211
f 2188 2189 2212
f 2189 2213 2212
f 2189 2190 2213
f 2190 2214 2213
f 2190 2191 2214
f 2191 2215 2214
f 2191 2192 2215
f 2192 2216 2215
f 2192 2193 2216
f 2193 2217 2216
f 2193 2194 2217
f 2194 2218 2217
f 2194 2195 2218
f 2195 2219 2218
f 2195 2196 2219
f 2196 2220 2219
f 2196 2197 2220
f 2197 2221 2220
f 2197 2198 2221
f 2198 2222 2221
f 2198 2199 2222
f 2199 2223 2222
f 2199 2200 2223
f 2200 2224 2223
f 2200 2201 2224
f 2201 2225 2224
f 2201 2202 2225
f 2202 2226 2225
f 2202 2203 2226
f 2203 2227 2226
f 2203 2180 2227
f 2180 2204 2227
f 2204 2205 2228
f 2205 2229 2228
f 2205 2206 2229
f 2206 2230 2229
f 2206 2207 2230
f 2207 2231 2230
f 2207 2208 2231
f 2208 2232 2231
f 2208 2209 2232
f 2209 2233 2232
f 2209 2210 2233
f 2210 2234 2233
f 2210 2211 2234
f 2211 2235 2234
f 2211 2212 2235
f 2212 2236 2235
f 2212 2213 2236
f 2213 2237 2236
f 2213 2214 2237
f 2214 2238 2237
f 2214 2215 2238
f 2215 2239 2238
f 2215 2216 2239
f 2216 2240 2239
f 2216 2217 2240
f 2217 2241 2240
f 2217 2218 2241
f 2218 2242 2241
f 2218 2219 2242
f 2219 2243 2242
f 2219 2220 2243
f 2220 2244 2243
f 2220 2221 2244
f 2221 2245 2244
f 2221 2222 2245
f 2222 2246 2245
f 2222 2223 2246
f 2223 2247 2246
f 2223 2224 2247
f 2224 2248 2247
f 2224 2225 2248
f 2225 2249 2248
f 2225 2226 2249
f 2226 2250 2249
f 2226 2227 2250
f 2227 2251 2250
f 2227 2204 2251
f 2204 2228 2251
f 2228 2229 2252
f 2229 2253 2252
f 2229 2230 2253
f 2230 2254 2253
f 2230 2231 2254
f 2231 2255 2254
f 2231 2232 2255
f 2232 2256 2255
f 2232 2233 2256
f 2233 2257 2256
f 2233 2234 2257
f 2234 2258 2257
f 2234 2235 2258
f 2235 2259 2258
f 2235 2236 2259
f 2236 2260 2259
f 2236 2237 2260
f 2237 2261 2260
f 2237 2238 2261
f 2238 2262 2261
f 2238 2239 2262
f 2239 2263 2262
f 2239 2240 2263
f 2240 2264 2263
f 2240 2241 2264
f 2241 2265 2264
f 2241 2242 2265
f 2242 2266 2265
f 2242 2243 2266
f 2243 2267 2266
f 2243 2244 2267
f 2244 2268 2267
f 2244 2245 2268
f 2245 2269 2268
f 2245 2246 2269
f 2246 2270 2269
f 2246 2247 2270
f 2247 2271 2270
f 2247 2248 2271
f 2248 2272 2271
f 2248 2249 2272
f 2249 2273 2272
f 2249 2250 2273
f 2250 2274 2273
f 2250 2251 2274
f 2251 2275 2274
f 2251 2228 2275
f 2228 2252 2275
f 2252 2253 2276
f 2253 2277 2276
f 2253 2254 2277
f 2254 2278 2277
f 2254 2255 2278
f 2255 2279 2278
f 2255 2256 2279
f 2256 2280 2279
f 2256 2257 2280
f 2257 2281 2280
f 2257 2258 2281
f 2258 2282 2281
f 2258 2259 2282
f 2259 2283 2282
f 2259 2260 2283
f 2260 2284 2283
f 2260 2261 2284
f 2261 2285 2284
f 2261 2262 2285
f 2262 2286 2285
f 2262 2263 2286
f 2263 2287 2286
f 2263 2264 2287
f 2264 2288 2287
f 2264 2265 2288
f 2265 2289 2288
f 2265 2266 2289
f 2266 2290 2289
f 2266 2267 2290
f 2267 2291 2290
f 2267 2268 2291
f 2268 2292 2291
f 2268 2269 2292
f 2269 2293 2292
f 2269 2270 2293
f 2270 2294 2293
f 2270 2271 2294
f 2271 2295 2294
f 2271 2272 2295
f 2272 2296 2295
f 2272 2273 2296
f 2273 2297 2296
f 2273 2274 2297
f 2274 2298 2297
f 2274 2275 2298
f 2275 2299 2298
f 2275 2252 2299
f 2252 2276 2299
f 2276 2277 2300
f 2277 2301 2300
f 2277 2278 2301
f 2278 2302 2301
f 2278 2279 2302
f 2279 2303 2302
f 2279 2280 2303
f 2280 2304 2303
f 2280 2281 2304
f 2281 2305 2304
f 2281 2282 2305
f 2282 2306 2305
f 2282 2283 2306
f 2283 2307 2306
f 2283 2284 2307
f 2284 2308 2307
f 2284 2285 2308
f 2285 2309 2308
f 2285 2286 2309
f 2286 2310 2309
f 2286 2287 2310
f 2287 2311 2310
f 2287 2288 2311
f 2288 2312 2311
f 2288 2289 2312
f 2289 2313 2312
f 2289 2290 2313
f 2290 2314 2313
f 2290 2291 2314
f 2291 2315 2314
f 2291 2292 2315
f 2292 2316 2315
f 2292 2293 2316
f 2293 2317 2316
f 2293 2294 2317
f 2294 2318 2317
f 2294 2295 2318
f 2295 2319 2318
f 2295 2296 2319
f 2296 2320 2319
f 2296 2297 2320
f 2297 2321 2320
f 2297 2298 2321
f 2298 2322 2321
f 2298 2299 2322
f 2299 2323 2322
f 2299 2276 2323
f 2276 2300 2323
f 2300 2301 2324
f 2301 2325 2324
f 2301 2302 2325
f 2302 2326 2325
f 2302 2303 2326
f 2303 2327 2326
f 2303 2304 2327
f 2304 2328 2327
f 2304 2305 2328
f 2305 2329 2328
f 2305 2306 2329
f 2306 2330 2329
f 2306 2307 2330
f 2307 2331 2330
f 2307 2308 2331
f 2308 2332 2331
f 2308 2309 2332
f 2309 2333 2332
f 2309 2310 2333
f 2310 2334 2333
f 2310 2311 2334
f 2311 2335 2334
f 2311 2312 2335
f 2312 2336 2335
f 2312 2313 2336
f 2313 2337 2336
f 2313 2314 2337
f 2314 2338 2337
f 2314 2315 2338
f 2315 2339 2338
f 2315 2316 2339
f 2316 2340 2339
f 2316 2317 2340
f 2317 2341 2340
f 2317 2318 2341
f 2318 2342 2341
f 2318 2319 2342
f 2319 2343 2342
f 2319 2320 2343
f 2320 2344 2343
f 2320 2321 2344
f 2321 2345 2344
f 2321 2322 2345
f 2322 2346 2345
f 2322 2323 2346
f 2323 2347 2346
f 2323 2300 2347
f 2300 2324 2347
f 2324 2325 2348
f 2325 2326 2349
f 2326 2327 2350
f 2327 2328 2351
f 2328 2329 2352
f 2329 2330 2353
f 2330 2331 2354
f 2331 2332 2355
f 2332 2333 2356
f 2333 2334 2357
f 2334 2335 2358
f 2335 2336 2359
f 2336 2337 2360
f 2337 2338 2361
f 2338 2339 2362
f 2339 2340 2363
f 2340 2341 2364
f 2341 2342 2365
f 2342 2343 2366
f 2343 2344 2367
f 2344 2345 2368
f 2345 2346 2369
f 2346 2347 2370
f 2347 2324 2371
g beard
usemtl DarkHair
f 2373 2397 2396
f 2374 2398 2397
f 2375 2399 2398
f 2376 2400 2399
f 2377 2401 2400
f 2378 2402 2401
f 2379 2403 2402
f 2380 2404 2403
f 2381 2405 2404
f 2382 2406 2405
f 2383 2407 2406
f 2384 2408 2407
f 2385 2409 2408
f 2386 2410 2409
f 2387 2411 2410
f 2388 2412 2411
f 2389 2413 2412
f 2390 2414 2413
f 2391 2415 2414
f 2392 2416 2415
f 2393 2417 2416
f 2394 2418 2417
f 2395 2419 2418
f 2372 2396 2419
f 2396 2397 2420
f 2397 2421 2420
f 2397 2398 2421
f 2398 2422 2421
f 2398 2399 2422
f 2399 2423 2422
f 2399 2400 2423
f 2400 2424 2423
f 2400 2401 2424
f 2401 2425 2424
f 2401 2402 2425
f 2402 2426 2425
f 2402 2403 2426
f 2403 2427 2426
f 2403 2404 2427
f 2404 2428 2427
f 2404 2405 2428
f 2405 2429 2428
f 2405 2406 2429
f 2406 2430 2429
f 2406 2407 2430
f 2407 2431 2430
f 2407 2408 2431
f 2408 2432 2431
f 2408 2409 2432
f 2409 2433 2432
f 2409 2410 2433
f 2410 2434 2433
f 2410 2411 2434
f 2411 2435 2434
f 2411 2412 2435
f 2412 2436 2435
f 2412 2413 2436
f 2413 2437 2436
f 2413 2414 2437
f 2414 2438 2437
f 2414 2415 2438
f 2415 2439 2438
f 2415 2416 2439
f 2416 2440 2439
f 2416 2417 2440
f 2417 2441 2440
f 2417 2418 2441
f 2418 2442 2441
f 2418 2419 2442
f 2419 2443 2442
f 2419 2396 2443
f 2396 2420 2443
f 2420 2421 2444
f 2421 2445 2444
f 2421 2422 2445
f 2422 2446 2445
f 2422 2423 2446
f 2423 2447 2446
f 2423 2424 2447
f 2424 2448 2447
f 2424 2425 2448
f 2425 2449 2448
f 2425 2426 2449
f 2426 2450 2449
f 2426 2427 2450
f 2427 2451 2450
f 2427 2428 2451
f 2428 2452 2451
f 2428 2429 2452
f 2429 2453 2452
f 2429 2430 2453
f 2430 2454 2453
f 2430 2431 2454
f 2431 2455 2454
f 2431 2432 2455
f 2432 2456 2455
f 2432 2433 2456
f 2433 2457 2456
f 2433 2434 2457
f 2434 2458 2457
f 2434 2435 2458
f 2435 2459 2458
f 2435 2436 2459
f 2436 2460 2459
f 2436 2437 2460
f 2437 2461 2460
f 2437 2438 2461
f 2438 2462 2461
f 2438 2439 2462
f 2439 2463 2462
f 2439 2440 2463
f 2440 2464 2463
f 2440 2441 2464
f 2441 2465 2464
f 2441 2442 2465
f 2442 2466 2465
f 2442 2443 2466
f 2443 2467 2466
f 2443 2420 2467
f 2420 2444 2467
f 2444 2445 2468
f 2445 2469 2468
f 2445 2446 2469
f 2446 2470 2469
f 2446 2447 2470
f 2447 2471 2470
f 2447 2448 2471
f 2448 2472 2471
f 2448 2449 2472
f 2449 2473 2472
f 2449 2450 2473
f 2450 2474 2473
f 2450 2451 2474
f 2451 2475 2474
f 2451 2452 2475
f 2452 2476 2475
f 2452 2453 2476
f 2453 2477 2476
f 2453 2454 2477
f 2454 2478 2477
f 2454 2455 2478
f 2455 2479 2478
f 2455 2456 2479
f 2456 2480 2479
f 2456 2457 2480
f 2457 2481 2480
f 2457 2458 2481
f 2458 2482 2481
f 2458 2459 2482
f 2459 2483 2482
f 2459 2460 2483
f 2460 2484 2483
f 2460 2461 2484
f 2461 2485 2484
f 2461 2462 2485
f 2462 2486 2485
f 2462 2463 2486
f 2463 2487 2486
f 2463 2464 2487
f 2464 2488 2487
f 2464 2465 2488
f 2465 2489 2488
f 2465 2466 2489
f 2466 2490 2489
f 2466 2467 2490
f 2467 2491 2490
f 2467 2444 2491
f 2444 2468 2491
f 2468 2469 2492
f 2469 2493 2492
f 2469 2470 2493
f 2470 2494 2493
f 2470 2471 2494
f 2471 2495 2494
f 2471 2472 2495
f 2472 2496 2495
f 2472 2473 2496
f 2473 2497 2496
f 2473 2474 2497
f 2474 2498 2497
f 2474 2475 2498
f 2475 2499 2498
f 2475 2476 2499
f 2476 2500 2499
f 2476 2477 2500
f 2477 2501 2500
f 2477 2478 2501
f 2478 2502 2501
f 2478 2479 2502
f 2479 2503 2502
f 2479 2480 2503
f 2480 2504 2503
f 2480 2481 2504
f 2481 2505 2504
f 2481 2482 2505
f 2482 2506 2505
f 2482 2483 2506
f 2483 2507 2506
f 2483 2484 2507
f 2484 2508 2507
f 2484 2485 2508
f 2485 2509 2508
f 2485 2486 2509
f 2486 2510 2509
f 2486 2487 2510
f 2487 2511 2510
f 2487 2488 2511
f 2488 2512 2511
f 2488 2489 2512
f 2489 2513 2512
f 2489 2490 2513
f 2490 2514 2513
f 2490 2491 2514
f 2491 2515 2514
f 2491 2468 2515
f 2468 2492 2515
f 2492 2493 2516
f 2493 2517 2516
f 2493 2494 2517
f 2494 2518 2517
f 2494 2495 2518
f 2495 2519 2518
f 2495 2496 2519
f 2496 2520 2519
f 2496 2497 2520
f 2497 2521 2520
f 2497 2498 2521
f 2498 2522 2521
f 2498 2499 2522
f 2499 2523 2522
f 2499 2500 2523
f 2500 2524 2523
f 2500 2501 2524
f 2501 2525 2524
f 2501 2502 2525
f 2502 2526 2525
f 2502 2503 2526
f 2503 2527 2526
f 2503 2504 2527
f 2504 2528 2527
f 2504 2505 2528
f 2505 2529 2528
f 2505 2506 2529
f 2506 2530 2529
f 2506 2507 2530
f 2507 2531 2530
f 2507 2508 2531
f 2508 2532 2531
f 2508 2509 2532
f 2509 2533 2532
f 2509 2510 2533
f 2510 2534 2533
f 2510 2511 2534
f 2511 2535 2534
f 2511 2512 2535
f 2512 2536 2535
f 2512 2513 2536
f 2513 2537 2536
f 2513 2514 2537
f 2514 2538 2537
f 2514 2515 2538
f 2515 2539 2538
f 2515 2492 2539
f 2492 2516 2539
f 2516 2517 2540
f 2517 2541 2540
f 2517 2518 2541
f 2518 2542 2541
f 2518 2519 2542
f 2519 2543 2542
f 2519 2520 2543
f 2520 2544 2543
f 2520 2521 2544
f 2521 2545 2544
f 2521 2522 2545
f 2522 2546 2545
f 2522 2523 2546
f 2523 2547 2546
f 2523 2524 2547
f 2524 2548 2547
f 2524 2525 2548
f 2525 2549 2548
f 2525 2526 2549
f 2526 2550 2549
f 2526 2527 2550
f 2527 2551 2550
f 2527 2528 2551
f 2528 2552 2551
f 2528 2529 2552
f 2529 2553 2552
f 2529 2530 2553
f 2530 2554 2553
f 2530 2531 2554
f 2531 2555 2554
f 2531 2532 2555
f 2532 2556 2555
f 2532 2533 2556
f 2533 2557 2556
f 2533 2534 2557
f 2534 2558 2557
f 2534 2535 2558
f 2535 2559 2558
f 2535 2536 2559
f 2536 2560 2559
f 2536 2537 2560
f 2537 2561 2560
f 2537 2538 2561
f 2538 2562 2561
f 2538 2539 2562
f 2539 2563 2562
f 2539 2516 2563
f 2516 2540 2563
f 2540 2541 2564
f 2541 2565 2564
f 2541 2542 2565
f 2542 2566 2565
f 2542 2543 2566
f 2543 2567 2566
f 2543 2544 2567
f 2544 2568 2567
f 2544 2545 2568
f 2545 2569 2568
f 2545 2546 2569
f 2546 2570 2569
f 2546 2547 2570
f 2547 2571 2570
f 2547 2548 2571
f 2548 2572 2571
f 2548 2549 2572
f 2549 2573 2572
f 2549 2550 2573
f 2550 2574 2573
f 2550 2551 2574
f 2551 2575 2574
f 2551 2552 2575
f 2552 2576 2575
f 2552 2553 2576
f 2553 2577 2576
f 2553 2554 2577
f 2554 2578 2577
f 2554 2555 2578
f 2555 2579 2578
f 2555 2556 2579
f 2556 2580 2579
f 2556 2557 2580
f 2557 2581 2580
f 2557 2558 2581
f 2558 2582 2581
f 2558 2559 2582
f 2559 2583 2582
f 2559 2560 2583
f 2560 2584 2583
f 2560 2561 2584
f 2561 2585 2584
f 2561 2562 2585
f 2562 2586 2585
f 2562 2563 2586
f 2563 2587 2586
f 2563 2540 2587
f 2540 2564 2587
f 2564 2565 2588
f 2565 2589 2588
f 2565 2566 2589
f 2566 2590 2589
f 2566 2567 2590
f 2567 2591 2590
f 2567 2568 2591
f 2568 2592 2591
f 2568 2569 2592
f 2569 2593 2592
f 2569 2570 2593
f 2570 2594 2593
f 2570 2571 2594
f 2571 2595 2594
f 2571 2572 2595
f 2572 2596 2595
f 2572 2573 2596
f 2573 2597 2596
f 2573 2574 2597
f 2574 2598 2597
f 2574 2575 2598
f 2575 2599 2598
f 2575 2576 2599
f 2576 2600 2599
f 2576 2577 2600
f 2577 2601 2600
f 2577 2578 2601
f 2578 2602 2601
f 2578 2579 2602
f 2579 2603 2602
f 2579 2580 2603
f 2580 2604 2603
f 2580 2581 2604
f 2581 2605 2604
f 2581 2582 2605
f 2582 2606 2605
f 2582 2583 2606
f 2583 2607 2606
f 2583 2584 2607
f 2584 2608 2607
f 2584 2585 2608
f 2585 2609 2608
f 2585 2586 2609
f 2586 2610 2609
f 2586 2587 2610
f 2587 2611 2610
f 2587 2564 2611
f 2564 2588 2611
f 2588 2589 2612
f 2589 2613 2612
f 2589 2590 2613
f 2590 2614 2613
f 2590 2591 2614
f 2591 2615 2614
f 2591 2592 2615
f 2592 2616 2615
f 2592 2593 2616
f 2593 2617 2616
f 2593 2594 2617
f 2594 2618 2617
f 2594 2595 2618
f 2595 2619 2618
f 2595 2596 2619
f 2596 2620 2619
f 2596 2597 2620
f 2597 2621 2620
f 2597 2598 2621
f 2598 2622 2621
f 2598 2599 2622
f 2599 2623 2622
f 2599 2600 2623
f 2600 2624 2623
f 2600 2601 2624
f 2601 2625 2624
f 2601 2602 2625
f 2602 2626 2625
f 2602 2603 2626
f 2603 2627 2626
f 2603 2604 2627
f 2604 2628 2627
f 2604 2605 2628
f 2605 2629 2628
f 2605 2606 2629
f 2606 2630 2629
f 2606 2607 2630
f 2607 2631 2630
f 2607 2608 2631
f 2608 2632 2631
f 2608 2609 2632
f 2609 2633 2632
f 2609 2610 2633
f 2610 2634 2633
f 2610 2611 2634
f 2611 2635 2634
f 2611 2588 2635
f 2588 2612 2635
f 2612 2613 2636
f 2613 2637 2636
f 2613 2614 2637
f 2614 2638 2637
f 2614 2615 2638
f 2615 2639 2638
f 2615 2616 2639
f 2616 2640 2639
f 2616 2617 2640
f 2617 2641 2640
f 2617 2618 2641
f 2618 2642 2641
f 2618 2619 2642
f 2619 2643 2642
f 2619 2620 2643
f 2620 2644 2643
f 2620 2621 2644
f 2621 2645 2644
f 2621 2622 2645
f 2622 2646 2645
f 2622 2623 2646
f 2623 2647 2646
f 2623 2624 2647
f 2624 2648 2647
f 2624 2625 2648
f 2625 2649 2648
f 2625 2626 2649
f 2626 2650 2649
f 2626 2627 2650
f 2627 2651 2650
f 2627 2628 2651
f 2628 2652 2651
f 2628 2629 2652
f 2629 2653 2652
f 2629 2630 2653
f 2630 2654 2653
f 2630 2631 2654
f 2631 2655 2654
f 2631 2632 2655
f 2632 2656 2655
f 2632 2633 2656
f 2633 2657 2656
f 2633 2634 2657
f 2634 2658 2657
f 2634 2635 2658
f 2635 2659 2658
f 2635 2612 2659
f 2612 2636 2659
f 2636 2637 2660
f 2637 2638 2661
f 2638 2639 2662
f 2639 2640 2663
f 2640 2641 2664
f 2641 2642 2665
f 2642 2643 2666
f 2643 2644 2667
f 2644 2645 2668
f 2645 2646 2669
f 2646 2647 2670
f 2647 2648 2671
f 2648 2649 2672
f 2649 2650 2673
f 2650 2651 2674
f 2651 2652 2675
f 2652 2653 2676
f 2653 2654 2677
f 2654 2655 2678
f 2655 2656 2679
f 2656 2657 2680
f 2657 2658 2681
f 2658 2659 2682
f 2659 2636 2683
g hair
usemtl DarkHair
f 2685 2709 2708
f 2686 2710 2709
f 2687 2711 2710
f 2688 2712 2711
f 2689 2713 2712
f 2690 2714 2713
f 2691 2715 2714
f 2692 2716 2715
f 2693 2717 2716
f 2694 2718 2717
f 2695 2719 2718
f 2696 2720 2719
f 2697 2721 2720
f 2698 2722 2721
f 2699 2723 2722
f 2700 2724 2723
f 2701 2725 2724
f 2702 2726 2725
f 2703 2727 2726
f 2704 2728 2727
f 2705 2729 2728
f 2706 2730 2729
f 2707 2731 2730
f 2684 2708 2731
f 2708 2709 2732
f 2709 2733 2732
f 2709 2710 2733
f 2710 2734 2733
f 2710 2711 2734
f 2711 2735 2734
f 2711 2712 2735
f 2712 2736 2735
f 2712 2713 2736
f 2713 2737 2736
f 2713 2714 2737
f 2714 2738 2737
f 2714 2715 2738
f 2715 2739 2738
f 2715 2716 2739
f 2716 2740 2739
f 2716 2717 2740
f 2717 2741 2740
f 2717 2718 2741
f 2718 2742 2741
f 2718 2719 2742
f 2719 2743 2742
f 2719 2720 2743
f 2720 2744 2743
f 2720 2721 2744
f 2721 2745 2744
f 2721 2722 2745
f 2722 2746 2745
f 2722 2723 2746
f 2723 2747 2746
f 2723 2724 2747
f 2724 2748 2747
f 2724 2725 2748
f 2725 2749 2748
f 2725 2726 2749
f 2726 2750 2749
f 2726 2727 2750
f 2727 2751 2750
f 2727 2728 2751
f 2728 2752 2751
f 2728 2729 2752
f 2729 2753 2752
f 2729 2730 2753
f 2730 2754 2753
f 2730 2731 2754
f 2731 2755 2754
f 2731 2708 2755
f 2708 2732 2755
f 2732 2733 2756
f 2733 2757 2756
f 2733 2734 2757
f 2734 2758 2757
f 2734 2735 2758
f 2735 2759 2758
f 2735 2736 2759
f 2736 2760 2759
f 2736 2737 2760
f 2737 2761 2760
f 2737 2738 2761
f 2738 2762 2761
f 2738 2739 2762
f 2739 2763 2762
f 2739 2740 2763
f 2740 2764 2763
f 2740 2741 2764
f 2741 2765 2764
f 2741 2742 2765
f 2742 2766 2765
f 2742 2743 2766
f 2743 2767 2766
f 2743 2744 2767
f 2744 2768 2767
f 2744 2745 2768
f 2745 2769 2768
f 2745 2746 2769
f 2746 2770 2769
f 2746 2747 2770
f 2747 2771 2770
f 2747 2748 2771
f 2748 2772 2771
f 2748 2749 2772
f 2749 2773 2772
f 2749 2750 2773
f 2750 2774 2773
f 2750 2751 2774
f 2751 2775 2774
f 2751 2752 2775
f 2752 2776 2775
f 2752 2753 2776
f 2753 2777 2776
f 2753 2754 2777
f 2754 2778 2777
f 2754 2755 2778
f 2755 2779 2778
f 2755 2732 2779
f 2732 2756 2779
f 2756 2757 2780
f 2757 2781 2780
f 2757 2758 2781
f 2758 2782 2781
f 2758 2759 2782
f 2759 2783 2782
f 2759 2760 2783
f 2760 2784 2783
f 2760 2761 2784
f 2761 2785 2784
f 2761 2762 2785
f 2762 2786 2785
f 2762 2763 2786
f 2763 2787 2786
f 2763 2764 2787
f 2764 2788 2787
f 2764 2765 2788
f 2765 2789 2788
f 2765 2766 2789
f 2766 2790 2789
f 2766 2767 2790
f 2767 2791 2790
f 2767 2768 2791
f 2768 2792 2791
f 2768 2769 2792
f 2769 2793 2792
f 2769 2770 2793
f 2770 2794 2793
f 2770 2771 2794
f 2771 2795 2794
f 2771 2772 2795
f 2772 2796 2795
f 2772 2773 2796
f 2773 2797 2796
f 2773 2774 2797
f 2774 2798 2797
f 2774 2775 2798
f 2775 2799 2798
f 2775 2776 2799
f 2776 2800 2799
f 2776 2777 2800
f 2777 2801 2800
f 2777 2778 2801
f 2778 2802 2801
f 2778 2779 2802
f 2779 2803 2802
f 2779 2756 2803
f 2756 2780 2803
f 2780 2781 2804
f 2781 2805 2804
f 2781 2782 2805
f 2782 2806 2805
f 2782 2783 2806
f 2783 2807 2806
f 2783 2784 2807
f 2784 2808 2807
f 2784 2785 2808
f 2785 2809 2808
f 2785 2786 2809
f 2786 2810 2809
f 2786 2787 2810
f 2787 2811 2810
f 2787 2788 2811
f 2788 2812 2811
f 2788 2789 2812
f 2789 2813 2812
f 2789 2790 2813
f 2790 2814 2813
f 2790 2791 2814
f 2791 2815 2814
f 2791 2792 2815
f 2792 2816 2815
f 2792 2793 2816
f 2793 2817 2816
f 2793 2794 2817
f 2794 2818 2817
f 2794 2795 2818
f 2795 2819 2818
f 2795 2796 2819
f 2796 2820 2819
f 2796 2797 2820
f 2797 2821 2820
f 2797 2798 2821
f 2798 2822 2821
f 2798 2799 2822
f 2799 2823 2822
f 2799 2800 2823
f 2800 2824 2823
f 2800 2801 2824
f 2801 2825 2824
f 2801 2802 2825
f 2802 2826 2825
f 2802 2803 2826
f 2803 2827 2826
f 2803 2780 2827
f 2780 2804 2827
f 2804 2805 2828
f 2805 2829 2828
f 2805 2806 2829
f 2806 2830 2829
f 2806 2807 2830
f 2807 2831 2830
f 2807 2808 2831
f 2808 2832 2831
f 2808 2809 2832
f 2809 2833 2832
f 2809 2810 2833
f 2810 2834 2833
f 2810 2811 2834
f 2811 2835 2834
f 2811 2812 2835
f 2812 2836 2835
f 2812 2813 2836
f 2813 2837 2836
f 2813 2814 2837
f 2814 2838 2837
f 2814 2815 2838
f 2815 2839 2838
f 2815 2816 2839
f 2816 2840 2839
f 2816 2817 2840
f 2817 2841 2840
f 2817 2818 2841
f 2818 2842 2841
f 2818 2819 2842
f 2819 2843 2842
f 2819 2820 2843
f 2820 2844 2843
f 2820 2821 2844
f 2821 2845 2844
f 2821 2822 2845
f 2822 2846 2845
f 2822 2823 2846
f 2823 2847 2846
f 2823 2824 2847
f 2824 2848 2847
f 2824 2825 2848
f 2825 2849 2848
f 2825 2826 2849
f 2826 2850 2849
f 2826 2827 2850
f 2827 2851 2850
f 2827 2804 2851
f 2804 2828 2851
f 2828 2829 2852
f 2829 2853 2852
f 2829 2830 2853
f 2830 2854 2853
f 2830 2831 2854
f 2831 2855 2854
f 2831 2832 2855
f 2832 2856 2855
f 2832 2833 2856
f 2833 2857 2856
f 2833 2834 2857
f 2834 2858 2857
f 2834 2835 2858
f 2835 2859 2858
f 2835 2836 2859
f 2836 2860 2859
f 2836 2837 2860
f 2837 2861 2860
f 2837 2838 2861
f 2838 2862 2861
f 2838 2839 2862
f 2839 2863 2862
f 2839 2840 2863
f 2840 2864 2863
f 2840 2841 2864
f 2841 2865 2864
f 2841 2842 2865
f 2842 2866 2865
f 2842 2843 2866
f 2843 2867 2866
f 2843 2844 2867
f 2844 2868 2867
f 2844 2845 2868
f 2845 2869 2868
f 2845 2846 2869
f 2846 2870 2869
f 2846 2847 2870
f 2847 2871 2870
f 2847 2848 2871
f 2848 2872 2871
f 2848 2849 2872
f 2849 2873 2872
f 2849 2850 2873
f 2850 2874 2873
f 2850 2851 2874
f 2851 2875 2874
f 2851 2828 2875
f 2828 2852 2875
f 2852 2853 2876
f 2853 2877 2876
f 2853 2854 2877
f 2854 2878 2877
f 2854 2855 2878
f 2855 2879 2878
f 2855 2856 2879
f 2856 2880 2879
f 2856 2857 2880
f 2857 2881 2880
f 2857 2858 2881
f 2858 2882 2881
f 2858 2859 2882
f 2859 2883 2882
f 2859 2860 2883
f 2860 2884 2883
f 2860 2861 2884
f 2861 2885 2884
f 2861 2862 2885
f 2862 2886 2885
f 2862 2863 2886
f 2863 2887 2886
f 2863 2864 2887
f 2864 2888 2887
f 2864 2865 2888
f 2865 2889 2888
f 2865 2866 2889
f 2866 2890 2889
f 2866 2867 2890
f 2867 2891 2890
f 2867 2868 2891
f 2868 2892 2891
f 2868 2869 2892
f 2869 2893 2892
f 2869 2870 2893
f 2870 2894 2893
f 2870 2871 2894
f 2871 2895 2894
f 2871 2872 2895
f 2872 2896 2895
f 2872 2873 2896
f 2873 2897 2896
f 2873 2874 2897
f 2874 2898 2897
f 2874 2875 2898
f 2875 2899 2898
f 2875 2852 2899
f 2852 2876 2899
f 2876 2877 2900
f 2877 2901 2900
f 2877 2878 2901
f 2878 2902 2901
f 2878 2879 2902
f 2879 2903 2902
f 2879 2880 2903
f 2880 2904 2903
f 2880 2881 2904
f 2881 2905 2904
f 2881 2882 2905
f 2882 2906 2905
f 2882 2883 2906
f 2883 2907 2906
f 2883 2884 2907
f 2884 2908 2907
f 2884 2885 2908
f 2885 2909 2908
f 2885 2886 2909
f 2886 2910 2909
f 2886 2887 2910
f 2887 2911 2910
f 2887 2888 2911
f 2888 2912 2911
f 2888 2889 2912
f 2889 2913 2912
f 2889 2890 2913
f 2890 2914 2913
f 2890 2891 2914
f 2891 2915 2914
f 2891 2892 2915
f 2892 2916 2915
f 2892 2893 2916
f 2893 2917 2916
f 2893 2894 2917
f 2894 2918 2917
f 2894 2895 2918
f 2895 2919 2918
f 2895 2896 2919
f 2896 2920 2919
f 2896 2897 2920
f 2897 2921 2920
f 2897 2898 2921
f 2898 2922 2921
f 2898 2899 2922
f 2899 2923 2922
f 2899 2876 2923
f 2876 2900 2923
f 2900 2901 2924
f 2901 2902 2925
f 2902 2903 2926
f 2903 2904 2927
f 2904 2905 2928
f 2905 2906 2929
f 2906 2907 2930
f 2907 2908 2931
f 2908 2909 2932
f 2909 2910 2933
f 2910 2911 2934
f 2911 2912 2935
f 2912 2913 2936
f 2913 2914 2937
f 2914 2915 2938
f 2915 2916 2939
f 2916 2917 2940
f 2917 2918 2941
f 2918 2919 2942
f 2919 2920 2943
f 2920 2921 2944
f 2921 2922 2945
f 2922 2923 2946
f 2923 2900 2947
g crown_base
usemtl Gold
f 2948 2949 2973 2972
f 2949 2950 2974 2973
f 2950 2951 2975 2974
f 2951 2952 2976 2975
f 2952 2953 2977 2976
f 2953 2954 2978 2977
f 2954 2955 2979 2978
f 2955 2956 2980 2979
f 2956 2957 2981 2980
f 2957 2958 2982 2981
f 2958 2959 2983 2982
f 2959 2960 2984 2983
f 2960 2961 2985 2984
f 2961 2962 2986 2985
f 2962 2963 2987 2986
f 2963 2964 2988 2987
f 2964 2965 2989 2988
f 2965 2966 2990 2989
f 2966 2967 2991 2990
f 2967 2968 2992 2991
f 2968 2969 2993 2992
f 2969 2970 2994 2993
f 2970 2971 2995 2994
f 2971 2948 2972 2995
f 2971 2970 2969 2968 2967 2966 2965 2964 2963 2962 2961 2960 2959 2958 2957 2956 2955 2954 2953 2952 2951 2950 2949 2948
f 2972 2973 2974 2975 2976 2977 2978 2979 2980 2981 2982 2983 2984 2985 2986 2987 2988 2989 2990 2991 2992 2993 2994 2995
g crown_spike_0
usemtl Gold
f 2996 2997 2999
f 2997 2998 2999
f 2998 2996 2999
f 2998 2997 2996
g crown_spike_1
usemtl Gold
f 3000 3001 3003
f 3001 3002 3003
f 3002 3000 3003
f 3002 3001 3000
g crown_spike_2
usemtl Gold
f 3004 3005 3007
f 3005 3006 3007
f 3006 3004 3007
f 3006 3005 3004
g crown_spike_3
usemtl Gold
f 3008 3009 3011
f 3009 3010 3011
f 3010 3008 3011
f 3010 3009 3008
g crown_spike_4
usemtl Gold
f 3012 3013 3015
f 3013 3014 3015
f 3014 3012 3015
f 3014 3013 3012
g crown_spike_5
usemtl Gold
f 3016 3017 3019
f 3017 3018 3019
f 3018 3016 3019
f 3018 3017 3016
g crown_spike_6
usemtl Gold
f 3020 3021 3023
f 3021 3022 3023
f 3022 3020 3023
f 3022 3021 3020
g crown_spike_7
usemtl Gold
f 3024 3025 3027
f 3025 3026 3027
f 3026 3024 3027
f 3026 3025 3024
g sword_grip
usemtl DarkMetal
f 3028 3029 3030 3031
f 3032 3035 3034 3033
f 3028 3032 3033 3029
f 3029 3033 3034 3030
f 3030 3034 3035 3031
f 3032 3028 3031 3035
g sword_guard
usemtl Gold
f 3036 3037 3038 3039
f 3040 3043 3042 3041
f 3036 3040 3041 3037
f 3037 3041 3042 3038
f 3038 3042 3043 3039
f 3040 3036 3039 3043
g sword_blade
usemtl Blade
f 3044 3045 3046 3047
f 3048 3051 3050 3049
f 3044 3048 3049 3045
f 3045 3049 3050 3046
f 3046 3050 3051 3047
f 3048 3044 3047 3051
g belt
usemtl DarkMetal
f 3052 3053 3077 3076
f 3053 3054 3078 3077
f 3054 3055 3079 3078
f 3055 3056 3080 3079
f 3056 3057 3081 3080
f 3057 3058 3082 3081
f 3058 3059 3083 3082
f 3059 3060 3084 3083
f 3060 3061 3085 3084
f 3061 3062 3086 3085
f 3062 3063 3087 3086
f 3063 3064 3088 3087
f 3064 3065 3089 3088
f 3065 3066 3090 3089
f 3066 3067 3091 3090
f 3067 3068 3092 3091
f 3068 3069 3093 3092
f 3069 3070 3094 3093
f 3070 3071 3095 3094
f 3071 3072 3096 3095
f 3072 3073 3097 3096
f 3073 3074 3098 3097
f 3074 3075 3099 3098
f 3075 3052 3076 3099
f 3075 3074 3073 3072 3071 3070 3069 3068 3067 3066 3065 3064 3063 3062 3061 3060 3059 3058 3057 3056 3055 3054 3053 3052
f 3076 3077 3078 3079 3080 3081 3082 3083 3084 3085 3086 3087 3088 3089 3090 3091 3092 3093 3094 3095 3096 3097 3098 3099
g belt_buckle
usemtl Gold
f 3101 3121 3120
f 3102 3122 3121
f 3103 3123 3122
f 3104 3124 3123
f 3105 3125 3124
f 3106 3126 3125
f 3107 3127 3126
f 3108 3128 3127
f 3109 3129 3128
f 3110 3130 3129
f 3111 3131 3130
f 3112 3132 3131
f 3113 3133 3132
f 3114 3134 3133
f 3115 3135 3134
f 3116 3136 3135
f 3117 3137 3136
f 3118 3138 3137
f 3119 3139 3138
f 3100 3120 3139
f 3120 3121 3140
f 3121 3141 3140
f 3121 3122 3141
f 3122 3142 3141
f 3122 3123 3142
f 3123 3143 3142
f 3123 3124 3143
f 3124 3144 3143
f 3124 3125 3144
f 3125 3145 3144
f 3125 3126 3145
f 3126 3146 3145
f 3126 3127 3146
f 3127 3147 3146
f 3127 3128 3147
f 3128 3148 3147
f 3128 3129 3148
f 3129 3149 3148
f 3129 3130 3149
f 3130 3150 3149
f 3130 3131 3150
f 3131 3151 3150
f 3131 3132 3151
f 3132 3152 3151
f 3132 3133 3152
f 3133 3153 3152
f 3133 3134 3153
f 3134 3154 3153
f 3134 3135 3154
f 3135 3155 3154
f 3135 3136 3155
f 3136 3156 3155
f 3136 3137 3156
f 3137 3157 3156
f 3137 3138 3157
f 3138 3158 3157
f 3138 3139 3158
f 3139 3159 3158
f 3139 3120 3159
f 3120 3140 3159
f 3140 3141 3160
f 3141 3161 3160
f 3141 3142 3161
f 3142 3162 3161
f 3142 3143 3162
f 3143 3163 3162
f 3143 3144 3163
f 3144 3164 3163
f 3144 3145 3164
f 3145 3165 3164
f 3145 3146 3165
f 3146 3166 3165
f 3146 3147 3166
f 3147 3167 3166
f 3147 3148 3167
f 3148 3168 3167
f 3148 3149 3168
f 3149 3169 3168
f 3149 3150 3169
f 3150 3170 3169
f 3150 3151 3170
f 3151 3171 3170
f 3151 3152 3171
f 3152 3172 3171
f 3152 3153 3172
f 3153 3173 3172
f 3153 3154 3173
f 3154 3174 3173
f 3154 3155 3174
f 3155 3175 3174
f 3155 3156 3175
f 3156 3176 3175
f 3156 3157 3176
f 3157 3177 3176
f 3157 3158 3177
f 3158 3178 3177
f 3158 3159 3178
f 3159 3179 3178
f 3159 3140 3179
f 3140 3160 3179
f 3160 3161 3180
f 3161 3181 3180
f 3161 3162 3181
f 3162 3182 3181
f 3162 3163 3182
f 3163 3183 3182
f 3163 3164 3183
f 3164 3184 3183
f 3164 3165 3184
f 3165 3185 3184
f 3165 3166 3185
f 3166 3186 3185
f 3166 3167 3186
f 3167 3187 3186
f 3167 3168 3187
f 3168 3188 3187
f 3168 3169 3188
f 3169 3189 3188
f 3169 3170 3189
f 3170 3190 3189
f 3170 3171 3190
f 3171 3191 3190
f 3171 3172 3191
f 3172 3192 3191
f 3172 3173 3192
f 3173 3193 3192
f 3173 3174 3193
f 3174 3194 3193
f 3174 3175 3194
f 3175 3195 3194
f 3175 3176 3195
f 3176 3196 3195
f 3176 3177 3196
f 3177 3197 3196
f 3177 3178 3197
f 3178 3198 3197
f 3178 3179 3198
f 3179 3199 3198
f 3179 3160 3199
f 3160 3180 3199
f 3180 3181 3200
f 3181 3201 3200
f 3181 3182 3201
f 3182 3202 3201
f 3182 3183 3202
f 3183 3203 3202
f 3183 3184 3203
f 3184 3204 3203
f 3184 3185 3204
f 3185 3205 3204
f 3185 3186 3205
f 3186 3206 3205
f 3186 3187 3206
f 3187 3207 3206
f 3187 3188 3207
f 3188 3208 3207
f 3188 3189 3208
f 3189 3209 3208
f 3189 3190 3209
f 3190 3210 3209
f 3190 3191 3210
f 3191 3211 3210
f 3191 3192 3211
f 3192 3212 3211
f 3192 3193 3212
f 3193 3213 3212
f 3193 3194 3213
f 3194 3214 3213
f 3194 3195 3214
f 3195 3215 3214
f 3195 3196 3215
f 3196 3216 3215
f 3196 3197 3216
f 3197 3217 3216
f 3197 3198 3217
f 3198 3218 3217
f 3198 3199 3218
f 3199 3219 3218
f 3199 3180 3219
f 3180 3200 3219
f 3200 3201 3220
f 3201 3221 3220
f 3201 3202 3221
f 3202 3222 3221
f 3202 3203 3222
f 3203 3223 3222
f 3203 3204 3223
f 3204 3224 3223
f 3204 3205 3224
f 3205 3225 3224
f 3205 3206 3225
f 3206 3226 3225
f 3206 3207 3226
f 3207 3227 3226
f 3207 3208 3227
f 3208 3228 3227
f 3208 3209 3228
f 3209 3229 3228
f 3209 3210 3229
f 3210 3230 3229
f 3210 3211 3230
f 3211 3231 3230
f 3211 3212 3231
f 3212 3232 3231
f 3212 3213 3232
f 3213 3233 3232
f 3213 3214 3233
f 3214 3234 3233
f 3214 3215 3234
f 3215 3235 3234
f 3215 3216 3235
f 3216 3236 3235
f 3216 3217 3236
f 3217 3237 3236
f 3217 3218 3237
f 3218 3238 3237
f 3218 3219 3238
f 3219 3239 3238
f 3219 3200 3239
f 3200 3220 3239
f 3220 3221 3240
f 3221 3241 3240
f 3221 3222 3241
f 3222 3242 3241
f 3222 3223 3242
f 3223 3243 3242
f 3223 3224 3243
f 3224 3244 3243
f 3224 3225 3244
f 3225 3245 3244
f 3225 3226 3245
f 3226 3246 3245
f 3226 3227 3246
f 3227 3247 3246
f 3227 3228 3247
f 3228 3248 3247
f 3228 3229 3248
f 3229 3249 3248
f 3229 3230 3249
f 3230 3250 3249
f 3230 3231 3250
f 3231 3251 3250
f 3231 3232 3251
f 3232 3252 3251
f 3232 3233 3252
f 3233 3253 3252
f 3233 3234 3253
f 3234 3254 3253
f 3234 3235 3254
f 3235 3255 3254
f 3235 3236 3255
f 3236 3256 3255
f 3236 3237 3256
f 3237 3257 3256
f 3237 3238 3257
f 3238 3258 3257
f 3238 3239 3258
f 3239 3259 3258
f 3239 3220 3259
f 3220 3240 3259
f 3240 3241 3260
f 3241 3261 3260
f 3241 3242 3261
f 3242 3262 3261
f 3242 3243 3262
f 3243 3263 3262
f 3243 3244 3263
f 3244 3264 3263
f 3244 3245 3264
f 3245 3265 3264
f 3245 3246 3265
f 3246 3266 3265
f 3246 3247 3266
f 3247 3267 3266
f 3247 3248 3267
f 3248 3268 3267
f 3248 3249 3268
f 3249 3269 3268
f 3249 3250 3269
f 3250 3270 3269
f 3250 3251 3270
f 3251 3271 3270
f 3251 3252 3271
f 3252 3272 3271
f 3252 3253 3272
f 3253 3273 3272
f 3253 3254 3273
f 3254 3274 3273
f 3254 3255 3274
f 3255 3275 3274
f 3255 3256 3275
f 3256 3276 3275
f 3256 3257 3276
f 3257 3277 3276
f 3257 3258 3277
f 3258 3278 3277
f 3258 3259 3278
f 3259 3279 3278
f 3259 3240 3279
f 3240 3260 3279
f 3260 3261 3280
f 3261 3281 3280
f 3261 3262 3281
f 3262 3282 3281
f 3262 3263 3282
f 3263 3283 3282
f 3263 3264 3283
f 3264 3284 3283
f 3264 3265 3284
f 3265 3285 3284
f 3265 3266 3285
f 3266 3286 3285
f 3266 3267 3286
f 3267 3287 3286
f 3267 3268 3287
f 3268 3288 3287
f 3268 3269 3288
f 3269 3289 3288
f 3269 3270 3289
f 3270 3290 3289
f 3270 3271 3290
f 3271 3291 3290
f 3271 3272 3291
f 3272 3292 3291
f 3272 3273 3292
f 3273 3293 3292
f 3273 3274 3293
f 3274 3294 3293
f 3274 3275 3294
f 3275 3295 3294
f 3275 3276 3295
f 3276 3296 3295
f 3276 3277 3296
f 3277 3297 3296
f 3277 3278 3297
f 3278 3298 3297
f 3278 3279 3298
f 3279 3299 3298
f 3279 3260 3299
f 3260 3280 3299
f 3280 3281 3300
f 3281 3282 3301
f 3282 3283 3302
f 3283 3284 3303
f 3284 3285 3304
f 3285 3286 3305
f 3286 3287 3306
f 3287 3288 3307
f 3288 3289 3308
f 3289 3290 3309
f 3290 3291 3310
f 3291 3292 3311
f 3292 3293 3312
f 3293 3294 3313
f 3294 3295 3314
f 3295 3296 3315
f 3296 3297 3316
f 3297 3298 3317
f 3298 3299 3318
f 3299 3280 3319
g cape
usemtl Cape
f 3320 3321 3322 3323 3324 3325 3326 3327 3328
f 3328 3327 3326 3325 3324 3323 3322 3321 3320
