# https://github.com/mikedh/trimesh

o geometry_0
v -1.99275718 -0.48869909 0.02568873
v -1.99275718 -0.48869909 0.50068873
v -1.98923020 -0.00871205 0.02568873
v -1.98923020 -0.00871205 0.50068873
v -1.52530245 -0.49213398 0.02568873
v -1.52530245 -0.49213398 0.50068873
v -1.52177547 -0.01214693 0.02568873
v -1.52177547 -0.01214693 0.50068873
f 2 4 1
f 5 2 1
f 1 4 3
f 3 5 1
f 2 8 4
f 6 2 5
f 6 8 2
f 4 8 3
f 7 5 3
f 3 8 7
f 7 6 5
f 8 6 7

o geometry_1
v -1.50344422 -0.48070352 0.02007965
v -1.50344422 -0.48070352 0.49507965
v -1.50760178 -0.00072152 0.02007965
v -1.50760178 -0.00072152 0.49507965
v -0.98905695 -0.47624794 0.02007965
v -0.98905695 -0.47624794 0.49507965
v -0.99321452 0.00373406 0.02007965
v -0.99321452 0.00373406 0.49507965
f 10 12 9
f 13 10 9
f 9 12 11
f 11 13 9
f 10 16 12
f 14 10 13
f 14 16 10
f 12 16 11
f 15 13 11
f 11 16 15
f 15 14 13
f 16 14 15

o geometry_2
v -0.97360969 -0.46538381 0.02928826
v -0.97360969 -0.46538381 0.50428826
v -0.97264154 0.01461521 0.02928826
v -0.97264154 0.01461521 0.50428826
v -0.51140889 -0.46631606 0.02928826
v -0.51140889 -0.46631606 0.50428826
v -0.51044073 0.01368296 0.02928826
v -0.51044073 0.01368296 0.50428826
f 18 20 17
f 21 18 17
f 17 20 19
f 19 21 17
f 18 24 20
f 22 18 21
f 22 24 18
f 20 24 19
f 23 21 19
f 19 24 23
f 23 22 21
f 24 22 23

o geometry_3
v -0.49132320 -0.46688257 0.00976936
v -0.49132320 -0.46688257 0.48476936
v -0.49451335 0.01310683 0.00976936
v -0.49451335 0.01310683 0.48476936
v 0.05776108 -0.46323319 0.00976936
v 0.05776108 -0.46323319 0.48476936
v 0.05457093 0.01675621 0.00976936
v 0.05457093 0.01675621 0.48476936
f 26 28 25
f 29 26 25
f 25 28 27
f 27 29 25
f 26 32 28
f 30 26 29
f 30 32 26
f 28 32 27
f 31 29 27
f 27 32 31
f 31 30 29
f 32 30 31

o geometry_4
v 0.07081621 -0.48995652 0.03257137
v 0.07081621 -0.48995652 0.50757137
v 0.07757549 -0.01000411 0.03257137
v 0.07757549 -0.01000411 0.50757137
v 0.55050773 -0.49671213 0.03257137
v 0.55050773 -0.49671213 0.50757137
v 0.55726702 -0.01675972 0.03257137
v 0.55726702 -0.01675972 0.50757137
f 34 36 33
f 37 34 33
f 33 36 35
f 35 37 33
f 34 40 36
f 38 34 37
f 38 40 34
f 36 40 35
f 39 37 35
f 35 40 39
f 39 38 37
f 40 38 39

o geometry_5
v 0.57105727 -0.48043309 0.03445746
v 0.57105727 -0.48043309 0.50945746
v 0.57276793 -0.00043613 0.03445746
v 0.57276793 -0.00043613 0.50945746
v 1.02436235 -0.48204861 0.03445746
v 1.02436235 -0.48204861 0.50945746
v 1.02607301 -0.00205166 0.03445746
v 1.02607301 -0.00205166 0.50945746
f 42 44 41
f 45 42 41
f 41 44 43
f 43 45 41
f 42 48 44
f 46 42 45
f 46 48 42
f 44 48 43
f 47 45 43
f 43 48 47
f 47 46 45
f 48 46 47

o geometry_6
v 1.04122366 -0.47565903 -0.01104796
v 1.04122366 -0.47565903 0.46395204
v 1.04523125 0.00432424 -0.01104796
v 1.04523125 0.00432424 0.46395204
v 1.51936491 -0.47965124 -0.01104796
v 1.51936491 -0.47965124 0.46395204
v 1.52337251 0.00033203 -0.01104796
v 1.52337251 0.00033203 0.46395204
f 50 52 49
f 53 50 49
f 49 52 51
f 51 53 49
f 50 56 52
f 54 50 53
f 54 56 50
f 52 56 51
f 55 53 51
f 51 56 55
f 55 54 53
f 56 54 55

o geometry_7
v 1.53744666 -0.47804336 -0.00084578
v 1.53744666 -0.47804336 0.47415422
v 1.54132214 0.00194099 -0.00084578
v 1.54132214 0.00194099 0.47415422
v 1.98905490 -0.48168973 -0.00084578
v 1.98905490 -0.48168973 0.47415422
v 1.99293038 -0.00170537 -0.00084578
v 1.99293038 -0.00170537 0.47415422
f 58 60 57
f 61 58 57
f 57 60 59
f 59 61 57
f 58 64 60
f 62 58 61
f 62 64 58
f 60 64 59
f 63 61 59
f 59 64 63
f 63 62 61
f 64 62 63

o geometry_8
v -1.99441411 -0.47443861 0.50198908
v -1.99441411 -0.47443861 0.97698908
v -1.98752380 0.00551193 0.50198908
v -1.98752380 0.00551193 0.97698908
v -1.39192428 -0.48308814 0.50198908
v -1.39192428 -0.48308814 0.97698908
v -1.38503397 -0.00313759 0.50198908
v -1.38503397 -0.00313759 0.97698908
f 66 68 65
f 69 66 65
f 65 68 67
f 67 69 65
f 66 72 68
f 70 66 69
f 70 72 66
f 68 72 67
f 71 69 67
f 67 72 71
f 71 70 69
f 72 70 71

o geometry_9
v -1.37269392 -0.47837040 0.51961472
v -1.37269392 -0.47837040 0.99461472
v -1.36817103 0.00160829 0.51961472
v -1.36817103 0.00160829 0.99461472
v -0.66961871 -0.48499555 0.51961472
v -0.66961871 -0.48499555 0.99461472
v -0.66509583 -0.00501686 0.51961472
v -0.66509583 -0.00501686 0.99461472
f 74 76 73
f 77 74 73
f 73 76 75
f 75 77 73
f 74 80 76
f 78 74 77
f 78 80 74
f 76 80 75
f 79 77 75
f 75 80 79
f 79 78 77
f 80 78 79

o geometry_10
v -0.65054166 -0.48896769 0.49354450
v -0.65054166 -0.48896769 0.96854450
v -0.64813248 -0.00897373 0.49354450
v -0.64813248 -0.00897373 0.96854450
v 0.07773747 -0.49262306 0.49354450
v 0.07773747 -0.49262306 0.96854450
v 0.08014665 -0.01262910 0.49354450
v 0.08014665 -0.01262910 0.96854450
f 82 84 81
f 85 82 81
f 81 84 83
f 83 85 81
f 82 88 84
f 86 82 85
f 86 88 82
f 84 88 83
f 87 85 83
f 83 88 87
f 87 86 85
f 88 86 87

o geometry_11
v 0.09638675 -0.48553563 0.53432203
v 0.09638675 -0.48553563 1.00932203
v 0.09750841 -0.00553695 0.53432203
v 0.09750841 -0.00553695 1.00932203
v 0.78062610 -0.48713456 0.53432203
v 0.78062610 -0.48713456 1.00932203
v 0.78174776 -0.00713587 0.53432203
v 0.78174776 -0.00713587 1.00932203
f 90 92 89
f 93 90 89
f 89 92 91
f 91 93 89
f 90 96 92
f 94 90 93
f 94 96 90
f 92 96 91
f 95 93 91
f 91 96 95
f 95 94 93
f 96 94 95

o geometry_12
v 0.79981965 -0.48603040 0.50266843
v 0.79981965 -0.48603040 0.97766843
v 0.79855849 -0.00603206 0.50266843
v 0.79855849 -0.00603206 0.97766843
v 1.50169803 -0.48418627 0.50266843
v 1.50169803 -0.48418627 0.97766843
v 1.50043687 -0.00418793 0.50266843
v 1.50043687 -0.00418793 0.97766843
f 98 100 97
f 101 98 97
f 97 100 99
f 99 101 97
f 98 104 100
f 102 98 101
f 102 104 98
f 100 104 99
f 103 101 99
f 99 104 103
f 103 102 101
f 104 102 103

o geometry_13
v 1.51971032 -0.49101511 0.51276419
v 1.51971032 -0.49101511 0.98776419
v 1.51842869 -0.01101682 0.51276419
v 1.51842869 -0.01101682 0.98776419
v 1.99163997 -0.48975502 0.51276419
v 1.99163997 -0.48975502 0.98776419
v 1.99035834 -0.00975673 0.51276419
v 1.99035834 -0.00975673 0.98776419
f 106 108 105
f 109 106 105
f 105 108 107
f 107 109 105
f 106 112 108
f 110 106 109
f 110 112 106
f 108 112 107
f 111 109 107
f 107 112 111
f 111 110 109
f 112 110 111

o geometry_14
v -1.99161599 -0.47154544 1.02737021
v -1.99161599 -0.47154544 1.50237021
v -1.99038212 0.00845298 1.02737021
v -1.99038212 0.00845298 1.50237021
v -1.41900744 -0.47301738 1.02737021
v -1.41900744 -0.47301738 1.50237021
v -1.41777356 0.00698104 1.02737021
v -1.41777356 0.00698104 1.50237021
f 114 116 113
f 117 114 113
f 113 116 115
f 115 117 113
f 114 120 116
f 118 114 117
f 118 120 114
f 116 120 115
f 119 117 115
f 115 120 119
f 119 118 117
f 120 118 119

o geometry_15
v -1.39912918 -0.48301825 1.02265204
v -1.39912918 -0.48301825 1.49765204
v -1.40164177 -0.00302483 1.02265204
v -1.40164177 -0.00302483 1.49765204
v -0.80402363 -0.47990310 1.02265204
v -0.80402363 -0.47990310 1.49765204
v -0.80653622 0.00009033 1.02265204
v -0.80653622 0.00009033 1.49765204
f 122 124 121
f 125 122 121
f 121 124 123
f 123 125 121
f 122 128 124
f 126 122 125
f 126 128 122
f 124 128 123
f 127 125 123
f 123 128 127
f 127 126 125
f 128 126 127

o geometry_16
v -0.78526013 -0.48078291 1.01292132
v -0.78526013 -0.48078291 1.48792132
v -0.78926966 -0.00079966 1.01292132
v -0.78926966 -0.00079966 1.48792132
v -0.15739280 -0.47553804 1.01292132
v -0.15739280 -0.47553804 1.48792132
v -0.16140233 0.00444521 1.01292132
v -0.16140233 0.00444521 1.48792132
f 130 132 129
f 133 130 129
f 129 132 131
f 131 133 129
f 130 136 132
f 134 130 133
f 134 136 130
f 132 136 131
f 135 133 131
f 131 136 135
f 135 134 133
f 136 134 135

o geometry_17
v -0.14474111 -0.47217560 1.01198468
v -0.14474111 -0.47217560 1.48698468
v -0.13796721 0.00777660 1.01198468
v -0.13796721 0.00777660 1.48698468
v 0.50684649 -0.48137190 1.01198468
v 0.50684649 -0.48137190 1.48698468
v 0.51362038 -0.00141970 1.01198468
v 0.51362038 -0.00141970 1.48698468
f 138 140 137
f 141 138 137
f 137 140 139
f 139 141 137
f 138 144 140
f 142 138 141
f 142 144 138
f 140 144 139
f 143 141 139
f 139 144 143
f 143 142 141
f 144 142 143

o geometry_18
v 0.52893793 -0.48690293 1.03665939
v 0.52893793 -0.48690293 1.51165939
v 0.52759608 -0.00690480 1.03665939
v 0.52759608 -0.00690480 1.51165939
v 1.10300237 -0.48529812 1.03665939
v 1.10300237 -0.48529812 1.51165939
v 1.10166052 -0.00530000 1.03665939
v 1.10166052 -0.00530000 1.51165939
f 146 148 145
f 149 146 145
f 145 148 147
f 147 149 145
f 146 152 148
f 150 146 149
f 150 152 146
f 148 152 147
f 151 149 147
f 147 152 151
f 151 150 149
f 152 150 151

o geometry_19
v 1.12383639 -0.47464778 1.01261193
v 1.12383639 -0.47464778 1.48761193
v 1.11689473 0.00530202 1.01261193
v 1.11689473 0.00530202 1.48761193
v 1.75473036 -0.46552297 1.01261193
v 1.75473036 -0.46552297 1.48761193
v 1.74778869 0.01442683 1.01261193
v 1.74778869 0.01442683 1.48761193
f 154 156 153
f 157 154 153
f 153 156 155
f 155 157 153
f 154 160 156
f 158 154 157
f 158 160 154
f 156 160 155
f 159 157 155
f 155 160 159
f 159 158 157
f 160 158 159

o geometry_20
v 1.76736778 -0.48029011 1.03051449
v 1.76736778 -0.48029011 1.50551449
v 1.77122441 -0.00030560 1.03051449
v 1.77122441 -0.00030560 1.50551449
v 1.98906811 -0.48207145 1.03051449
v 1.98906811 -0.48207145 1.50551449
v 1.99292473 -0.00208694 1.03051449
v 1.99292473 -0.00208694 1.50551449
f 162 164 161
f 165 162 161
f 161 164 163
f 163 165 161
f 162 168 164
f 166 162 165
f 166 168 162
f 164 168 163
f 167 165 163
f 163 168 167
f 167 166 165
f 168 166 167

o geometry_21
v -1.99129401 -0.49317508 1.51638974
v -1.99129401 -0.49317508 1.99138974
v -1.99070550 -0.01317544 1.51638974
v -1.99070550 -0.01317544 1.99138974
v -1.34080660 -0.49397261 1.51638974
v -1.34080660 -0.49397261 1.99138974
v -1.34021810 -0.01397297 1.51638974
v -1.34021810 -0.01397297 1.99138974
f 170 172 169
f 173 170 169
f 169 172 171
f 171 173 169
f 170 176 172
f 174 170 173
f 174 176 170
f 172 176 171
f 175 173 171
f 171 176 175
f 175 174 173
f 176 174 175

o geometry_22
v -1.32603729 -0.47688529 1.53535581
v -1.32603729 -0.47688529 2.01035581
v -1.31891977 0.00306194 1.53535581
v -1.31891977 0.00306194 2.01035581
v -0.71534653 -0.48594172 1.53535581
v -0.71534653 -0.48594172 2.01035581
v -0.70822900 -0.00599449 1.53535581
v -0.70822900 -0.00599449 2.01035581
f 178 180 177
f 181 178 177
f 177 180 179
f 179 181 177
f 178 184 180
f 182 178 181
f 182 184 178
f 180 184 179
f 183 181 179
f 179 184 183
f 183 182 181
f 184 182 183

o geometry_23
v -0.69201354 -0.49211319 1.53180898
v -0.69201354 -0.49211319 2.00680898
v -0.69547676 -0.01212568 1.53180898
v -0.69547676 -0.01212568 2.00680898
v 0.00231236 -0.48710347 1.53180898
v 0.00231236 -0.48710347 2.00680898
v -0.00115086 -0.00711596 1.53180898
v -0.00115086 -0.00711596 2.00680898
f 186 188 185
f 189 186 185
f 185 188 187
f 187 189 185
f 186 192 188
f 190 186 189
f 190 192 186
f 188 192 187
f 191 189 187
f 187 192 191
f 191 190 189
f 192 190 191

o geometry_24
v 0.01805850 -0.47978539 1.51556789
v 0.01805850 -0.47978539 1.99056789
v 0.01912279 0.00021343 1.51556789
v 0.01912279 0.00021343 1.99056789
v 0.71654201 -0.48133413 1.51556789
v 0.71654201 -0.48133413 1.99056789
v 0.71760631 -0.00133531 1.51556789
v 0.71760631 -0.00133531 1.99056789
f 194 196 193
f 197 194 193
f 193 196 195
f 195 197 193
f 194 200 196
f 198 194 197
f 198 200 194
f 196 200 195
f 199 197 195
f 195 200 199
f 199 198 197
f 200 198 199

o geometry_25
v 0.73292557 -0.48849668 1.51599997
v 0.73292557 -0.48849668 1.99099997
v 0.73724783 -0.00851614 1.51599997
v 0.73724783 -0.00851614 1.99099997
v 1.30902225 -0.49368447 1.51599997
v 1.30902225 -0.49368447 1.99099997
v 1.31334450 -0.01370393 1.51599997
v 1.31334450 -0.01370393 1.99099997
f 202 204 201
f 205 202 201
f 201 204 203
f 203 205 201
f 202 208 204
f 206 202 205
f 206 208 202
f 204 208 203
f 207 205 203
f 203 208 207
f 207 206 205
f 208 206 207

o geometry_26
v 1.32809028 -0.47804673 1.50533950
v 1.32809028 -0.47804673 1.98033950
v 1.33030675 0.00194815 1.50533950
v 1.33030675 0.00194815 1.98033950
v 1.97710044 -0.48104366 1.50533950
v 1.97710044 -0.48104366 1.98033950
v 1.97931691 -0.00104878 1.50533950
v 1.97931691 -0.00104878 1.98033950
f 210 212 209
f 213 210 209
f 209 212 211
f 211 213 209
f 210 216 212
f 214 210 213
f 214 216 210
f 212 216 211
f 215 213 211
f 211 216 215
f 215 214 213
f 216 214 215

o geometry_27
v -1.99130109 -0.48329360 2.01812262
v -1.99130109 -0.48329360 2.49312262
v -1.99069840 -0.00329398 2.01812262
v -1.99069840 -0.00329398 2.49312262
v -1.33679880 -0.48411539 2.01812262
v -1.33679880 -0.48411539 2.49312262
v -1.33619611 -0.00411577 2.01812262
v -1.33619611 -0.00411577 2.49312262
f 218 220 217
f 221 218 217
f 217 220 219
f 219 221 217
f 218 224 220
f 222 218 221
f 222 224 218
f 220 224 219
f 223 221 219
f 219 224 223
f 223 222 221
f 224 222 223

o geometry_28
v -1.31788816 -0.47261148 1.99636056
v -1.31788816 -0.47261148 2.47136056
v -1.31910440 0.00738698 1.99636056
v -1.31910440 0.00738698 2.47136056
v -0.74634406 -0.47116328 1.99636056
v -0.74634406 -0.47116328 2.47136056
v -0.74756030 0.00883518 1.99636056
v -0.74756030 0.00883518 2.47136056
f 226 228 225
f 229 226 225
f 225 228 227
f 227 229 225
f 226 232 228
f 230 226 229
f 230 232 226
f 228 232 227
f 231 229 227
f 227 232 231
f 231 230 229
f 232 230 231

o geometry_29
v -0.72665702 -0.49229771 2.02735488
v -0.72665702 -0.49229771 2.50235488
v -0.73121365 -0.01231934 2.02735488
v -0.73121365 -0.01231934 2.50235488
v -0.01977493 -0.48558699 2.02735488
v -0.01977493 -0.48558699 2.50235488
v -0.02433156 -0.00560862 2.02735488
v -0.02433156 -0.00560862 2.50235488
f 234 236 233
f 237 234 233
f 233 236 235
f 235 237 233
f 234 240 236
f 238 234 237
f 238 240 234
f 236 240 235
f 239 237 235
f 235 240 239
f 239 238 237
f 240 238 239

o geometry_30
v -0.00701418 -0.48642975 2.02115568
v -0.00701418 -0.48642975 2.49615568
v -0.00101290 -0.00646726 2.02115568
v -0.00101290 -0.00646726 2.49615568
v 0.60142354 -0.49403743 2.02115568
v 0.60142354 -0.49403743 2.49615568
v 0.60742482 -0.01407494 2.02115568
v 0.60742482 -0.01407494 2.49615568
f 242 244 241
f 245 242 241
f 241 244 243
f 243 245 241
f 242 248 244
f 246 242 245
f 246 248 242
f 244 248 243
f 247 245 243
f 243 248 247
f 247 246 245
f 248 246 247

o geometry_31
v 0.62065284 -0.46328986 2.02527934
v 0.62065284 -0.46328986 2.50027934
v 0.62425916 0.01669659 2.02527934
v 0.62425916 0.01669659 2.50027934
v 1.19034899 -0.46757019 2.02527934
v 1.19034899 -0.46757019 2.50027934
v 1.19395530 0.01241626 2.02527934
v 1.19395530 0.01241626 2.50027934
f 250 252 249
f 253 250 249
f 249 252 251
f 251 253 249
f 250 256 252
f 254 250 253
f 254 256 250
f 252 256 251
f 255 253 251
f 251 256 255
f 255 254 253
f 256 254 255

o geometry_32
v 1.20708517 -0.47994799 2.00472114
v 1.20708517 -0.47994799 2.47972114
v 1.21328397 0.00001198 2.00472114
v 1.21328397 0.00001198 2.47972114
v 1.79182830 -0.48750010 2.00472114
v 1.79182830 -0.48750010 2.47972114
v 1.79802711 -0.00754013 2.00472114
v 1.79802711 -0.00754013 2.47972114
f 258 260 257
f 261 258 257
f 257 260 259
f 259 261 257
f 258 264 260
f 262 258 261
f 262 264 258
f 260 264 259
f 263 261 259
f 259 264 263
f 263 262 261
f 264 262 263

o geometry_33
v 1.81131915 -0.48020937 1.99590725
v 1.81131915 -0.48020937 2.47090725
v 1.81458916 -0.00022050 1.99590725
v 1.81458916 -0.00022050 2.47090725
v 1.98936293 -0.48142232 1.99590725
v 1.98936293 -0.48142232 2.47090725
v 1.99263294 -0.00143346 1.99590725
v 1.99263294 -0.00143346 2.47090725
f 266 268 265
f 269 266 265
f 265 268 267
f 267 269 265
f 266 272 268
f 270 266 269
f 270 272 266
f 268 272 267
f 271 269 267
f 267 272 271
f 271 270 269
f 272 270 271

o geometry_34
v -1.99118874 -0.47837240 2.50360009
v -1.99118874 -0.47837240 2.97860009
v -1.99081105 0.00162745 2.50360009
v -1.99081105 0.00162745 2.97860009
v -1.30855559 -0.47890955 2.50360009
v -1.30855559 -0.47890955 2.97860009
v -1.30817789 0.00109031 2.50360009
v -1.30817789 0.00109031 2.97860009
f 274 276 273
f 277 274 273
f 273 276 275
f 275 277 273
f 274 280 276
f 278 274 277
f 278 280 274
f 276 280 275
f 279 277 275
f 275 280 279
f 279 278 277
f 280 278 279

o geometry_35
v -1.29260022 -0.47391504 2.50854593
v -1.29260022 -0.47391504 2.98354593
v -1.28810805 0.00606393 2.50854593
v -1.28810805 0.00606393 2.98354593
v -0.72178460 -0.47925736 2.50854593
v -0.72178460 -0.47925736 2.98354593
v -0.71729243 0.00072162 2.50854593
v -0.71729243 0.00072162 2.98354593
f 282 284 281
f 285 282 281
f 281 284 283
f 283 285 281
f 282 288 284
f 286 282 285
f 286 288 282
f 284 288 283
f 287 285 283
f 283 288 287
f 287 286 285
f 288 286 287

o geometry_36
v -0.70360940 -0.48943414 2.51300580
v -0.70360940 -0.48943414 2.98800580
v -0.69942037 -0.00945242 2.51300580
v -0.69942037 -0.00945242 2.98800580
v -0.11895789 -0.49453669 2.51300580
v -0.11895789 -0.49453669 2.98800580
v -0.11476886 -0.01455497 2.51300580
v -0.11476886 -0.01455497 2.98800580
f 290 292 289
f 293 290 289
f 289 292 291
f 291 293 289
f 290 296 292
f 294 290 293
f 294 296 290
f 292 296 291
f 295 293 291
f 291 296 295
f 295 294 293
f 296 294 295

o geometry_37
v -0.10228870 -0.48467393 2.48854091
v -0.10228870 -0.48467393 2.96354091
v -0.09534619 -0.00472414 2.48854091
v -0.09534619 -0.00472414 2.96354091
v 0.56305960 -0.49429824 2.48854091
v 0.56305960 -0.49429824 2.96354091
v 0.57000211 -0.01434845 2.48854091
v 0.57000211 -0.01434845 2.96354091
f 298 300 297
f 301 298 297
f 297 300 299
f 299 301 297
f 298 304 300
f 302 298 301
f 302 304 298
f 300 304 299
f 303 301 299
f 299 304 303
f 303 302 301
f 304 302 303

o geometry_38
v 0.58604438 -0.48837375 2.49551138
v 0.58604438 -0.48837375 2.97051138
v 0.58309807 -0.00838279 2.49551138
v 0.58309807 -0.00838279 2.97051138
v 1.17683328 -0.48474734 2.49551138
v 1.17683328 -0.48474734 2.97051138
v 1.17388698 -0.00475638 2.49551138
v 1.17388698 -0.00475638 2.97051138
f 306 308 305
f 309 306 305
f 305 308 307
f 307 309 305
f 306 312 308
f 310 306 309
f 310 312 306
f 308 312 307
f 311 309 307
f 307 312 311
f 311 310 309
f 312 310 311

o geometry_39
v 1.19682432 -0.48614759 2.49852999
v 1.19682432 -0.48614759 2.97352999
v 1.18997599 -0.00619644 2.49852999
v 1.18997599 -0.00619644 2.97352999
v 1.87395896 -0.47648569 2.49852999
v 1.87395896 -0.47648569 2.97352999
v 1.86711063 0.00346546 2.49852999
v 1.86711063 0.00346546 2.97352999
f 314 316 313
f 317 314 313
f 313 316 315
f 315 317 313
f 314 320 316
f 318 314 317
f 318 320 314
f 316 320 315
f 319 317 315
f 315 320 319
f 319 318 317
f 320 318 319

o geometry_40
v 1.88963901 -0.48072378 2.49865979
v 1.88963901 -0.48072378 2.97365979
v 1.88750053 -0.00072854 2.49865979
v 1.88750053 -0.00072854 2.97365979
v 1.99206873 -0.48026743 2.49865979
v 1.99206873 -0.48026743 2.97365979
v 1.98993025 -0.00027219 2.49865979
v 1.98993025 -0.00027219 2.97365979
f 322 324 321
f 325 322 321
f 321 324 323
f 323 325 321
f 322 328 324
f 326 322 325
f 326 328 322
f 324 328 323
f 327 325 323
f 323 328 327
f 327 326 325
f 328 326 327

o geometry_41
v -1.99005524 -0.48325826 3.00356229
v -1.99005524 -0.48325826 3.47856229
v -1.99194089 -0.00326196 3.00356229
v -1.99194089 -0.00326196 3.47856229
v -1.48872237 -0.48128879 3.00356229
v -1.48872237 -0.48128879 3.47856229
v -1.49060802 -0.00129250 3.00356229
v -1.49060802 -0.00129250 3.47856229
f 330 332 329
f 333 330 329
f 329 332 331
f 331 333 329
f 330 336 332
f 334 330 333
f 334 336 330
f 332 336 331
f 335 333 331
f 331 336 335
f 335 334 333
f 336 334 335

o geometry_42
v -1.46894495 -0.47652080 3.03589517
v -1.46894495 -0.47652080 3.51089517
v -1.47435253 0.00344874 3.03589517
v -1.47435253 0.00344874 3.51089517
v -1.01133193 -0.47136510 3.03589517
v -1.01133193 -0.47136510 3.51089517
v -1.01673950 0.00860444 3.03589517
v -1.01673950 0.00860444 3.51089517
f 338 340 337
f 341 338 337
f 337 340 339
f 339 341 337
f 338 344 340
f 342 338 341
f 342 344 338
f 340 344 339
f 343 341 339
f 339 344 343
f 343 342 341
f 344 342 343

o geometry_43
v -0.99283714 -0.49396215 3.00301818
v -0.99283714 -0.49396215 3.47801818
v -0.99916271 -0.01400383 3.00301818
v -0.99916271 -0.01400383 3.47801818
v -0.50304942 -0.48750703 3.00301818
v -0.50304942 -0.48750703 3.47801818
v -0.50937499 -0.00754872 3.00301818
v -0.50937499 -0.00754872 3.47801818
f 346 348 345
f 349 346 345
f 345 348 347
f 347 349 345
f 346 352 348
f 350 346 349
f 350 352 346
f 348 352 347
f 351 349 347
f 347 352 351
f 351 350 349
f 352 350 351

o geometry_44
v -0.49170003 -0.47342852 3.00011791
v -0.49170003 -0.47342852 3.47511791
v -0.48462240 0.00651930 3.00011791
v -0.48462240 0.00651930 3.47511791
v 0.05494001 -0.48148963 3.00011791
v 0.05494001 -0.48148963 3.47511791
v 0.06201764 -0.00154182 3.00011791
v 0.06201764 -0.00154182 3.47511791
f 354 356 353
f 357 354 353
f 353 356 355
f 355 357 353
f 354 360 356
f 358 354 357
f 358 360 354
f 356 360 355
f 359 357 355
f 355 360 359
f 359 358 357
f 360 358 359

o geometry_45
v 0.07986340 -0.47002614 3.02847071
v 0.07986340 -0.47002614 3.50347071
v 0.07320792 0.00992772 3.02847071
v 0.07320792 0.00992772 3.50347071
v 0.64404249 -0.46220271 3.02847071
v 0.64404249 -0.46220271 3.50347071
v 0.63738701 0.01775115 3.02847071
v 0.63738701 0.01775115 3.50347071
f 362 364 361
f 365 362 361
f 361 364 363
f 363 365 361
f 362 368 364
f 366 362 365
f 366 368 362
f 364 368 363
f 367 365 363
f 363 368 367
f 367 366 365
f 368 366 367

o geometry_46
v 0.66217941 -0.47384599 3.03088905
v 0.66217941 -0.47384599 3.50588905
v 0.65535727 0.00610553 3.03088905
v 0.65535727 0.00610553 3.50588905
v 1.18626294 -0.46639655 3.03088905
v 1.18626294 -0.46639655 3.50588905
v 1.17944081 0.01355496 3.03088905
v 1.17944081 0.01355496 3.50588905
f 370 372 369
f 373 370 369
f 369 372 371
f 371 373 369
f 370 376 372
f 374 370 373
f 374 376 370
f 372 376 371
f 375 373 371
f 371 376 375
f 375 374 373
f 376 374 375

o geometry_47
v 1.19977910 -0.47902033 3.00639844
v 1.19977910 -0.47902033 3.48139844
v 1.20198329 0.00097461 3.00639844
v 1.20198329 0.00097461 3.48139844
v 1.74129640 -0.48150703 3.00639844
v 1.74129640 -0.48150703 3.48139844
v 1.74350059 -0.00151210 3.00639844
v 1.74350059 -0.00151210 3.48139844
f 378 380 377
f 381 378 377
f 377 380 379
f 379 381 377
f 378 384 380
f 382 378 381
f 382 384 378
f 380 384 379
f 383 381 379
f 379 384 383
f 383 382 381
f 384 382 383

o geometry_48
v 1.75820389 -0.48415646 3.00914751
v 1.75820389 -0.48415646 3.48414751
v 1.76260852 -0.00417667 3.00914751
v 1.76260852 -0.00417667 3.48414751
v 1.98879283 -0.48627251 3.00914751
v 1.98879283 -0.48627251 3.48414751
v 1.99319746 -0.00629272 3.00914751
v 1.99319746 -0.00629272 3.48414751
f 386 388 385
f 389 386 385
f 385 388 387
f 387 389 385
f 386 392 388
f 390 386 389
f 390 392 386
f 388 392 387
f 391 389 387
f 387 392 391
f 391 390 389
f 392 390 391

o geometry_49
v -1.70000000 -0.32000000 0.10000000
v -1.47000000 -0.32000000 0.10000000
v -1.47000000 -0.32000000 3.35000000
v -1.70000000 -0.32000000 3.35000000
v -1.47783706 -0.26047162 0.10000000
v -1.47783706 -0.26047162 3.35000000
v -1.50081416 -0.20500000 0.10000000
v -1.50081416 -0.20500000 3.35000000
v -1.53736544 -0.15736544 0.10000000
v -1.53736544 -0.15736544 3.35000000
v -1.58500000 -0.12081416 0.10000000
v -1.58500000 -0.12081416 3.35000000
v -1.64047162 -0.09783706 0.10000000
v -1.64047162 -0.09783706 3.35000000
v -1.70000000 -0.09000000 0.10000000
v -1.70000000 -0.09000000 3.35000000
v -1.75952838 -0.09783706 0.10000000
v -1.75952838 -0.09783706 3.35000000
v -1.81500000 -0.12081416 0.10000000
v -1.81500000 -0.12081416 3.35000000
v -1.86263456 -0.15736544 0.10000000
v -1.86263456 -0.15736544 3.35000000
v -1.89918584 -0.20500000 0.10000000
v -1.89918584 -0.20500000 3.35000000
v -1.92216294 -0.26047162 0.10000000
v -1.92216294 -0.26047162 3.35000000
v -1.93000000 -0.32000000 0.10000000
v -1.93000000 -0.32000000 3.35000000
v -1.92216294 -0.37952838 0.10000000
v -1.92216294 -0.37952838 3.35000000
v -1.89918584 -0.43500000 0.10000000
v -1.89918584 -0.43500000 3.35000000
v -1.86263456 -0.48263456 0.10000000
v -1.86263456 -0.48263456 3.35000000
v -1.81500000 -0.51918584 0.10000000
v -1.81500000 -0.51918584 3.35000000
v -1.75952838 -0.54216294 0.10000000
v -1.75952838 -0.54216294 3.35000000
v -1.70000000 -0.55000000 0.10000000
v -1.70000000 -0.55000000 3.35000000
v -1.64047162 -0.54216294 0.10000000
v -1.64047162 -0.54216294 3.35000000
v -1.58500000 -0.51918584 0.10000000
v -1.58500000 -0.51918584 3.35000000
v -1.53736544 -0.48263456 0.10000000
v -1.53736544 -0.48263456 3.35000000
v -1.50081416 -0.43500000 0.10000000
v -1.50081416 -0.43500000 3.35000000
v -1.47783706 -0.37952838 0.10000000
v -1.47783706 -0.37952838 3.35000000
f 394 393 397
f 394 397 395
f 395 397 398
f 395 398 396
f 397 393 399
f 397 399 398
f 398 399 400
f 398 400 396
f 399 393 401
f 399 401 400
f 400 401 402
f 400 402 396
f 401 393 403
f 401 403 402
f 402 403 404
f 402 404 396
f 403 393 405
f 403 405 404
f 404 405 406
f 404 406 396
f 405 393 407
f 405 407 406
f 406 407 408
f 406 408 396
f 407 393 409
f 407 409 408
f 408 409 410
f 408 410 396
f 409 393 411
f 409 411 410
f 410 411 412
f 410 412 396
f 411 393 413
f 411 413 412
f 412 413 414
f 412 414 396
f 413 393 415
f 413 415 414
f 414 415 416
f 414 416 396
f 415 393 417
f 415 417 416
f 416 417 418
f 416 418 396
f 417 393 419
f 417 419 418
f 418 419 420
f 418 420 396
f 419 393 421
f 419 421 420
f 420 421 422
f 420 422 396
f 421 393 423
f 421 423 422
f 422 423 424
f 422 424 396
f 423 393 425
f 423 425 424
f 424 425 426
f 424 426 396
f 425 393 427
f 425 427 426
f 426 427 428
f 426 428 396
f 427 393 429
f 427 429 428
f 428 429 430
f 428 430 396
f 429 393 431
f 429 431 430
f 430 431 432
f 430 432 396
f 431 393 433
f 431 433 432
f 432 433 434
f 432 434 396
f 433 393 435
f 433 435 434
f 434 435 436
f 434 436 396
f 435 393 437
f 435 437 436
f 436 437 438
f 436 438 396
f 437 393 439
f 437 439 438
f 438 439 440
f 438 440 396
f 439 393 441
f 439 441 440
f 440 441 442
f 440 442 396
f 441 393 394
f 441 394 442
f 442 394 395
f 442 395 396

o geometry_50
v -1.70000000 -0.32000000 0.10000000
v -1.40560000 -0.32000000 0.10000000
v -1.40560000 -0.32000000 0.26000000
v -1.70000000 -0.32000000 0.26000000
v -1.41563144 -0.24380367 0.10000000
v -1.41563144 -0.24380367 0.26000000
v -1.44504212 -0.17280000 0.10000000
v -1.44504212 -0.17280000 0.26000000
v -1.49182776 -0.11182776 0.10000000
v -1.49182776 -0.11182776 0.26000000
v -1.55280000 -0.06504212 0.10000000
v -1.55280000 -0.06504212 0.26000000
v -1.62380367 -0.03563144 0.10000000
v -1.62380367 -0.03563144 0.26000000
v -1.70000000 -0.02560000 0.10000000
v -1.70000000 -0.02560000 0.26000000
v -1.77619633 -0.03563144 0.10000000
v -1.77619633 -0.03563144 0.26000000
v -1.84720000 -0.06504212 0.10000000
v -1.84720000 -0.06504212 0.26000000
v -1.90817224 -0.11182776 0.10000000
v -1.90817224 -0.11182776 0.26000000
v -1.95495788 -0.17280000 0.10000000
v -1.95495788 -0.17280000 0.26000000
v -1.98436856 -0.24380367 0.10000000
v -1.98436856 -0.24380367 0.26000000
v -1.99440000 -0.32000000 0.10000000
v -1.99440000 -0.32000000 0.26000000
v -1.98436856 -0.39619633 0.10000000
v -1.98436856 -0.39619633 0.26000000
v -1.95495788 -0.46720000 0.10000000
v -1.95495788 -0.46720000 0.26000000
v -1.90817224 -0.52817224 0.10000000
v -1.90817224 -0.52817224 0.26000000
v -1.84720000 -0.57495788 0.10000000
v -1.84720000 -0.57495788 0.26000000
v -1.77619633 -0.60436856 0.10000000
v -1.77619633 -0.60436856 0.26000000
v -1.70000000 -0.61440000 0.10000000
v -1.70000000 -0.61440000 0.26000000
v -1.62380367 -0.60436856 0.10000000
v -1.62380367 -0.60436856 0.26000000
v -1.55280000 -0.57495788 0.10000000
v -1.55280000 -0.57495788 0.26000000
v -1.49182776 -0.52817224 0.10000000
v -1.49182776 -0.52817224 0.26000000
v -1.44504212 -0.46720000 0.10000000
v -1.44504212 -0.46720000 0.26000000
v -1.41563144 -0.39619633 0.10000000
v -1.41563144 -0.39619633 0.26000000
f 444 443 447
f 444 447 445
f 445 447 448
f 445 448 446
f 447 443 449
f 447 449 448
f 448 449 450
f 448 450 446
f 449 443 451
f 449 451 450
f 450 451 452
f 450 452 446
f 451 443 453
f 451 453 452
f 452 453 454
f 452 454 446
f 453 443 455
f 453 455 454
f 454 455 456
f 454 456 446
f 455 443 457
f 455 457 456
f 456 457 458
f 456 458 446
f 457 443 459
f 457 459 458
f 458 459 460
f 458 460 446
f 459 443 461
f 459 461 460
f 460 461 462
f 460 462 446
f 461 443 463
f 461 463 462
f 462 463 464
f 462 464 446
f 463 443 465
f 463 465 464
f 464 465 466
f 464 466 446
f 465 443 467
f 465 467 466
f 466 467 468
f 466 468 446
f 467 443 469
f 467 469 468
f 468 469 470
f 468 470 446
f 469 443 471
f 469 471 470
f 470 471 472
f 470 472 446
f 471 443 473
f 471 473 472
f 472 473 474
f 472 474 446
f 473 443 475
f 473 475 474
f 474 475 476
f 474 476 446
f 475 443 477
f 475 477 476
f 476 477 478
f 476 478 446
f 477 443 479
f 477 479 478
f 478 479 480
f 478 480 446
f 479 443 481
f 479 481 480
f 480 481 482
f 480 482 446
f 481 443 483
f 481 483 482
f 482 483 484
f 482 484 446
f 483 443 485
f 483 485 484
f 484 485 486
f 484 486 446
f 485 443 487
f 485 487 486
f 486 487 488
f 486 488 446
f 487 443 489
f 487 489 488
f 488 489 490
f 488 490 446
f 489 443 491
f 489 491 490
f 490 491 492
f 490 492 446
f 491 443 444
f 491 444 492
f 492 444 445
f 492 445 446

o geometry_51
v -1.70000000 -0.32000000 3.18000000
v -1.41940000 -0.32000000 3.18000000
v -1.41940000 -0.32000000 3.36000000
v -1.70000000 -0.32000000 3.36000000
v -1.42896121 -0.24737538 3.18000000
v -1.42896121 -0.24737538 3.36000000
v -1.45699327 -0.17970000 3.18000000
v -1.45699327 -0.17970000 3.36000000
v -1.50158584 -0.12158584 3.18000000
v -1.50158584 -0.12158584 3.36000000
v -1.55970000 -0.07699327 3.18000000
v -1.55970000 -0.07699327 3.36000000
v -1.62737538 -0.04896121 3.18000000
v -1.62737538 -0.04896121 3.36000000
v -1.70000000 -0.03940000 3.18000000
v -1.70000000 -0.03940000 3.36000000
v -1.77262462 -0.04896121 3.18000000
v -1.77262462 -0.04896121 3.36000000
v -1.84030000 -0.07699327 3.18000000
v -1.84030000 -0.07699327 3.36000000
v -1.89841416 -0.12158584 3.18000000
v -1.89841416 -0.12158584 3.36000000
v -1.94300673 -0.17970000 3.18000000
v -1.94300673 -0.17970000 3.36000000
v -1.97103879 -0.24737538 3.18000000
v -1.97103879 -0.24737538 3.36000000
v -1.98060000 -0.32000000 3.18000000
v -1.98060000 -0.32000000 3.36000000
v -1.97103879 -0.39262462 3.18000000
v -1.97103879 -0.39262462 3.36000000
v -1.94300673 -0.46030000 3.18000000
v -1.94300673 -0.46030000 3.36000000
v -1.89841416 -0.51841416 3.18000000
v -1.89841416 -0.51841416 3.36000000
v -1.84030000 -0.56300673 3.18000000
v -1.84030000 -0.56300673 3.36000000
v -1.77262462 -0.59103879 3.18000000
v -1.77262462 -0.59103879 3.36000000
v -1.70000000 -0.60060000 3.18000000
v -1.70000000 -0.60060000 3.36000000
v -1.62737538 -0.59103879 3.18000000
v -1.62737538 -0.59103879 3.36000000
v -1.55970000 -0.56300673 3.18000000
v -1.55970000 -0.56300673 3.36000000
v -1.50158584 -0.51841416 3.18000000
v -1.50158584 -0.51841416 3.36000000
v -1.45699327 -0.46030000 3.18000000
v -1.45699327 -0.46030000 3.36000000
v -1.42896121 -0.39262462 3.18000000
v -1.42896121 -0.39262462 3.36000000
f 494 493 497
f 494 497 495
f 495 497 498
f 495 498 496
f 497 493 499
f 497 499 498
f 498 499 500
f 498 500 496
f 499 493 501
f 499 501 500
f 500 501 502
f 500 502 496
f 501 493 503
f 501 503 502
f 502 503 504
f 502 504 496
f 503 493 505
f 503 505 504
f 504 505 506
f 504 506 496
f 505 493 507
f 505 507 506
f 506 507 508
f 506 508 496
f 507 493 509
f 507 509 508
f 508 509 510
f 508 510 496
f 509 493 511
f 509 511 510
f 510 511 512
f 510 512 496
f 511 493 513
f 511 513 512
f 512 513 514
f 512 514 496
f 513 493 515
f 513 515 514
f 514 515 516
f 514 516 496
f 515 493 517
f 515 517 516
f 516 517 518
f 516 518 496
f 517 493 519
f 517 519 518
f 518 519 520
f 518 520 496
f 519 493 521
f 519 521 520
f 520 521 522
f 520 522 496
f 521 493 523
f 521 523 522
f 522 523 524
f 522 524 496
f 523 493 525
f 523 525 524
f 524 525 526
f 524 526 496
f 525 493 527
f 525 527 526
f 526 527 528
f 526 528 496
f 527 493 529
f 527 529 528
f 528 529 530
f 528 530 496
f 529 493 531
f 529 531 530
f 530 531 532
f 530 532 496
f 531 493 533
f 531 533 532
f 532 533 534
f 532 534 496
f 533 493 535
f 533 535 534
f 534 535 536
f 534 536 496
f 535 493 537
f 535 537 536
f 536 537 538
f 536 538 496
f 537 493 539
f 537 539 538
f 538 539 540
f 538 540 496
f 539 493 541
f 539 541 540
f 540 541 542
f 540 542 496
f 541 493 494
f 541 494 542
f 542 494 495
f 542 495 496

o geometry_52
v -1.98750000 -0.67000000 3.11000000
v -1.98750000 -0.67000000 3.27000000
v -1.98750000 0.03000000 3.11000000
v -1.98750000 0.03000000 3.27000000
v -1.41250000 -0.67000000 3.11000000
v -1.41250000 -0.67000000 3.27000000
v -1.41250000 0.03000000 3.11000000
v -1.41250000 0.03000000 3.27000000
f 544 546 543
f 547 544 543
f 543 546 545
f 545 547 543
f 544 550 546
f 548 544 547
f 548 550 544
f 546 550 545
f 549 547 545
f 545 550 549
f 549 548 547
f 550 548 549

o geometry_53
v 1.70000000 -0.32000000 0.10000000
v 1.93000000 -0.32000000 0.10000000
v 1.93000000 -0.32000000 3.35000000
v 1.70000000 -0.32000000 3.35000000
v 1.92216294 -0.26047162 0.10000000
v 1.92216294 -0.26047162 3.35000000
v 1.89918584 -0.20500000 0.10000000
v 1.89918584 -0.20500000 3.35000000
v 1.86263456 -0.15736544 0.10000000
v 1.86263456 -0.15736544 3.35000000
v 1.81500000 -0.12081416 0.10000000
v 1.81500000 -0.12081416 3.35000000
v 1.75952838 -0.09783706 0.10000000
v 1.75952838 -0.09783706 3.35000000
v 1.70000000 -0.09000000 0.10000000
v 1.70000000 -0.09000000 3.35000000
v 1.64047162 -0.09783706 0.10000000
v 1.64047162 -0.09783706 3.35000000
v 1.58500000 -0.12081416 0.10000000
v 1.58500000 -0.12081416 3.35000000
v 1.53736544 -0.15736544 0.10000000
v 1.53736544 -0.15736544 3.35000000
v 1.50081416 -0.20500000 0.10000000
v 1.50081416 -0.20500000 3.35000000
v 1.47783706 -0.26047162 0.10000000
v 1.47783706 -0.26047162 3.35000000
v 1.47000000 -0.32000000 0.10000000
v 1.47000000 -0.32000000 3.35000000
v 1.47783706 -0.37952838 0.10000000
v 1.47783706 -0.37952838 3.35000000
v 1.50081416 -0.43500000 0.10000000
v 1.50081416 -0.43500000 3.35000000
v 1.53736544 -0.48263456 0.10000000
v 1.53736544 -0.48263456 3.35000000
v 1.58500000 -0.51918584 0.10000000
v 1.58500000 -0.51918584 3.35000000
v 1.64047162 -0.54216294 0.10000000
v 1.64047162 -0.54216294 3.35000000
v 1.70000000 -0.55000000 0.10000000
v 1.70000000 -0.55000000 3.35000000
v 1.75952838 -0.54216294 0.10000000
v 1.75952838 -0.54216294 3.35000000
v 1.81500000 -0.51918584 0.10000000
v 1.81500000 -0.51918584 3.35000000
v 1.86263456 -0.48263456 0.10000000
v 1.86263456 -0.48263456 3.35000000
v 1.89918584 -0.43500000 0.10000000
v 1.89918584 -0.43500000 3.35000000
v 1.92216294 -0.37952838 0.10000000
v 1.92216294 -0.37952838 3.35000000
f 552 551 555
f 552 555 553
f 553 555 556
f 553 556 554
f 555 551 557
f 555 557 556
f 556 557 558
f 556 558 554
f 557 551 559
f 557 559 558
f 558 559 560
f 558 560 554
f 559 551 561
f 559 561 560
f 560 561 562
f 560 562 554
f 561 551 563
f 561 563 562
f 562 563 564
f 562 564 554
f 563 551 565
f 563 565 564
f 564 565 566
f 564 566 554
f 565 551 567
f 565 567 566
f 566 567 568
f 566 568 554
f 567 551 569
f 567 569 568
f 568 569 570
f 568 570 554
f 569 551 571
f 569 571 570
f 570 571 572
f 570 572 554
f 571 551 573
f 571 573 572
f 572 573 574
f 572 574 554
f 573 551 575
f 573 575 574
f 574 575 576
f 574 576 554
f 575 551 577
f 575 577 576
f 576 577 578
f 576 578 554
f 577 551 579
f 577 579 578
f 578 579 580
f 578 580 554
f 579 551 581
f 579 581 580
f 580 581 582
f 580 582 554
f 581 551 583
f 581 583 582
f 582 583 584
f 582 584 554
f 583 551 585
f 583 585 584
f 584 585 586
f 584 586 554
f 585 551 587
f 585 587 586
f 586 587 588
f 586 588 554
f 587 551 589
f 587 589 588
f 588 589 590
f 588 590 554
f 589 551 591
f 589 591 590
f 590 591 592
f 590 592 554
f 591 551 593
f 591 593 592
f 592 593 594
f 592 594 554
f 593 551 595
f 593 595 594
f 594 595 596
f 594 596 554
f 595 551 597
f 595 597 596
f 596 597 598
f 596 598 554
f 597 551 599
f 597 599 598
f 598 599 600
f 598 600 554
f 599 551 552
f 599 552 600
f 600 552 553
f 600 553 554

o geometry_54
v 1.70000000 -0.32000000 0.10000000
v 1.99440000 -0.32000000 0.10000000
v 1.99440000 -0.32000000 0.26000000
v 1.70000000 -0.32000000 0.26000000
v 1.98436856 -0.24380367 0.10000000
v 1.98436856 -0.24380367 0.26000000
v 1.95495788 -0.17280000 0.10000000
v 1.95495788 -0.17280000 0.26000000
v 1.90817224 -0.11182776 0.10000000
v 1.90817224 -0.11182776 0.26000000
v 1.84720000 -0.06504212 0.10000000
v 1.84720000 -0.06504212 0.26000000
v 1.77619633 -0.03563144 0.10000000
v 1.77619633 -0.03563144 0.26000000
v 1.70000000 -0.02560000 0.10000000
v 1.70000000 -0.02560000 0.26000000
v 1.62380367 -0.03563144 0.10000000
v 1.62380367 -0.03563144 0.26000000
v 1.55280000 -0.06504212 0.10000000
v 1.55280000 -0.06504212 0.26000000
v 1.49182776 -0.11182776 0.10000000
v 1.49182776 -0.11182776 0.26000000
v 1.44504212 -0.17280000 0.10000000
v 1.44504212 -0.17280000 0.26000000
v 1.41563144 -0.24380367 0.10000000
v 1.41563144 -0.24380367 0.26000000
v 1.40560000 -0.32000000 0.10000000
v 1.40560000 -0.32000000 0.26000000
v 1.41563144 -0.39619633 0.10000000
v 1.41563144 -0.39619633 0.26000000
v 1.44504212 -0.46720000 0.10000000
v 1.44504212 -0.46720000 0.26000000
v 1.49182776 -0.52817224 0.10000000
v 1.49182776 -0.52817224 0.26000000
v 1.55280000 -0.57495788 0.10000000
v 1.55280000 -0.57495788 0.26000000
v 1.62380367 -0.60436856 0.10000000
v 1.62380367 -0.60436856 0.26000000
v 1.70000000 -0.61440000 0.10000000
v 1.70000000 -0.61440000 0.26000000
v 1.77619633 -0.60436856 0.10000000
v 1.77619633 -0.60436856 0.26000000
v 1.84720000 -0.57495788 0.10000000
v 1.84720000 -0.57495788 0.26000000
v 1.90817224 -0.52817224 0.10000000
v 1.90817224 -0.52817224 0.26000000
v 1.95495788 -0.46720000 0.10000000
v 1.95495788 -0.46720000 0.26000000
v 1.98436856 -0.39619633 0.10000000
v 1.98436856 -0.39619633 0.26000000
f 602 601 605
f 602 605 603
f 603 605 606
f 603 606 604
f 605 601 607
f 605 607 606
f 606 607 608
f 606 608 604
f 607 601 609
f 607 609 608
f 608 609 610
f 608 610 604
f 609 601 611
f 609 611 610
f 610 611 612
f 610 612 604
f 611 601 613
f 611 613 612
f 612 613 614
f 612 614 604
f 613 601 615
f 613 615 614
f 614 615 616
f 614 616 604
f 615 601 617
f 615 617 616
f 616 617 618
f 616 618 604
f 617 601 619
f 617 619 618
f 618 619 620
f 618 620 604
f 619 601 621
f 619 621 620
f 620 621 622
f 620 622 604
f 621 601 623
f 621 623 622
f 622 623 624
f 622 624 604
f 623 601 625
f 623 625 624
f 624 625 626
f 624 626 604
f 625 601 627
f 625 627 626
f 626 627 628
f 626 628 604
f 627 601 629
f 627 629 628
f 628 629 630
f 628 630 604
f 629 601 631
f 629 631 630
f 630 631 632
f 630 632 604
f 631 601 633
f 631 633 632
f 632 633 634
f 632 634 604
f 633 601 635
f 633 635 634
f 634 635 636
f 634 636 604
f 635 601 637
f 635 637 636
f 636 637 638
f 636 638 604
f 637 601 639
f 637 639 638
f 638 639 640
f 638 640 604
f 639 601 641
f 639 641 640
f 640 641 642
f 640 642 604
f 641 601 643
f 641 643 642
f 642 643 644
f 642 644 604
f 643 601 645
f 643 645 644
f 644 645 646
f 644 646 604
f 645 601 647
f 645 647 646
f 646 647 648
f 646 648 604
f 647 601 649
f 647 649 648
f 648 649 650
f 648 650 604
f 649 601 602
f 649 602 650
f 650 602 603
f 650 603 604

o geometry_55
v 1.70000000 -0.32000000 3.18000000
v 1.98060000 -0.32000000 3.18000000
v 1.98060000 -0.32000000 3.36000000
v 1.70000000 -0.32000000 3.36000000
v 1.97103879 -0.24737538 3.18000000
v 1.97103879 -0.24737538 3.36000000
v 1.94300673 -0.17970000 3.18000000
v 1.94300673 -0.17970000 3.36000000
v 1.89841416 -0.12158584 3.18000000
v 1.89841416 -0.12158584 3.36000000
v 1.84030000 -0.07699327 3.18000000
v 1.84030000 -0.07699327 3.36000000
v 1.77262462 -0.04896121 3.18000000
v 1.77262462 -0.04896121 3.36000000
v 1.70000000 -0.03940000 3.18000000
v 1.70000000 -0.03940000 3.36000000
v 1.62737538 -0.04896121 3.18000000
v 1.62737538 -0.04896121 3.36000000
v 1.55970000 -0.07699327 3.18000000
v 1.55970000 -0.07699327 3.36000000
v 1.50158584 -0.12158584 3.18000000
v 1.50158584 -0.12158584 3.36000000
v 1.45699327 -0.17970000 3.18000000
v 1.45699327 -0.17970000 3.36000000
v 1.42896121 -0.24737538 3.18000000
v 1.42896121 -0.24737538 3.36000000
v 1.41940000 -0.32000000 3.18000000
v 1.41940000 -0.32000000 3.36000000
v 1.42896121 -0.39262462 3.18000000
v 1.42896121 -0.39262462 3.36000000
v 1.45699327 -0.46030000 3.18000000
v 1.45699327 -0.46030000 3.36000000
v 1.50158584 -0.51841416 3.18000000
v 1.50158584 -0.51841416 3.36000000
v 1.55970000 -0.56300673 3.18000000
v 1.55970000 -0.56300673 3.36000000
v 1.62737538 -0.59103879 3.18000000
v 1.62737538 -0.59103879 3.36000000
v 1.70000000 -0.60060000 3.18000000
v 1.70000000 -0.60060000 3.36000000
v 1.77262462 -0.59103879 3.18000000
v 1.77262462 -0.59103879 3.36000000
v 1.84030000 -0.56300673 3.18000000
v 1.84030000 -0.56300673 3.36000000
v 1.89841416 -0.51841416 3.18000000
v 1.89841416 -0.51841416 3.36000000
v 1.94300673 -0.46030000 3.18000000
v 1.94300673 -0.46030000 3.36000000
v 1.97103879 -0.39262462 3.18000000
v 1.97103879 -0.39262462 3.36000000
f 652 651 655
f 652 655 653
f 653 655 656
f 653 656 654
f 655 651 657
f 655 657 656
f 656 657 658
f 656 658 654
f 657 651 659
f 657 659 658
f 658 659 660
f 658 660 654
f 659 651 661
f 659 661 660
f 660 661 662
f 660 662 654
f 661 651 663
f 661 663 662
f 662 663 664
f 662 664 654
f 663 651 665
f 663 665 664
f 664 665 666
f 664 666 654
f 665 651 667
f 665 667 666
f 666 667 668
f 666 668 654
f 667 651 669
f 667 669 668
f 668 669 670
f 668 670 654
f 669 651 671
f 669 671 670
f 670 671 672
f 670 672 654
f 671 651 673
f 671 673 672
f 672 673 674
f 672 674 654
f 673 651 675
f 673 675 674
f 674 675 676
f 674 676 654
f 675 651 677
f 675 677 676
f 676 677 678
f 676 678 654
f 677 651 679
f 677 679 678
f 678 679 680
f 678 680 654
f 679 651 681
f 679 681 680
f 680 681 682
f 680 682 654
f 681 651 683
f 681 683 682
f 682 683 684
f 682 684 654
f 683 651 685
f 683 685 684
f 684 685 686
f 684 686 654
f 685 651 687
f 685 687 686
f 686 687 688
f 686 688 654
f 687 651 689
f 687 689 688
f 688 689 690
f 688 690 654
f 689 651 691
f 689 691 690
f 690 691 692
f 690 692 654
f 691 651 693
f 691 693 692
f 692 693 694
f 692 694 654
f 693 651 695
f 693 695 694
f 694 695 696
f 694 696 654
f 695 651 697
f 695 697 696
f 696 697 698
f 696 698 654
f 697 651 699
f 697 699 698
f 698 699 700
f 698 700 654
f 699 651 652
f 699 652 700
f 700 652 653
f 700 653 654

o geometry_56
v 1.41250000 -0.67000000 3.11000000
v 1.41250000 -0.67000000 3.27000000
v 1.41250000 0.03000000 3.11000000
v 1.41250000 0.03000000 3.27000000
v 1.98750000 -0.67000000 3.11000000
v 1.98750000 -0.67000000 3.27000000
v 1.98750000 0.03000000 3.11000000
v 1.98750000 0.03000000 3.27000000
f 702 704 701
f 705 702 701
f 701 704 703
f 703 705 701
f 702 708 704
f 706 702 705
f 706 708 702
f 704 708 703
f 707 705 703
f 703 708 707
f 707 706 705
f 708 706 707

o geometry_57
v -1.99000000 -0.66000000 2.63000000
v -1.99000000 -0.66000000 2.81000000
v -1.99000000 -0.58000000 2.63000000
v -1.99000000 -0.58000000 2.81000000
v -1.57000000 -0.66000000 2.63000000
v -1.57000000 -0.66000000 2.81000000
v -1.57000000 -0.58000000 2.63000000
v -1.57000000 -0.58000000 2.81000000
f 710 712 709
f 713 710 709
f 709 712 711
f 711 713 709
f 710 716 712
f 714 710 713
f 714 716 710
f 712 716 711
f 715 713 711
f 711 716 715
f 715 714 713
f 716 714 715

o geometry_58
v -1.89550000 -0.73000000 2.76000000
v -1.89550000 -0.73000000 2.84000000
v -1.89550000 -0.63000000 2.76000000
v -1.89550000 -0.63000000 2.84000000
v -1.66450000 -0.73000000 2.76000000
v -1.66450000 -0.73000000 2.84000000
v -1.66450000 -0.63000000 2.76000000
v -1.66450000 -0.63000000 2.84000000
f 718 720 717
f 721 718 717
f 717 720 719
f 719 721 717
f 718 724 720
f 722 718 721
f 722 724 718
f 720 724 719
f 723 721 719
f 719 724 723
f 723 722 721
f 724 722 723

o geometry_59
v -1.57000000 -0.66000000 2.63000000
v -1.57000000 -0.66000000 2.81000000
v -1.57000000 -0.58000000 2.63000000
v -1.57000000 -0.58000000 2.81000000
v -1.15000000 -0.66000000 2.63000000
v -1.15000000 -0.66000000 2.81000000
v -1.15000000 -0.58000000 2.63000000
v -1.15000000 -0.58000000 2.81000000
f 726 728 725
f 729 726 725
f 725 728 727
f 727 729 725
f 726 732 728
f 730 726 729
f 730 732 726
f 728 732 727
f 731 729 727
f 727 732 731
f 731 730 729
f 732 730 731

o geometry_60
v -1.47550000 -0.73000000 2.60000000
v -1.47550000 -0.73000000 2.68000000
v -1.47550000 -0.63000000 2.60000000
v -1.47550000 -0.63000000 2.68000000
v -1.24450000 -0.73000000 2.60000000
v -1.24450000 -0.73000000 2.68000000
v -1.24450000 -0.63000000 2.60000000
v -1.24450000 -0.63000000 2.68000000
f 734 736 733
f 737 734 733
f 733 736 735
f 735 737 733
f 734 740 736
f 738 734 737
f 738 740 734
f 736 740 735
f 739 737 735
f 735 740 739
f 739 738 737
f 740 738 739

o geometry_61
v -1.15000000 -0.66000000 2.63000000
v -1.15000000 -0.66000000 2.81000000
v -1.15000000 -0.58000000 2.63000000
v -1.15000000 -0.58000000 2.81000000
v -0.73000000 -0.66000000 2.63000000
v -0.73000000 -0.66000000 2.81000000
v -0.73000000 -0.58000000 2.63000000
v -0.73000000 -0.58000000 2.81000000
f 742 744 741
f 745 742 741
f 741 744 743
f 743 745 741
f 742 748 744
f 746 742 745
f 746 748 742
f 744 748 743
f 747 745 743
f 743 748 747
f 747 746 745
f 748 746 747

o geometry_62
v -1.05550000 -0.73000000 2.76000000
v -1.05550000 -0.73000000 2.84000000
v -1.05550000 -0.63000000 2.76000000
v -1.05550000 -0.63000000 2.84000000
v -0.82450000 -0.73000000 2.76000000
v -0.82450000 -0.73000000 2.84000000
v -0.82450000 -0.63000000 2.76000000
v -0.82450000 -0.63000000 2.84000000
f 750 752 749
f 753 750 749
f 749 752 751
f 751 753 749
f 750 756 752
f 754 750 753
f 754 756 750
f 752 756 751
f 755 753 751
f 751 756 755
f 755 754 753
f 756 754 755

o geometry_63
v -0.73000000 -0.66000000 2.63000000
v -0.73000000 -0.66000000 2.81000000
v -0.73000000 -0.58000000 2.63000000
v -0.73000000 -0.58000000 2.81000000
v -0.31000000 -0.66000000 2.63000000
v -0.31000000 -0.66000000 2.81000000
v -0.31000000 -0.58000000 2.63000000
v -0.31000000 -0.58000000 2.81000000
f 758 760 757
f 761 758 757
f 757 760 759
f 759 761 757
f 758 764 760
f 762 758 761
f 762 764 758
f 760 764 759
f 763 761 759
f 759 764 763
f 763 762 761
f 764 762 763

o geometry_64
v -0.63550000 -0.73000000 2.60000000
v -0.63550000 -0.73000000 2.68000000
v -0.63550000 -0.63000000 2.60000000
v -0.63550000 -0.63000000 2.68000000
v -0.40450000 -0.73000000 2.60000000
v -0.40450000 -0.73000000 2.68000000
v -0.40450000 -0.63000000 2.60000000
v -0.40450000 -0.63000000 2.68000000
f 766 768 765
f 769 766 765
f 765 768 767
f 767 769 765
f 766 772 768
f 770 766 769
f 770 772 766
f 768 772 767
f 771 769 767
f 767 772 771
f 771 770 769
f 772 770 771

o geometry_65
v -0.31000000 -0.66000000 2.63000000
v -0.31000000 -0.66000000 2.81000000
v -0.31000000 -0.58000000 2.63000000
v -0.31000000 -0.58000000 2.81000000
v 0.11000000 -0.66000000 2.63000000
v 0.11000000 -0.66000000 2.81000000
v 0.11000000 -0.58000000 2.63000000
v 0.11000000 -0.58000000 2.81000000
f 774 776 773
f 777 774 773
f 773 776 775
f 775 777 773
f 774 780 776
f 778 774 777
f 778 780 774
f 776 780 775
f 779 777 775
f 775 780 779
f 779 778 777
f 780 778 779

o geometry_66
v -0.21550000 -0.73000000 2.76000000
v -0.21550000 -0.73000000 2.84000000
v -0.21550000 -0.63000000 2.76000000
v -0.21550000 -0.63000000 2.84000000
v 0.01550000 -0.73000000 2.76000000
v 0.01550000 -0.73000000 2.84000000
v 0.01550000 -0.63000000 2.76000000
v 0.01550000 -0.63000000 2.84000000
f 782 784 781
f 785 782 781
f 781 784 783
f 783 785 781
f 782 788 784
f 786 782 785
f 786 788 782
f 784 788 783
f 787 785 783
f 783 788 787
f 787 786 785
f 788 786 787

o geometry_67
v 0.11000000 -0.66000000 2.63000000
v 0.11000000 -0.66000000 2.81000000
v 0.11000000 -0.58000000 2.63000000
v 0.11000000 -0.58000000 2.81000000
v 0.53000000 -0.66000000 2.63000000
v 0.53000000 -0.66000000 2.81000000
v 0.53000000 -0.58000000 2.63000000
v 0.53000000 -0.58000000 2.81000000
f 790 792 789
f 793 790 789
f 789 792 791
f 791 793 789
f 790 796 792
f 794 790 793
f 794 796 790
f 792 796 791
f 795 793 791
f 791 796 795
f 795 794 793
f 796 794 795

o geometry_68
v 0.20450000 -0.73000000 2.60000000
v 0.20450000 -0.73000000 2.68000000
v 0.20450000 -0.63000000 2.60000000
v 0.20450000 -0.63000000 2.68000000
v 0.43550000 -0.73000000 2.60000000
v 0.43550000 -0.73000000 2.68000000
v 0.43550000 -0.63000000 2.60000000
v 0.43550000 -0.63000000 2.68000000
f 798 800 797
f 801 798 797
f 797 800 799
f 799 801 797
f 798 804 800
f 802 798 801
f 802 804 798
f 800 804 799
f 803 801 799
f 799 804 803
f 803 802 801
f 804 802 803

o geometry_69
v 0.53000000 -0.66000000 2.63000000
v 0.53000000 -0.66000000 2.81000000
v 0.53000000 -0.58000000 2.63000000
v 0.53000000 -0.58000000 2.81000000
v 0.95000000 -0.66000000 2.63000000
v 0.95000000 -0.66000000 2.81000000
v 0.95000000 -0.58000000 2.63000000
v 0.95000000 -0.58000000 2.81000000
f 806 808 805
f 809 806 805
f 805 808 807
f 807 809 805
f 806 812 808
f 810 806 809
f 810 812 806
f 808 812 807
f 811 809 807
f 807 812 811
f 811 810 809
f 812 810 811

o geometry_70
v 0.62450000 -0.73000000 2.76000000
v 0.62450000 -0.73000000 2.84000000
v 0.62450000 -0.63000000 2.76000000
v 0.62450000 -0.63000000 2.84000000
v 0.85550000 -0.73000000 2.76000000
v 0.85550000 -0.73000000 2.84000000
v 0.85550000 -0.63000000 2.76000000
v 0.85550000 -0.63000000 2.84000000
f 814 816 813
f 817 814 813
f 813 816 815
f 815 817 813
f 814 820 816
f 818 814 817
f 818 820 814
f 816 820 815
f 819 817 815
f 815 820 819
f 819 818 817
f 820 818 819

o geometry_71
v 0.95000000 -0.66000000 2.63000000
v 0.95000000 -0.66000000 2.81000000
v 0.95000000 -0.58000000 2.63000000
v 0.95000000 -0.58000000 2.81000000
v 1.37000000 -0.66000000 2.63000000
v 1.37000000 -0.66000000 2.81000000
v 1.37000000 -0.58000000 2.63000000
v 1.37000000 -0.58000000 2.81000000
f 822 824 821
f 825 822 821
f 821 824 823
f 823 825 821
f 822 828 824
f 826 822 825
f 826 828 822
f 824 828 823
f 827 825 823
f 823 828 827
f 827 826 825
f 828 826 827

o geometry_72
v 1.04450000 -0.73000000 2.60000000
v 1.04450000 -0.73000000 2.68000000
v 1.04450000 -0.63000000 2.60000000
v 1.04450000 -0.63000000 2.68000000
v 1.27550000 -0.73000000 2.60000000
v 1.27550000 -0.73000000 2.68000000
v 1.27550000 -0.63000000 2.60000000
v 1.27550000 -0.63000000 2.68000000
f 830 832 829
f 833 830 829
f 829 832 831
f 831 833 829
f 830 836 832
f 834 830 833
f 834 836 830
f 832 836 831
f 835 833 831
f 831 836 835
f 835 834 833
f 836 834 835

o geometry_73
v 1.37000000 -0.66000000 2.63000000
v 1.37000000 -0.66000000 2.81000000
v 1.37000000 -0.58000000 2.63000000
v 1.37000000 -0.58000000 2.81000000
v 1.79000000 -0.66000000 2.63000000
v 1.79000000 -0.66000000 2.81000000
v 1.79000000 -0.58000000 2.63000000
v 1.79000000 -0.58000000 2.81000000
f 838 840 837
f 841 838 837
f 837 840 839
f 839 841 837
f 838 844 840
f 842 838 841
f 842 844 838
f 840 844 839
f 843 841 839
f 839 844 843
f 843 842 841
f 844 842 843

o geometry_74
v 1.46450000 -0.73000000 2.76000000
v 1.46450000 -0.73000000 2.84000000
v 1.46450000 -0.63000000 2.76000000
v 1.46450000 -0.63000000 2.84000000
v 1.69550000 -0.73000000 2.76000000
v 1.69550000 -0.73000000 2.84000000
v 1.69550000 -0.63000000 2.76000000
v 1.69550000 -0.63000000 2.84000000
f 846 848 845
f 849 846 845
f 845 848 847
f 847 849 845
f 846 852 848
f 850 846 849
f 850 852 846
f 848 852 847
f 851 849 847
f 847 852 851
f 851 850 849
f 852 850 851

o geometry_75
v -1.15000000 -0.72000000 1.58000000
v -1.10500000 -0.72000000 1.58000000
v -1.10500000 -0.72000000 1.92000000
v -1.15000000 -0.72000000 1.92000000
v -1.11102886 -0.69750000 1.58000000
v -1.11102886 -0.69750000 1.92000000
v -1.12750000 -0.68102886 1.58000000
v -1.12750000 -0.68102886 1.92000000
v -1.15000000 -0.67500000 1.58000000
v -1.15000000 -0.67500000 1.92000000
v -1.17250000 -0.68102886 1.58000000
v -1.17250000 -0.68102886 1.92000000
v -1.18897114 -0.69750000 1.58000000
v -1.18897114 -0.69750000 1.92000000
v -1.19500000 -0.72000000 1.58000000
v -1.19500000 -0.72000000 1.92000000
v -1.18897114 -0.74250000 1.58000000
v -1.18897114 -0.74250000 1.92000000
v -1.17250000 -0.75897114 1.58000000
v -1.17250000 -0.75897114 1.92000000
v -1.15000000 -0.76500000 1.58000000
v -1.15000000 -0.76500000 1.92000000
v -1.12750000 -0.75897114 1.58000000
v -1.12750000 -0.75897114 1.92000000
v -1.11102886 -0.74250000 1.58000000
v -1.11102886 -0.74250000 1.92000000
f 854 853 857
f 854 857 855
f 855 857 858
f 855 858 856
f 857 853 859
f 857 859 858
f 858 859 860
f 858 860 856
f 859 853 861
f 859 861 860
f 860 861 862
f 860 862 856
f 861 853 863
f 861 863 862
f 862 863 864
f 862 864 856
f 863 853 865
f 863 865 864
f 864 865 866
f 864 866 856
f 865 853 867
f 865 867 866
f 866 867 868
f 866 868 856
f 867 853 869
f 867 869 868
f 868 869 870
f 868 870 856
f 869 853 871
f 869 871 870
f 870 871 872
f 870 872 856
f 871 853 873
f 871 873 872
f 872 873 874
f 872 874 856
f 873 853 875
f 873 875 874
f 874 875 876
f 874 876 856
f 875 853 877
f 875 877 876
f 876 877 878
f 876 878 856
f 877 853 854
f 877 854 878
f 878 854 855
f 878 855 856

o geometry_76
v -1.24000000 -0.70000000 1.59000000
v -1.24000000 -0.70000000 1.83000000
v -1.24000000 -0.64000000 1.59000000
v -1.24000000 -0.64000000 1.83000000
v -1.06000000 -0.70000000 1.59000000
v -1.06000000 -0.70000000 1.83000000
v -1.06000000 -0.64000000 1.59000000
v -1.06000000 -0.64000000 1.83000000
f 880 882 879
f 883 880 879
f 879 882 881
f 881 883 879
f 880 886 882
f 884 880 883
f 884 886 880
f 882 886 881
f 885 883 881
f 881 886 885
f 885 884 883
f 886 884 885

o geometry_77
v -1.15000000 -0.73000000 1.98000000
v -1.05000000 -0.73000000 1.98000000
v -1.15000000 -0.73000000 2.18000000
v -1.06339746 -0.68000000 1.98000000
v -1.10000000 -0.64339746 1.98000000
v -1.15000000 -0.63000000 1.98000000
v -1.20000000 -0.64339746 1.98000000
v -1.23660254 -0.68000000 1.98000000
v -1.25000000 -0.73000000 1.98000000
v -1.23660254 -0.78000000 1.98000000
v -1.20000000 -0.81660254 1.98000000
v -1.15000000 -0.83000000 1.98000000
v -1.10000000 -0.81660254 1.98000000
v -1.06339746 -0.78000000 1.98000000
f 888 887 890
f 888 890 889
f 890 887 891
f 890 891 889
f 891 887 892
f 891 892 889
f 892 887 893
f 892 893 889
f 893 887 894
f 893 894 889
f 894 887 895
f 894 895 889
f 895 887 896
f 895 896 889
f 896 887 897
f 896 897 889
f 897 887 898
f 897 898 889
f 898 887 899
f 898 899 889
f 899 887 900
f 899 900 889
f 900 887 888
f 900 888 889

o geometry_78
v 1.67486387 -0.34605301 0.08072062
v 1.80544030 -0.34605301 0.08072062
v 1.67486387 -0.49394699 0.08072062
v 1.80544030 -0.49394699 0.08072062
v 1.74015208 -0.46570175 0.20676892
v 1.74015208 -0.37429825 0.20676892
v 1.74015208 -0.46570175 -0.04532768
v 1.74015208 -0.37429825 -0.04532768
v 1.84579063 -0.42000000 0.00281848
v 1.84579063 -0.42000000 0.15862275
v 1.63451353 -0.42000000 0.00281848
v 1.63451353 -0.42000000 0.15862275
v 1.74015208 -0.33307011 0.08072062
v 1.74015208 -0.50692989 0.08072062
v 1.70177663 -0.49032776 0.15480995
v 1.77852753 -0.49032776 0.15480995
v 1.70177663 -0.34967224 0.15480995
v 1.77852753 -0.34967224 0.15480995
v 1.74015208 -0.42000000 0.22889928
v 1.70177663 -0.49032776 0.00663128
v 1.77852753 -0.49032776 0.00663128
v 1.70177663 -0.34967224 0.00663128
v 1.77852753 -0.34967224 0.00663128
v 1.74015208 -0.42000000 -0.06745805
v 1.84062031 -0.37653505 0.03493089
v 1.84062031 -0.46346495 0.03493089
v 1.80224486 -0.44686281 -0.03915844
v 1.80224486 -0.39313719 -0.03915844
v 1.84062031 -0.37653505 0.12651034
v 1.84062031 -0.46346495 0.12651034
v 1.80224486 -0.44686281 0.20059967
v 1.80224486 -0.39313719 0.20059967
v 1.86433764 -0.42000000 0.08072062
v 1.63968385 -0.37653505 0.03493089
v 1.63968385 -0.46346495 0.03493089
v 1.67805930 -0.44686281 -0.03915844
v 1.67805930 -0.39313719 -0.03915844
v 1.63968385 -0.37653505 0.12651034
v 1.63968385 -0.46346495 0.12651034
v 1.67805930 -0.44686281 0.20059967
v 1.67805930 -0.39313719 0.20059967
v 1.61596652 -0.42000000 0.08072062
f 901 938 917
f 938 912 941
f 917 941 906
f 938 941 917
f 901 917 913
f 917 906 918
f 913 918 902
f 917 918 913
f 901 913 922
f 913 902 923
f 922 923 908
f 913 923 922
f 901 922 934
f 922 908 937
f 934 937 911
f 922 937 934
f 901 934 938
f 934 911 942
f 938 942 912
f 934 942 938
f 902 918 929
f 918 906 932
f 929 932 910
f 918 932 929
f 906 941 919
f 941 912 940
f 919 940 905
f 941 940 919
f 912 942 939
f 942 911 935
f 939 935 903
f 942 935 939
f 911 937 936
f 937 908 924
f 936 924 907
f 937 924 936
f 908 923 928
f 923 902 925
f 928 925 909
f 923 925 928
f 904 930 916
f 930 910 931
f 916 931 905
f 930 931 916
f 904 916 914
f 916 905 915
f 914 915 903
f 916 915 914
f 904 914 921
f 914 903 920
f 921 920 907
f 914 920 921
f 904 921 926
f 921 907 927
f 926 927 909
f 921 927 926
f 904 926 930
f 926 909 933
f 930 933 910
f 926 933 930
f 905 931 919
f 931 910 932
f 919 932 906
f 931 932 919
f 903 915 939
f 915 905 940
f 939 940 912
f 915 940 939
f 907 920 936
f 920 903 935
f 936 935 911
f 920 935 936
f 909 927 928
f 927 907 924
f 928 924 908
f 927 924 928
f 910 933 929
f 933 909 925
f 929 925 902
f 933 925 929

o geometry_79
v 1.31772947 -0.33311563 0.09484308
v 1.47115087 -0.33311563 0.09484308
v 1.31772947 -0.50688437 0.09484308
v 1.47115087 -0.50688437 0.09484308
v 1.39444017 -0.47369749 0.21236095
v 1.39444017 -0.36630251 0.21236095
v 1.39444017 -0.47369749 -0.02267480
v 1.39444017 -0.36630251 -0.02267480
v 1.51856069 -0.42000000 0.02221303
v 1.51856069 -0.42000000 0.16747312
v 1.27031965 -0.42000000 0.02221303
v 1.27031965 -0.42000000 0.16747312
v 1.39444017 -0.31786130 0.09484308
v 1.39444017 -0.52213870 0.09484308
v 1.34935075 -0.50263194 0.16391835
v 1.43952959 -0.50263194 0.16391835
v 1.34935075 -0.33736806 0.16391835
v 1.43952959 -0.33736806 0.16391835
v 1.39444017 -0.42000000 0.23299363
v 1.34935075 -0.50263194 0.02576780
v 1.43952959 -0.50263194 0.02576780
v 1.34935075 -0.33736806 0.02576780
v 1.43952959 -0.33736806 0.02576780
v 1.39444017 -0.42000000 -0.04330747
v 1.51248580 -0.36893065 0.05215221
v 1.51248580 -0.47106935 0.05215221
v 1.46739638 -0.45156259 -0.01692307
v 1.46739638 -0.38843741 -0.01692307
v 1.51248580 -0.36893065 0.13753394
v 1.51248580 -0.47106935 0.13753394
v 1.46739638 -0.45156259 0.20660922
v 1.46739638 -0.38843741 0.20660922
v 1.54035260 -0.42000000 0.09484308
v 1.27639454 -0.36893065 0.05215221
v 1.27639454 -0.47106935 0.05215221
v 1.32148396 -0.45156259 -0.01692307
v 1.32148396 -0.38843741 -0.01692307
v 1.27639454 -0.36893065 0.13753394
v 1.27639454 -0.47106935 0.13753394
v 1.32148396 -0.45156259 0.20660922
v 1.32148396 -0.38843741 0.20660922
v 1.24852775 -0.42000000 0.09484308
f 943 980 959
f 980 954 983
f 959 983 948
f 980 983 959
f 943 959 955
f 959 948 960
f 955 960 944
f 959 960 955
f 943 955 964
f 955 944 965
f 964 965 950
f 955 965 964
f 943 964 976
f 964 950 979
f 976 979 953
f 964 979 976
f 943 976 980
f 976 953 984
f 980 984 954
f 976 984 980
f 944 960 971
f 960 948 974
f 971 974 952
f 960 974 971
f 948 983 961
f 983 954 982
f 961 982 947
f 983 982 961
f 954 984 981
f 984 953 977
f 981 977 945
f 984 977 981
f 953 979 978
f 979 950 966
f 978 966 949
f 979 966 978
f 950 965 970
f 965 944 967
f 970 967 951
f 965 967 970
f 946 972 958
f 972 952 973
f 958 973 947
f 972 973 958
f 946 958 956
f 958 947 957
f 956 957 945
f 958 957 956
f 946 956 963
f 956 945 962
f 963 962 949
f 956 962 963
f 946 963 968
f 963 949 969
f 968 969 951
f 963 969 968
f 946 968 972
f 968 951 975
f 972 975 952
f 968 975 972
f 947 973 961
f 973 952 974
f 961 974 948
f 973 974 961
f 945 957 981
f 957 947 982
f 981 982 954
f 957 982 981
f 949 962 978
f 962 945 977
f 978 977 953
f 962 977 978
f 951 969 970
f 969 949 966
f 970 966 950
f 969 966 970
f 952 975 971
f 975 951 967
f 971 967 944
f 975 967 971

o geometry_80
v 0.88901115 -0.29061540 0.14123638
v 1.11747994 -0.29061540 0.14123638
v 0.88901115 -0.54938460 0.14123638
v 1.11747994 -0.54938460 0.14123638
v 1.00324555 -0.49996408 0.35418611
v 1.00324555 -0.34003592 0.35418611
v 1.00324555 -0.49996408 -0.07171336
v 1.00324555 -0.34003592 -0.07171336
v 1.18808068 -0.42000000 0.00962620
v 1.18808068 -0.42000000 0.27284655
v 0.81841041 -0.42000000 0.00962620
v 0.81841041 -0.42000000 0.27284655
v 1.00324555 -0.26789929 0.14123638
v 1.00324555 -0.57210071 0.14123638
v 0.93610025 -0.54305206 0.26640509
v 1.07039084 -0.54305206 0.26640509
v 0.93610025 -0.29694794 0.26640509
v 1.07039084 -0.29694794 0.26640509
v 1.00324555 -0.42000000 0.39157380
v 0.93610025 -0.54305206 0.01606766
v 1.07039084 -0.54305206 0.01606766
v 0.93610025 -0.29694794 0.01606766
v 1.07039084 -0.29694794 0.01606766
v 1.00324555 -0.42000000 -0.10910105
v 1.17903421 -0.34394964 0.06387786
v 1.17903421 -0.49605036 0.06387786
v 1.11188891 -0.46700171 -0.06129085
v 1.11188891 -0.37299829 -0.06129085
v 1.17903421 -0.34394964 0.21859490
v 1.17903421 -0.49605036 0.21859490
v 1.11188891 -0.46700171 0.34376361
v 1.11188891 -0.37299829 0.34376361
v 1.22053228 -0.42000000 0.14123638
v 0.82745688 -0.34394964 0.06387786
v 0.82745688 -0.49605036 0.06387786
v 0.89460218 -0.46700171 -0.06129085
v 0.89460218 -0.37299829 -0.06129085
v 0.82745688 -0.34394964 0.21859490
v 0.82745688 -0.49605036 0.21859490
v 0.89460218 -0.46700171 0.34376361
v 0.89460218 -0.37299829 0.34376361
v 0.78595881 -0.42000000 0.14123638
f 985 1022 1001
f 1022 996 1025
f 1001 1025 990
f 1022 1025 1001
f 985 1001 997
f 1001 990 1002
f 997 1002 986
f 1001 1002 997
f 985 997 1006
f 997 986 1007
f 1006 1007 992
f 997 1007 1006
f 985 1006 1018
f 1006 992 1021
f 1018 1021 995
f 1006 1021 1018
f 985 1018 1022
f 1018 995 1026
f 1022 1026 996
f 1018 1026 1022
f 986 1002 1013
f 1002 990 1016
f 1013 1016 994
f 1002 1016 1013
f 990 1025 1003
f 1025 996 1024
f 1003 1024 989
f 1025 1024 1003
f 996 1026 1023
f 1026 995 1019
f 1023 1019 987
f 1026 1019 1023
f 995 1021 1020
f 1021 992 1008
f 1020 1008 991
f 1021 1008 1020
f 992 1007 1012
f 1007 986 1009
f 1012 1009 993
f 1007 1009 1012
f 988 1014 1000
f 1014 994 1015
f 1000 1015 989
f 1014 1015 1000
f 988 1000 998
f 1000 989 999
f 998 999 987
f 1000 999 998
f 988 998 1005
f 998 987 1004
f 1005 1004 991
f 998 1004 1005
f 988 1005 1010
f 1005 991 1011
f 1010 1011 993
f 1005 1011 1010
f 988 1010 1014
f 1010 993 1017
f 1014 1017 994
f 1010 1017 1014
f 989 1015 1003
f 1015 994 1016
f 1003 1016 990
f 1015 1016 1003
f 987 999 1023
f 999 989 1024
f 1023 1024 996
f 999 1024 1023
f 991 1004 1020
f 1004 987 1019
f 1020 1019 995
f 1004 1019 1020
f 993 1011 1012
f 1011 991 1008
f 1012 1008 992
f 1011 1008 1012
f 994 1017 1013
f 1017 993 1009
f 1013 1009 986
f 1017 1009 1013

o geometry_81
v 1.32078810 -0.35741610 0.06831665
v 1.43129945 -0.35741610 0.06831665
v 1.32078810 -0.48258390 0.06831665
v 1.43129945 -0.48258390 0.06831665
v 1.37604377 -0.45867897 0.17426543
v 1.37604377 -0.38132103 0.17426543
v 1.37604377 -0.45867897 -0.03763212
v 1.37604377 -0.38132103 -0.03763212
v 1.46544934 -0.42000000 0.00283671
v 1.46544934 -0.42000000 0.13379660
v 1.28663821 -0.42000000 0.00283671
v 1.28663821 -0.42000000 0.13379660
v 1.37604377 -0.34642822 0.06831665
v 1.37604377 -0.49357178 0.06831665
v 1.34356530 -0.47952082 0.13059178
v 1.40852225 -0.47952082 0.13059178
v 1.34356530 -0.36047918 0.13059178
v 1.40852225 -0.36047918 0.13059178
v 1.37604377 -0.42000000 0.19286691
v 1.34356530 -0.47952082 0.00604153
v 1.40852225 -0.47952082 0.00604153
v 1.34356530 -0.36047918 0.00604153
v 1.40852225 -0.36047918 0.00604153
v 1.37604377 -0.42000000 -0.05623360
v 1.46107352 -0.38321411 0.02982851
v 1.46107352 -0.45678589 0.02982851
v 1.42859505 -0.44273493 -0.03244662
v 1.42859505 -0.39726507 -0.03244662
v 1.46107352 -0.38321411 0.10680480
v 1.46107352 -0.45678589 0.10680480
v 1.42859505 -0.44273493 0.16907993
v 1.42859505 -0.39726507 0.16907993
v 1.48114632 -0.42000000 0.06831665
v 1.29101403 -0.38321411 0.02982851
v 1.29101403 -0.45678589 0.02982851
v 1.32349250 -0.44273493 -0.03244662
v 1.32349250 -0.39726507 -0.03244662
v 1.29101403 -0.38321411 0.10680480
v 1.29101403 -0.45678589 0.10680480
v 1.32349250 -0.44273493 0.16907993
v 1.32349250 -0.39726507 0.16907993
v 1.27094123 -0.42000000 0.06831665
f 1027 1064 1043
f 1064 1038 1067
f 1043 1067 1032
f 1064 1067 1043
f 1027 1043 1039
f 1043 1032 1044
f 1039 1044 1028
f 1043 1044 1039
f 1027 1039 1048
f 1039 1028 1049
f 1048 1049 1034
f 1039 1049 1048
f 1027 1048 1060
f 1048 1034 1063
f 1060 1063 1037
f 1048 1063 1060
f 1027 1060 1064
f 1060 1037 1068
f 1064 1068 1038
f 1060 1068 1064
f 1028 1044 1055
f 1044 1032 1058
f 1055 1058 1036
f 1044 1058 1055
f 1032 1067 1045
f 1067 1038 1066
f 1045 1066 1031
f 1067 1066 1045
f 1038 1068 1065
f 1068 1037 1061
f 1065 1061 1029
f 1068 1061 1065
f 1037 1063 1062
f 1063 1034 1050
f 1062 1050 1033
f 1063 1050 1062
f 1034 1049 1054
f 1049 1028 1051
f 1054 1051 1035
f 1049 1051 1054
f 1030 1056 1042
f 1056 1036 1057
f 1042 1057 1031
f 1056 1057 1042
f 1030 1042 1040
f 1042 1031 1041
f 1040 1041 1029
f 1042 1041 1040
f 1030 1040 1047
f 1040 1029 1046
f 1047 1046 1033
f 1040 1046 1047
f 1030 1047 1052
f 1047 1033 1053
f 1052 1053 1035
f 1047 1053 1052
f 1030 1052 1056
f 1052 1035 1059
f 1056 1059 1036
f 1052 1059 1056
f 1031 1057 1045
f 1057 1036 1058
f 1045 1058 1032
f 1057 1058 1045
f 1029 1041 1065
f 1041 1031 1066
f 1065 1066 1038
f 1041 1066 1065
f 1033 1046 1062
f 1046 1029 1061
f 1062 1061 1037
f 1046 1061 1062
f 1035 1053 1054
f 1053 1033 1050
f 1054 1050 1034
f 1053 1050 1054
f 1036 1059 1055
f 1059 1035 1051
f 1055 1051 1028
f 1059 1051 1055

o geometry_82
v 1.26521702 -0.27875174 0.15418677
v 1.51463481 -0.27875174 0.15418677
v 1.26521702 -0.56124826 0.15418677
v 1.51463481 -0.56124826 0.15418677
v 1.38992591 -0.50729623 0.27555418
v 1.38992591 -0.33270377 0.27555418
v 1.38992591 -0.50729623 0.03281935
v 1.38992591 -0.33270377 0.03281935
v 1.59170914 -0.42000000 0.07917758
v 1.59170914 -0.42000000 0.22919596
v 1.18814268 -0.42000000 0.07917758
v 1.18814268 -0.42000000 0.22919596
v 1.38992591 -0.25395271 0.15418677
v 1.38992591 -0.58604729 0.15418677
v 1.31662386 -0.55433508 0.22552475
v 1.46322796 -0.55433508 0.22552475
v 1.31662386 -0.28566492 0.22552475
v 1.46322796 -0.28566492 0.22552475
v 1.38992591 -0.42000000 0.29686272
v 1.31662386 -0.55433508 0.08284879
v 1.46322796 -0.55433508 0.08284879
v 1.31662386 -0.28566492 0.08284879
v 1.46322796 -0.28566492 0.08284879
v 1.38992591 -0.42000000 0.01151082
v 1.58183317 -0.33697635 0.11009748
v 1.58183317 -0.50302365 0.11009748
v 1.50853112 -0.47131143 0.03875950
v 1.50853112 -0.36868857 0.03875950
v 1.58183317 -0.33697635 0.19827606
v 1.58183317 -0.50302365 0.19827606
v 1.50853112 -0.47131143 0.26961404
v 1.50853112 -0.36868857 0.26961404
v 1.62713633 -0.42000000 0.15418677
v 1.19801866 -0.33697635 0.11009748
v 1.19801866 -0.50302365 0.11009748
v 1.27132071 -0.47131143 0.03875950
v 1.27132071 -0.36868857 0.03875950
v 1.19801866 -0.33697635 0.19827606
v 1.19801866 -0.50302365 0.19827606
v 1.27132071 -0.47131143 0.26961404
v 1.27132071 -0.36868857 0.26961404
v 1.15271550 -0.42000000 0.15418677
f 1069 1106 1085
f 1106 1080 1109
f 1085 1109 1074
f 1106 1109 1085
f 1069 1085 1081
f 1085 1074 1086
f 1081 1086 1070
f 1085 1086 1081
f 1069 1081 1090
f 1081 1070 1091
f 1090 1091 1076
f 1081 1091 1090
f 1069 1090 1102
f 1090 1076 1105
f 1102 1105 1079
f 1090 1105 1102
f 1069 1102 1106
f 1102 1079 1110
f 1106 1110 1080
f 1102 1110 1106
f 1070 1086 1097
f 1086 1074 1100
f 1097 1100 1078
f 1086 1100 1097
f 1074 1109 1087
f 1109 1080 1108
f 1087 1108 1073
f 1109 1108 1087
f 1080 1110 1107
f 1110 1079 1103
f 1107 1103 1071
f 1110 1103 1107
f 1079 1105 1104
f 1105 1076 1092
f 1104 1092 1075
f 1105 1092 1104
f 1076 1091 1096
f 1091 1070 1093
f 1096 1093 1077
f 1091 1093 1096
f 1072 1098 1084
f 1098 1078 1099
f 1084 1099 1073
f 1098 1099 1084
f 1072 1084 1082
f 1084 1073 1083
f 1082 1083 1071
f 1084 1083 1082
f 1072 1082 1089
f 1082 1071 1088
f 1089 1088 1075
f 1082 1088 1089
f 1072 1089 1094
f 1089 1075 1095
f 1094 1095 1077
f 1089 1095 1094
f 1072 1094 1098
f 1094 1077 1101
f 1098 1101 1078
f 1094 1101 1098
f 1073 1099 1087
f 1099 1078 1100
f 1087 1100 1074
f 1099 1100 1087
f 1071 1083 1107
f 1083 1073 1108
f 1107 1108 1080
f 1083 1108 1107
f 1075 1088 1104
f 1088 1071 1103
f 1104 1103 1079
f 1088 1103 1104
f 1077 1095 1096
f 1095 1075 1092
f 1096 1092 1076
f 1095 1092 1096
f 1078 1101 1097
f 1101 1077 1093
f 1097 1093 1070
f 1101 1093 1097

o geometry_83
v 1.81894417 -0.28311834 0.14942018
v 2.06065136 -0.28311834 0.14942018
v 1.81894417 -0.55688166 0.14942018
v 2.06065136 -0.55688166 0.14942018
v 1.93979777 -0.50459752 0.29806068
v 1.93979777 -0.33540248 0.29806068
v 1.93979777 -0.50459752 0.00077969
v 1.93979777 -0.33540248 0.00077969
v 2.13534300 -0.42000000 0.05755531
v 2.13534300 -0.42000000 0.24128506
v 1.74425253 -0.42000000 0.05755531
v 1.74425253 -0.42000000 0.24128506
v 1.93979777 -0.25908596 0.14942018
v 1.93979777 -0.58091404 0.14942018
v 1.86876180 -0.55018220 0.23678887
v 2.01083373 -0.55018220 0.23678887
v 1.86876180 -0.28981780 0.23678887
v 2.01083373 -0.28981780 0.23678887
v 1.93979777 -0.42000000 0.32415756
v 1.86876180 -0.55018220 0.06205149
v 2.01083373 -0.55018220 0.06205149
v 1.86876180 -0.28981780 0.06205149
v 2.01083373 -0.28981780 0.06205149
v 1.93979777 -0.42000000 -0.02531719
v 2.12577233 -0.33954298 0.09542336
v 2.12577233 -0.50045702 0.09542336
v 2.05473637 -0.46972517 0.00805468
v 2.05473637 -0.37027483 0.00805468
v 2.12577233 -0.33954298 0.20341700
v 2.12577233 -0.50045702 0.20341700
v 2.05473637 -0.46972517 0.29078569
v 2.05473637 -0.37027483 0.29078569
v 2.16967497 -0.42000000 0.14942018
v 1.75382320 -0.33954298 0.09542336
v 1.75382320 -0.50045702 0.09542336
v 1.82485916 -0.46972517 0.00805468
v 1.82485916 -0.37027483 0.00805468
v 1.75382320 -0.33954298 0.20341700
v 1.75382320 -0.50045702 0.20341700
v 1.82485916 -0.46972517 0.29078569
v 1.82485916 -0.37027483 0.29078569
v 1.70992056 -0.42000000 0.14942018
f 1111 1148 1127
f 1148 1122 1151
f 1127 1151 1116
f 1148 1151 1127
f 1111 1127 1123
f 1127 1116 1128
f 1123 1128 1112
f 1127 1128 1123
f 1111 1123 1132
f 1123 1112 1133
f 1132 1133 1118
f 1123 1133 1132
f 1111 1132 1144
f 1132 1118 1147
f 1144 1147 1121
f 1132 1147 1144
f 1111 1144 1148
f 1144 1121 1152
f 1148 1152 1122
f 1144 1152 1148
f 1112 1128 1139
f 1128 1116 1142
f 1139 1142 1120
f 1128 1142 1139
f 1116 1151 1129
f 1151 1122 1150
f 1129 1150 1115
f 1151 1150 1129
f 1122 1152 1149
f 1152 1121 1145
f 1149 1145 1113
f 1152 1145 1149
f 1121 1147 1146
f 1147 1118 1134
f 1146 1134 1117
f 1147 1134 1146
f 1118 1133 1138
f 1133 1112 1135
f 1138 1135 1119
f 1133 1135 1138
f 1114 1140 1126
f 1140 1120 1141
f 1126 1141 1115
f 1140 1141 1126
f 1114 1126 1124
f 1126 1115 1125
f 1124 1125 1113
f 1126 1125 1124
f 1114 1124 1131
f 1124 1113 1130
f 1131 1130 1117
f 1124 1130 1131
f 1114 1131 1136
f 1131 1117 1137
f 1136 1137 1119
f 1131 1137 1136
f 1114 1136 1140
f 1136 1119 1143
f 1140 1143 1120
f 1136 1143 1140
f 1115 1141 1129
f 1141 1120 1142
f 1129 1142 1116
f 1141 1142 1129
f 1113 1125 1149
f 1125 1115 1150
f 1149 1150 1122
f 1125 1150 1149
f 1117 1130 1146
f 1130 1113 1145
f 1146 1145 1121
f 1130 1145 1146
f 1119 1137 1138
f 1137 1117 1134
f 1138 1134 1118
f 1137 1134 1138
f 1120 1143 1139
f 1143 1119 1135
f 1139 1135 1112
f 1143 1135 1139

o geometry_84
v -2.00000000 -0.29500000 0.00000000
v -2.00000000 -0.29500000 0.18000000
v -2.00000000 0.25500000 0.00000000
v -2.00000000 0.25500000 0.18000000
v 2.00000000 -0.29500000 0.00000000
v 2.00000000 -0.29500000 0.18000000
v 2.00000000 0.25500000 0.00000000
v 2.00000000 0.25500000 0.18000000
f 1154 1156 1153
f 1157 1154 1153
f 1153 1156 1155
f 1155 1157 1153
f 1154 1160 1156
f 1158 1154 1157
f 1158 1160 1154
f 1156 1160 1155
f 1159 1157 1155
f 1155 1160 1159
f 1159 1158 1157
f 1160 1158 1159

o geometry_85
v -2.00000000 -0.33000000 3.25000000
v -2.00000000 -0.33000000 3.50000000
v -2.00000000 0.29000000 3.25000000
v -2.00000000 0.29000000 3.50000000
v 2.00000000 -0.33000000 3.25000000
v 2.00000000 -0.33000000 3.50000000
v 2.00000000 0.29000000 3.25000000
v 2.00000000 0.29000000 3.50000000
f 1162 1164 1161
f 1165 1162 1161
f 1161 1164 1163
f 1163 1165 1161
f 1162 1168 1164
f 1166 1162 1165
f 1166 1168 1162
f 1164 1168 1163
f 1167 1165 1163
f 1163 1168 1167
f 1167 1166 1165
f 1168 1166 1167

o geometry_86
v 2.80974939 -0.48207539 0.00599776
v 2.80974939 -0.48207539 0.48099776
v 2.80825295 -0.00207772 0.00599776
v 2.80825295 -0.00207772 0.48099776
v 3.29068246 -0.48057603 0.00599776
v 3.29068246 -0.48057603 0.48099776
v 3.28918601 -0.00057836 0.00599776
v 3.28918601 -0.00057836 0.48099776
f 1170 1172 1169
f 1173 1170 1169
f 1169 1172 1171
f 1171 1173 1169
f 1170 1176 1172
f 1174 1170 1173
f 1174 1176 1170
f 1172 1176 1171
f 1175 1173 1171
f 1171 1176 1175
f 1175 1174 1173
f 1176 1174 1175

o geometry_87
v 3.31037875 -0.46964320 -0.01184160
v 3.31037875 -0.46964320 0.46315840
v 3.30551928 0.01033220 -0.01184160
v 3.30551928 0.01033220 0.46315840
v 3.84169516 -0.46426393 -0.01184160
v 3.84169516 -0.46426393 0.46315840
v 3.83683569 0.01571147 -0.01184160
v 3.83683569 0.01571147 0.46315840
f 1178 1180 1177
f 1181 1178 1177
f 1177 1180 1179
f 1179 1181 1177
f 1178 1184 1180
f 1182 1178 1181
f 1182 1184 1178
f 1180 1184 1179
f 1183 1181 1179
f 1179 1184 1183
f 1183 1182 1181
f 1184 1182 1183

o geometry_88
v 5.98152600 -0.47634925 0.01945341
v 5.98152600 -0.47634925 0.49445341
v 5.98655703 0.00362439 0.01945341
v 5.98655703 0.00362439 0.49445341
v 6.54023530 -0.48220558 0.01945341
v 6.54023530 -0.48220558 0.49445341
v 6.54526633 -0.00223194 0.01945341
v 6.54526633 -0.00223194 0.49445341
f 1186 1188 1185
f 1189 1186 1185
f 1185 1188 1187
f 1187 1189 1185
f 1186 1192 1188
f 1190 1186 1189
f 1190 1192 1186
f 1188 1192 1187
f 1191 1189 1187
f 1187 1192 1191
f 1191 1190 1189
f 1192 1190 1191

o geometry_89
v 6.56250617 -0.49186823 0.01365906
v 6.56250617 -0.49186823 0.48865906
v 6.55903218 -0.01188080 0.01365906
v 6.55903218 -0.01188080 0.48865906
v 6.79273398 -0.49020192 0.01365906
v 6.79273398 -0.49020192 0.48865906
v 6.78925999 -0.01021449 0.01365906
v 6.78925999 -0.01021449 0.48865906
f 1194 1196 1193
f 1197 1194 1193
f 1193 1196 1195
f 1195 1197 1193
f 1194 1200 1196
f 1198 1194 1197
f 1198 1200 1194
f 1196 1200 1195
f 1199 1197 1195
f 1195 1200 1199
f 1199 1198 1197
f 1200 1198 1199

o geometry_90
v 2.80965718 -0.46784394 0.52541151
v 2.80965718 -0.46784394 1.00041151
v 2.80834535 0.01215427 0.52541151
v 2.80834535 0.01215427 1.00041151
v 3.48575902 -0.46599616 0.52541151
v 3.48575902 -0.46599616 1.00041151
v 3.48444719 0.01400205 0.52541151
v 3.48444719 0.01400205 1.00041151
f 1202 1204 1201
f 1205 1202 1201
f 1201 1204 1203
f 1203 1205 1201
f 1202 1208 1204
f 1206 1202 1205
f 1206 1208 1202
f 1204 1208 1203
f 1207 1205 1203
f 1203 1208 1207
f 1207 1206 1205
f 1208 1206 1207

o geometry_91
v 6.11762849 -0.49561778 0.52320647
v 6.11762849 -0.49561778 0.99820647
v 6.11156483 -0.01565608 0.52320647
v 6.11156483 -0.01565608 0.99820647
v 6.79400484 -0.48707269 0.52320647
v 6.79400484 -0.48707269 0.99820647
v 6.78794118 -0.00711099 0.52320647
v 6.78794118 -0.00711099 0.99820647
f 1210 1212 1209
f 1213 1210 1209
f 1209 1212 1211
f 1211 1213 1209
f 1210 1216 1212
f 1214 1210 1213
f 1214 1216 1210
f 1212 1216 1211
f 1215 1213 1211
f 1211 1216 1215
f 1215 1214 1213
f 1216 1214 1215

o geometry_92
v 2.81216308 -0.49313067 1.00973105
v 2.81216308 -0.49313067 1.48473105
v 2.80589081 -0.01317165 1.00973105
v 2.80589081 -0.01317165 1.48473105
v 3.44329074 -0.48488287 1.00973105
v 3.44329074 -0.48488287 1.48473105
v 3.43701847 -0.00492386 1.00973105
v 3.43701847 -0.00492386 1.48473105
f 1218 1220 1217
f 1221 1218 1217
f 1217 1220 1219
f 1219 1221 1217
f 1218 1224 1220
f 1222 1218 1221
f 1222 1224 1218
f 1220 1224 1219
f 1223 1221 1219
f 1219 1224 1223
f 1223 1222 1221
f 1224 1222 1223

o geometry_93
v 6.01276287 -0.47592006 1.01883241
v 6.01276287 -0.47592006 1.49383241
v 6.01562808 0.00407138 1.01883241
v 6.01562808 0.00407138 1.49383241
v 6.73664050 -0.48024110 1.01883241
v 6.73664050 -0.48024110 1.49383241
v 6.73950571 -0.00024965 1.01883241
v 6.73950571 -0.00024965 1.49383241
f 1226 1228 1225
f 1229 1226 1225
f 1225 1228 1227
f 1227 1229 1225
f 1226 1232 1228
f 1230 1226 1229
f 1230 1232 1226
f 1228 1232 1227
f 1231 1229 1227
f 1227 1232 1231
f 1231 1230 1229
f 1232 1230 1231

o geometry_94
v 6.75669214 -0.47661977 1.00504552
v 6.75669214 -0.47661977 1.48004552
v 6.75546708 0.00337867 1.00504552
v 6.75546708 0.00337867 1.48004552
v 6.79161248 -0.47653064 1.00504552
v 6.79161248 -0.47653064 1.48004552
v 6.79038741 0.00346779 1.00504552
v 6.79038741 0.00346779 1.48004552
f 1234 1236 1233
f 1237 1234 1233
f 1233 1236 1235
f 1235 1237 1233
f 1234 1240 1236
f 1238 1234 1237
f 1238 1240 1234
f 1236 1240 1235
f 1239 1237 1235
f 1235 1240 1239
f 1239 1238 1237
f 1240 1238 1239

o geometry_95
v 2.81211573 -0.49636511 1.52159911
v 2.81211573 -0.49636511 1.99659911
v 2.80593908 -0.01640486 1.52159911
v 2.80593908 -0.01640486 1.99659911
v 3.47400184 -0.48784725 1.52159911
v 3.47400184 -0.48784725 1.99659911
v 3.46782519 -0.00788699 1.52159911
v 3.46782519 -0.00788699 1.99659911
f 1242 1244 1241
f 1245 1242 1241
f 1241 1244 1243
f 1243 1245 1241
f 1242 1248 1244
f 1246 1242 1245
f 1246 1248 1242
f 1244 1248 1243
f 1247 1245 1243
f 1243 1248 1247
f 1247 1246 1245
f 1248 1246 1247

o geometry_96
v 5.65615939 -0.49440418 1.53573165
v 5.65615939 -0.49440418 2.01073165
v 5.65033191 -0.01443955 1.53573165
v 5.65033191 -0.01443955 2.01073165
v 6.24961933 -0.48719870 1.53573165
v 6.24961933 -0.48719870 2.01073165
v 6.24379185 -0.00723407 1.53573165
v 6.24379185 -0.00723407 2.01073165
f 1250 1252 1249
f 1253 1250 1249
f 1249 1252 1251
f 1251 1253 1249
f 1250 1256 1252
f 1254 1250 1253
f 1254 1256 1250
f 1252 1256 1251
f 1255 1253 1251
f 1251 1256 1255
f 1255 1254 1253
f 1256 1254 1255

o geometry_97
v 6.26712802 -0.48902033 1.49805625
v 6.26712802 -0.48902033 1.97305625
v 6.26235295 -0.00904409 1.49805625
v 6.26235295 -0.00904409 1.97305625
v 6.79337452 -0.48378494 1.49805625
v 6.79337452 -0.48378494 1.97305625
v 6.78859944 -0.00380869 1.49805625
v 6.78859944 -0.00380869 1.97305625
f 1258 1260 1257
f 1261 1258 1257
f 1257 1260 1259
f 1259 1261 1257
f 1258 1264 1260
f 1262 1258 1261
f 1262 1264 1258
f 1260 1264 1259
f 1263 1261 1259
f 1259 1264 1263
f 1263 1262 1261
f 1264 1262 1263

o geometry_98
v 2.81156695 -0.47704022 1.99067303
v 2.81156695 -0.47704022 2.46567303
v 2.80647027 0.00293273 1.99067303
v 2.80647027 0.00293273 2.46567303
v 3.47172874 -0.47003017 1.99067303
v 3.47172874 -0.47003017 2.46567303
v 3.46663206 0.00994277 1.99067303
v 3.46663206 0.00994277 2.46567303
f 1266 1268 1265
f 1269 1266 1265
f 1265 1268 1267
f 1267 1269 1265
f 1266 1272 1268
f 1270 1266 1269
f 1270 1272 1266
f 1268 1272 1267
f 1271 1269 1267
f 1267 1272 1271
f 1271 1270 1269
f 1272 1270 1271

o geometry_99
v 5.54946900 -0.47207013 2.00219456
v 5.54946900 -0.47207013 2.47719456
v 5.54559844 0.00791426 2.00219456
v 5.54559844 0.00791426 2.47719456
v 6.18314844 -0.46696018 2.00219456
v 6.18314844 -0.46696018 2.47719456
v 6.17927788 0.01302421 2.00219456
v 6.17927788 0.01302421 2.47719456
f 1274 1276 1273
f 1277 1274 1273
f 1273 1276 1275
f 1275 1277 1273
f 1274 1280 1276
f 1278 1274 1277
f 1278 1280 1274
f 1276 1280 1275
f 1279 1277 1275
f 1275 1280 1279
f 1279 1278 1277
f 1280 1278 1279

o geometry_100
v 6.19597471 -0.46226406 2.01822663
v 6.19597471 -0.46226406 2.49322663
v 6.20252736 0.01769121 2.01822663
v 6.20252736 0.01769121 2.49322663
v 6.78769610 -0.47034262 2.01822663
v 6.78769610 -0.47034262 2.49322663
v 6.79424876 0.00961265 2.01822663
v 6.79424876 0.00961265 2.49322663
f 1282 1284 1281
f 1285 1282 1281
f 1281 1284 1283
f 1283 1285 1281
f 1282 1288 1284
f 1286 1282 1285
f 1286 1288 1282
f 1284 1288 1283
f 1287 1285 1283
f 1283 1288 1287
f 1287 1286 1285
f 1288 1286 1287

o geometry_101
v 2.81249600 -0.47983300 2.53154527
v 2.81249600 -0.47983300 3.00654527
v 2.80557508 0.00011710 2.53154527
v 2.80557508 0.00011710 3.00654527
v 3.49617150 -0.46997435 2.53154527
v 3.49617150 -0.46997435 3.00654527
v 3.48925058 0.00997575 2.53154527
v 3.48925058 0.00997575 3.00654527
f 1290 1292 1289
f 1293 1290 1289
f 1289 1292 1291
f 1291 1293 1289
f 1290 1296 1292
f 1294 1290 1293
f 1294 1296 1290
f 1292 1296 1291
f 1295 1293 1291
f 1291 1296 1295
f 1295 1294 1293
f 1296 1294 1295

o geometry_102
v 3.50772699 -0.49081703 2.50298350
v 3.50772699 -0.49081703 2.97798350
v 3.51381844 -0.01085569 2.50298350
v 3.51381844 -0.01085569 2.97798350
v 4.15680552 -0.49905485 2.50298350
v 4.15680552 -0.49905485 2.97798350
v 4.16289698 -0.01909350 2.50298350
v 4.16289698 -0.01909350 2.97798350
f 1298 1300 1297
f 1301 1298 1297
f 1297 1300 1299
f 1299 1301 1297
f 1298 1304 1300
f 1302 1298 1301
f 1302 1304 1298
f 1300 1304 1299
f 1303 1301 1299
f 1299 1304 1303
f 1303 1302 1301
f 1304 1302 1303

o geometry_103
v 4.17721580 -0.46502283 2.49736924
v 4.17721580 -0.46502283 2.97236924
v 4.17854151 0.01497534 2.49736924
v 4.17854151 0.01497534 2.97236924
v 4.84167472 -0.46685801 2.49736924
v 4.84167472 -0.46685801 2.97236924
v 4.84300044 0.01314016 2.49736924
v 4.84300044 0.01314016 2.97236924
f 1306 1308 1305
f 1309 1306 1305
f 1305 1308 1307
f 1307 1309 1305
f 1306 1312 1308
f 1310 1306 1309
f 1310 1312 1306
f 1308 1312 1307
f 1311 1309 1307
f 1307 1312 1311
f 1311 1310 1309
f 1312 1310 1311

o geometry_104
v 4.86300707 -0.47334651 2.48962179
v 4.86300707 -0.47334651 2.96462179
v 4.85771116 0.00662428 2.48962179
v 4.85771116 0.00662428 2.96462179
v 5.52916743 -0.46599622 2.48962179
v 5.52916743 -0.46599622 2.96462179
v 5.52387152 0.01397457 2.48962179
v 5.52387152 0.01397457 2.96462179
f 1314 1316 1313
f 1317 1314 1313
f 1313 1316 1315
f 1315 1317 1313
f 1314 1320 1316
f 1318 1314 1317
f 1318 1320 1314
f 1316 1320 1315
f 1319 1317 1315
f 1315 1320 1319
f 1319 1318 1317
f 1320 1318 1319

o geometry_105
v 5.54366191 -0.49262528 2.53233298
v 5.54366191 -0.49262528 3.00733298
v 5.54542174 -0.01262851 2.53233298
v 5.54542174 -0.01262851 3.00733298
v 6.16165522 -0.49489106 2.53233298
v 6.16165522 -0.49489106 3.00733298
v 6.16341505 -0.01489428 2.53233298
v 6.16341505 -0.01489428 3.00733298
f 1322 1324 1321
f 1325 1322 1321
f 1321 1324 1323
f 1323 1325 1321
f 1322 1328 1324
f 1326 1322 1325
f 1326 1328 1322
f 1324 1328 1323
f 1327 1325 1323
f 1323 1328 1327
f 1327 1326 1325
f 1328 1326 1327

o geometry_106
v 6.18122715 -0.48147706 2.51969444
v 6.18122715 -0.48147706 2.99469444
v 6.17984979 -0.00147904 2.51969444
v 6.17984979 -0.00147904 2.99469444
v 6.79168742 -0.47972534 2.51969444
v 6.79168742 -0.47972534 2.99469444
v 6.79031006 0.00027268 2.51969444
v 6.79031006 0.00027268 2.99469444
f 1330 1332 1329
f 1333 1330 1329
f 1329 1332 1331
f 1331 1333 1329
f 1330 1336 1332
f 1334 1330 1333
f 1334 1336 1330
f 1332 1336 1331
f 1335 1333 1331
f 1331 1336 1335
f 1335 1334 1333
f 1336 1334 1335

o geometry_107
v 2.80905060 -0.48365887 3.03453106
v 2.80905060 -0.48365887 3.50953106
v 2.80894941 -0.00365888 3.03453106
v 2.80894941 -0.00365888 3.50953106
v 3.33175453 -0.48354868 3.03453106
v 3.33175453 -0.48354868 3.50953106
v 3.33165334 -0.00354870 3.03453106
v 3.33165334 -0.00354870 3.50953106
f 1338 1340 1337
f 1341 1338 1337
f 1337 1340 1339
f 1339 1341 1337
f 1338 1344 1340
f 1342 1338 1341
f 1342 1344 1338
f 1340 1344 1339
f 1343 1341 1339
f 1339 1344 1343
f 1343 1342 1341
f 1344 1342 1343

o geometry_108
v 3.34827628 -0.48509516 2.99938178
v 3.34827628 -0.48509516 3.47438178
v 3.35114061 -0.00510371 2.99938178
v 3.35114061 -0.00510371 3.47438178
v 3.85432217 -0.48811497 2.99938178
v 3.85432217 -0.48811497 3.47438178
v 3.85718650 -0.00812352 2.99938178
v 3.85718650 -0.00812352 3.47438178
f 1346 1348 1345
f 1349 1346 1345
f 1345 1348 1347
f 1347 1349 1345
f 1346 1352 1348
f 1350 1346 1349
f 1350 1352 1346
f 1348 1352 1347
f 1351 1349 1347
f 1347 1352 1351
f 1351 1350 1349
f 1352 1350 1351

o geometry_109
v 3.87027245 -0.47637903 3.01492152
v 3.87027245 -0.47637903 3.48992152
v 3.87730721 0.00356942 3.01492152
v 3.87730721 0.00356942 3.48992152
v 4.44732412 -0.48483706 3.01492152
v 4.44732412 -0.48483706 3.48992152
v 4.45435888 -0.00488861 3.01492152
v 4.45435888 -0.00488861 3.48992152
f 1354 1356 1353
f 1357 1354 1353
f 1353 1356 1355
f 1355 1357 1353
f 1354 1360 1356
f 1358 1354 1357
f 1358 1360 1354
f 1356 1360 1355
f 1359 1357 1355
f 1355 1360 1359
f 1359 1358 1357
f 1360 1358 1359

o geometry_110
v 4.46970776 -0.48327290 2.98850264
v 4.46970776 -0.48327290 3.46350264
v 4.46804027 -0.00327580 2.98850264
v 4.46804027 -0.00327580 3.46350264
v 4.97368206 -0.48152212 2.98850264
v 4.97368206 -0.48152212 3.46350264
v 4.97201457 -0.00152501 2.98850264
v 4.97201457 -0.00152501 3.46350264
f 1362 1364 1361
f 1365 1362 1361
f 1361 1364 1363
f 1363 1365 1361
f 1362 1368 1364
f 1366 1362 1365
f 1366 1368 1362
f 1364 1368 1363
f 1367 1365 1363
f 1363 1368 1367
f 1367 1366 1365
f 1368 1366 1367

o geometry_111
v 4.99060698 -0.46653288 3.01886706
v 4.99060698 -0.46653288 3.49386706
v 4.99109297 0.01346688 3.01886706
v 4.99109297 0.01346688 3.49386706
v 5.52279017 -0.46707171 3.01886706
v 5.52279017 -0.46707171 3.49386706
v 5.52327617 0.01292805 3.01886706
v 5.52327617 0.01292805 3.49386706
f 1370 1372 1369
f 1373 1370 1369
f 1369 1372 1371
f 1371 1373 1369
f 1370 1376 1372
f 1374 1370 1373
f 1374 1376 1370
f 1372 1376 1371
f 1375 1373 1371
f 1371 1376 1375
f 1375 1374 1373
f 1376 1374 1375

o geometry_112
v 5.54275400 -0.47749321 3.02284751
v 5.54275400 -0.47749321 3.49784751
v 5.53932634 0.00249456 3.02284751
v 5.53932634 0.00249456 3.49784751
v 6.08104686 -0.47364918 3.02284751
v 6.08104686 -0.47364918 3.49784751
v 6.07761919 0.00633859 3.02284751
v 6.07761919 0.00633859 3.49784751
f 1378 1380 1377
f 1381 1378 1377
f 1377 1380 1379
f 1379 1381 1377
f 1378 1384 1380
f 1382 1378 1381
f 1382 1384 1378
f 1380 1384 1379
f 1383 1381 1379
f 1379 1384 1383
f 1383 1382 1381
f 1384 1382 1383

o geometry_113
v 6.10069745 -0.46994137 3.02130102
v 6.10069745 -0.46994137 3.49630102
v 6.09402607 0.01001226 3.02130102
v 6.09402607 0.01001226 3.49630102
v 6.55353743 -0.46364687 3.02130102
v 6.55353743 -0.46364687 3.49630102
v 6.54686604 0.01630677 3.02130102
v 6.54686604 0.01630677 3.49630102
f 1386 1388 1385
f 1389 1386 1385
f 1385 1388 1387
f 1387 1389 1385
f 1386 1392 1388
f 1390 1386 1389
f 1390 1392 1386
f 1388 1392 1387
f 1391 1389 1387
f 1387 1392 1391
f 1391 1390 1389
f 1392 1390 1391

o geometry_114
v 6.56692942 -0.47808446 3.01713359
v 6.56692942 -0.47808446 3.49213359
v 6.56952104 0.00190855 3.01713359
v 6.56952104 0.00190855 3.49213359
v 6.78970257 -0.47928727 3.01713359
v 6.78970257 -0.47928727 3.49213359
v 6.79229419 0.00070573 3.01713359
v 6.79229419 0.00070573 3.49213359
f 1394 1396 1393
f 1397 1394 1393
f 1393 1396 1395
f 1395 1397 1393
f 1394 1400 1396
f 1398 1394 1397
f 1398 1400 1394
f 1396 1400 1395
f 1399 1397 1395
f 1395 1400 1399
f 1399 1398 1397
f 1400 1398 1399

o geometry_115
v 4.15500000 -0.60000000 0.02000000
v 4.15500000 -0.60000000 2.23000000
v 4.15500000 -0.48000000 0.02000000
v 4.15500000 -0.48000000 2.23000000
v 5.44500000 -0.60000000 0.02000000
v 5.44500000 -0.60000000 2.23000000
v 5.44500000 -0.48000000 0.02000000
v 5.44500000 -0.48000000 2.23000000
f 1402 1404 1401
f 1405 1402 1401
f 1401 1404 1403
f 1403 1405 1401
f 1402 1408 1404
f 1406 1402 1405
f 1406 1408 1402
f 1404 1408 1403
f 1407 1405 1403
f 1403 1408 1407
f 1407 1406 1405
f 1408 1406 1407

o geometry_116
v 3.90500000 -0.64000000 0.00000000
v 3.90500000 -0.64000000 2.25000000
v 3.90500000 0.02000000 0.00000000
v 3.90500000 0.02000000 2.25000000
v 4.12500000 -0.64000000 0.00000000
v 4.12500000 -0.64000000 2.25000000
v 4.12500000 0.02000000 0.00000000
v 4.12500000 0.02000000 2.25000000
f 1410 1412 1409
f 1413 1410 1409
f 1409 1412 1411
f 1411 1413 1409
f 1410 1416 1412
f 1414 1410 1413
f 1414 1416 1410
f 1412 1416 1411
f 1415 1413 1411
f 1411 1416 1415
f 1415 1414 1413
f 1416 1414 1415

o geometry_117
v 5.47500000 -0.64000000 0.00000000
v 5.47500000 -0.64000000 2.25000000
v 5.47500000 0.02000000 0.00000000
v 5.47500000 0.02000000 2.25000000
v 5.69500000 -0.64000000 0.00000000
v 5.69500000 -0.64000000 2.25000000
v 5.69500000 0.02000000 0.00000000
v 5.69500000 0.02000000 2.25000000
f 1418 1420 1417
f 1421 1418 1417
f 1417 1420 1419
f 1419 1421 1417
f 1418 1424 1420
f 1422 1418 1421
f 1422 1424 1418
f 1420 1424 1419
f 1423 1421 1419
f 1419 1424 1423
f 1423 1422 1421
f 1424 1422 1423

o geometry_118
v 3.90500000 -0.64000000 2.15000000
v 3.90500000 -0.64000000 2.39000000
v 3.90500000 0.02000000 2.15000000
v 3.90500000 0.02000000 2.39000000
v 5.69500000 -0.64000000 2.15000000
v 5.69500000 -0.64000000 2.39000000
v 5.69500000 0.02000000 2.15000000
v 5.69500000 0.02000000 2.39000000
f 1426 1428 1425
f 1429 1426 1425
f 1425 1428 1427
f 1427 1429 1425
f 1426 1432 1428
f 1430 1426 1429
f 1430 1432 1426
f 1428 1432 1427
f 1431 1429 1427
f 1427 1432 1431
f 1431 1430 1429
f 1432 1430 1431

o geometry_119
v 3.15000000 -0.32000000 0.10000000
v 3.38000000 -0.32000000 0.10000000
v 3.38000000 -0.32000000 3.35000000
v 3.15000000 -0.32000000 3.35000000
v 3.37216294 -0.26047162 0.10000000
v 3.37216294 -0.26047162 3.35000000
v 3.34918584 -0.20500000 0.10000000
v 3.34918584 -0.20500000 3.35000000
v 3.31263456 -0.15736544 0.10000000
v 3.31263456 -0.15736544 3.35000000
v 3.26500000 -0.12081416 0.10000000
v 3.26500000 -0.12081416 3.35000000
v 3.20952838 -0.09783706 0.10000000
v 3.20952838 -0.09783706 3.35000000
v 3.15000000 -0.09000000 0.10000000
v 3.15000000 -0.09000000 3.35000000
v 3.09047162 -0.09783706 0.10000000
v 3.09047162 -0.09783706 3.35000000
v 3.03500000 -0.12081416 0.10000000
v 3.03500000 -0.12081416 3.35000000
v 2.98736544 -0.15736544 0.10000000
v 2.98736544 -0.15736544 3.35000000
v 2.95081416 -0.20500000 0.10000000
v 2.95081416 -0.20500000 3.35000000
v 2.92783706 -0.26047162 0.10000000
v 2.92783706 -0.26047162 3.35000000
v 2.92000000 -0.32000000 0.10000000
v 2.92000000 -0.32000000 3.35000000
v 2.92783706 -0.37952838 0.10000000
v 2.92783706 -0.37952838 3.35000000
v 2.95081416 -0.43500000 0.10000000
v 2.95081416 -0.43500000 3.35000000
v 2.98736544 -0.48263456 0.10000000
v 2.98736544 -0.48263456 3.35000000
v 3.03500000 -0.51918584 0.10000000
v 3.03500000 -0.51918584 3.35000000
v 3.09047162 -0.54216294 0.10000000
v 3.09047162 -0.54216294 3.35000000
v 3.15000000 -0.55000000 0.10000000
v 3.15000000 -0.55000000 3.35000000
v 3.20952838 -0.54216294 0.10000000
v 3.20952838 -0.54216294 3.35000000
v 3.26500000 -0.51918584 0.10000000
v 3.26500000 -0.51918584 3.35000000
v 3.31263456 -0.48263456 0.10000000
v 3.31263456 -0.48263456 3.35000000
v 3.34918584 -0.43500000 0.10000000
v 3.34918584 -0.43500000 3.35000000
v 3.37216294 -0.37952838 0.10000000
v 3.37216294 -0.37952838 3.35000000
f 1434 1433 1437
f 1434 1437 1435
f 1435 1437 1438
f 1435 1438 1436
f 1437 1433 1439
f 1437 1439 1438
f 1438 1439 1440
f 1438 1440 1436
f 1439 1433 1441
f 1439 1441 1440
f 1440 1441 1442
f 1440 1442 1436
f 1441 1433 1443
f 1441 1443 1442
f 1442 1443 1444
f 1442 1444 1436
f 1443 1433 1445
f 1443 1445 1444
f 1444 1445 1446
f 1444 1446 1436
f 1445 1433 1447
f 1445 1447 1446
f 1446 1447 1448
f 1446 1448 1436
f 1447 1433 1449
f 1447 1449 1448
f 1448 1449 1450
f 1448 1450 1436
f 1449 1433 1451
f 1449 1451 1450
f 1450 1451 1452
f 1450 1452 1436
f 1451 1433 1453
f 1451 1453 1452
f 1452 1453 1454
f 1452 1454 1436
f 1453 1433 1455
f 1453 1455 1454
f 1454 1455 1456
f 1454 1456 1436
f 1455 1433 1457
f 1455 1457 1456
f 1456 1457 1458
f 1456 1458 1436
f 1457 1433 1459
f 1457 1459 1458
f 1458 1459 1460
f 1458 1460 1436
f 1459 1433 1461
f 1459 1461 1460
f 1460 1461 1462
f 1460 1462 1436
f 1461 1433 1463
f 1461 1463 1462
f 1462 1463 1464
f 1462 1464 1436
f 1463 1433 1465
f 1463 1465 1464
f 1464 1465 1466
f 1464 1466 1436
f 1465 1433 1467
f 1465 1467 1466
f 1466 1467 1468
f 1466 1468 1436
f 1467 1433 1469
f 1467 1469 1468
f 1468 1469 1470
f 1468 1470 1436
f 1469 1433 1471
f 1469 1471 1470
f 1470 1471 1472
f 1470 1472 1436
f 1471 1433 1473
f 1471 1473 1472
f 1472 1473 1474
f 1472 1474 1436
f 1473 1433 1475
f 1473 1475 1474
f 1474 1475 1476
f 1474 1476 1436
f 1475 1433 1477
f 1475 1477 1476
f 1476 1477 1478
f 1476 1478 1436
f 1477 1433 1479
f 1477 1479 1478
f 1478 1479 1480
f 1478 1480 1436
f 1479 1433 1481
f 1479 1481 1480
f 1480 1481 1482
f 1480 1482 1436
f 1481 1433 1434
f 1481 1434 1482
f 1482 1434 1435
f 1482 1435 1436

o geometry_120
v 3.15000000 -0.32000000 0.10000000
v 3.44440000 -0.32000000 0.10000000
v 3.44440000 -0.32000000 0.26000000
v 3.15000000 -0.32000000 0.26000000
v 3.43436856 -0.24380367 0.10000000
v 3.43436856 -0.24380367 0.26000000
v 3.40495788 -0.17280000 0.10000000
v 3.40495788 -0.17280000 0.26000000
v 3.35817224 -0.11182776 0.10000000
v 3.35817224 -0.11182776 0.26000000
v 3.29720000 -0.06504212 0.10000000
v 3.29720000 -0.06504212 0.26000000
v 3.22619633 -0.03563144 0.10000000
v 3.22619633 -0.03563144 0.26000000
v 3.15000000 -0.02560000 0.10000000
v 3.15000000 -0.02560000 0.26000000
v 3.07380367 -0.03563144 0.10000000
v 3.07380367 -0.03563144 0.26000000
v 3.00280000 -0.06504212 0.10000000
v 3.00280000 -0.06504212 0.26000000
v 2.94182776 -0.11182776 0.10000000
v 2.94182776 -0.11182776 0.26000000
v 2.89504212 -0.17280000 0.10000000
v 2.89504212 -0.17280000 0.26000000
v 2.86563144 -0.24380367 0.10000000
v 2.86563144 -0.24380367 0.26000000
v 2.85560000 -0.32000000 0.10000000
v 2.85560000 -0.32000000 0.26000000
v 2.86563144 -0.39619633 0.10000000
v 2.86563144 -0.39619633 0.26000000
v 2.89504212 -0.46720000 0.10000000
v 2.89504212 -0.46720000 0.26000000
v 2.94182776 -0.52817224 0.10000000
v 2.94182776 -0.52817224 0.26000000
v 3.00280000 -0.57495788 0.10000000
v 3.00280000 -0.57495788 0.26000000
v 3.07380367 -0.60436856 0.10000000
v 3.07380367 -0.60436856 0.26000000
v 3.15000000 -0.61440000 0.10000000
v 3.15000000 -0.61440000 0.26000000
v 3.22619633 -0.60436856 0.10000000
v 3.22619633 -0.60436856 0.26000000
v 3.29720000 -0.57495788 0.10000000
v 3.29720000 -0.57495788 0.26000000
v 3.35817224 -0.52817224 0.10000000
v 3.35817224 -0.52817224 0.26000000
v 3.40495788 -0.46720000 0.10000000
v 3.40495788 -0.46720000 0.26000000
v 3.43436856 -0.39619633 0.10000000
v 3.43436856 -0.39619633 0.26000000
f 1484 1483 1487
f 1484 1487 1485
f 1485 1487 1488
f 1485 1488 1486
f 1487 1483 1489
f 1487 1489 1488
f 1488 1489 1490
f 1488 1490 1486
f 1489 1483 1491
f 1489 1491 1490
f 1490 1491 1492
f 1490 1492 1486
f 1491 1483 1493
f 1491 1493 1492
f 1492 1493 1494
f 1492 1494 1486
f 1493 1483 1495
f 1493 1495 1494
f 1494 1495 1496
f 1494 1496 1486
f 1495 1483 1497
f 1495 1497 1496
f 1496 1497 1498
f 1496 1498 1486
f 1497 1483 1499
f 1497 1499 1498
f 1498 1499 1500
f 1498 1500 1486
f 1499 1483 1501
f 1499 1501 1500
f 1500 1501 1502
f 1500 1502 1486
f 1501 1483 1503
f 1501 1503 1502
f 1502 1503 1504
f 1502 1504 1486
f 1503 1483 1505
f 1503 1505 1504
f 1504 1505 1506
f 1504 1506 1486
f 1505 1483 1507
f 1505 1507 1506
f 1506 1507 1508
f 1506 1508 1486
f 1507 1483 1509
f 1507 1509 1508
f 1508 1509 1510
f 1508 1510 1486
f 1509 1483 1511
f 1509 1511 1510
f 1510 1511 1512
f 1510 1512 1486
f 1511 1483 1513
f 1511 1513 1512
f 1512 1513 1514
f 1512 1514 1486
f 1513 1483 1515
f 1513 1515 1514
f 1514 1515 1516
f 1514 1516 1486
f 1515 1483 1517
f 1515 1517 1516
f 1516 1517 1518
f 1516 1518 1486
f 1517 1483 1519
f 1517 1519 1518
f 1518 1519 1520
f 1518 1520 1486
f 1519 1483 1521
f 1519 1521 1520
f 1520 1521 1522
f 1520 1522 1486
f 1521 1483 1523
f 1521 1523 1522
f 1522 1523 1524
f 1522 1524 1486
f 1523 1483 1525
f 1523 1525 1524
f 1524 1525 1526
f 1524 1526 1486
f 1525 1483 1527
f 1525 1527 1526
f 1526 1527 1528
f 1526 1528 1486
f 1527 1483 1529
f 1527 1529 1528
f 1528 1529 1530
f 1528 1530 1486
f 1529 1483 1531
f 1529 1531 1530
f 1530 1531 1532
f 1530 1532 1486
f 1531 1483 1484
f 1531 1484 1532
f 1532 1484 1485
f 1532 1485 1486

o geometry_121
v 3.15000000 -0.32000000 3.18000000
v 3.43060000 -0.32000000 3.18000000
v 3.43060000 -0.32000000 3.36000000
v 3.15000000 -0.32000000 3.36000000
v 3.42103879 -0.24737538 3.18000000
v 3.42103879 -0.24737538 3.36000000
v 3.39300673 -0.17970000 3.18000000
v 3.39300673 -0.17970000 3.36000000
v 3.34841416 -0.12158584 3.18000000
v 3.34841416 -0.12158584 3.36000000
v 3.29030000 -0.07699327 3.18000000
v 3.29030000 -0.07699327 3.36000000
v 3.22262462 -0.04896121 3.18000000
v 3.22262462 -0.04896121 3.36000000
v 3.15000000 -0.03940000 3.18000000
v 3.15000000 -0.03940000 3.36000000
v 3.07737538 -0.04896121 3.18000000
v 3.07737538 -0.04896121 3.36000000
v 3.00970000 -0.07699327 3.18000000
v 3.00970000 -0.07699327 3.36000000
v 2.95158584 -0.12158584 3.18000000
v 2.95158584 -0.12158584 3.36000000
v 2.90699327 -0.17970000 3.18000000
v 2.90699327 -0.17970000 3.36000000
v 2.87896121 -0.24737538 3.18000000
v 2.87896121 -0.24737538 3.36000000
v 2.86940000 -0.32000000 3.18000000
v 2.86940000 -0.32000000 3.36000000
v 2.87896121 -0.39262462 3.18000000
v 2.87896121 -0.39262462 3.36000000
v 2.90699327 -0.46030000 3.18000000
v 2.90699327 -0.46030000 3.36000000
v 2.95158584 -0.51841416 3.18000000
v 2.95158584 -0.51841416 3.36000000
v 3.00970000 -0.56300673 3.18000000
v 3.00970000 -0.56300673 3.36000000
v 3.07737538 -0.59103879 3.18000000
v 3.07737538 -0.59103879 3.36000000
v 3.15000000 -0.60060000 3.18000000
v 3.15000000 -0.60060000 3.36000000
v 3.22262462 -0.59103879 3.18000000
v 3.22262462 -0.59103879 3.36000000
v 3.29030000 -0.56300673 3.18000000
v 3.29030000 -0.56300673 3.36000000
v 3.34841416 -0.51841416 3.18000000
v 3.34841416 -0.51841416 3.36000000
v 3.39300673 -0.46030000 3.18000000
v 3.39300673 -0.46030000 3.36000000
v 3.42103879 -0.39262462 3.18000000
v 3.42103879 -0.39262462 3.36000000
f 1534 1533 1537
f 1534 1537 1535
f 1535 1537 1538
f 1535 1538 1536
f 1537 1533 1539
f 1537 1539 1538
f 1538 1539 1540
f 1538 1540 1536
f 1539 1533 1541
f 1539 1541 1540
f 1540 1541 1542
f 1540 1542 1536
f 1541 1533 1543
f 1541 1543 1542
f 1542 1543 1544
f 1542 1544 1536
f 1543 1533 1545
f 1543 1545 1544
f 1544 1545 1546
f 1544 1546 1536
f 1545 1533 1547
f 1545 1547 1546
f 1546 1547 1548
f 1546 1548 1536
f 1547 1533 1549
f 1547 1549 1548
f 1548 1549 1550
f 1548 1550 1536
f 1549 1533 1551
f 1549 1551 1550
f 1550 1551 1552
f 1550 1552 1536
f 1551 1533 1553
f 1551 1553 1552
f 1552 1553 1554
f 1552 1554 1536
f 1553 1533 1555
f 1553 1555 1554
f 1554 1555 1556
f 1554 1556 1536
f 1555 1533 1557
f 1555 1557 1556
f 1556 1557 1558
f 1556 1558 1536
f 1557 1533 1559
f 1557 1559 1558
f 1558 1559 1560
f 1558 1560 1536
f 1559 1533 1561
f 1559 1561 1560
f 1560 1561 1562
f 1560 1562 1536
f 1561 1533 1563
f 1561 1563 1562
f 1562 1563 1564
f 1562 1564 1536
f 1563 1533 1565
f 1563 1565 1564
f 1564 1565 1566
f 1564 1566 1536
f 1565 1533 1567
f 1565 1567 1566
f 1566 1567 1568
f 1566 1568 1536
f 1567 1533 1569
f 1567 1569 1568
f 1568 1569 1570
f 1568 1570 1536
f 1569 1533 1571
f 1569 1571 1570
f 1570 1571 1572
f 1570 1572 1536
f 1571 1533 1573
f 1571 1573 1572
f 1572 1573 1574
f 1572 1574 1536
f 1573 1533 1575
f 1573 1575 1574
f 1574 1575 1576
f 1574 1576 1536
f 1575 1533 1577
f 1575 1577 1576
f 1576 1577 1578
f 1576 1578 1536
f 1577 1533 1579
f 1577 1579 1578
f 1578 1579 1580
f 1578 1580 1536
f 1579 1533 1581
f 1579 1581 1580
f 1580 1581 1582
f 1580 1582 1536
f 1581 1533 1534
f 1581 1534 1582
f 1582 1534 1535
f 1582 1535 1536

o geometry_122
v 2.86250000 -0.67000000 3.11000000
v 2.86250000 -0.67000000 3.27000000
v 2.86250000 0.03000000 3.11000000
v 2.86250000 0.03000000 3.27000000
v 3.43750000 -0.67000000 3.11000000
v 3.43750000 -0.67000000 3.27000000
v 3.43750000 0.03000000 3.11000000
v 3.43750000 0.03000000 3.27000000
f 1584 1586 1583
f 1587 1584 1583
f 1583 1586 1585
f 1585 1587 1583
f 1584 1590 1586
f 1588 1584 1587
f 1588 1590 1584
f 1586 1590 1585
f 1589 1587 1585
f 1585 1590 1589
f 1589 1588 1587
f 1590 1588 1589

o geometry_123
v 6.45000000 -0.32000000 0.10000000
v 6.68000000 -0.32000000 0.10000000
v 6.68000000 -0.32000000 3.35000000
v 6.45000000 -0.32000000 3.35000000
v 6.67216294 -0.26047162 0.10000000
v 6.67216294 -0.26047162 3.35000000
v 6.64918584 -0.20500000 0.10000000
v 6.64918584 -0.20500000 3.35000000
v 6.61263456 -0.15736544 0.10000000
v 6.61263456 -0.15736544 3.35000000
v 6.56500000 -0.12081416 0.10000000
v 6.56500000 -0.12081416 3.35000000
v 6.50952838 -0.09783706 0.10000000
v 6.50952838 -0.09783706 3.35000000
v 6.45000000 -0.09000000 0.10000000
v 6.45000000 -0.09000000 3.35000000
v 6.39047162 -0.09783706 0.10000000
v 6.39047162 -0.09783706 3.35000000
v 6.33500000 -0.12081416 0.10000000
v 6.33500000 -0.12081416 3.35000000
v 6.28736544 -0.15736544 0.10000000
v 6.28736544 -0.15736544 3.35000000
v 6.25081416 -0.20500000 0.10000000
v 6.25081416 -0.20500000 3.35000000
v 6.22783706 -0.26047162 0.10000000
v 6.22783706 -0.26047162 3.35000000
v 6.22000000 -0.32000000 0.10000000
v 6.22000000 -0.32000000 3.35000000
v 6.22783706 -0.37952838 0.10000000
v 6.22783706 -0.37952838 3.35000000
v 6.25081416 -0.43500000 0.10000000
v 6.25081416 -0.43500000 3.35000000
v 6.28736544 -0.48263456 0.10000000
v 6.28736544 -0.48263456 3.35000000
v 6.33500000 -0.51918584 0.10000000
v 6.33500000 -0.51918584 3.35000000
v 6.39047162 -0.54216294 0.10000000
v 6.39047162 -0.54216294 3.35000000
v 6.45000000 -0.55000000 0.10000000
v 6.45000000 -0.55000000 3.35000000
v 6.50952838 -0.54216294 0.10000000
v 6.50952838 -0.54216294 3.35000000
v 6.56500000 -0.51918584 0.10000000
v 6.56500000 -0.51918584 3.35000000
v 6.61263456 -0.48263456 0.10000000
v 6.61263456 -0.48263456 3.35000000
v 6.64918584 -0.43500000 0.10000000
v 6.64918584 -0.43500000 3.35000000
v 6.67216294 -0.37952838 0.10000000
v 6.67216294 -0.37952838 3.35000000
f 1592 1591 1595
f 1592 1595 1593
f 1593 1595 1596
f 1593 1596 1594
f 1595 1591 1597
f 1595 1597 1596
f 1596 1597 1598
f 1596 1598 1594
f 1597 1591 1599
f 1597 1599 1598
f 1598 1599 1600
f 1598 1600 1594
f 1599 1591 1601
f 1599 1601 1600
f 1600 1601 1602
f 1600 1602 1594
f 1601 1591 1603
f 1601 1603 1602
f 1602 1603 1604
f 1602 1604 1594
f 1603 1591 1605
f 1603 1605 1604
f 1604 1605 1606
f 1604 1606 1594
f 1605 1591 1607
f 1605 1607 1606
f 1606 1607 1608
f 1606 1608 1594
f 1607 1591 1609
f 1607 1609 1608
f 1608 1609 1610
f 1608 1610 1594
f 1609 1591 1611
f 1609 1611 1610
f 1610 1611 1612
f 1610 1612 1594
f 1611 1591 1613
f 1611 1613 1612
f 1612 1613 1614
f 1612 1614 1594
f 1613 1591 1615
f 1613 1615 1614
f 1614 1615 1616
f 1614 1616 1594
f 1615 1591 1617
f 1615 1617 1616
f 1616 1617 1618
f 1616 1618 1594
f 1617 1591 1619
f 1617 1619 1618
f 1618 1619 1620
f 1618 1620 1594
f 1619 1591 1621
f 1619 1621 1620
f 1620 1621 1622
f 1620 1622 1594
f 1621 1591 1623
f 1621 1623 1622
f 1622 1623 1624
f 1622 1624 1594
f 1623 1591 1625
f 1623 1625 1624
f 1624 1625 1626
f 1624 1626 1594
f 1625 1591 1627
f 1625 1627 1626
f 1626 1627 1628
f 1626 1628 1594
f 1627 1591 1629
f 1627 1629 1628
f 1628 1629 1630
f 1628 1630 1594
f 1629 1591 1631
f 1629 1631 1630
f 1630 1631 1632
f 1630 1632 1594
f 1631 1591 1633
f 1631 1633 1632
f 1632 1633 1634
f 1632 1634 1594
f 1633 1591 1635
f 1633 1635 1634
f 1634 1635 1636
f 1634 1636 1594
f 1635 1591 1637
f 1635 1637 1636
f 1636 1637 1638
f 1636 1638 1594
f 1637 1591 1639
f 1637 1639 1638
f 1638 1639 1640
f 1638 1640 1594
f 1639 1591 1592
f 1639 1592 1640
f 1640 1592 1593
f 1640 1593 1594

o geometry_124
v 6.45000000 -0.32000000 0.10000000
v 6.74440000 -0.32000000 0.10000000
v 6.74440000 -0.32000000 0.26000000
v 6.45000000 -0.32000000 0.26000000
v 6.73436856 -0.24380367 0.10000000
v 6.73436856 -0.24380367 0.26000000
v 6.70495788 -0.17280000 0.10000000
v 6.70495788 -0.17280000 0.26000000
v 6.65817224 -0.11182776 0.10000000
v 6.65817224 -0.11182776 0.26000000
v 6.59720000 -0.06504212 0.10000000
v 6.59720000 -0.06504212 0.26000000
v 6.52619633 -0.03563144 0.10000000
v 6.52619633 -0.03563144 0.26000000
v 6.45000000 -0.02560000 0.10000000
v 6.45000000 -0.02560000 0.26000000
v 6.37380367 -0.03563144 0.10000000
v 6.37380367 -0.03563144 0.26000000
v 6.30280000 -0.06504212 0.10000000
v 6.30280000 -0.06504212 0.26000000
v 6.24182776 -0.11182776 0.10000000
v 6.24182776 -0.11182776 0.26000000
v 6.19504212 -0.17280000 0.10000000
v 6.19504212 -0.17280000 0.26000000
v 6.16563144 -0.24380367 0.10000000
v 6.16563144 -0.24380367 0.26000000
v 6.15560000 -0.32000000 0.10000000
v 6.15560000 -0.32000000 0.26000000
v 6.16563144 -0.39619633 0.10000000
v 6.16563144 -0.39619633 0.26000000
v 6.19504212 -0.46720000 0.10000000
v 6.19504212 -0.46720000 0.26000000
v 6.24182776 -0.52817224 0.10000000
v 6.24182776 -0.52817224 0.26000000
v 6.30280000 -0.57495788 0.10000000
v 6.30280000 -0.57495788 0.26000000
v 6.37380367 -0.60436856 0.10000000
v 6.37380367 -0.60436856 0.26000000
v 6.45000000 -0.61440000 0.10000000
v 6.45000000 -0.61440000 0.26000000
v 6.52619633 -0.60436856 0.10000000
v 6.52619633 -0.60436856 0.26000000
v 6.59720000 -0.57495788 0.10000000
v 6.59720000 -0.57495788 0.26000000
v 6.65817224 -0.52817224 0.10000000
v 6.65817224 -0.52817224 0.26000000
v 6.70495788 -0.46720000 0.10000000
v 6.70495788 -0.46720000 0.26000000
v 6.73436856 -0.39619633 0.10000000
v 6.73436856 -0.39619633 0.26000000
f 1642 1641 1645
f 1642 1645 1643
f 1643 1645 1646
f 1643 1646 1644
f 1645 1641 1647
f 1645 1647 1646
f 1646 1647 1648
f 1646 1648 1644
f 1647 1641 1649
f 1647 1649 1648
f 1648 1649 1650
f 1648 1650 1644
f 1649 1641 1651
f 1649 1651 1650
f 1650 1651 1652
f 1650 1652 1644
f 1651 1641 1653
f 1651 1653 1652
f 1652 1653 1654
f 1652 1654 1644
f 1653 1641 1655
f 1653 1655 1654
f 1654 1655 1656
f 1654 1656 1644
f 1655 1641 1657
f 1655 1657 1656
f 1656 1657 1658
f 1656 1658 1644
f 1657 1641 1659
f 1657 1659 1658
f 1658 1659 1660
f 1658 1660 1644
f 1659 1641 1661
f 1659 1661 1660
f 1660 1661 1662
f 1660 1662 1644
f 1661 1641 1663
f 1661 1663 1662
f 1662 1663 1664
f 1662 1664 1644
f 1663 1641 1665
f 1663 1665 1664
f 1664 1665 1666
f 1664 1666 1644
f 1665 1641 1667
f 1665 1667 1666
f 1666 1667 1668
f 1666 1668 1644
f 1667 1641 1669
f 1667 1669 1668
f 1668 1669 1670
f 1668 1670 1644
f 1669 1641 1671
f 1669 1671 1670
f 1670 1671 1672
f 1670 1672 1644
f 1671 1641 1673
f 1671 1673 1672
f 1672 1673 1674
f 1672 1674 1644
f 1673 1641 1675
f 1673 1675 1674
f 1674 1675 1676
f 1674 1676 1644
f 1675 1641 1677
f 1675 1677 1676
f 1676 1677 1678
f 1676 1678 1644
f 1677 1641 1679
f 1677 1679 1678
f 1678 1679 1680
f 1678 1680 1644
f 1679 1641 1681
f 1679 1681 1680
f 1680 1681 1682
f 1680 1682 1644
f 1681 1641 1683
f 1681 1683 1682
f 1682 1683 1684
f 1682 1684 1644
f 1683 1641 1685
f 1683 1685 1684
f 1684 1685 1686
f 1684 1686 1644
f 1685 1641 1687
f 1685 1687 1686
f 1686 1687 1688
f 1686 1688 1644
f 1687 1641 1689
f 1687 1689 1688
f 1688 1689 1690
f 1688 1690 1644
f 1689 1641 1642
f 1689 1642 1690
f 1690 1642 1643
f 1690 1643 1644

o geometry_125
v 6.45000000 -0.32000000 3.18000000
v 6.73060000 -0.32000000 3.18000000
v 6.73060000 -0.32000000 3.36000000
v 6.45000000 -0.32000000 3.36000000
v 6.72103879 -0.24737538 3.18000000
v 6.72103879 -0.24737538 3.36000000
v 6.69300673 -0.17970000 3.18000000
v 6.69300673 -0.17970000 3.36000000
v 6.64841416 -0.12158584 3.18000000
v 6.64841416 -0.12158584 3.36000000
v 6.59030000 -0.07699327 3.18000000
v 6.59030000 -0.07699327 3.36000000
v 6.52262462 -0.04896121 3.18000000
v 6.52262462 -0.04896121 3.36000000
v 6.45000000 -0.03940000 3.18000000
v 6.45000000 -0.03940000 3.36000000
v 6.37737538 -0.04896121 3.18000000
v 6.37737538 -0.04896121 3.36000000
v 6.30970000 -0.07699327 3.18000000
v 6.30970000 -0.07699327 3.36000000
v 6.25158584 -0.12158584 3.18000000
v 6.25158584 -0.12158584 3.36000000
v 6.20699327 -0.17970000 3.18000000
v 6.20699327 -0.17970000 3.36000000
v 6.17896121 -0.24737538 3.18000000
v 6.17896121 -0.24737538 3.36000000
v 6.16940000 -0.32000000 3.18000000
v 6.16940000 -0.32000000 3.36000000
v 6.17896121 -0.39262462 3.18000000
v 6.17896121 -0.39262462 3.36000000
v 6.20699327 -0.46030000 3.18000000
v 6.20699327 -0.46030000 3.36000000
v 6.25158584 -0.51841416 3.18000000
v 6.25158584 -0.51841416 3.36000000
v 6.30970000 -0.56300673 3.18000000
v 6.30970000 -0.56300673 3.36000000
v 6.37737538 -0.59103879 3.18000000
v 6.37737538 -0.59103879 3.36000000
v 6.45000000 -0.60060000 3.18000000
v 6.45000000 -0.60060000 3.36000000
v 6.52262462 -0.59103879 3.18000000
v 6.52262462 -0.59103879 3.36000000
v 6.59030000 -0.56300673 3.18000000
v 6.59030000 -0.56300673 3.36000000
v 6.64841416 -0.51841416 3.18000000
v 6.64841416 -0.51841416 3.36000000
v 6.69300673 -0.46030000 3.18000000
v 6.69300673 -0.46030000 3.36000000
v 6.72103879 -0.39262462 3.18000000
v 6.72103879 -0.39262462 3.36000000
f 1692 1691 1695
f 1692 1695 1693
f 1693 1695 1696
f 1693 1696 1694
f 1695 1691 1697
f 1695 1697 1696
f 1696 1697 1698
f 1696 1698 1694
f 1697 1691 1699
f 1697 1699 1698
f 1698 1699 1700
f 1698 1700 1694
f 1699 1691 1701
f 1699 1701 1700
f 1700 1701 1702
f 1700 1702 1694
f 1701 1691 1703
f 1701 1703 1702
f 1702 1703 1704
f 1702 1704 1694
f 1703 1691 1705
f 1703 1705 1704
f 1704 1705 1706
f 1704 1706 1694
f 1705 1691 1707
f 1705 1707 1706
f 1706 1707 1708
f 1706 1708 1694
f 1707 1691 1709
f 1707 1709 1708
f 1708 1709 1710
f 1708 1710 1694
f 1709 1691 1711
f 1709 1711 1710
f 1710 1711 1712
f 1710 1712 1694
f 1711 1691 1713
f 1711 1713 1712
f 1712 1713 1714
f 1712 1714 1694
f 1713 1691 1715
f 1713 1715 1714
f 1714 1715 1716
f 1714 1716 1694
f 1715 1691 1717
f 1715 1717 1716
f 1716 1717 1718
f 1716 1718 1694
f 1717 1691 1719
f 1717 1719 1718
f 1718 1719 1720
f 1718 1720 1694
f 1719 1691 1721
f 1719 1721 1720
f 1720 1721 1722
f 1720 1722 1694
f 1721 1691 1723
f 1721 1723 1722
f 1722 1723 1724
f 1722 1724 1694
f 1723 1691 1725
f 1723 1725 1724
f 1724 1725 1726
f 1724 1726 1694
f 1725 1691 1727
f 1725 1727 1726
f 1726 1727 1728
f 1726 1728 1694
f 1727 1691 1729
f 1727 1729 1728
f 1728 1729 1730
f 1728 1730 1694
f 1729 1691 1731
f 1729 1731 1730
f 1730 1731 1732
f 1730 1732 1694
f 1731 1691 1733
f 1731 1733 1732
f 1732 1733 1734
f 1732 1734 1694
f 1733 1691 1735
f 1733 1735 1734
f 1734 1735 1736
f 1734 1736 1694
f 1735 1691 1737
f 1735 1737 1736
f 1736 1737 1738
f 1736 1738 1694
f 1737 1691 1739
f 1737 1739 1738
f 1738 1739 1740
f 1738 1740 1694
f 1739 1691 1692
f 1739 1692 1740
f 1740 1692 1693
f 1740 1693 1694

o geometry_126
v 6.16250000 -0.67000000 3.11000000
v 6.16250000 -0.67000000 3.27000000
v 6.16250000 0.03000000 3.11000000
v 6.16250000 0.03000000 3.27000000
v 6.73750000 -0.67000000 3.11000000
v 6.73750000 -0.67000000 3.27000000
v 6.73750000 0.03000000 3.11000000
v 6.73750000 0.03000000 3.27000000
f 1742 1744 1741
f 1745 1742 1741
f 1741 1744 1743
f 1743 1745 1741
f 1742 1748 1744
f 1746 1742 1745
f 1746 1748 1742
f 1744 1748 1743
f 1747 1745 1743
f 1743 1748 1747
f 1747 1746 1745
f 1748 1746 1747

o geometry_127
v 2.81000000 -0.66000000 2.63000000
v 2.81000000 -0.66000000 2.81000000
v 2.81000000 -0.58000000 2.63000000
v 2.81000000 -0.58000000 2.81000000
v 3.23000000 -0.66000000 2.63000000
v 3.23000000 -0.66000000 2.81000000
v 3.23000000 -0.58000000 2.63000000
v 3.23000000 -0.58000000 2.81000000
f 1750 1752 1749
f 1753 1750 1749
f 1749 1752 1751
f 1751 1753 1749
f 1750 1756 1752
f 1754 1750 1753
f 1754 1756 1750
f 1752 1756 1751
f 1755 1753 1751
f 1751 1756 1755
f 1755 1754 1753
f 1756 1754 1755

o geometry_128
v 2.90450000 -0.73000000 2.76000000
v 2.90450000 -0.73000000 2.84000000
v 2.90450000 -0.63000000 2.76000000
v 2.90450000 -0.63000000 2.84000000
v 3.13550000 -0.73000000 2.76000000
v 3.13550000 -0.73000000 2.84000000
v 3.13550000 -0.63000000 2.76000000
v 3.13550000 -0.63000000 2.84000000
f 1758 1760 1757
f 1761 1758 1757
f 1757 1760 1759
f 1759 1761 1757
f 1758 1764 1760
f 1762 1758 1761
f 1762 1764 1758
f 1760 1764 1759
f 1763 1761 1759
f 1759 1764 1763
f 1763 1762 1761
f 1764 1762 1763

o geometry_129
v 3.23000000 -0.66000000 2.63000000
v 3.23000000 -0.66000000 2.81000000
v 3.23000000 -0.58000000 2.63000000
v 3.23000000 -0.58000000 2.81000000
v 3.65000000 -0.66000000 2.63000000
v 3.65000000 -0.66000000 2.81000000
v 3.65000000 -0.58000000 2.63000000
v 3.65000000 -0.58000000 2.81000000
f 1766 1768 1765
f 1769 1766 1765
f 1765 1768 1767
f 1767 1769 1765
f 1766 1772 1768
f 1770 1766 1769
f 1770 1772 1766
f 1768 1772 1767
f 1771 1769 1767
f 1767 1772 1771
f 1771 1770 1769
f 1772 1770 1771

o geometry_130
v 3.32450000 -0.73000000 2.60000000
v 3.32450000 -0.73000000 2.68000000
v 3.32450000 -0.63000000 2.60000000
v 3.32450000 -0.63000000 2.68000000
v 3.55550000 -0.73000000 2.60000000
v 3.55550000 -0.73000000 2.68000000
v 3.55550000 -0.63000000 2.60000000
v 3.55550000 -0.63000000 2.68000000
f 1774 1776 1773
f 1777 1774 1773
f 1773 1776 1775
f 1775 1777 1773
f 1774 1780 1776
f 1778 1774 1777
f 1778 1780 1774
f 1776 1780 1775
f 1779 1777 1775
f 1775 1780 1779
f 1779 1778 1777
f 1780 1778 1779

o geometry_131
v 3.65000000 -0.66000000 2.63000000
v 3.65000000 -0.66000000 2.81000000
v 3.65000000 -0.58000000 2.63000000
v 3.65000000 -0.58000000 2.81000000
v 4.07000000 -0.66000000 2.63000000
v 4.07000000 -0.66000000 2.81000000
v 4.07000000 -0.58000000 2.63000000
v 4.07000000 -0.58000000 2.81000000
f 1782 1784 1781
f 1785 1782 1781
f 1781 1784 1783
f 1783 1785 1781
f 1782 1788 1784
f 1786 1782 1785
f 1786 1788 1782
f 1784 1788 1783
f 1787 1785 1783
f 1783 1788 1787
f 1787 1786 1785
f 1788 1786 1787

o geometry_132
v 3.74450000 -0.73000000 2.76000000
v 3.74450000 -0.73000000 2.84000000
v 3.74450000 -0.63000000 2.76000000
v 3.74450000 -0.63000000 2.84000000
v 3.97550000 -0.73000000 2.76000000
v 3.97550000 -0.73000000 2.84000000
v 3.97550000 -0.63000000 2.76000000
v 3.97550000 -0.63000000 2.84000000
f 1790 1792 1789
f 1793 1790 1789
f 1789 1792 1791
f 1791 1793 1789
f 1790 1796 1792
f 1794 1790 1793
f 1794 1796 1790
f 1792 1796 1791
f 1795 1793 1791
f 1791 1796 1795
f 1795 1794 1793
f 1796 1794 1795

o geometry_133
v 4.07000000 -0.66000000 2.63000000
v 4.07000000 -0.66000000 2.81000000
v 4.07000000 -0.58000000 2.63000000
v 4.07000000 -0.58000000 2.81000000
v 4.49000000 -0.66000000 2.63000000
v 4.49000000 -0.66000000 2.81000000
v 4.49000000 -0.58000000 2.63000000
v 4.49000000 -0.58000000 2.81000000
f 1798 1800 1797
f 1801 1798 1797
f 1797 1800 1799
f 1799 1801 1797
f 1798 1804 1800
f 1802 1798 1801
f 1802 1804 1798
f 1800 1804 1799
f 1803 1801 1799
f 1799 1804 1803
f 1803 1802 1801
f 1804 1802 1803

o geometry_134
v 4.16450000 -0.73000000 2.60000000
v 4.16450000 -0.73000000 2.68000000
v 4.16450000 -0.63000000 2.60000000
v 4.16450000 -0.63000000 2.68000000
v 4.39550000 -0.73000000 2.60000000
v 4.39550000 -0.73000000 2.68000000
v 4.39550000 -0.63000000 2.60000000
v 4.39550000 -0.63000000 2.68000000
f 1806 1808 1805
f 1809 1806 1805
f 1805 1808 1807
f 1807 1809 1805
f 1806 1812 1808
f 1810 1806 1809
f 1810 1812 1806
f 1808 1812 1807
f 1811 1809 1807
f 1807 1812 1811
f 1811 1810 1809
f 1812 1810 1811

o geometry_135
v 4.49000000 -0.66000000 2.63000000
v 4.49000000 -0.66000000 2.81000000
v 4.49000000 -0.58000000 2.63000000
v 4.49000000 -0.58000000 2.81000000
v 4.91000000 -0.66000000 2.63000000
v 4.91000000 -0.66000000 2.81000000
v 4.91000000 -0.58000000 2.63000000
v 4.91000000 -0.58000000 2.81000000
f 1814 1816 1813
f 1817 1814 1813
f 1813 1816 1815
f 1815 1817 1813
f 1814 1820 1816
f 1818 1814 1817
f 1818 1820 1814
f 1816 1820 1815
f 1819 1817 1815
f 1815 1820 1819
f 1819 1818 1817
f 1820 1818 1819

o geometry_136
v 4.58450000 -0.73000000 2.76000000
v 4.58450000 -0.73000000 2.84000000
v 4.58450000 -0.63000000 2.76000000
v 4.58450000 -0.63000000 2.84000000
v 4.81550000 -0.73000000 2.76000000
v 4.81550000 -0.73000000 2.84000000
v 4.81550000 -0.63000000 2.76000000
v 4.81550000 -0.63000000 2.84000000
f 1822 1824 1821
f 1825 1822 1821
f 1821 1824 1823
f 1823 1825 1821
f 1822 1828 1824
f 1826 1822 1825
f 1826 1828 1822
f 1824 1828 1823
f 1827 1825 1823
f 1823 1828 1827
f 1827 1826 1825
f 1828 1826 1827

o geometry_137
v 4.91000000 -0.66000000 2.63000000
v 4.91000000 -0.66000000 2.81000000
v 4.91000000 -0.58000000 2.63000000
v 4.91000000 -0.58000000 2.81000000
v 5.33000000 -0.66000000 2.63000000
v 5.33000000 -0.66000000 2.81000000
v 5.33000000 -0.58000000 2.63000000
v 5.33000000 -0.58000000 2.81000000
f 1830 1832 1829
f 1833 1830 1829
f 1829 1832 1831
f 1831 1833 1829
f 1830 1836 1832
f 1834 1830 1833
f 1834 1836 1830
f 1832 1836 1831
f 1835 1833 1831
f 1831 1836 1835
f 1835 1834 1833
f 1836 1834 1835

o geometry_138
v 5.00450000 -0.73000000 2.60000000
v 5.00450000 -0.73000000 2.68000000
v 5.00450000 -0.63000000 2.60000000
v 5.00450000 -0.63000000 2.68000000
v 5.23550000 -0.73000000 2.60000000
v 5.23550000 -0.73000000 2.68000000
v 5.23550000 -0.63000000 2.60000000
v 5.23550000 -0.63000000 2.68000000
f 1838 1840 1837
f 1841 1838 1837
f 1837 1840 1839
f 1839 1841 1837
f 1838 1844 1840
f 1842 1838 1841
f 1842 1844 1838
f 1840 1844 1839
f 1843 1841 1839
f 1839 1844 1843
f 1843 1842 1841
f 1844 1842 1843

o geometry_139
v 5.33000000 -0.66000000 2.63000000
v 5.33000000 -0.66000000 2.81000000
v 5.33000000 -0.58000000 2.63000000
v 5.33000000 -0.58000000 2.81000000
v 5.75000000 -0.66000000 2.63000000
v 5.75000000 -0.66000000 2.81000000
v 5.75000000 -0.58000000 2.63000000
v 5.75000000 -0.58000000 2.81000000
f 1846 1848 1845
f 1849 1846 1845
f 1845 1848 1847
f 1847 1849 1845
f 1846 1852 1848
f 1850 1846 1849
f 1850 1852 1846
f 1848 1852 1847
f 1851 1849 1847
f 1847 1852 1851
f 1851 1850 1849
f 1852 1850 1851

o geometry_140
v 5.42450000 -0.73000000 2.76000000
v 5.42450000 -0.73000000 2.84000000
v 5.42450000 -0.63000000 2.76000000
v 5.42450000 -0.63000000 2.84000000
v 5.65550000 -0.73000000 2.76000000
v 5.65550000 -0.73000000 2.84000000
v 5.65550000 -0.63000000 2.76000000
v 5.65550000 -0.63000000 2.84000000
f 1854 1856 1853
f 1857 1854 1853
f 1853 1856 1855
f 1855 1857 1853
f 1854 1860 1856
f 1858 1854 1857
f 1858 1860 1854
f 1856 1860 1855
f 1859 1857 1855
f 1855 1860 1859
f 1859 1858 1857
f 1860 1858 1859

o geometry_141
v 5.75000000 -0.66000000 2.63000000
v 5.75000000 -0.66000000 2.81000000
v 5.75000000 -0.58000000 2.63000000
v 5.75000000 -0.58000000 2.81000000
v 6.17000000 -0.66000000 2.63000000
v 6.17000000 -0.66000000 2.81000000
v 6.17000000 -0.58000000 2.63000000
v 6.17000000 -0.58000000 2.81000000
f 1862 1864 1861
f 1865 1862 1861
f 1861 1864 1863
f 1863 1865 1861
f 1862 1868 1864
f 1866 1862 1865
f 1866 1868 1862
f 1864 1868 1863
f 1867 1865 1863
f 1863 1868 1867
f 1867 1866 1865
f 1868 1866 1867

o geometry_142
v 5.84450000 -0.73000000 2.60000000
v 5.84450000 -0.73000000 2.68000000
v 5.84450000 -0.63000000 2.60000000
v 5.84450000 -0.63000000 2.68000000
v 6.07550000 -0.73000000 2.60000000
v 6.07550000 -0.73000000 2.68000000
v 6.07550000 -0.63000000 2.60000000
v 6.07550000 -0.63000000 2.68000000
f 1870 1872 1869
f 1873 1870 1869
f 1869 1872 1871
f 1871 1873 1869
f 1870 1876 1872
f 1874 1870 1873
f 1874 1876 1870
f 1872 1876 1871
f 1875 1873 1871
f 1871 1876 1875
f 1875 1874 1873
f 1876 1874 1875

o geometry_143
v 6.17000000 -0.66000000 2.63000000
v 6.17000000 -0.66000000 2.81000000
v 6.17000000 -0.58000000 2.63000000
v 6.17000000 -0.58000000 2.81000000
v 6.59000000 -0.66000000 2.63000000
v 6.59000000 -0.66000000 2.81000000
v 6.59000000 -0.58000000 2.63000000
v 6.59000000 -0.58000000 2.81000000
f 1878 1880 1877
f 1881 1878 1877
f 1877 1880 1879
f 1879 1881 1877
f 1878 1884 1880
f 1882 1878 1881
f 1882 1884 1878
f 1880 1884 1879
f 1883 1881 1879
f 1879 1884 1883
f 1883 1882 1881
f 1884 1882 1883

o geometry_144
v 6.26450000 -0.73000000 2.76000000
v 6.26450000 -0.73000000 2.84000000
v 6.26450000 -0.63000000 2.76000000
v 6.26450000 -0.63000000 2.84000000
v 6.49550000 -0.73000000 2.76000000
v 6.49550000 -0.73000000 2.84000000
v 6.49550000 -0.63000000 2.76000000
v 6.49550000 -0.63000000 2.84000000
f 1886 1888 1885
f 1889 1886 1885
f 1885 1888 1887
f 1887 1889 1885
f 1886 1892 1888
f 1890 1886 1889
f 1890 1892 1886
f 1888 1892 1887
f 1891 1889 1887
f 1887 1892 1891
f 1891 1890 1889
f 1892 1890 1891

o geometry_145
v 3.70000000 -0.72000000 1.48000000
v 3.74500000 -0.72000000 1.48000000
v 3.74500000 -0.72000000 1.82000000
v 3.70000000 -0.72000000 1.82000000
v 3.73897114 -0.69750000 1.48000000
v 3.73897114 -0.69750000 1.82000000
v 3.72250000 -0.68102886 1.48000000
v 3.72250000 -0.68102886 1.82000000
v 3.70000000 -0.67500000 1.48000000
v 3.70000000 -0.67500000 1.82000000
v 3.67750000 -0.68102886 1.48000000
v 3.67750000 -0.68102886 1.82000000
v 3.66102886 -0.69750000 1.48000000
v 3.66102886 -0.69750000 1.82000000
v 3.65500000 -0.72000000 1.48000000
v 3.65500000 -0.72000000 1.82000000
v 3.66102886 -0.74250000 1.48000000
v 3.66102886 -0.74250000 1.82000000
v 3.67750000 -0.75897114 1.48000000
v 3.67750000 -0.75897114 1.82000000
v 3.70000000 -0.76500000 1.48000000
v 3.70000000 -0.76500000 1.82000000
v 3.72250000 -0.75897114 1.48000000
v 3.72250000 -0.75897114 1.82000000
v 3.73897114 -0.74250000 1.48000000
v 3.73897114 -0.74250000 1.82000000
f 1894 1893 1897
f 1894 1897 1895
f 1895 1897 1898
f 1895 1898 1896
f 1897 1893 1899
f 1897 1899 1898
f 1898 1899 1900
f 1898 1900 1896
f 1899 1893 1901
f 1899 1901 1900
f 1900 1901 1902
f 1900 1902 1896
f 1901 1893 1903
f 1901 1903 1902
f 1902 1903 1904
f 1902 1904 1896
f 1903 1893 1905
f 1903 1905 1904
f 1904 1905 1906
f 1904 1906 1896
f 1905 1893 1907
f 1905 1907 1906
f 1906 1907 1908
f 1906 1908 1896
f 1907 1893 1909
f 1907 1909 1908
f 1908 1909 1910
f 1908 1910 1896
f 1909 1893 1911
f 1909 1911 1910
f 1910 1911 1912
f 1910 1912 1896
f 1911 1893 1913
f 1911 1913 1912
f 1912 1913 1914
f 1912 1914 1896
f 1913 1893 1915
f 1913 1915 1914
f 1914 1915 1916
f 1914 1916 1896
f 1915 1893 1917
f 1915 1917 1916
f 1916 1917 1918
f 1916 1918 1896
f 1917 1893 1894
f 1917 1894 1918
f 1918 1894 1895
f 1918 1895 1896

o geometry_146
v 3.61000000 -0.70000000 1.49000000
v 3.61000000 -0.70000000 1.73000000
v 3.61000000 -0.64000000 1.49000000
v 3.61000000 -0.64000000 1.73000000
v 3.79000000 -0.70000000 1.49000000
v 3.79000000 -0.70000000 1.73000000
v 3.79000000 -0.64000000 1.49000000
v 3.79000000 -0.64000000 1.73000000
f 1920 1922 1919
f 1923 1920 1919
f 1919 1922 1921
f 1921 1923 1919
f 1920 1926 1922
f 1924 1920 1923
f 1924 1926 1920
f 1922 1926 1921
f 1925 1923 1921
f 1921 1926 1925
f 1925 1924 1923
f 1926 1924 1925

o geometry_147
v 3.70000000 -0.73000000 1.88000000
v 3.80000000 -0.73000000 1.88000000
v 3.70000000 -0.73000000 2.08000000
v 3.78660254 -0.68000000 1.88000000
v 3.75000000 -0.64339746 1.88000000
v 3.70000000 -0.63000000 1.88000000
v 3.65000000 -0.64339746 1.88000000
v 3.61339746 -0.68000000 1.88000000
v 3.60000000 -0.73000000 1.88000000
v 3.61339746 -0.78000000 1.88000000
v 3.65000000 -0.81660254 1.88000000
v 3.70000000 -0.83000000 1.88000000
v 3.75000000 -0.81660254 1.88000000
v 3.78660254 -0.78000000 1.88000000
f 1928 1927 1930
f 1928 1930 1929
f 1930 1927 1931
f 1930 1931 1929
f 1931 1927 1932
f 1931 1932 1929
f 1932 1927 1933
f 1932 1933 1929
f 1933 1927 1934
f 1933 1934 1929
f 1934 1927 1935
f 1934 1935 1929
f 1935 1927 1936
f 1935 1936 1929
f 1936 1927 1937
f 1936 1937 1929
f 1937 1927 1938
f 1937 1938 1929
f 1938 1927 1939
f 1938 1939 1929
f 1939 1927 1940
f 1939 1940 1929
f 1940 1927 1928
f 1940 1928 1929

o geometry_148
v 5.90000000 -0.72000000 1.48000000
v 5.94500000 -0.72000000 1.48000000
v 5.94500000 -0.72000000 1.82000000
v 5.90000000 -0.72000000 1.82000000
v 5.93897114 -0.69750000 1.48000000
v 5.93897114 -0.69750000 1.82000000
v 5.92250000 -0.68102886 1.48000000
v 5.92250000 -0.68102886 1.82000000
v 5.90000000 -0.67500000 1.48000000
v 5.90000000 -0.67500000 1.82000000
v 5.87750000 -0.68102886 1.48000000
v 5.87750000 -0.68102886 1.82000000
v 5.86102886 -0.69750000 1.48000000
v 5.86102886 -0.69750000 1.82000000
v 5.85500000 -0.72000000 1.48000000
v 5.85500000 -0.72000000 1.82000000
v 5.86102886 -0.74250000 1.48000000
v 5.86102886 -0.74250000 1.82000000
v 5.87750000 -0.75897114 1.48000000
v 5.87750000 -0.75897114 1.82000000
v 5.90000000 -0.76500000 1.48000000
v 5.90000000 -0.76500000 1.82000000
v 5.92250000 -0.75897114 1.48000000
v 5.92250000 -0.75897114 1.82000000
v 5.93897114 -0.74250000 1.48000000
v 5.93897114 -0.74250000 1.82000000
f 1942 1941 1945
f 1942 1945 1943
f 1943 1945 1946
f 1943 1946 1944
f 1945 1941 1947
f 1945 1947 1946
f 1946 1947 1948
f 1946 1948 1944
f 1947 1941 1949
f 1947 1949 1948
f 1948 1949 1950
f 1948 1950 1944
f 1949 1941 1951
f 1949 1951 1950
f 1950 1951 1952
f 1950 1952 1944
f 1951 1941 1953
f 1951 1953 1952
f 1952 1953 1954
f 1952 1954 1944
f 1953 1941 1955
f 1953 1955 1954
f 1954 1955 1956
f 1954 1956 1944
f 1955 1941 1957
f 1955 1957 1956
f 1956 1957 1958
f 1956 1958 1944
f 1957 1941 1959
f 1957 1959 1958
f 1958 1959 1960
f 1958 1960 1944
f 1959 1941 1961
f 1959 1961 1960
f 1960 1961 1962
f 1960 1962 1944
f 1961 1941 1963
f 1961 1963 1962
f 1962 1963 1964
f 1962 1964 1944
f 1963 1941 1965
f 1963 1965 1964
f 1964 1965 1966
f 1964 1966 1944
f 1965 1941 1942
f 1965 1942 1966
f 1966 1942 1943
f 1966 1943 1944

o geometry_149
v 5.81000000 -0.70000000 1.49000000
v 5.81000000 -0.70000000 1.73000000
v 5.81000000 -0.64000000 1.49000000
v 5.81000000 -0.64000000 1.73000000
v 5.99000000 -0.70000000 1.49000000
v 5.99000000 -0.70000000 1.73000000
v 5.99000000 -0.64000000 1.49000000
v 5.99000000 -0.64000000 1.73000000
f 1968 1970 1967
f 1971 1968 1967
f 1967 1970 1969
f 1969 1971 1967
f 1968 1974 1970
f 1972 1968 1971
f 1972 1974 1968
f 1970 1974 1969
f 1973 1971 1969
f 1969 1974 1973
f 1973 1972 1971
f 1974 1972 1973

o geometry_150
v 5.90000000 -0.73000000 1.88000000
v 6.00000000 -0.73000000 1.88000000
v 5.90000000 -0.73000000 2.08000000
v 5.98660254 -0.68000000 1.88000000
v 5.95000000 -0.64339746 1.88000000
v 5.90000000 -0.63000000 1.88000000
v 5.85000000 -0.64339746 1.88000000
v 5.81339746 -0.68000000 1.88000000
v 5.80000000 -0.73000000 1.88000000
v 5.81339746 -0.78000000 1.88000000
v 5.85000000 -0.81660254 1.88000000
v 5.90000000 -0.83000000 1.88000000
v 5.95000000 -0.81660254 1.88000000
v 5.98660254 -0.78000000 1.88000000
f 1976 1975 1978
f 1976 1978 1977
f 1978 1975 1979
f 1978 1979 1977
f 1979 1975 1980
f 1979 1980 1977
f 1980 1975 1981
f 1980 1981 1977
f 1981 1975 1982
f 1981 1982 1977
f 1982 1975 1983
f 1982 1983 1977
f 1983 1975 1984
f 1983 1984 1977
f 1984 1975 1985
f 1984 1985 1977
f 1985 1975 1986
f 1985 1986 1977
f 1986 1975 1987
f 1986 1987 1977
f 1987 1975 1988
f 1987 1988 1977
f 1988 1975 1976
f 1988 1976 1977

o geometry_151
v 5.51916234 -0.25798478 0.17685601
v 5.80525067 -0.25798478 0.17685601
v 5.51916234 -0.58201522 0.17685601
v 5.80525067 -0.58201522 0.17685601
v 5.66220650 -0.52013091 0.46928868
v 5.66220650 -0.31986909 0.46928868
v 5.66220650 -0.52013091 -0.11557666
v 5.66220650 -0.31986909 -0.11557666
v 5.89365682 -0.42000000 -0.00387732
v 5.89365682 -0.42000000 0.35758934
v 5.43075618 -0.42000000 -0.00387732
v 5.43075618 -0.42000000 0.35758934
v 5.66220650 -0.22953968 0.17685601
v 5.66220650 -0.61046032 0.17685601
v 5.57812725 -0.57408563 0.34874362
v 5.74628575 -0.57408563 0.34874362
v 5.57812725 -0.26591437 0.34874362
v 5.74628575 -0.26591437 0.34874362
v 5.66220650 -0.42000000 0.52063124
v 5.57812725 -0.57408563 0.00496840
v 5.74628575 -0.57408563 0.00496840
v 5.57812725 -0.26591437 0.00496840
v 5.74628575 -0.26591437 0.00496840
v 5.66220650 -0.42000000 -0.16691922
v 5.88232884 -0.32476984 0.07062362
v 5.88232884 -0.51523016 0.07062362
v 5.79824959 -0.47885548 -0.10126399
v 5.79824959 -0.36114452 -0.10126399
v 5.88232884 -0.32476984 0.28308840
v 5.88232884 -0.51523016 0.28308840
v 5.79824959 -0.47885548 0.45497601
v 5.79824959 -0.36114452 0.45497601
v 5.93429267 -0.42000000 0.17685601
v 5.44208417 -0.32476984 0.07062362
v 5.44208417 -0.51523016 0.07062362
v 5.52616342 -0.47885548 -0.10126399
v 5.52616342 -0.36114452 -0.10126399
v 5.44208417 -0.32476984 0.28308840
v 5.44208417 -0.51523016 0.28308840
v 5.52616342 -0.47885548 0.45497601
v 5.52616342 -0.36114452 0.45497601
v 5.39012034 -0.42000000 0.17685601
f 1989 2026 2005
f 2026 2000 2029
f 2005 2029 1994
f 2026 2029 2005
f 1989 2005 2001
f 2005 1994 2006
f 2001 2006 1990
f 2005 2006 2001
f 1989 2001 2010
f 2001 1990 2011
f 2010 2011 1996
f 2001 2011 2010
f 1989 2010 2022
f 2010 1996 2025
f 2022 2025 1999
f 2010 2025 2022
f 1989 2022 2026
f 2022 1999 2030
f 2026 2030 2000
f 2022 2030 2026
f 1990 2006 2017
f 2006 1994 2020
f 2017 2020 1998
f 2006 2020 2017
f 1994 2029 2007
f 2029 2000 2028
f 2007 2028 1993
f 2029 2028 2007
f 2000 2030 2027
f 2030 1999 2023
f 2027 2023 1991
f 2030 2023 2027
f 1999 2025 2024
f 2025 1996 2012
f 2024 2012 1995
f 2025 2012 2024
f 1996 2011 2016
f 2011 1990 2013
f 2016 2013 1997
f 2011 2013 2016
f 1992 2018 2004
f 2018 1998 2019
f 2004 2019 1993
f 2018 2019 2004
f 1992 2004 2002
f 2004 1993 2003
f 2002 2003 1991
f 2004 2003 2002
f 1992 2002 2009
f 2002 1991 2008
f 2009 2008 1995
f 2002 2008 2009
f 1992 2009 2014
f 2009 1995 2015
f 2014 2015 1997
f 2009 2015 2014
f 1992 2014 2018
f 2014 1997 2021
f 2018 2021 1998
f 2014 2021 2018
f 1993 2019 2007
f 2019 1998 2020
f 2007 2020 1994
f 2019 2020 2007
f 1991 2003 2027
f 2003 1993 2028
f 2027 2028 2000
f 2003 2028 2027
f 1995 2008 2024
f 2008 1991 2023
f 2024 2023 1999
f 2008 2023 2024
f 1997 2015 2016
f 2015 1995 2012
f 2016 2012 1996
f 2015 2012 2016
f 1998 2021 2017
f 2021 1997 2013
f 2017 2013 1990
f 2021 2013 2017

o geometry_152
v 6.34896230 -0.35135769 0.07493002
v 6.47017167 -0.35135769 0.07493002
v 6.34896230 -0.48864231 0.07493002
v 6.47017167 -0.48864231 0.07493002
v 6.40956699 -0.46242328 0.19111686
v 6.40956699 -0.37757672 0.19111686
v 6.40956699 -0.46242328 -0.04125681
v 6.40956699 -0.37757672 -0.04125681
v 6.50762743 -0.42000000 0.00312261
v 6.50762743 -0.42000000 0.14673744
v 6.31150655 -0.42000000 0.00312261
v 6.31150655 -0.42000000 0.14673744
v 6.40956699 -0.33930613 0.07493002
v 6.40956699 -0.50069387 0.07493002
v 6.37394445 -0.48528271 0.14322293
v 6.44518953 -0.48528271 0.14322293
v 6.37394445 -0.35471729 0.14322293
v 6.44518953 -0.35471729 0.14322293
v 6.40956699 -0.42000000 0.21151584
v 6.37394445 -0.48528271 0.00663712
v 6.44518953 -0.48528271 0.00663712
v 6.37394445 -0.35471729 0.00663712
v 6.44518953 -0.35471729 0.00663712
v 6.40956699 -0.42000000 -0.06165579
v 6.50282801 -0.37965306 0.03272269
v 6.50282801 -0.46034694 0.03272269
v 6.46720547 -0.44493578 -0.03557022
v 6.46720547 -0.39506422 -0.03557022
v 6.50282801 -0.37965306 0.11713736
v 6.50282801 -0.46034694 0.11713736
v 6.46720547 -0.44493578 0.18543027
v 6.46720547 -0.39506422 0.18543027
v 6.52484395 -0.42000000 0.07493002
v 6.31630597 -0.37965306 0.03272269
v 6.31630597 -0.46034694 0.03272269
v 6.35192851 -0.44493578 -0.03557022
v 6.35192851 -0.39506422 -0.03557022
v 6.31630597 -0.37965306 0.11713736
v 6.31630597 -0.46034694 0.11713736
v 6.35192851 -0.44493578 0.18543027
v 6.35192851 -0.39506422 0.18543027
v 6.29429003 -0.42000000 0.07493002
f 2031 2068 2047
f 2068 2042 2071
f 2047 2071 2036
f 2068 2071 2047
f 2031 2047 2043
f 2047 2036 2048
f 2043 2048 2032
f 2047 2048 2043
f 2031 2043 2052
f 2043 2032 2053
f 2052 2053 2038
f 2043 2053 2052
f 2031 2052 2064
f 2052 2038 2067
f 2064 2067 2041
f 2052 2067 2064
f 2031 2064 2068
f 2064 2041 2072
f 2068 2072 2042
f 2064 2072 2068
f 2032 2048 2059
f 2048 2036 2062
f 2059 2062 2040
f 2048 2062 2059
f 2036 2071 2049
f 2071 2042 2070
f 2049 2070 2035
f 2071 2070 2049
f 2042 2072 2069
f 2072 2041 2065
f 2069 2065 2033
f 2072 2065 2069
f 2041 2067 2066
f 2067 2038 2054
f 2066 2054 2037
f 2067 2054 2066
f 2038 2053 2058
f 2053 2032 2055
f 2058 2055 2039
f 2053 2055 2058
f 2034 2060 2046
f 2060 2040 2061
f 2046 2061 2035
f 2060 2061 2046
f 2034 2046 2044
f 2046 2035 2045
f 2044 2045 2033
f 2046 2045 2044
f 2034 2044 2051
f 2044 2033 2050
f 2051 2050 2037
f 2044 2050 2051
f 2034 2051 2056
f 2051 2037 2057
f 2056 2057 2039
f 2051 2057 2056
f 2034 2056 2060
f 2056 2039 2063
f 2060 2063 2040
f 2056 2063 2060
f 2035 2061 2049
f 2061 2040 2062
f 2049 2062 2036
f 2061 2062 2049
f 2033 2045 2069
f 2045 2035 2070
f 2069 2070 2042
f 2045 2070 2069
f 2037 2050 2066
f 2050 2033 2065
f 2066 2065 2041
f 2050 2065 2066
f 2039 2057 2058
f 2057 2037 2054
f 2058 2054 2038
f 2057 2054 2058
f 2040 2063 2059
f 2063 2039 2055
f 2059 2055 2032
f 2063 2055 2059

o geometry_153
v 6.15058781 -0.28867140 0.14335846
v 6.38248935 -0.28867140 0.14335846
v 6.15058781 -0.55132860 0.14335846
v 6.38248935 -0.55132860 0.14335846
v 6.26653858 -0.50116554 0.29639296
v 6.26653858 -0.33883446 0.29639296
v 6.26653858 -0.50116554 -0.00967605
v 6.26653858 -0.33883446 -0.00967605
v 6.45415087 -0.42000000 0.04877793
v 6.45415087 -0.42000000 0.23793898
v 6.07892629 -0.42000000 0.04877793
v 6.07892629 -0.42000000 0.23793898
v 6.26653858 -0.26561397 0.14335846
v 6.26653858 -0.57438603 0.14335846
v 6.19838443 -0.54490092 0.23330988
v 6.33469274 -0.54490092 0.23330988
v 6.19838443 -0.29509908 0.23330988
v 6.33469274 -0.29509908 0.23330988
v 6.26653858 -0.42000000 0.32326130
v 6.19838443 -0.54490092 0.05340703
v 6.33469274 -0.54490092 0.05340703
v 6.19838443 -0.29509908 0.05340703
v 6.33469274 -0.29509908 0.05340703
v 6.26653858 -0.42000000 -0.03654439
v 6.44496847 -0.34280698 0.08776542
v 6.44496847 -0.49719302 0.08776542
v 6.37681432 -0.46770791 -0.00218600
v 6.37681432 -0.37229209 -0.00218600
v 6.44496847 -0.34280698 0.19895149
v 6.44496847 -0.49719302 0.19895149
v 6.37681432 -0.46770791 0.28890292
v 6.37681432 -0.37229209 0.28890292
v 6.48709005 -0.42000000 0.14335846
v 6.08810869 -0.34280698 0.08776542
v 6.08810869 -0.49719302 0.08776542
v 6.15626285 -0.46770791 -0.00218600
v 6.15626285 -0.37229209 -0.00218600
v 6.08810869 -0.34280698 0.19895149
v 6.08810869 -0.49719302 0.19895149
v 6.15626285 -0.46770791 0.28890292
v 6.15626285 -0.37229209 0.28890292
v 6.04598711 -0.42000000 0.14335846
f 2073 2110 2089
f 2110 2084 2113
f 2089 2113 2078
f 2110 2113 2089
f 2073 2089 2085
f 2089 2078 2090
f 2085 2090 2074
f 2089 2090 2085
f 2073 2085 2094
f 2085 2074 2095
f 2094 2095 2080
f 2085 2095 2094
f 2073 2094 2106
f 2094 2080 2109
f 2106 2109 2083
f 2094 2109 2106
f 2073 2106 2110
f 2106 2083 2114
f 2110 2114 2084
f 2106 2114 2110
f 2074 2090 2101
f 2090 2078 2104
f 2101 2104 2082
f 2090 2104 2101
f 2078 2113 2091
f 2113 2084 2112
f 2091 2112 2077
f 2113 2112 2091
f 2084 2114 2111
f 2114 2083 2107
f 2111 2107 2075
f 2114 2107 2111
f 2083 2109 2108
f 2109 2080 2096
f 2108 2096 2079
f 2109 2096 2108
f 2080 2095 2100
f 2095 2074 2097
f 2100 2097 2081
f 2095 2097 2100
f 2076 2102 2088
f 2102 2082 2103
f 2088 2103 2077
f 2102 2103 2088
f 2076 2088 2086
f 2088 2077 2087
f 2086 2087 2075
f 2088 2087 2086
f 2076 2086 2093
f 2086 2075 2092
f 2093 2092 2079
f 2086 2092 2093
f 2076 2093 2098
f 2093 2079 2099
f 2098 2099 2081
f 2093 2099 2098
f 2076 2098 2102
f 2098 2081 2105
f 2102 2105 2082
f 2098 2105 2102
f 2077 2103 2091
f 2103 2082 2104
f 2091 2104 2078
f 2103 2104 2091
f 2075 2087 2111
f 2087 2077 2112
f 2111 2112 2084
f 2087 2112 2111
f 2079 2092 2108
f 2092 2075 2107
f 2108 2107 2083
f 2092 2107 2108
f 2081 2099 2100
f 2099 2079 2096
f 2100 2096 2080
f 2099 2096 2100
f 2082 2105 2101
f 2105 2081 2097
f 2101 2097 2074
f 2105 2097 2101

o geometry_154
v 5.66422543 -0.29541622 0.13599580
v 5.88421689 -0.29541622 0.13599580
v 5.66422543 -0.54458378 0.13599580
v 5.88421689 -0.54458378 0.13599580
v 5.77422116 -0.49699701 0.31519049
v 5.77422116 -0.34300299 0.31519049
v 5.77422116 -0.49699701 -0.04319889
v 5.77422116 -0.34300299 -0.04319889
v 5.95219799 -0.42000000 0.02524739
v 5.95219799 -0.42000000 0.24674421
v 5.59624433 -0.42000000 0.02524739
v 5.59624433 -0.42000000 0.24674421
v 5.77422116 -0.27354298 0.13599580
v 5.77422116 -0.56645702 0.13599580
v 5.70956729 -0.53848622 0.24132380
v 5.83887503 -0.53848622 0.24132380
v 5.70956729 -0.30151378 0.24132380
v 5.83887503 -0.30151378 0.24132380
v 5.77422116 -0.42000000 0.34665180
v 5.70956729 -0.53848622 0.03066781
v 5.83887503 -0.53848622 0.03066781
v 5.70956729 -0.30151378 0.03066781
v 5.83887503 -0.30151378 0.03066781
v 5.77422116 -0.42000000 -0.07466019
v 5.94348718 -0.34677149 0.07089952
v 5.94348718 -0.49322851 0.07089952
v 5.87883331 -0.46525771 -0.03442848
v 5.87883331 -0.37474229 -0.03442848
v 5.94348718 -0.34677149 0.20109209
v 5.94348718 -0.49322851 0.20109209
v 5.87883331 -0.46525771 0.30642008
v 5.87883331 -0.37474229 0.30642008
v 5.98344547 -0.42000000 0.13599580
v 5.60495513 -0.34677149 0.07089952
v 5.60495513 -0.49322851 0.07089952
v 5.66960900 -0.46525771 -0.03442848
v 5.66960900 -0.37474229 -0.03442848
v 5.60495513 -0.34677149 0.20109209
v 5.60495513 -0.49322851 0.20109209
v 5.66960900 -0.46525771 0.30642008
v 5.66960900 -0.37474229 0.30642008
v 5.56499685 -0.42000000 0.13599580
f 2115 2152 2131
f 2152 2126 2155
f 2131 2155 2120
f 2152 2155 2131
f 2115 2131 2127
f 2131 2120 2132
f 2127 2132 2116
f 2131 2132 2127
f 2115 2127 2136
f 2127 2116 2137
f 2136 2137 2122
f 2127 2137 2136
f 2115 2136 2148
f 2136 2122 2151
f 2148 2151 2125
f 2136 2151 2148
f 2115 2148 2152
f 2148 2125 2156
f 2152 2156 2126
f 2148 2156 2152
f 2116 2132 2143
f 2132 2120 2146
f 2143 2146 2124
f 2132 2146 2143
f 2120 2155 2133
f 2155 2126 2154
f 2133 2154 2119
f 2155 2154 2133
f 2126 2156 2153
f 2156 2125 2149
f 2153 2149 2117
f 2156 2149 2153
f 2125 2151 2150
f 2151 2122 2138
f 2150 2138 2121
f 2151 2138 2150
f 2122 2137 2142
f 2137 2116 2139
f 2142 2139 2123
f 2137 2139 2142
f 2118 2144 2130
f 2144 2124 2145
f 2130 2145 2119
f 2144 2145 2130
f 2118 2130 2128
f 2130 2119 2129
f 2128 2129 2117
f 2130 2129 2128
f 2118 2128 2135
f 2128 2117 2134
f 2135 2134 2121
f 2128 2134 2135
f 2118 2135 2140
f 2135 2121 2141
f 2140 2141 2123
f 2135 2141 2140
f 2118 2140 2144
f 2140 2123 2147
f 2144 2147 2124
f 2140 2147 2144
f 2119 2145 2133
f 2145 2124 2146
f 2133 2146 2120
f 2145 2146 2133
f 2117 2129 2153
f 2129 2119 2154
f 2153 2154 2126
f 2129 2154 2153
f 2121 2134 2150
f 2134 2117 2149
f 2150 2149 2125
f 2134 2149 2150
f 2123 2141 2142
f 2141 2121 2138
f 2142 2138 2122
f 2141 2138 2142
f 2124 2147 2143
f 2147 2123 2139
f 2143 2139 2116
f 2147 2139 2143

o geometry_155
v 6.30198522 -0.31429441 0.11538835
v 6.48864136 -0.31429441 0.11538835
v 6.30198522 -0.52570559 0.11538835
v 6.48864136 -0.52570559 0.11538835
v 6.39531329 -0.48532965 0.24759165
v 6.39531329 -0.35467035 0.24759165
v 6.39531329 -0.48532965 -0.01681496
v 6.39531329 -0.35467035 -0.01681496
v 6.54632128 -0.42000000 0.03368221
v 6.54632128 -0.42000000 0.19709448
v 6.24430530 -0.42000000 0.03368221
v 6.24430530 -0.42000000 0.19709448
v 6.39531329 -0.29573563 0.11538835
v 6.39531329 -0.54426437 0.11538835
v 6.34045643 -0.52053199 0.19309550
v 6.45017015 -0.52053199 0.19309550
v 6.34045643 -0.31946801 0.19309550
v 6.45017015 -0.31946801 0.19309550
v 6.39531329 -0.42000000 0.27080265
v 6.34045643 -0.52053199 0.03768119
v 6.45017015 -0.52053199 0.03768119
v 6.34045643 -0.31946801 0.03768119
v 6.45017015 -0.31946801 0.03768119
v 6.39531329 -0.42000000 -0.04002596
v 6.53893042 -0.35786781 0.06736269
v 6.53893042 -0.48213219 0.06736269
v 6.48407356 -0.45839980 -0.01034447
v 6.48407356 -0.38160020 -0.01034447
v 6.53893042 -0.35786781 0.16341401
v 6.53893042 -0.48213219 0.16341401
v 6.48407356 -0.45839980 0.24112116
v 6.48407356 -0.38160020 0.24112116
v 6.57283382 -0.42000000 0.11538835
v 6.25169616 -0.35786781 0.06736269
v 6.25169616 -0.48213219 0.06736269
v 6.30655302 -0.45839980 -0.01034447
v 6.30655302 -0.38160020 -0.01034447
v 6.25169616 -0.35786781 0.16341401
v 6.25169616 -0.48213219 0.16341401
v 6.30655302 -0.45839980 0.24112116
v 6.30655302 -0.38160020 0.24112116
v 6.21779275 -0.42000000 0.11538835
f 2157 2194 2173
f 2194 2168 2197
f 2173 2197 2162
f 2194 2197 2173
f 2157 2173 2169
f 2173 2162 2174
f 2169 2174 2158
f 2173 2174 2169
f 2157 2169 2178
f 2169 2158 2179
f 2178 2179 2164
f 2169 2179 2178
f 2157 2178 2190
f 2178 2164 2193
f 2190 2193 2167
f 2178 2193 2190
f 2157 2190 2194
f 2190 2167 2198
f 2194 2198 2168
f 2190 2198 2194
f 2158 2174 2185
f 2174 2162 2188
f 2185 2188 2166
f 2174 2188 2185
f 2162 2197 2175
f 2197 2168 2196
f 2175 2196 2161
f 2197 2196 2175
f 2168 2198 2195
f 2198 2167 2191
f 2195 2191 2159
f 2198 2191 2195
f 2167 2193 2192
f 2193 2164 2180
f 2192 2180 2163
f 2193 2180 2192
f 2164 2179 2184
f 2179 2158 2181
f 2184 2181 2165
f 2179 2181 2184
f 2160 2186 2172
f 2186 2166 2187
f 2172 2187 2161
f 2186 2187 2172
f 2160 2172 2170
f 2172 2161 2171
f 2170 2171 2159
f 2172 2171 2170
f 2160 2170 2177
f 2170 2159 2176
f 2177 2176 2163
f 2170 2176 2177
f 2160 2177 2182
f 2177 2163 2183
f 2182 2183 2165
f 2177 2183 2182
f 2160 2182 2186
f 2182 2165 2189
f 2186 2189 2166
f 2182 2189 2186
f 2161 2187 2175
f 2187 2166 2188
f 2175 2188 2162
f 2187 2188 2175
f 2159 2171 2195
f 2171 2161 2196
f 2195 2196 2168
f 2171 2196 2195
f 2163 2176 2192
f 2176 2159 2191
f 2192 2191 2167
f 2176 2191 2192
f 2165 2183 2184
f 2183 2163 2180
f 2184 2180 2164
f 2183 2180 2184
f 2166 2189 2185
f 2189 2165 2181
f 2185 2181 2158
f 2189 2181 2185

o geometry_156
v 6.05188027 -0.25382769 0.18139389
v 6.34530923 -0.25382769 0.18139389
v 6.05188027 -0.58617231 0.18139389
v 6.34530923 -0.58617231 0.18139389
v 6.19859475 -0.52270013 0.48159053
v 6.19859475 -0.31729987 0.48159053
v 6.19859475 -0.52270013 -0.11880276
v 6.19859475 -0.31729987 -0.11880276
v 6.43598376 -0.42000000 -0.00413784
v 6.43598376 -0.42000000 0.36692562
v 5.96120574 -0.42000000 -0.00413784
v 5.96120574 -0.42000000 0.36692562
v 6.19859475 -0.22465274 0.18139389
v 6.19859475 -0.61534726 0.18139389
v 6.11235815 -0.57803926 0.35784505
v 6.28483136 -0.57803926 0.35784505
v 6.11235815 -0.26196074 0.35784505
v 6.28483136 -0.26196074 0.35784505
v 6.19859475 -0.42000000 0.53429621
v 6.11235815 -0.57803926 0.00494273
v 6.28483136 -0.57803926 0.00494273
v 6.11235815 -0.26196074 0.00494273
v 6.28483136 -0.26196074 0.00494273
v 6.19859475 -0.42000000 -0.17150843
v 6.42436512 -0.32232637 0.07234107
v 6.42436512 -0.51767363 0.07234107
v 6.33812851 -0.48036562 -0.10411009
v 6.33812851 -0.35963438 -0.10411009
v 6.42436512 -0.32232637 0.29044670
v 6.42436512 -0.51767363 0.29044670
v 6.33812851 -0.48036562 0.46689786
v 6.33812851 -0.35963438 0.46689786
v 6.47766227 -0.42000000 0.18139389
v 5.97282438 -0.32232637 0.07234107
v 5.97282438 -0.51767363 0.07234107
v 6.05906099 -0.48036562 -0.10411009
v 6.05906099 -0.35963438 -0.10411009
v 5.97282438 -0.32232637 0.29044670
v 5.97282438 -0.51767363 0.29044670
v 6.05906099 -0.48036562 0.46689786
v 6.05906099 -0.35963438 0.46689786
v 5.91952723 -0.42000000 0.18139389
f 2199 2236 2215
f 2236 2210 2239
f 2215 2239 2204
f 2236 2239 2215
f 2199 2215 2211
f 2215 2204 2216
f 2211 2216 2200
f 2215 2216 2211
f 2199 2211 2220
f 2211 2200 2221
f 2220 2221 2206
f 2211 2221 2220
f 2199 2220 2232
f 2220 2206 2235
f 2232 2235 2209
f 2220 2235 2232
f 2199 2232 2236
f 2232 2209 2240
f 2236 2240 2210
f 2232 2240 2236
f 2200 2216 2227
f 2216 2204 2230
f 2227 2230 2208
f 2216 2230 2227
f 2204 2239 2217
f 2239 2210 2238
f 2217 2238 2203
f 2239 2238 2217
f 2210 2240 2237
f 2240 2209 2233
f 2237 2233 2201
f 2240 2233 2237
f 2209 2235 2234
f 2235 2206 2222
f 2234 2222 2205
f 2235 2222 2234
f 2206 2221 2226
f 2221 2200 2223
f 2226 2223 2207
f 2221 2223 2226
f 2202 2228 2214
f 2228 2208 2229
f 2214 2229 2203
f 2228 2229 2214
f 2202 2214 2212
f 2214 2203 2213
f 2212 2213 2201
f 2214 2213 2212
f 2202 2212 2219
f 2212 2201 2218
f 2219 2218 2205
f 2212 2218 2219
f 2202 2219 2224
f 2219 2205 2225
f 2224 2225 2207
f 2219 2225 2224
f 2202 2224 2228
f 2224 2207 2231
f 2228 2231 2208
f 2224 2231 2228
f 2203 2229 2217
f 2229 2208 2230
f 2217 2230 2204
f 2229 2230 2217
f 2201 2213 2237
f 2213 2203 2238
f 2237 2238 2210
f 2213 2238 2237
f 2205 2218 2234
f 2218 2201 2233
f 2234 2233 2209
f 2218 2233 2234
f 2207 2225 2226
f 2225 2205 2222
f 2226 2222 2206
f 2225 2222 2226
f 2208 2231 2227
f 2231 2207 2223
f 2227 2223 2200
f 2231 2223 2227

o geometry_157
v 5.54484639 -0.31277408 0.11704794
v 5.73418714 -0.31277408 0.11704794
v 5.54484639 -0.52722592 0.11704794
v 5.73418714 -0.52722592 0.11704794
v 5.63951676 -0.48626926 0.23771823
v 5.63951676 -0.35373074 0.23771823
v 5.63951676 -0.48626926 -0.00362235
v 5.63951676 -0.35373074 -0.00362235
v 5.79269665 -0.42000000 0.04246960
v 5.79269665 -0.42000000 0.19162628
v 5.48633688 -0.42000000 0.04246960
v 5.48633688 -0.42000000 0.19162628
v 5.63951676 -0.29394837 0.11704794
v 5.63951676 -0.54605163 0.11704794
v 5.58387091 -0.52197791 0.18797616
v 5.69516261 -0.52197791 0.18797616
v 5.58387091 -0.31802209 0.18797616
v 5.69516261 -0.31802209 0.18797616
v 5.63951676 -0.42000000 0.25890437
v 5.58387091 -0.52197791 0.04611972
v 5.69516261 -0.52197791 0.04611972
v 5.58387091 -0.31802209 0.04611972
v 5.69516261 -0.31802209 0.04611972
v 5.63951676 -0.42000000 -0.02480849
v 5.78519949 -0.35697419 0.07321189
v 5.78519949 -0.48302581 0.07321189
v 5.72955364 -0.45895210 0.00228367
v 5.72955364 -0.38104790 0.00228367
v 5.78519949 -0.35697419 0.16088399
v 5.78519949 -0.48302581 0.16088399
v 5.72955364 -0.45895210 0.23181221
v 5.72955364 -0.38104790 0.23181221
v 5.81959052 -0.42000000 0.11704794
v 5.49383404 -0.35697419 0.07321189
v 5.49383404 -0.48302581 0.07321189
v 5.54947989 -0.45895210 0.00228367
v 5.54947989 -0.38104790 0.00228367
v 5.49383404 -0.35697419 0.16088399
v 5.49383404 -0.48302581 0.16088399
v 5.54947989 -0.45895210 0.23181221
v 5.54947989 -0.38104790 0.23181221
v 5.45944301 -0.42000000 0.11704794
f 2241 2278 2257
f 2278 2252 2281
f 2257 2281 2246
f 2278 2281 2257
f 2241 2257 2253
f 2257 2246 2258
f 2253 2258 2242
f 2257 2258 2253
f 2241 2253 2262
f 2253 2242 2263
f 2262 2263 2248
f 2253 2263 2262
f 2241 2262 2274
f 2262 2248 2277
f 2274 2277 2251
f 2262 2277 2274
f 2241 2274 2278
f 2274 2251 2282
f 2278 2282 2252
f 2274 2282 2278
f 2242 2258 2269
f 2258 2246 2272
f 2269 2272 2250
f 2258 2272 2269
f 2246 2281 2259
f 2281 2252 2280
f 2259 2280 2245
f 2281 2280 2259
f 2252 2282 2279
f 2282 2251 2275
f 2279 2275 2243
f 2282 2275 2279
f 2251 2277 2276
f 2277 2248 2264
f 2276 2264 2247
f 2277 2264 2276
f 2248 2263 2268
f 2263 2242 2265
f 2268 2265 2249
f 2263 2265 2268
f 2244 2270 2256
f 2270 2250 2271
f 2256 2271 2245
f 2270 2271 2256
f 2244 2256 2254
f 2256 2245 2255
f 2254 2255 2243
f 2256 2255 2254
f 2244 2254 2261
f 2254 2243 2260
f 2261 2260 2247
f 2254 2260 2261
f 2244 2261 2266
f 2261 2247 2267
f 2266 2267 2249
f 2261 2267 2266
f 2244 2266 2270
f 2266 2249 2273
f 2270 2273 2250
f 2266 2273 2270
f 2245 2271 2259
f 2271 2250 2272
f 2259 2272 2246
f 2271 2272 2259
f 2243 2255 2279
f 2255 2245 2280
f 2279 2280 2252
f 2255 2280 2279
f 2247 2260 2276
f 2260 2243 2275
f 2276 2275 2251
f 2260 2275 2276
f 2249 2267 2268
f 2267 2247 2264
f 2268 2264 2248
f 2267 2264 2268
f 2250 2273 2269
f 2273 2249 2265
f 2269 2265 2242
f 2273 2265 2269

o geometry_158
v 2.80000000 -0.29500000 0.00000000
v 2.80000000 -0.29500000 0.18000000
v 2.80000000 0.25500000 0.00000000
v 2.80000000 0.25500000 0.18000000
v 6.80000000 -0.29500000 0.00000000
v 6.80000000 -0.29500000 0.18000000
v 6.80000000 0.25500000 0.00000000
v 6.80000000 0.25500000 0.18000000
f 2284 2286 2283
f 2287 2284 2283
f 2283 2286 2285
f 2285 2287 2283
f 2284 2290 2286
f 2288 2284 2287
f 2288 2290 2284
f 2286 2290 2285
f 2289 2287 2285
f 2285 2290 2289
f 2289 2288 2287
f 2290 2288 2289

o geometry_159
v 2.80000000 -0.33000000 3.25000000
v 2.80000000 -0.33000000 3.50000000
v 2.80000000 0.29000000 3.25000000
v 2.80000000 0.29000000 3.50000000
v 6.80000000 -0.33000000 3.25000000
v 6.80000000 -0.33000000 3.50000000
v 6.80000000 0.29000000 3.25000000
v 6.80000000 0.29000000 3.50000000
f 2292 2294 2291
f 2295 2292 2291
f 2291 2294 2293
f 2293 2295 2291
f 2292 2298 2294
f 2296 2292 2295
f 2296 2298 2292
f 2294 2298 2293
f 2297 2295 2293
f 2293 2298 2297
f 2297 2296 2295
f 2298 2296 2297

o geometry_160
v 7.60974939 -0.48207539 0.00599776
v 7.60974939 -0.48207539 0.48099776
v 7.60825295 -0.00207772 0.00599776
v 7.60825295 -0.00207772 0.48099776
v 8.09068246 -0.48057603 0.00599776
v 8.09068246 -0.48057603 0.48099776
v 8.08918601 -0.00057836 0.00599776
v 8.08918601 -0.00057836 0.48099776
f 2300 2302 2299
f 2303 2300 2299
f 2299 2302 2301
f 2301 2303 2299
f 2300 2306 2302
f 2304 2300 2303
f 2304 2306 2300
f 2302 2306 2301
f 2305 2303 2301
f 2301 2306 2305
f 2305 2304 2303
f 2306 2304 2305

o geometry_161
v 8.11037875 -0.46964320 -0.01184160
v 8.11037875 -0.46964320 0.46315840
v 8.10551928 0.01033220 -0.01184160
v 8.10551928 0.01033220 0.46315840
v 8.64169516 -0.46426393 -0.01184160
v 8.64169516 -0.46426393 0.46315840
v 8.63683569 0.01571147 -0.01184160
v 8.63683569 0.01571147 0.46315840
f 2308 2310 2307
f 2311 2308 2307
f 2307 2310 2309
f 2309 2311 2307
f 2308 2314 2310
f 2312 2308 2311
f 2312 2314 2308
f 2310 2314 2309
f 2313 2311 2309
f 2309 2314 2313
f 2313 2312 2311
f 2314 2312 2313

o geometry_162
v 10.78152600 -0.47634925 0.01945341
v 10.78152600 -0.47634925 0.49445341
v 10.78655703 0.00362439 0.01945341
v 10.78655703 0.00362439 0.49445341
v 11.34023530 -0.48220558 0.01945341
v 11.34023530 -0.48220558 0.49445341
v 11.34526633 -0.00223194 0.01945341
v 11.34526633 -0.00223194 0.49445341
f 2316 2318 2315
f 2319 2316 2315
f 2315 2318 2317
f 2317 2319 2315
f 2316 2322 2318
f 2320 2316 2319
f 2320 2322 2316
f 2318 2322 2317
f 2321 2319 2317
f 2317 2322 2321
f 2321 2320 2319
f 2322 2320 2321

o geometry_163
v 11.36250617 -0.49186823 0.01365906
v 11.36250617 -0.49186823 0.48865906
v 11.35903218 -0.01188080 0.01365906
v 11.35903218 -0.01188080 0.48865906
v 11.59273398 -0.49020192 0.01365906
v 11.59273398 -0.49020192 0.48865906
v 11.58925999 -0.01021449 0.01365906
v 11.58925999 -0.01021449 0.48865906
f 2324 2326 2323
f 2327 2324 2323
f 2323 2326 2325
f 2325 2327 2323
f 2324 2330 2326
f 2328 2324 2327
f 2328 2330 2324
f 2326 2330 2325
f 2329 2327 2325
f 2325 2330 2329
f 2329 2328 2327
f 2330 2328 2329

o geometry_164
v 7.60965718 -0.46784394 0.52541151
v 7.60965718 -0.46784394 1.00041151
v 7.60834535 0.01215427 0.52541151
v 7.60834535 0.01215427 1.00041151
v 8.28575902 -0.46599616 0.52541151
v 8.28575902 -0.46599616 1.00041151
v 8.28444719 0.01400205 0.52541151
v 8.28444719 0.01400205 1.00041151
f 2332 2334 2331
f 2335 2332 2331
f 2331 2334 2333
f 2333 2335 2331
f 2332 2338 2334
f 2336 2332 2335
f 2336 2338 2332
f 2334 2338 2333
f 2337 2335 2333
f 2333 2338 2337
f 2337 2336 2335
f 2338 2336 2337

o geometry_165
v 10.91762849 -0.49561778 0.52320647
v 10.91762849 -0.49561778 0.99820647
v 10.91156483 -0.01565608 0.52320647
v 10.91156483 -0.01565608 0.99820647
v 11.59400484 -0.48707269 0.52320647
v 11.59400484 -0.48707269 0.99820647
v 11.58794118 -0.00711099 0.52320647
v 11.58794118 -0.00711099 0.99820647
f 2340 2342 2339
f 2343 2340 2339
f 2339 2342 2341
f 2341 2343 2339
f 2340 2346 2342
f 2344 2340 2343
f 2344 2346 2340
f 2342 2346 2341
f 2345 2343 2341
f 2341 2346 2345
f 2345 2344 2343
f 2346 2344 2345

o geometry_166
v 7.61216308 -0.49313067 1.00973105
v 7.61216308 -0.49313067 1.48473105
v 7.60589081 -0.01317165 1.00973105
v 7.60589081 -0.01317165 1.48473105
v 8.24329074 -0.48488287 1.00973105
v 8.24329074 -0.48488287 1.48473105
v 8.23701847 -0.00492386 1.00973105
v 8.23701847 -0.00492386 1.48473105
f 2348 2350 2347
f 2351 2348 2347
f 2347 2350 2349
f 2349 2351 2347
f 2348 2354 2350
f 2352 2348 2351
f 2352 2354 2348
f 2350 2354 2349
f 2353 2351 2349
f 2349 2354 2353
f 2353 2352 2351
f 2354 2352 2353

o geometry_167
v 10.81276287 -0.47592006 1.01883241
v 10.81276287 -0.47592006 1.49383241
v 10.81562808 0.00407138 1.01883241
v 10.81562808 0.00407138 1.49383241
v 11.53664050 -0.48024110 1.01883241
v 11.53664050 -0.48024110 1.49383241
v 11.53950571 -0.00024965 1.01883241
v 11.53950571 -0.00024965 1.49383241
f 2356 2358 2355
f 2359 2356 2355
f 2355 2358 2357
f 2357 2359 2355
f 2356 2362 2358
f 2360 2356 2359
f 2360 2362 2356
f 2358 2362 2357
f 2361 2359 2357
f 2357 2362 2361
f 2361 2360 2359
f 2362 2360 2361

o geometry_168
v 11.55669214 -0.47661977 1.00504552
v 11.55669214 -0.47661977 1.48004552
v 11.55546708 0.00337867 1.00504552
v 11.55546708 0.00337867 1.48004552
v 11.59161248 -0.47653064 1.00504552
v 11.59161248 -0.47653064 1.48004552
v 11.59038741 0.00346779 1.00504552
v 11.59038741 0.00346779 1.48004552
f 2364 2366 2363
f 2367 2364 2363
f 2363 2366 2365
f 2365 2367 2363
f 2364 2370 2366
f 2368 2364 2367
f 2368 2370 2364
f 2366 2370 2365
f 2369 2367 2365
f 2365 2370 2369
f 2369 2368 2367
f 2370 2368 2369

o geometry_169
v 7.61211573 -0.49636511 1.52159911
v 7.61211573 -0.49636511 1.99659911
v 7.60593908 -0.01640486 1.52159911
v 7.60593908 -0.01640486 1.99659911
v 8.27400184 -0.48784725 1.52159911
v 8.27400184 -0.48784725 1.99659911
v 8.26782519 -0.00788699 1.52159911
v 8.26782519 -0.00788699 1.99659911
f 2372 2374 2371
f 2375 2372 2371
f 2371 2374 2373
f 2373 2375 2371
f 2372 2378 2374
f 2376 2372 2375
f 2376 2378 2372
f 2374 2378 2373
f 2377 2375 2373
f 2373 2378 2377
f 2377 2376 2375
f 2378 2376 2377

o geometry_170
v 10.45615939 -0.49440418 1.53573165
v 10.45615939 -0.49440418 2.01073165
v 10.45033191 -0.01443955 1.53573165
v 10.45033191 -0.01443955 2.01073165
v 11.04961933 -0.48719870 1.53573165
v 11.04961933 -0.48719870 2.01073165
v 11.04379185 -0.00723407 1.53573165
v 11.04379185 -0.00723407 2.01073165
f 2380 2382 2379
f 2383 2380 2379
f 2379 2382 2381
f 2381 2383 2379
f 2380 2386 2382
f 2384 2380 2383
f 2384 2386 2380
f 2382 2386 2381
f 2385 2383 2381
f 2381 2386 2385
f 2385 2384 2383
f 2386 2384 2385

o geometry_171
v 11.06712802 -0.48902033 1.49805625
v 11.06712802 -0.48902033 1.97305625
v 11.06235295 -0.00904409 1.49805625
v 11.06235295 -0.00904409 1.97305625
v 11.59337452 -0.48378494 1.49805625
v 11.59337452 -0.48378494 1.97305625
v 11.58859944 -0.00380869 1.49805625
v 11.58859944 -0.00380869 1.97305625
f 2388 2390 2387
f 2391 2388 2387
f 2387 2390 2389
f 2389 2391 2387
f 2388 2394 2390
f 2392 2388 2391
f 2392 2394 2388
f 2390 2394 2389
f 2393 2391 2389
f 2389 2394 2393
f 2393 2392 2391
f 2394 2392 2393

o geometry_172
v 7.61156695 -0.47704022 1.99067303
v 7.61156695 -0.47704022 2.46567303
v 7.60647027 0.00293273 1.99067303
v 7.60647027 0.00293273 2.46567303
v 8.27172874 -0.47003017 1.99067303
v 8.27172874 -0.47003017 2.46567303
v 8.26663206 0.00994277 1.99067303
v 8.26663206 0.00994277 2.46567303
f 2396 2398 2395
f 2399 2396 2395
f 2395 2398 2397
f 2397 2399 2395
f 2396 2402 2398
f 2400 2396 2399
f 2400 2402 2396
f 2398 2402 2397
f 2401 2399 2397
f 2397 2402 2401
f 2401 2400 2399
f 2402 2400 2401

o geometry_173
v 11.00192582 -0.47710903 2.02593959
v 11.00192582 -0.47710903 2.50093959
v 10.99655809 0.00286095 2.02593959
v 10.99655809 0.00286095 2.50093959
v 11.59338821 -0.47049443 2.02593959
v 11.59338821 -0.47049443 2.50093959
v 11.58802048 0.00947556 2.02593959
v 11.58802048 0.00947556 2.50093959
f 2404 2406 2403
f 2407 2404 2403
f 2403 2406 2405
f 2405 2407 2403
f 2404 2410 2406
f 2408 2404 2407
f 2408 2410 2404
f 2406 2410 2405
f 2409 2407 2405
f 2405 2410 2409
f 2409 2408 2407
f 2410 2408 2409

o geometry_174
v 7.61057892 -0.48531217 2.48974701
v 7.61057892 -0.48531217 2.96474701
v 7.60743340 -0.00532248 2.48974701
v 7.60743340 -0.00532248 2.96474701
v 8.18474748 -0.48154947 2.48974701
v 8.18474748 -0.48154947 2.96474701
v 8.18160196 -0.00155978 2.48974701
v 8.18160196 -0.00155978 2.96474701
f 2412 2414 2411
f 2415 2412 2411
f 2411 2414 2413
f 2413 2415 2411
f 2412 2418 2414
f 2416 2412 2415
f 2416 2418 2412
f 2414 2418 2413
f 2417 2415 2413
f 2413 2418 2417
f 2417 2416 2415
f 2418 2416 2417

o geometry_175
v 8.20121992 -0.49147763 2.53653179
v 8.20121992 -0.49147763 3.01153179
v 8.20114186 -0.01147764 2.53653179
v 8.20114186 -0.01147764 3.01153179
v 8.82199996 -0.49137668 2.53653179
v 8.82199996 -0.49137668 3.01153179
v 8.82192190 -0.01137669 2.53653179
v 8.82192190 -0.01137669 3.01153179
f 2420 2422 2419
f 2423 2420 2419
f 2419 2422 2421
f 2421 2423 2419
f 2420 2426 2422
f 2424 2420 2423
f 2424 2426 2420
f 2422 2426 2421
f 2425 2423 2421
f 2421 2426 2425
f 2425 2424 2423
f 2426 2424 2425

o geometry_176
v 8.84068086 -0.47538032 2.49134854
v 8.84068086 -0.47538032 2.96634854
v 8.83924428 0.00461753 2.49134854
v 8.83924428 0.00461753 2.96634854
v 9.56993530 -0.47319774 2.49134854
v 9.56993530 -0.47319774 2.96634854
v 9.56849871 0.00680011 2.49134854
v 9.56849871 0.00680011 2.96634854
f 2428 2430 2427
f 2431 2428 2427
f 2427 2430 2429
f 2429 2431 2427
f 2428 2434 2430
f 2432 2428 2431
f 2432 2434 2428
f 2430 2434 2429
f 2433 2431 2429
f 2429 2434 2433
f 2433 2432 2431
f 2434 2432 2433

o geometry_177
v 9.58801557 -0.47186820 2.50789681
v 9.58801557 -0.47186820 2.98289681
v 9.58642485 0.00812917 2.50789681
v 9.58642485 0.00812917 2.98289681
v 10.16011131 -0.46997226 2.50789681
v 10.16011131 -0.46997226 2.98289681
v 10.15852059 0.01002511 2.50789681
v 10.15852059 0.01002511 2.98289681
f 2436 2438 2435
f 2439 2436 2435
f 2435 2438 2437
f 2437 2439 2435
f 2436 2442 2438
f 2440 2436 2439
f 2440 2442 2436
f 2438 2442 2437
f 2441 2439 2437
f 2437 2442 2441
f 2441 2440 2439
f 2442 2440 2441

o geometry_178
v 10.17598173 -0.46461509 2.53088895
v 10.17598173 -0.46461509 3.00588895
v 10.17866256 0.01537743 2.53088895
v 10.17866256 0.01537743 3.00588895
v 10.76835483 -0.46792358 2.53088895
v 10.76835483 -0.46792358 3.00588895
v 10.77103565 0.01206894 2.53088895
v 10.77103565 0.01206894 3.00588895
f 2444 2446 2443
f 2447 2444 2443
f 2443 2446 2445
f 2445 2447 2443
f 2444 2450 2446
f 2448 2444 2447
f 2448 2450 2444
f 2446 2450 2445
f 2449 2447 2445
f 2445 2450 2449
f 2449 2448 2447
f 2450 2448 2449

o geometry_179
v 10.78741506 -0.49147039 2.50638946
v 10.78741506 -0.49147039 2.98138946
v 10.78798517 -0.01147073 2.50638946
v 10.78798517 -0.01147073 2.98138946
v 11.51019671 -0.49232885 2.50638946
v 11.51019671 -0.49232885 2.98138946
v 11.51076681 -0.01232919 2.50638946
v 11.51076681 -0.01232919 2.98138946
f 2452 2454 2451
f 2455 2452 2451
f 2451 2454 2453
f 2453 2455 2451
f 2452 2458 2454
f 2456 2452 2455
f 2456 2458 2452
f 2454 2458 2453
f 2457 2455 2453
f 2453 2458 2457
f 2457 2456 2455
f 2458 2456 2457

o geometry_180
v 11.52890875 -0.48437186 2.51728251
v 11.52890875 -0.48437186 2.99228251
v 11.52805539 -0.00437261 2.51728251
v 11.52805539 -0.00437261 2.99228251
v 11.59142663 -0.48426071 2.51728251
v 11.59142663 -0.48426071 2.99228251
v 11.59057327 -0.00426147 2.51728251
v 11.59057327 -0.00426147 2.99228251
f 2460 2462 2459
f 2463 2460 2459
f 2459 2462 2461
f 2461 2463 2459
f 2460 2466 2462
f 2464 2460 2463
f 2464 2466 2460
f 2462 2466 2461
f 2465 2463 2461
f 2461 2466 2465
f 2465 2464 2463
f 2466 2464 2465

o geometry_181
v 7.60850514 -0.49267046 3.01285134
v 7.60850514 -0.49267046 3.48785134
v 7.60949599 -0.01267149 3.01285134
v 7.60949599 -0.01267149 3.48785134
v 8.13912041 -0.49376579 3.01285134
v 8.13912041 -0.49376579 3.48785134
v 8.14011125 -0.01376681 3.01285134
v 8.14011125 -0.01376681 3.48785134
f 2468 2470 2467
f 2471 2468 2467
f 2467 2470 2469
f 2469 2471 2467
f 2468 2474 2470
f 2472 2468 2471
f 2472 2474 2468
f 2470 2474 2469
f 2473 2471 2469
f 2469 2474 2473
f 2473 2472 2471
f 2474 2472 2473

o geometry_182
v 8.16108434 -0.47600053 3.00255434
v 8.16108434 -0.47600053 3.47755434
v 8.15420430 0.00395016 3.00255434
v 8.15420430 0.00395016 3.47755434
v 8.70466896 -0.46820830 3.00255434
v 8.70466896 -0.46820830 3.47755434
v 8.69778891 0.01174239 3.00255434
v 8.69778891 0.01174239 3.47755434
f 2476 2478 2475
f 2479 2476 2475
f 2475 2478 2477
f 2477 2479 2475
f 2476 2482 2478
f 2480 2476 2479
f 2480 2482 2476
f 2478 2482 2477
f 2481 2479 2477
f 2477 2482 2481
f 2481 2480 2479
f 2482 2480 2481

o geometry_183
v 8.71864721 -0.48079365 2.98807287
v 8.71864721 -0.48079365 3.46307287
v 8.71986818 -0.00079520 2.98807287
v 8.71986818 -0.00079520 3.46307287
v 9.23639209 -0.48211063 2.98807287
v 9.23639209 -0.48211063 3.46307287
v 9.23761306 -0.00211218 2.98807287
v 9.23761306 -0.00211218 3.46307287
f 2484 2486 2483
f 2487 2484 2483
f 2483 2486 2485
f 2485 2487 2483
f 2484 2490 2486
f 2488 2484 2487
f 2488 2490 2484
f 2486 2490 2485
f 2489 2487 2485
f 2485 2490 2489
f 2489 2488 2487
f 2490 2488 2489

o geometry_184
v 9.25595717 -0.46664140 3.01828990
v 9.25595717 -0.46664140 3.49328990
v 9.25405378 0.01335482 3.01828990
v 9.25405378 0.01335482 3.49328990
v 9.78134852 -0.46455800 3.01828990
v 9.78134852 -0.46455800 3.49328990
v 9.77944512 0.01543823 3.01828990
v 9.77944512 0.01543823 3.49328990
f 2492 2494 2491
f 2495 2492 2491
f 2491 2494 2493
f 2493 2495 2491
f 2492 2498 2494
f 2496 2492 2495
f 2496 2498 2492
f 2494 2498 2493
f 2497 2495 2493
f 2493 2498 2497
f 2497 2496 2495
f 2498 2496 2497

o geometry_185
v 9.79969302 -0.48504791 3.01081252
v 9.79969302 -0.48504791 3.48581252
v 9.79711138 -0.00505485 3.01081252
v 9.79711138 -0.00505485 3.48581252
v 10.25749686 -0.48258561 3.01081252
v 10.25749686 -0.48258561 3.48581252
v 10.25491522 -0.00259256 3.01081252
v 10.25491522 -0.00259256 3.48581252
f 2500 2502 2499
f 2503 2500 2499
f 2499 2502 2501
f 2501 2503 2499
f 2500 2506 2502
f 2504 2500 2503
f 2504 2506 2500
f 2502 2506 2501
f 2505 2503 2501
f 2501 2506 2505
f 2505 2504 2503
f 2506 2504 2505

o geometry_186
v 10.27079465 -0.48263019 3.02440171
v 10.27079465 -0.48263019 3.49940171
v 10.27767499 -0.00267951 3.02440171
v 10.27767499 -0.00267951 3.49940171
v 10.76657872 -0.48973751 3.02440171
v 10.76657872 -0.48973751 3.49940171
v 10.77345906 -0.00978682 3.02440171
v 10.77345906 -0.00978682 3.49940171
f 2508 2510 2507
f 2511 2508 2507
f 2507 2510 2509
f 2509 2511 2507
f 2508 2514 2510
f 2512 2508 2511
f 2512 2514 2508
f 2510 2514 2509
f 2513 2511 2509
f 2509 2514 2513
f 2513 2512 2511
f 2514 2512 2513

o geometry_187
v 10.78625884 -0.48356461 3.03566528
v 10.78625884 -0.48356461 3.51066528
v 10.78984264 -0.00357799 3.03566528
v 10.78984264 -0.00357799 3.51066528
v 11.24412106 -0.48698323 3.03566528
v 11.24412106 -0.48698323 3.51066528
v 11.24770487 -0.00699661 3.03566528
v 11.24770487 -0.00699661 3.51066528
f 2516 2518 2515
f 2519 2516 2515
f 2515 2518 2517
f 2517 2519 2515
f 2516 2522 2518
f 2520 2516 2519
f 2520 2522 2516
f 2518 2522 2517
f 2521 2519 2517
f 2517 2522 2521
f 2521 2520 2519
f 2522 2520 2521

o geometry_188
v 11.26294119 -0.48211069 3.00350127
v 11.26294119 -0.48211069 3.47850127
v 11.26490023 -0.00211469 3.00350127
v 11.26490023 -0.00211469 3.47850127
v 11.59001912 -0.48344562 3.00350127
v 11.59001912 -0.48344562 3.47850127
v 11.59197816 -0.00344962 3.00350127
v 11.59197816 -0.00344962 3.47850127
f 2524 2526 2523
f 2527 2524 2523
f 2523 2526 2525
f 2525 2527 2523
f 2524 2530 2526
f 2528 2524 2527
f 2528 2530 2524
f 2526 2530 2525
f 2529 2527 2525
f 2525 2530 2529
f 2529 2528 2527
f 2530 2528 2529

o geometry_189
v 8.80500000 -0.60000000 0.02000000
v 8.80500000 -0.60000000 2.13000000
v 8.80500000 -0.48000000 0.02000000
v 8.80500000 -0.48000000 2.13000000
v 10.39500000 -0.60000000 0.02000000
v 10.39500000 -0.60000000 2.13000000
v 10.39500000 -0.48000000 0.02000000
v 10.39500000 -0.48000000 2.13000000
f 2532 2534 2531
f 2535 2532 2531
f 2531 2534 2533
f 2533 2535 2531
f 2532 2538 2534
f 2536 2532 2535
f 2536 2538 2532
f 2534 2538 2533
f 2537 2535 2533
f 2533 2538 2537
f 2537 2536 2535
f 2538 2536 2537

o geometry_190
v 8.55500000 -0.64000000 0.00000000
v 8.55500000 -0.64000000 2.15000000
v 8.55500000 0.02000000 0.00000000
v 8.55500000 0.02000000 2.15000000
v 8.77500000 -0.64000000 0.00000000
v 8.77500000 -0.64000000 2.15000000
v 8.77500000 0.02000000 0.00000000
v 8.77500000 0.02000000 2.15000000
f 2540 2542 2539
f 2543 2540 2539
f 2539 2542 2541
f 2541 2543 2539
f 2540 2546 2542
f 2544 2540 2543
f 2544 2546 2540
f 2542 2546 2541
f 2545 2543 2541
f 2541 2546 2545
f 2545 2544 2543
f 2546 2544 2545

o geometry_191
v 10.42500000 -0.64000000 0.00000000
v 10.42500000 -0.64000000 2.15000000
v 10.42500000 0.02000000 0.00000000
v 10.42500000 0.02000000 2.15000000
v 10.64500000 -0.64000000 0.00000000
v 10.64500000 -0.64000000 2.15000000
v 10.64500000 0.02000000 0.00000000
v 10.64500000 0.02000000 2.15000000
f 2548 2550 2547
f 2551 2548 2547
f 2547 2550 2549
f 2549 2551 2547
f 2548 2554 2550
f 2552 2548 2551
f 2552 2554 2548
f 2550 2554 2549
f 2553 2551 2549
f 2549 2554 2553
f 2553 2552 2551
f 2554 2552 2553

o geometry_192
v 10.62172029 -0.66000000 2.07046707
v 10.40332434 -0.66000000 2.09698513
v 10.62172029 0.00000000 2.07046707
v 10.40332434 0.00000000 2.09698513
v 10.65304126 -0.66000000 2.32841846
v 10.43464531 -0.66000000 2.35493653
v 10.65304126 0.00000000 2.32841846
v 10.43464531 0.00000000 2.35493653
f 2556 2558 2555
f 2559 2556 2555
f 2555 2558 2557
f 2557 2559 2555
f 2556 2562 2558
f 2560 2556 2559
f 2560 2562 2556
f 2558 2562 2557
f 2561 2559 2557
f 2557 2562 2561
f 2561 2560 2559
f 2562 2560 2561

o geometry_193
v 10.53102065 -0.66000000 2.27106893
v 10.32531708 -0.66000000 2.34908201
v 10.53102065 0.00000000 2.27106893
v 10.32531708 0.00000000 2.34908201
v 10.62316330 -0.66000000 2.51402913
v 10.41745972 -0.66000000 2.59204220
v 10.62316330 0.00000000 2.51402913
v 10.41745972 0.00000000 2.59204220
f 2564 2566 2563
f 2567 2564 2563
f 2563 2566 2565
f 2565 2567 2563
f 2564 2570 2566
f 2568 2564 2567
f 2568 2570 2564
f 2566 2570 2565
f 2569 2567 2565
f 2565 2570 2569
f 2569 2568 2567
f 2570 2568 2569

o geometry_194
v 10.38621347 -0.66000000 2.46172890
v 10.20515702 -0.66000000 2.58670314
v 10.38621347 0.00000000 2.46172890
v 10.20515702 0.00000000 2.58670314
v 10.53382281 -0.66000000 2.67557793
v 10.35276635 -0.66000000 2.80055218
v 10.53382281 0.00000000 2.67557793
v 10.35276635 0.00000000 2.80055218
f 2572 2574 2571
f 2575 2572 2571
f 2571 2574 2573
f 2573 2575 2571
f 2572 2578 2574
f 2576 2572 2575
f 2576 2578 2572
f 2574 2578 2573
f 2577 2575 2573
f 2573 2578 2577
f 2577 2576 2575
f 2578 2576 2577

o geometry_195
v 10.19571443 -0.66000000 2.63136649
v 10.04982745 -0.66000000 2.79603886
v 10.19571443 0.00000000 2.63136649
v 10.04982745 0.00000000 2.79603886
v 10.39021193 -0.66000000 2.80367624
v 10.24432494 -0.66000000 2.96834860
v 10.39021193 0.00000000 2.80367624
v 10.24432494 0.00000000 2.96834860
f 2580 2582 2579
f 2583 2580 2579
f 2579 2582 2581
f 2581 2583 2579
f 2580 2586 2582
f 2584 2580 2583
f 2584 2586 2580
f 2582 2586 2581
f 2585 2583 2581
f 2581 2586 2585
f 2585 2584 2583
f 2586 2584 2585

o geometry_196
v 9.97059463 -0.66000000 2.77012300
v 9.86835553 -0.66000000 2.96492333
v 9.97059463 0.00000000 2.77012300
v 9.86835553 0.00000000 2.96492333
v 10.20067680 -0.66000000 2.89087944
v 10.09843770 -0.66000000 3.08567977
v 10.20067680 0.00000000 2.89087944
v 10.09843770 0.00000000 3.08567977
f 2588 2590 2587
f 2591 2588 2587
f 2587 2590 2589
f 2589 2591 2587
f 2588 2594 2590
f 2592 2588 2591
f 2592 2594 2588
f 2590 2594 2589
f 2593 2591 2589
f 2589 2594 2593
f 2593 2592 2591
f 2594 2592 2593

o geometry_197
v 9.72393721 -0.66000000 2.86993439
v 9.67128777 -0.66000000 3.08354159
v 9.72393721 0.00000000 2.86993439
v 9.67128777 0.00000000 3.08354159
v 9.97623252 -0.66000000 2.93211960
v 9.92358308 -0.66000000 3.14572680
v 9.97623252 0.00000000 2.93211960
v 9.92358308 0.00000000 3.14572680
f 2596 2598 2595
f 2599 2596 2595
f 2595 2598 2597
f 2597 2599 2595
f 2596 2602 2598
f 2600 2596 2599
f 2600 2602 2596
f 2598 2602 2597
f 2601 2599 2597
f 2597 2602 2601
f 2601 2600 2599
f 2602 2600 2601

o geometry_198
v 9.47007702 -0.66000000 2.92500000
v 9.47007702 -0.66000000 3.14500000
v 9.47007702 0.00000000 2.92500000
v 9.47007702 0.00000000 3.14500000
v 9.72992298 -0.66000000 2.92500000
v 9.72992298 -0.66000000 3.14500000
v 9.72992298 0.00000000 2.92500000
v 9.72992298 0.00000000 3.14500000
f 2604 2606 2603
f 2607 2604 2603
f 2603 2606 2605
f 2605 2607 2603
f 2604 2610 2606
f 2608 2604 2607
f 2608 2610 2604
f 2606 2610 2605
f 2609 2607 2605
f 2605 2610 2609
f 2609 2608 2607
f 2610 2608 2609

o geometry_199
v 9.22376748 -0.66000000 2.93211960
v 9.27641692 -0.66000000 3.14572680
v 9.22376748 0.00000000 2.93211960
v 9.27641692 0.00000000 3.14572680
v 9.47606279 -0.66000000 2.86993439
v 9.52871223 -0.66000000 3.08354159
v 9.47606279 0.00000000 2.86993439
v 9.52871223 0.00000000 3.08354159
f 2612 2614 2611
f 2615 2612 2611
f 2611 2614 2613
f 2613 2615 2611
f 2612 2618 2614
f 2616 2612 2615
f 2616 2618 2612
f 2614 2618 2613
f 2617 2615 2613
f 2613 2618 2617
f 2617 2616 2615
f 2618 2616 2617

o geometry_200
v 8.99932320 -0.66000000 2.89087944
v 9.10156230 -0.66000000 3.08567977
v 8.99932320 0.00000000 2.89087944
v 9.10156230 0.00000000 3.08567977
v 9.22940537 -0.66000000 2.77012300
v 9.33164447 -0.66000000 2.96492333
v 9.22940537 0.00000000 2.77012300
v 9.33164447 0.00000000 2.96492333
f 2620 2622 2619
f 2623 2620 2619
f 2619 2622 2621
f 2621 2623 2619
f 2620 2626 2622
f 2624 2620 2623
f 2624 2626 2620
f 2622 2626 2621
f 2625 2623 2621
f 2621 2626 2625
f 2625 2624 2623
f 2626 2624 2625

o geometry_201
v 8.80978807 -0.66000000 2.80367624
v 8.95567506 -0.66000000 2.96834860
v 8.80978807 0.00000000 2.80367624
v 8.95567506 0.00000000 2.96834860
v 9.00428557 -0.66000000 2.63136649
v 9.15017255 -0.66000000 2.79603886
v 9.00428557 0.00000000 2.63136649
v 9.15017255 0.00000000 2.79603886
f 2628 2630 2627
f 2631 2628 2627
f 2627 2630 2629
f 2629 2631 2627
f 2628 2634 2630
f 2632 2628 2631
f 2632 2634 2628
f 2630 2634 2629
f 2633 2631 2629
f 2629 2634 2633
f 2633 2632 2631
f 2634 2632 2633

o geometry_202
v 8.66617719 -0.66000000 2.67557793
v 8.84723365 -0.66000000 2.80055218
v 8.66617719 0.00000000 2.67557793
v 8.84723365 0.00000000 2.80055218
v 8.81378653 -0.66000000 2.46172890
v 8.99484298 -0.66000000 2.58670314
v 8.81378653 0.00000000 2.46172890
v 8.99484298 0.00000000 2.58670314
f 2636 2638 2635
f 2639 2636 2635
f 2635 2638 2637
f 2637 2639 2635
f 2636 2642 2638
f 2640 2636 2639
f 2640 2642 2636
f 2638 2642 2637
f 2641 2639 2637
f 2637 2642 2641
f 2641 2640 2639
f 2642 2640 2641

o geometry_203
v 8.57683670 -0.66000000 2.51402913
v 8.78254028 -0.66000000 2.59204220
v 8.57683670 0.00000000 2.51402913
v 8.78254028 0.00000000 2.59204220
v 8.66897935 -0.66000000 2.27106893
v 8.87468292 -0.66000000 2.34908201
v 8.66897935 0.00000000 2.27106893
v 8.87468292 0.00000000 2.34908201
f 2644 2646 2643
f 2647 2644 2643
f 2643 2646 2645
f 2645 2647 2643
f 2644 2650 2646
f 2648 2644 2647
f 2648 2650 2644
f 2646 2650 2645
f 2649 2647 2645
f 2645 2650 2649
f 2649 2648 2647
f 2650 2648 2649

o geometry_204
v 8.54695874 -0.66000000 2.32841846
v 8.76535469 -0.66000000 2.35493653
v 8.54695874 0.00000000 2.32841846
v 8.76535469 0.00000000 2.35493653
v 8.57827971 -0.66000000 2.07046707
v 8.79667566 -0.66000000 2.09698513
v 8.57827971 0.00000000 2.07046707
v 8.79667566 0.00000000 2.09698513
f 2652 2654 2651
f 2655 2652 2651
f 2651 2654 2653
f 2653 2655 2651
f 2652 2658 2654
f 2656 2652 2655
f 2656 2658 2652
f 2654 2658 2653
f 2657 2655 2653
f 2653 2658 2657
f 2657 2656 2655
f 2658 2656 2657

o geometry_205
v 7.95000000 -0.32000000 0.10000000
v 8.18000000 -0.32000000 0.10000000
v 8.18000000 -0.32000000 3.35000000
v 7.95000000 -0.32000000 3.35000000
v 8.17216294 -0.26047162 0.10000000
v 8.17216294 -0.26047162 3.35000000
v 8.14918584 -0.20500000 0.10000000
v 8.14918584 -0.20500000 3.35000000
v 8.11263456 -0.15736544 0.10000000
v 8.11263456 -0.15736544 3.35000000
v 8.06500000 -0.12081416 0.10000000
v 8.06500000 -0.12081416 3.35000000
v 8.00952838 -0.09783706 0.10000000
v 8.00952838 -0.09783706 3.35000000
v 7.95000000 -0.09000000 0.10000000
v 7.95000000 -0.09000000 3.35000000
v 7.89047162 -0.09783706 0.10000000
v 7.89047162 -0.09783706 3.35000000
v 7.83500000 -0.12081416 0.10000000
v 7.83500000 -0.12081416 3.35000000
v 7.78736544 -0.15736544 0.10000000
v 7.78736544 -0.15736544 3.35000000
v 7.75081416 -0.20500000 0.10000000
v 7.75081416 -0.20500000 3.35000000
v 7.72783706 -0.26047162 0.10000000
v 7.72783706 -0.26047162 3.35000000
v 7.72000000 -0.32000000 0.10000000
v 7.72000000 -0.32000000 3.35000000
v 7.72783706 -0.37952838 0.10000000
v 7.72783706 -0.37952838 3.35000000
v 7.75081416 -0.43500000 0.10000000
v 7.75081416 -0.43500000 3.35000000
v 7.78736544 -0.48263456 0.10000000
v 7.78736544 -0.48263456 3.35000000
v 7.83500000 -0.51918584 0.10000000
v 7.83500000 -0.51918584 3.35000000
v 7.89047162 -0.54216294 0.10000000
v 7.89047162 -0.54216294 3.35000000
v 7.95000000 -0.55000000 0.10000000
v 7.95000000 -0.55000000 3.35000000
v 8.00952838 -0.54216294 0.10000000
v 8.00952838 -0.54216294 3.35000000
v 8.06500000 -0.51918584 0.10000000
v 8.06500000 -0.51918584 3.35000000
v 8.11263456 -0.48263456 0.10000000
v 8.11263456 -0.48263456 3.35000000
v 8.14918584 -0.43500000 0.10000000
v 8.14918584 -0.43500000 3.35000000
v 8.17216294 -0.37952838 0.10000000
v 8.17216294 -0.37952838 3.35000000
f 2660 2659 2663
f 2660 2663 2661
f 2661 2663 2664
f 2661 2664 2662
f 2663 2659 2665
f 2663 2665 2664
f 2664 2665 2666
f 2664 2666 2662
f 2665 2659 2667
f 2665 2667 2666
f 2666 2667 2668
f 2666 2668 2662
f 2667 2659 2669
f 2667 2669 2668
f 2668 2669 2670
f 2668 2670 2662
f 2669 2659 2671
f 2669 2671 2670
f 2670 2671 2672
f 2670 2672 2662
f 2671 2659 2673
f 2671 2673 2672
f 2672 2673 2674
f 2672 2674 2662
f 2673 2659 2675
f 2673 2675 2674
f 2674 2675 2676
f 2674 2676 2662
f 2675 2659 2677
f 2675 2677 2676
f 2676 2677 2678
f 2676 2678 2662
f 2677 2659 2679
f 2677 2679 2678
f 2678 2679 2680
f 2678 2680 2662
f 2679 2659 2681
f 2679 2681 2680
f 2680 2681 2682
f 2680 2682 2662
f 2681 2659 2683
f 2681 2683 2682
f 2682 2683 2684
f 2682 2684 2662
f 2683 2659 2685
f 2683 2685 2684
f 2684 2685 2686
f 2684 2686 2662
f 2685 2659 2687
f 2685 2687 2686
f 2686 2687 2688
f 2686 2688 2662
f 2687 2659 2689
f 2687 2689 2688
f 2688 2689 2690
f 2688 2690 2662
f 2689 2659 2691
f 2689 2691 2690
f 2690 2691 2692
f 2690 2692 2662
f 2691 2659 2693
f 2691 2693 2692
f 2692 2693 2694
f 2692 2694 2662
f 2693 2659 2695
f 2693 2695 2694
f 2694 2695 2696
f 2694 2696 2662
f 2695 2659 2697
f 2695 2697 2696
f 2696 2697 2698
f 2696 2698 2662
f 2697 2659 2699
f 2697 2699 2698
f 2698 2699 2700
f 2698 2700 2662
f 2699 2659 2701
f 2699 2701 2700
f 2700 2701 2702
f 2700 2702 2662
f 2701 2659 2703
f 2701 2703 2702
f 2702 2703 2704
f 2702 2704 2662
f 2703 2659 2705
f 2703 2705 2704
f 2704 2705 2706
f 2704 2706 2662
f 2705 2659 2707
f 2705 2707 2706
f 2706 2707 2708
f 2706 2708 2662
f 2707 2659 2660
f 2707 2660 2708
f 2708 2660 2661
f 2708 2661 2662

o geometry_206
v 7.95000000 -0.32000000 0.10000000
v 8.24440000 -0.32000000 0.10000000
v 8.24440000 -0.32000000 0.26000000
v 7.95000000 -0.32000000 0.26000000
v 8.23436856 -0.24380367 0.10000000
v 8.23436856 -0.24380367 0.26000000
v 8.20495788 -0.17280000 0.10000000
v 8.20495788 -0.17280000 0.26000000
v 8.15817224 -0.11182776 0.10000000
v 8.15817224 -0.11182776 0.26000000
v 8.09720000 -0.06504212 0.10000000
v 8.09720000 -0.06504212 0.26000000
v 8.02619633 -0.03563144 0.10000000
v 8.02619633 -0.03563144 0.26000000
v 7.95000000 -0.02560000 0.10000000
v 7.95000000 -0.02560000 0.26000000
v 7.87380367 -0.03563144 0.10000000
v 7.87380367 -0.03563144 0.26000000
v 7.80280000 -0.06504212 0.10000000
v 7.80280000 -0.06504212 0.26000000
v 7.74182776 -0.11182776 0.10000000
v 7.74182776 -0.11182776 0.26000000
v 7.69504212 -0.17280000 0.10000000
v 7.69504212 -0.17280000 0.26000000
v 7.66563144 -0.24380367 0.10000000
v 7.66563144 -0.24380367 0.26000000
v 7.65560000 -0.32000000 0.10000000
v 7.65560000 -0.32000000 0.26000000
v 7.66563144 -0.39619633 0.10000000
v 7.66563144 -0.39619633 0.26000000
v 7.69504212 -0.46720000 0.10000000
v 7.69504212 -0.46720000 0.26000000
v 7.74182776 -0.52817224 0.10000000
v 7.74182776 -0.52817224 0.26000000
v 7.80280000 -0.57495788 0.10000000
v 7.80280000 -0.57495788 0.26000000
v 7.87380367 -0.60436856 0.10000000
v 7.87380367 -0.60436856 0.26000000
v 7.95000000 -0.61440000 0.10000000
v 7.95000000 -0.61440000 0.26000000
v 8.02619633 -0.60436856 0.10000000
v 8.02619633 -0.60436856 0.26000000
v 8.09720000 -0.57495788 0.10000000
v 8.09720000 -0.57495788 0.26000000
v 8.15817224 -0.52817224 0.10000000
v 8.15817224 -0.52817224 0.26000000
v 8.20495788 -0.46720000 0.10000000
v 8.20495788 -0.46720000 0.26000000
v 8.23436856 -0.39619633 0.10000000
v 8.23436856 -0.39619633 0.26000000
f 2710 2709 2713
f 2710 2713 2711
f 2711 2713 2714
f 2711 2714 2712
f 2713 2709 2715
f 2713 2715 2714
f 2714 2715 2716
f 2714 2716 2712
f 2715 2709 2717
f 2715 2717 2716
f 2716 2717 2718
f 2716 2718 2712
f 2717 2709 2719
f 2717 2719 2718
f 2718 2719 2720
f 2718 2720 2712
f 2719 2709 2721
f 2719 2721 2720
f 2720 2721 2722
f 2720 2722 2712
f 2721 2709 2723
f 2721 2723 2722
f 2722 2723 2724
f 2722 2724 2712
f 2723 2709 2725
f 2723 2725 2724
f 2724 2725 2726
f 2724 2726 2712
f 2725 2709 2727
f 2725 2727 2726
f 2726 2727 2728
f 2726 2728 2712
f 2727 2709 2729
f 2727 2729 2728
f 2728 2729 2730
f 2728 2730 2712
f 2729 2709 2731
f 2729 2731 2730
f 2730 2731 2732
f 2730 2732 2712
f 2731 2709 2733
f 2731 2733 2732
f 2732 2733 2734
f 2732 2734 2712
f 2733 2709 2735
f 2733 2735 2734
f 2734 2735 2736
f 2734 2736 2712
f 2735 2709 2737
f 2735 2737 2736
f 2736 2737 2738
f 2736 2738 2712
f 2737 2709 2739
f 2737 2739 2738
f 2738 2739 2740
f 2738 2740 2712
f 2739 2709 2741
f 2739 2741 2740
f 2740 2741 2742
f 2740 2742 2712
f 2741 2709 2743
f 2741 2743 2742
f 2742 2743 2744
f 2742 2744 2712
f 2743 2709 2745
f 2743 2745 2744
f 2744 2745 2746
f 2744 2746 2712
f 2745 2709 2747
f 2745 2747 2746
f 2746 2747 2748
f 2746 2748 2712
f 2747 2709 2749
f 2747 2749 2748
f 2748 2749 2750
f 2748 2750 2712
f 2749 2709 2751
f 2749 2751 2750
f 2750 2751 2752
f 2750 2752 2712
f 2751 2709 2753
f 2751 2753 2752
f 2752 2753 2754
f 2752 2754 2712
f 2753 2709 2755
f 2753 2755 2754
f 2754 2755 2756
f 2754 2756 2712
f 2755 2709 2757
f 2755 2757 2756
f 2756 2757 2758
f 2756 2758 2712
f 2757 2709 2710
f 2757 2710 2758
f 2758 2710 2711
f 2758 2711 2712

o geometry_207
v 7.95000000 -0.32000000 3.18000000
v 8.23060000 -0.32000000 3.18000000
v 8.23060000 -0.32000000 3.36000000
v 7.95000000 -0.32000000 3.36000000
v 8.22103879 -0.24737538 3.18000000
v 8.22103879 -0.24737538 3.36000000
v 8.19300673 -0.17970000 3.18000000
v 8.19300673 -0.17970000 3.36000000
v 8.14841416 -0.12158584 3.18000000
v 8.14841416 -0.12158584 3.36000000
v 8.09030000 -0.07699327 3.18000000
v 8.09030000 -0.07699327 3.36000000
v 8.02262462 -0.04896121 3.18000000
v 8.02262462 -0.04896121 3.36000000
v 7.95000000 -0.03940000 3.18000000
v 7.95000000 -0.03940000 3.36000000
v 7.87737538 -0.04896121 3.18000000
v 7.87737538 -0.04896121 3.36000000
v 7.80970000 -0.07699327 3.18000000
v 7.80970000 -0.07699327 3.36000000
v 7.75158584 -0.12158584 3.18000000
v 7.75158584 -0.12158584 3.36000000
v 7.70699327 -0.17970000 3.18000000
v 7.70699327 -0.17970000 3.36000000
v 7.67896121 -0.24737538 3.18000000
v 7.67896121 -0.24737538 3.36000000
v 7.66940000 -0.32000000 3.18000000
v 7.66940000 -0.32000000 3.36000000
v 7.67896121 -0.39262462 3.18000000
v 7.67896121 -0.39262462 3.36000000
v 7.70699327 -0.46030000 3.18000000
v 7.70699327 -0.46030000 3.36000000
v 7.75158584 -0.51841416 3.18000000
v 7.75158584 -0.51841416 3.36000000
v 7.80970000 -0.56300673 3.18000000
v 7.80970000 -0.56300673 3.36000000
v 7.87737538 -0.59103879 3.18000000
v 7.87737538 -0.59103879 3.36000000
v 7.95000000 -0.60060000 3.18000000
v 7.95000000 -0.60060000 3.36000000
v 8.02262462 -0.59103879 3.18000000
v 8.02262462 -0.59103879 3.36000000
v 8.09030000 -0.56300673 3.18000000
v 8.09030000 -0.56300673 3.36000000
v 8.14841416 -0.51841416 3.18000000
v 8.14841416 -0.51841416 3.36000000
v 8.19300673 -0.46030000 3.18000000
v 8.19300673 -0.46030000 3.36000000
v 8.22103879 -0.39262462 3.18000000
v 8.22103879 -0.39262462 3.36000000
f 2760 2759 2763
f 2760 2763 2761
f 2761 2763 2764
f 2761 2764 2762
f 2763 2759 2765
f 2763 2765 2764
f 2764 2765 2766
f 2764 2766 2762
f 2765 2759 2767
f 2765 2767 2766
f 2766 2767 2768
f 2766 2768 2762
f 2767 2759 2769
f 2767 2769 2768
f 2768 2769 2770
f 2768 2770 2762
f 2769 2759 2771
f 2769 2771 2770
f 2770 2771 2772
f 2770 2772 2762
f 2771 2759 2773
f 2771 2773 2772
f 2772 2773 2774
f 2772 2774 2762
f 2773 2759 2775
f 2773 2775 2774
f 2774 2775 2776
f 2774 2776 2762
f 2775 2759 2777
f 2775 2777 2776
f 2776 2777 2778
f 2776 2778 2762
f 2777 2759 2779
f 2777 2779 2778
f 2778 2779 2780
f 2778 2780 2762
f 2779 2759 2781
f 2779 2781 2780
f 2780 2781 2782
f 2780 2782 2762
f 2781 2759 2783
f 2781 2783 2782
f 2782 2783 2784
f 2782 2784 2762
f 2783 2759 2785
f 2783 2785 2784
f 2784 2785 2786
f 2784 2786 2762
f 2785 2759 2787
f 2785 2787 2786
f 2786 2787 2788
f 2786 2788 2762
f 2787 2759 2789
f 2787 2789 2788
f 2788 2789 2790
f 2788 2790 2762
f 2789 2759 2791
f 2789 2791 2790
f 2790 2791 2792
f 2790 2792 2762
f 2791 2759 2793
f 2791 2793 2792
f 2792 2793 2794
f 2792 2794 2762
f 2793 2759 2795
f 2793 2795 2794
f 2794 2795 2796
f 2794 2796 2762
f 2795 2759 2797
f 2795 2797 2796
f 2796 2797 2798
f 2796 2798 2762
f 2797 2759 2799
f 2797 2799 2798
f 2798 2799 2800
f 2798 2800 2762
f 2799 2759 2801
f 2799 2801 2800
f 2800 2801 2802
f 2800 2802 2762
f 2801 2759 2803
f 2801 2803 2802
f 2802 2803 2804
f 2802 2804 2762
f 2803 2759 2805
f 2803 2805 2804
f 2804 2805 2806
f 2804 2806 2762
f 2805 2759 2807
f 2805 2807 2806
f 2806 2807 2808
f 2806 2808 2762
f 2807 2759 2760
f 2807 2760 2808
f 2808 2760 2761
f 2808 2761 2762

o geometry_208
v 7.66250000 -0.67000000 3.11000000
v 7.66250000 -0.67000000 3.27000000
v 7.66250000 0.03000000 3.11000000
v 7.66250000 0.03000000 3.27000000
v 8.23750000 -0.67000000 3.11000000
v 8.23750000 -0.67000000 3.27000000
v 8.23750000 0.03000000 3.11000000
v 8.23750000 0.03000000 3.27000000
f 2810 2812 2809
f 2813 2810 2809
f 2809 2812 2811
f 2811 2813 2809
f 2810 2816 2812
f 2814 2810 2813
f 2814 2816 2810
f 2812 2816 2811
f 2815 2813 2811
f 2811 2816 2815
f 2815 2814 2813
f 2816 2814 2815

o geometry_209
v 11.25000000 -0.32000000 0.10000000
v 11.48000000 -0.32000000 0.10000000
v 11.48000000 -0.32000000 3.35000000
v 11.25000000 -0.32000000 3.35000000
v 11.47216294 -0.26047162 0.10000000
v 11.47216294 -0.26047162 3.35000000
v 11.44918584 -0.20500000 0.10000000
v 11.44918584 -0.20500000 3.35000000
v 11.41263456 -0.15736544 0.10000000
v 11.41263456 -0.15736544 3.35000000
v 11.36500000 -0.12081416 0.10000000
v 11.36500000 -0.12081416 3.35000000
v 11.30952838 -0.09783706 0.10000000
v 11.30952838 -0.09783706 3.35000000
v 11.25000000 -0.09000000 0.10000000
v 11.25000000 -0.09000000 3.35000000
v 11.19047162 -0.09783706 0.10000000
v 11.19047162 -0.09783706 3.35000000
v 11.13500000 -0.12081416 0.10000000
v 11.13500000 -0.12081416 3.35000000
v 11.08736544 -0.15736544 0.10000000
v 11.08736544 -0.15736544 3.35000000
v 11.05081416 -0.20500000 0.10000000
v 11.05081416 -0.20500000 3.35000000
v 11.02783706 -0.26047162 0.10000000
v 11.02783706 -0.26047162 3.35000000
v 11.02000000 -0.32000000 0.10000000
v 11.02000000 -0.32000000 3.35000000
v 11.02783706 -0.37952838 0.10000000
v 11.02783706 -0.37952838 3.35000000
v 11.05081416 -0.43500000 0.10000000
v 11.05081416 -0.43500000 3.35000000
v 11.08736544 -0.48263456 0.10000000
v 11.08736544 -0.48263456 3.35000000
v 11.13500000 -0.51918584 0.10000000
v 11.13500000 -0.51918584 3.35000000
v 11.19047162 -0.54216294 0.10000000
v 11.19047162 -0.54216294 3.35000000
v 11.25000000 -0.55000000 0.10000000
v 11.25000000 -0.55000000 3.35000000
v 11.30952838 -0.54216294 0.10000000
v 11.30952838 -0.54216294 3.35000000
v 11.36500000 -0.51918584 0.10000000
v 11.36500000 -0.51918584 3.35000000
v 11.41263456 -0.48263456 0.10000000
v 11.41263456 -0.48263456 3.35000000
v 11.44918584 -0.43500000 0.10000000
v 11.44918584 -0.43500000 3.35000000
v 11.47216294 -0.37952838 0.10000000
v 11.47216294 -0.37952838 3.35000000
f 2818 2817 2821
f 2818 2821 2819
f 2819 2821 2822
f 2819 2822 2820
f 2821 2817 2823
f 2821 2823 2822
f 2822 2823 2824
f 2822 2824 2820
f 2823 2817 2825
f 2823 2825 2824
f 2824 2825 2826
f 2824 2826 2820
f 2825 2817 2827
f 2825 2827 2826
f 2826 2827 2828
f 2826 2828 2820
f 2827 2817 2829
f 2827 2829 2828
f 2828 2829 2830
f 2828 2830 2820
f 2829 2817 2831
f 2829 2831 2830
f 2830 2831 2832
f 2830 2832 2820
f 2831 2817 2833
f 2831 2833 2832
f 2832 2833 2834
f 2832 2834 2820
f 2833 2817 2835
f 2833 2835 2834
f 2834 2835 2836
f 2834 2836 2820
f 2835 2817 2837
f 2835 2837 2836
f 2836 2837 2838
f 2836 2838 2820
f 2837 2817 2839
f 2837 2839 2838
f 2838 2839 2840
f 2838 2840 2820
f 2839 2817 2841
f 2839 2841 2840
f 2840 2841 2842
f 2840 2842 2820
f 2841 2817 2843
f 2841 2843 2842
f 2842 2843 2844
f 2842 2844 2820
f 2843 2817 2845
f 2843 2845 2844
f 2844 2845 2846
f 2844 2846 2820
f 2845 2817 2847
f 2845 2847 2846
f 2846 2847 2848
f 2846 2848 2820
f 2847 2817 2849
f 2847 2849 2848
f 2848 2849 2850
f 2848 2850 2820
f 2849 2817 2851
f 2849 2851 2850
f 2850 2851 2852
f 2850 2852 2820
f 2851 2817 2853
f 2851 2853 2852
f 2852 2853 2854
f 2852 2854 2820
f 2853 2817 2855
f 2853 2855 2854
f 2854 2855 2856
f 2854 2856 2820
f 2855 2817 2857
f 2855 2857 2856
f 2856 2857 2858
f 2856 2858 2820
f 2857 2817 2859
f 2857 2859 2858
f 2858 2859 2860
f 2858 2860 2820
f 2859 2817 2861
f 2859 2861 2860
f 2860 2861 2862
f 2860 2862 2820
f 2861 2817 2863
f 2861 2863 2862
f 2862 2863 2864
f 2862 2864 2820
f 2863 2817 2865
f 2863 2865 2864
f 2864 2865 2866
f 2864 2866 2820
f 2865 2817 2818
f 2865 2818 2866
f 2866 2818 2819
f 2866 2819 2820

o geometry_210
v 11.25000000 -0.32000000 0.10000000
v 11.54440000 -0.32000000 0.10000000
v 11.54440000 -0.32000000 0.26000000
v 11.25000000 -0.32000000 0.26000000
v 11.53436856 -0.24380367 0.10000000
v 11.53436856 -0.24380367 0.26000000
v 11.50495788 -0.17280000 0.10000000
v 11.50495788 -0.17280000 0.26000000
v 11.45817224 -0.11182776 0.10000000
v 11.45817224 -0.11182776 0.26000000
v 11.39720000 -0.06504212 0.10000000
v 11.39720000 -0.06504212 0.26000000
v 11.32619633 -0.03563144 0.10000000
v 11.32619633 -0.03563144 0.26000000
v 11.25000000 -0.02560000 0.10000000
v 11.25000000 -0.02560000 0.26000000
v 11.17380367 -0.03563144 0.10000000
v 11.17380367 -0.03563144 0.26000000
v 11.10280000 -0.06504212 0.10000000
v 11.10280000 -0.06504212 0.26000000
v 11.04182776 -0.11182776 0.10000000
v 11.04182776 -0.11182776 0.26000000
v 10.99504212 -0.17280000 0.10000000
v 10.99504212 -0.17280000 0.26000000
v 10.96563144 -0.24380367 0.10000000
v 10.96563144 -0.24380367 0.26000000
v 10.95560000 -0.32000000 0.10000000
v 10.95560000 -0.32000000 0.26000000
v 10.96563144 -0.39619633 0.10000000
v 10.96563144 -0.39619633 0.26000000
v 10.99504212 -0.46720000 0.10000000
v 10.99504212 -0.46720000 0.26000000
v 11.04182776 -0.52817224 0.10000000
v 11.04182776 -0.52817224 0.26000000
v 11.10280000 -0.57495788 0.10000000
v 11.10280000 -0.57495788 0.26000000
v 11.17380367 -0.60436856 0.10000000
v 11.17380367 -0.60436856 0.26000000
v 11.25000000 -0.61440000 0.10000000
v 11.25000000 -0.61440000 0.26000000
v 11.32619633 -0.60436856 0.10000000
v 11.32619633 -0.60436856 0.26000000
v 11.39720000 -0.57495788 0.10000000
v 11.39720000 -0.57495788 0.26000000
v 11.45817224 -0.52817224 0.10000000
v 11.45817224 -0.52817224 0.26000000
v 11.50495788 -0.46720000 0.10000000
v 11.50495788 -0.46720000 0.26000000
v 11.53436856 -0.39619633 0.10000000
v 11.53436856 -0.39619633 0.26000000
f 2868 2867 2871
f 2868 2871 2869
f 2869 2871 2872
f 2869 2872 2870
f 2871 2867 2873
f 2871 2873 2872
f 2872 2873 2874
f 2872 2874 2870
f 2873 2867 2875
f 2873 2875 2874
f 2874 2875 2876
f 2874 2876 2870
f 2875 2867 2877
f 2875 2877 2876
f 2876 2877 2878
f 2876 2878 2870
f 2877 2867 2879
f 2877 2879 2878
f 2878 2879 2880
f 2878 2880 2870
f 2879 2867 2881
f 2879 2881 2880
f 2880 2881 2882
f 2880 2882 2870
f 2881 2867 2883
f 2881 2883 2882
f 2882 2883 2884
f 2882 2884 2870
f 2883 2867 2885
f 2883 2885 2884
f 2884 2885 2886
f 2884 2886 2870
f 2885 2867 2887
f 2885 2887 2886
f 2886 2887 2888
f 2886 2888 2870
f 2887 2867 2889
f 2887 2889 2888
f 2888 2889 2890
f 2888 2890 2870
f 2889 2867 2891
f 2889 2891 2890
f 2890 2891 2892
f 2890 2892 2870
f 2891 2867 2893
f 2891 2893 2892
f 2892 2893 2894
f 2892 2894 2870
f 2893 2867 2895
f 2893 2895 2894
f 2894 2895 2896
f 2894 2896 2870
f 2895 2867 2897
f 2895 2897 2896
f 2896 2897 2898
f 2896 2898 2870
f 2897 2867 2899
f 2897 2899 2898
f 2898 2899 2900
f 2898 2900 2870
f 2899 2867 2901
f 2899 2901 2900
f 2900 2901 2902
f 2900 2902 2870
f 2901 2867 2903
f 2901 2903 2902
f 2902 2903 2904
f 2902 2904 2870
f 2903 2867 2905
f 2903 2905 2904
f 2904 2905 2906
f 2904 2906 2870
f 2905 2867 2907
f 2905 2907 2906
f 2906 2907 2908
f 2906 2908 2870
f 2907 2867 2909
f 2907 2909 2908
f 2908 2909 2910
f 2908 2910 2870
f 2909 2867 2911
f 2909 2911 2910
f 2910 2911 2912
f 2910 2912 2870
f 2911 2867 2913
f 2911 2913 2912
f 2912 2913 2914
f 2912 2914 2870
f 2913 2867 2915
f 2913 2915 2914
f 2914 2915 2916
f 2914 2916 2870
f 2915 2867 2868
f 2915 2868 2916
f 2916 2868 2869
f 2916 2869 2870

o geometry_211
v 11.25000000 -0.32000000 3.18000000
v 11.53060000 -0.32000000 3.18000000
v 11.53060000 -0.32000000 3.36000000
v 11.25000000 -0.32000000 3.36000000
v 11.52103879 -0.24737538 3.18000000
v 11.52103879 -0.24737538 3.36000000
v 11.49300673 -0.17970000 3.18000000
v 11.49300673 -0.17970000 3.36000000
v 11.44841416 -0.12158584 3.18000000
v 11.44841416 -0.12158584 3.36000000
v 11.39030000 -0.07699327 3.18000000
v 11.39030000 -0.07699327 3.36000000
v 11.32262462 -0.04896121 3.18000000
v 11.32262462 -0.04896121 3.36000000
v 11.25000000 -0.03940000 3.18000000
v 11.25000000 -0.03940000 3.36000000
v 11.17737538 -0.04896121 3.18000000
v 11.17737538 -0.04896121 3.36000000
v 11.10970000 -0.07699327 3.18000000
v 11.10970000 -0.07699327 3.36000000
v 11.05158584 -0.12158584 3.18000000
v 11.05158584 -0.12158584 3.36000000
v 11.00699327 -0.17970000 3.18000000
v 11.00699327 -0.17970000 3.36000000
v 10.97896121 -0.24737538 3.18000000
v 10.97896121 -0.24737538 3.36000000
v 10.96940000 -0.32000000 3.18000000
v 10.96940000 -0.32000000 3.36000000
v 10.97896121 -0.39262462 3.18000000
v 10.97896121 -0.39262462 3.36000000
v 11.00699327 -0.46030000 3.18000000
v 11.00699327 -0.46030000 3.36000000
v 11.05158584 -0.51841416 3.18000000
v 11.05158584 -0.51841416 3.36000000
v 11.10970000 -0.56300673 3.18000000
v 11.10970000 -0.56300673 3.36000000
v 11.17737538 -0.59103879 3.18000000
v 11.17737538 -0.59103879 3.36000000
v 11.25000000 -0.60060000 3.18000000
v 11.25000000 -0.60060000 3.36000000
v 11.32262462 -0.59103879 3.18000000
v 11.32262462 -0.59103879 3.36000000
v 11.39030000 -0.56300673 3.18000000
v 11.39030000 -0.56300673 3.36000000
v 11.44841416 -0.51841416 3.18000000
v 11.44841416 -0.51841416 3.36000000
v 11.49300673 -0.46030000 3.18000000
v 11.49300673 -0.46030000 3.36000000
v 11.52103879 -0.39262462 3.18000000
v 11.52103879 -0.39262462 3.36000000
f 2918 2917 2921
f 2918 2921 2919
f 2919 2921 2922
f 2919 2922 2920
f 2921 2917 2923
f 2921 2923 2922
f 2922 2923 2924
f 2922 2924 2920
f 2923 2917 2925
f 2923 2925 2924
f 2924 2925 2926
f 2924 2926 2920
f 2925 2917 2927
f 2925 2927 2926
f 2926 2927 2928
f 2926 2928 2920
f 2927 2917 2929
f 2927 2929 2928
f 2928 2929 2930
f 2928 2930 2920
f 2929 2917 2931
f 2929 2931 2930
f 2930 2931 2932
f 2930 2932 2920
f 2931 2917 2933
f 2931 2933 2932
f 2932 2933 2934
f 2932 2934 2920
f 2933 2917 2935
f 2933 2935 2934
f 2934 2935 2936
f 2934 2936 2920
f 2935 2917 2937
f 2935 2937 2936
f 2936 2937 2938
f 2936 2938 2920
f 2937 2917 2939
f 2937 2939 2938
f 2938 2939 2940
f 2938 2940 2920
f 2939 2917 2941
f 2939 2941 2940
f 2940 2941 2942
f 2940 2942 2920
f 2941 2917 2943
f 2941 2943 2942
f 2942 2943 2944
f 2942 2944 2920
f 2943 2917 2945
f 2943 2945 2944
f 2944 2945 2946
f 2944 2946 2920
f 2945 2917 2947
f 2945 2947 2946
f 2946 2947 2948
f 2946 2948 2920
f 2947 2917 2949
f 2947 2949 2948
f 2948 2949 2950
f 2948 2950 2920
f 2949 2917 2951
f 2949 2951 2950
f 2950 2951 2952
f 2950 2952 2920
f 2951 2917 2953
f 2951 2953 2952
f 2952 2953 2954
f 2952 2954 2920
f 2953 2917 2955
f 2953 2955 2954
f 2954 2955 2956
f 2954 2956 2920
f 2955 2917 2957
f 2955 2957 2956
f 2956 2957 2958
f 2956 2958 2920
f 2957 2917 2959
f 2957 2959 2958
f 2958 2959 2960
f 2958 2960 2920
f 2959 2917 2961
f 2959 2961 2960
f 2960 2961 2962
f 2960 2962 2920
f 2961 2917 2963
f 2961 2963 2962
f 2962 2963 2964
f 2962 2964 2920
f 2963 2917 2965
f 2963 2965 2964
f 2964 2965 2966
f 2964 2966 2920
f 2965 2917 2918
f 2965 2918 2966
f 2966 2918 2919
f 2966 2919 2920

o geometry_212
v 10.96250000 -0.67000000 3.11000000
v 10.96250000 -0.67000000 3.27000000
v 10.96250000 0.03000000 3.11000000
v 10.96250000 0.03000000 3.27000000
v 11.53750000 -0.67000000 3.11000000
v 11.53750000 -0.67000000 3.27000000
v 11.53750000 0.03000000 3.11000000
v 11.53750000 0.03000000 3.27000000
f 2968 2970 2967
f 2971 2968 2967
f 2967 2970 2969
f 2969 2971 2967
f 2968 2974 2970
f 2972 2968 2971
f 2972 2974 2968
f 2970 2974 2969
f 2973 2971 2969
f 2969 2974 2973
f 2973 2972 2971
f 2974 2972 2973

o geometry_213
v 7.61000000 -0.66000000 2.63000000
v 7.61000000 -0.66000000 2.81000000
v 7.61000000 -0.58000000 2.63000000
v 7.61000000 -0.58000000 2.81000000
v 8.03000000 -0.66000000 2.63000000
v 8.03000000 -0.66000000 2.81000000
v 8.03000000 -0.58000000 2.63000000
v 8.03000000 -0.58000000 2.81000000
f 2976 2978 2975
f 2979 2976 2975
f 2975 2978 2977
f 2977 2979 2975
f 2976 2982 2978
f 2980 2976 2979
f 2980 2982 2976
f 2978 2982 2977
f 2981 2979 2977
f 2977 2982 2981
f 2981 2980 2979
f 2982 2980 2981

o geometry_214
v 7.70450000 -0.73000000 2.76000000
v 7.70450000 -0.73000000 2.84000000
v 7.70450000 -0.63000000 2.76000000
v 7.70450000 -0.63000000 2.84000000
v 7.93550000 -0.73000000 2.76000000
v 7.93550000 -0.73000000 2.84000000
v 7.93550000 -0.63000000 2.76000000
v 7.93550000 -0.63000000 2.84000000
f 2984 2986 2983
f 2987 2984 2983
f 2983 2986 2985
f 2985 2987 2983
f 2984 2990 2986
f 2988 2984 2987
f 2988 2990 2984
f 2986 2990 2985
f 2989 2987 2985
f 2985 2990 2989
f 2989 2988 2987
f 2990 2988 2989

o geometry_215
v 8.03000000 -0.66000000 2.63000000
v 8.03000000 -0.66000000 2.81000000
v 8.03000000 -0.58000000 2.63000000
v 8.03000000 -0.58000000 2.81000000
v 8.45000000 -0.66000000 2.63000000
v 8.45000000 -0.66000000 2.81000000
v 8.45000000 -0.58000000 2.63000000
v 8.45000000 -0.58000000 2.81000000
f 2992 2994 2991
f 2995 2992 2991
f 2991 2994 2993
f 2993 2995 2991
f 2992 2998 2994
f 2996 2992 2995
f 2996 2998 2992
f 2994 2998 2993
f 2997 2995 2993
f 2993 2998 2997
f 2997 2996 2995
f 2998 2996 2997

o geometry_216
v 8.12450000 -0.73000000 2.60000000
v 8.12450000 -0.73000000 2.68000000
v 8.12450000 -0.63000000 2.60000000
v 8.12450000 -0.63000000 2.68000000
v 8.35550000 -0.73000000 2.60000000
v 8.35550000 -0.73000000 2.68000000
v 8.35550000 -0.63000000 2.60000000
v 8.35550000 -0.63000000 2.68000000
f 3000 3002 2999
f 3003 3000 2999
f 2999 3002 3001
f 3001 3003 2999
f 3000 3006 3002
f 3004 3000 3003
f 3004 3006 3000
f 3002 3006 3001
f 3005 3003 3001
f 3001 3006 3005
f 3005 3004 3003
f 3006 3004 3005

o geometry_217
v 8.45000000 -0.66000000 2.63000000
v 8.45000000 -0.66000000 2.81000000
v 8.45000000 -0.58000000 2.63000000
v 8.45000000 -0.58000000 2.81000000
v 8.87000000 -0.66000000 2.63000000
v 8.87000000 -0.66000000 2.81000000
v 8.87000000 -0.58000000 2.63000000
v 8.87000000 -0.58000000 2.81000000
f 3008 3010 3007
f 3011 3008 3007
f 3007 3010 3009
f 3009 3011 3007
f 3008 3014 3010
f 3012 3008 3011
f 3012 3014 3008
f 3010 3014 3009
f 3013 3011 3009
f 3009 3014 3013
f 3013 3012 3011
f 3014 3012 3013

o geometry_218
v 8.54450000 -0.73000000 2.76000000
v 8.54450000 -0.73000000 2.84000000
v 8.54450000 -0.63000000 2.76000000
v 8.54450000 -0.63000000 2.84000000
v 8.77550000 -0.73000000 2.76000000
v 8.77550000 -0.73000000 2.84000000
v 8.77550000 -0.63000000 2.76000000
v 8.77550000 -0.63000000 2.84000000
f 3016 3018 3015
f 3019 3016 3015
f 3015 3018 3017
f 3017 3019 3015
f 3016 3022 3018
f 3020 3016 3019
f 3020 3022 3016
f 3018 3022 3017
f 3021 3019 3017
f 3017 3022 3021
f 3021 3020 3019
f 3022 3020 3021

o geometry_219
v 8.87000000 -0.66000000 2.63000000
v 8.87000000 -0.66000000 2.81000000
v 8.87000000 -0.58000000 2.63000000
v 8.87000000 -0.58000000 2.81000000
v 9.29000000 -0.66000000 2.63000000
v 9.29000000 -0.66000000 2.81000000
v 9.29000000 -0.58000000 2.63000000
v 9.29000000 -0.58000000 2.81000000
f 3024 3026 3023
f 3027 3024 3023
f 3023 3026 3025
f 3025 3027 3023
f 3024 3030 3026
f 3028 3024 3027
f 3028 3030 3024
f 3026 3030 3025
f 3029 3027 3025
f 3025 3030 3029
f 3029 3028 3027
f 3030 3028 3029

o geometry_220
v 8.96450000 -0.73000000 2.60000000
v 8.96450000 -0.73000000 2.68000000
v 8.96450000 -0.63000000 2.60000000
v 8.96450000 -0.63000000 2.68000000
v 9.19550000 -0.73000000 2.60000000
v 9.19550000 -0.73000000 2.68000000
v 9.19550000 -0.63000000 2.60000000
v 9.19550000 -0.63000000 2.68000000
f 3032 3034 3031
f 3035 3032 3031
f 3031 3034 3033
f 3033 3035 3031
f 3032 3038 3034
f 3036 3032 3035
f 3036 3038 3032
f 3034 3038 3033
f 3037 3035 3033
f 3033 3038 3037
f 3037 3036 3035
f 3038 3036 3037

o geometry_221
v 9.29000000 -0.66000000 2.63000000
v 9.29000000 -0.66000000 2.81000000
v 9.29000000 -0.58000000 2.63000000
v 9.29000000 -0.58000000 2.81000000
v 9.71000000 -0.66000000 2.63000000
v 9.71000000 -0.66000000 2.81000000
v 9.71000000 -0.58000000 2.63000000
v 9.71000000 -0.58000000 2.81000000
f 3040 3042 3039
f 3043 3040 3039
f 3039 3042 3041
f 3041 3043 3039
f 3040 3046 3042
f 3044 3040 3043
f 3044 3046 3040
f 3042 3046 3041
f 3045 3043 3041
f 3041 3046 3045
f 3045 3044 3043
f 3046 3044 3045

o geometry_222
v 9.38450000 -0.73000000 2.76000000
v 9.38450000 -0.73000000 2.84000000
v 9.38450000 -0.63000000 2.76000000
v 9.38450000 -0.63000000 2.84000000
v 9.61550000 -0.73000000 2.76000000
v 9.61550000 -0.73000000 2.84000000
v 9.61550000 -0.63000000 2.76000000
v 9.61550000 -0.63000000 2.84000000
f 3048 3050 3047
f 3051 3048 3047
f 3047 3050 3049
f 3049 3051 3047
f 3048 3054 3050
f 3052 3048 3051
f 3052 3054 3048
f 3050 3054 3049
f 3053 3051 3049
f 3049 3054 3053
f 3053 3052 3051
f 3054 3052 3053

o geometry_223
v 9.71000000 -0.66000000 2.63000000
v 9.71000000 -0.66000000 2.81000000
v 9.71000000 -0.58000000 2.63000000
v 9.71000000 -0.58000000 2.81000000
v 10.13000000 -0.66000000 2.63000000
v 10.13000000 -0.66000000 2.81000000
v 10.13000000 -0.58000000 2.63000000
v 10.13000000 -0.58000000 2.81000000
f 3056 3058 3055
f 3059 3056 3055
f 3055 3058 3057
f 3057 3059 3055
f 3056 3062 3058
f 3060 3056 3059
f 3060 3062 3056
f 3058 3062 3057
f 3061 3059 3057
f 3057 3062 3061
f 3061 3060 3059
f 3062 3060 3061

o geometry_224
v 9.80450000 -0.73000000 2.60000000
v 9.80450000 -0.73000000 2.68000000
v 9.80450000 -0.63000000 2.60000000
v 9.80450000 -0.63000000 2.68000000
v 10.03550000 -0.73000000 2.60000000
v 10.03550000 -0.73000000 2.68000000
v 10.03550000 -0.63000000 2.60000000
v 10.03550000 -0.63000000 2.68000000
f 3064 3066 3063
f 3067 3064 3063
f 3063 3066 3065
f 3065 3067 3063
f 3064 3070 3066
f 3068 3064 3067
f 3068 3070 3064
f 3066 3070 3065
f 3069 3067 3065
f 3065 3070 3069
f 3069 3068 3067
f 3070 3068 3069

o geometry_225
v 10.13000000 -0.66000000 2.63000000
v 10.13000000 -0.66000000 2.81000000
v 10.13000000 -0.58000000 2.63000000
v 10.13000000 -0.58000000 2.81000000
v 10.55000000 -0.66000000 2.63000000
v 10.55000000 -0.66000000 2.81000000
v 10.55000000 -0.58000000 2.63000000
v 10.55000000 -0.58000000 2.81000000
f 3072 3074 3071
f 3075 3072 3071
f 3071 3074 3073
f 3073 3075 3071
f 3072 3078 3074
f 3076 3072 3075
f 3076 3078 3072
f 3074 3078 3073
f 3077 3075 3073
f 3073 3078 3077
f 3077 3076 3075
f 3078 3076 3077

o geometry_226
v 10.22450000 -0.73000000 2.76000000
v 10.22450000 -0.73000000 2.84000000
v 10.22450000 -0.63000000 2.76000000
v 10.22450000 -0.63000000 2.84000000
v 10.45550000 -0.73000000 2.76000000
v 10.45550000 -0.73000000 2.84000000
v 10.45550000 -0.63000000 2.76000000
v 10.45550000 -0.63000000 2.84000000
f 3080 3082 3079
f 3083 3080 3079
f 3079 3082 3081
f 3081 3083 3079
f 3080 3086 3082
f 3084 3080 3083
f 3084 3086 3080
f 3082 3086 3081
f 3085 3083 3081
f 3081 3086 3085
f 3085 3084 3083
f 3086 3084 3085

o geometry_227
v 10.55000000 -0.66000000 2.63000000
v 10.55000000 -0.66000000 2.81000000
v 10.55000000 -0.58000000 2.63000000
v 10.55000000 -0.58000000 2.81000000
v 10.97000000 -0.66000000 2.63000000
v 10.97000000 -0.66000000 2.81000000
v 10.97000000 -0.58000000 2.63000000
v 10.97000000 -0.58000000 2.81000000
f 3088 3090 3087
f 3091 3088 3087
f 3087 3090 3089
f 3089 3091 3087
f 3088 3094 3090
f 3092 3088 3091
f 3092 3094 3088
f 3090 3094 3089
f 3093 3091 3089
f 3089 3094 3093
f 3093 3092 3091
f 3094 3092 3093

o geometry_228
v 10.64450000 -0.73000000 2.60000000
v 10.64450000 -0.73000000 2.68000000
v 10.64450000 -0.63000000 2.60000000
v 10.64450000 -0.63000000 2.68000000
v 10.87550000 -0.73000000 2.60000000
v 10.87550000 -0.73000000 2.68000000
v 10.87550000 -0.63000000 2.60000000
v 10.87550000 -0.63000000 2.68000000
f 3096 3098 3095
f 3099 3096 3095
f 3095 3098 3097
f 3097 3099 3095
f 3096 3102 3098
f 3100 3096 3099
f 3100 3102 3096
f 3098 3102 3097
f 3101 3099 3097
f 3097 3102 3101
f 3101 3100 3099
f 3102 3100 3101

o geometry_229
v 10.97000000 -0.66000000 2.63000000
v 10.97000000 -0.66000000 2.81000000
v 10.97000000 -0.58000000 2.63000000
v 10.97000000 -0.58000000 2.81000000
v 11.39000000 -0.66000000 2.63000000
v 11.39000000 -0.66000000 2.81000000
v 11.39000000 -0.58000000 2.63000000
v 11.39000000 -0.58000000 2.81000000
f 3104 3106 3103
f 3107 3104 3103
f 3103 3106 3105
f 3105 3107 3103
f 3104 3110 3106
f 3108 3104 3107
f 3108 3110 3104
f 3106 3110 3105
f 3109 3107 3105
f 3105 3110 3109
f 3109 3108 3107
f 3110 3108 3109

o geometry_230
v 11.06450000 -0.73000000 2.76000000
v 11.06450000 -0.73000000 2.84000000
v 11.06450000 -0.63000000 2.76000000
v 11.06450000 -0.63000000 2.84000000
v 11.29550000 -0.73000000 2.76000000
v 11.29550000 -0.73000000 2.84000000
v 11.29550000 -0.63000000 2.76000000
v 11.29550000 -0.63000000 2.84000000
f 3112 3114 3111
f 3115 3112 3111
f 3111 3114 3113
f 3113 3115 3111
f 3112 3118 3114
f 3116 3112 3115
f 3116 3118 3112
f 3114 3118 3113
f 3117 3115 3113
f 3113 3118 3117
f 3117 3116 3115
f 3118 3116 3117

o geometry_231
v 8.13185860 -0.33494892 0.09284186
v 8.28204277 -0.33494892 0.09284186
v 8.13185860 -0.50505108 0.09284186
v 8.28204277 -0.50505108 0.09284186
v 8.20695068 -0.47256446 0.21203007
v 8.20695068 -0.36743554 0.21203007
v 8.20695068 -0.47256446 -0.02634635
v 8.20695068 -0.36743554 -0.02634635
v 8.32845223 -0.42000000 0.01917950
v 8.32845223 -0.42000000 0.16650423
v 8.08544914 -0.42000000 0.01917950
v 8.08544914 -0.42000000 0.16650423
v 8.20695068 -0.32001646 0.09284186
v 8.20695068 -0.51998354 0.09284186
v 8.16281266 -0.50088839 0.16289893
v 8.25108870 -0.50088839 0.16289893
v 8.16281266 -0.33911161 0.16289893
v 8.25108870 -0.33911161 0.16289893
v 8.20695068 -0.42000000 0.23295601
v 8.16281266 -0.50088839 0.02278479
v 8.25108870 -0.50088839 0.02278479
v 8.16281266 -0.33911161 0.02278479
v 8.25108870 -0.33911161 0.02278479
v 8.20695068 -0.42000000 -0.04727228
v 8.32250552 -0.37000823 0.04954421
v 8.32250552 -0.46999177 0.04954421
v 8.27836750 -0.45089661 -0.02051286
v 8.27836750 -0.38910339 -0.02051286
v 8.32250552 -0.37000823 0.13613951
v 8.32250552 -0.46999177 0.13613951
v 8.27836750 -0.45089661 0.20619659
v 8.27836750 -0.38910339 0.20619659
v 8.34978432 -0.42000000 0.09284186
v 8.09139585 -0.37000823 0.04954421
v 8.09139585 -0.46999177 0.04954421
v 8.13553387 -0.45089661 -0.02051286
v 8.13553387 -0.38910339 -0.02051286
v 8.09139585 -0.37000823 0.13613951
v 8.09139585 -0.46999177 0.13613951
v 8.13553387 -0.45089661 0.20619659
v 8.13553387 -0.38910339 0.20619659
v 8.06411705 -0.42000000 0.09284186
f 3119 3156 3135
f 3156 3130 3159
f 3135 3159 3124
f 3156 3159 3135
f 3119 3135 3131
f 3135 3124 3136
f 3131 3136 3120
f 3135 3136 3131
f 3119 3131 3140
f 3131 3120 3141
f 3140 3141 3126
f 3131 3141 3140
f 3119 3140 3152
f 3140 3126 3155
f 3152 3155 3129
f 3140 3155 3152
f 3119 3152 3156
f 3152 3129 3160
f 3156 3160 3130
f 3152 3160 3156
f 3120 3136 3147
f 3136 3124 3150
f 3147 3150 3128
f 3136 3150 3147
f 3124 3159 3137
f 3159 3130 3158
f 3137 3158 3123
f 3159 3158 3137
f 3130 3160 3157
f 3160 3129 3153
f 3157 3153 3121
f 3160 3153 3157
f 3129 3155 3154
f 3155 3126 3142
f 3154 3142 3125
f 3155 3142 3154
f 3126 3141 3146
f 3141 3120 3143
f 3146 3143 3127
f 3141 3143 3146
f 3122 3148 3134
f 3148 3128 3149
f 3134 3149 3123
f 3148 3149 3134
f 3122 3134 3132
f 3134 3123 3133
f 3132 3133 3121
f 3134 3133 3132
f 3122 3132 3139
f 3132 3121 3138
f 3139 3138 3125
f 3132 3138 3139
f 3122 3139 3144
f 3139 3125 3145
f 3144 3145 3127
f 3139 3145 3144
f 3122 3144 3148
f 3144 3127 3151
f 3148 3151 3128
f 3144 3151 3148
f 3123 3149 3137
f 3149 3128 3150
f 3137 3150 3124
f 3149 3150 3137
f 3121 3133 3157
f 3133 3123 3158
f 3157 3158 3130
f 3133 3158 3157
f 3125 3138 3154
f 3138 3121 3153
f 3154 3153 3129
f 3138 3153 3154
f 3127 3145 3146
f 3145 3125 3142
f 3146 3142 3126
f 3145 3142 3146
f 3128 3151 3147
f 3151 3127 3143
f 3147 3143 3120
f 3151 3143 3147

o geometry_232
v 7.76235871 -0.29572508 0.13565864
v 7.98180478 -0.29572508 0.13565864
v 7.76235871 -0.54427492 0.13565864
v 7.98180478 -0.54427492 0.13565864
v 7.87208175 -0.49680612 0.31994134
v 7.87208175 -0.34319388 0.31994134
v 7.87208175 -0.49680612 -0.04862405
v 7.87208175 -0.34319388 -0.04862405
v 8.04961734 -0.42000000 0.02176568
v 8.04961734 -0.42000000 0.24955161
v 7.69454615 -0.42000000 0.02176568
v 7.69454615 -0.42000000 0.24955161
v 7.87208175 -0.27390608 0.13565864
v 7.87208175 -0.56609392 0.13565864
v 7.80758817 -0.53819247 0.24397729
v 7.93657532 -0.53819247 0.24397729
v 7.80758817 -0.30180753 0.24397729
v 7.93657532 -0.30180753 0.24397729
v 7.87208175 -0.42000000 0.35229594
v 7.80758817 -0.53819247 0.02733999
v 7.93657532 -0.53819247 0.02733999
v 7.80758817 -0.30180753 0.02733999
v 7.93657532 -0.30180753 0.02733999
v 7.87208175 -0.42000000 -0.08097865
v 8.04092813 -0.34695304 0.06871404
v 8.04092813 -0.49304696 0.06871404
v 7.97643455 -0.46514551 -0.03960461
v 7.97643455 -0.37485449 -0.03960461
v 8.04092813 -0.34695304 0.20260325
v 8.04092813 -0.49304696 0.20260325
v 7.97643455 -0.46514551 0.31092190
v 7.97643455 -0.37485449 0.31092190
v 8.08078735 -0.42000000 0.13565864
v 7.70323536 -0.34695304 0.06871404
v 7.70323536 -0.49304696 0.06871404
v 7.76772894 -0.46514551 -0.03960461
v 7.76772894 -0.37485449 -0.03960461
v 7.70323536 -0.34695304 0.20260325
v 7.70323536 -0.49304696 0.20260325
v 7.76772894 -0.46514551 0.31092190
v 7.76772894 -0.37485449 0.31092190
v 7.66337614 -0.42000000 0.13565864
f 3161 3198 3177
f 3198 3172 3201
f 3177 3201 3166
f 3198 3201 3177
f 3161 3177 3173
f 3177 3166 3178
f 3173 3178 3162
f 3177 3178 3173
f 3161 3173 3182
f 3173 3162 3183
f 3182 3183 3168
f 3173 3183 3182
f 3161 3182 3194
f 3182 3168 3197
f 3194 3197 3171
f 3182 3197 3194
f 3161 3194 3198
f 3194 3171 3202
f 3198 3202 3172
f 3194 3202 3198
f 3162 3178 3189
f 3178 3166 3192
f 3189 3192 3170
f 3178 3192 3189
f 3166 3201 3179
f 3201 3172 3200
f 3179 3200 3165
f 3201 3200 3179
f 3172 3202 3199
f 3202 3171 3195
f 3199 3195 3163
f 3202 3195 3199
f 3171 3197 3196
f 3197 3168 3184
f 3196 3184 3167
f 3197 3184 3196
f 3168 3183 3188
f 3183 3162 3185
f 3188 3185 3169
f 3183 3185 3188
f 3164 3190 3176
f 3190 3170 3191
f 3176 3191 3165
f 3190 3191 3176
f 3164 3176 3174
f 3176 3165 3175
f 3174 3175 3163
f 3176 3175 3174
f 3164 3174 3181
f 3174 3163 3180
f 3181 3180 3167
f 3174 3180 3181
f 3164 3181 3186
f 3181 3167 3187
f 3186 3187 3169
f 3181 3187 3186
f 3164 3186 3190
f 3186 3169 3193
f 3190 3193 3170
f 3186 3193 3190
f 3165 3191 3179
f 3191 3170 3192
f 3179 3192 3166
f 3191 3192 3179
f 3163 3175 3199
f 3175 3165 3200
f 3199 3200 3172
f 3175 3200 3199
f 3167 3180 3196
f 3180 3163 3195
f 3196 3195 3171
f 3180 3195 3196
f 3169 3187 3188
f 3187 3167 3184
f 3188 3184 3168
f 3187 3184 3188
f 3170 3193 3189
f 3193 3169 3185
f 3189 3185 3162
f 3193 3185 3189

o geometry_233
v 8.03147020 -0.35904307 0.06654066
v 8.13910864 -0.35904307 0.06654066
v 8.03147020 -0.48095693 0.06654066
v 8.13910864 -0.48095693 0.06654066
v 8.08528942 -0.45767345 0.16983899
v 8.08528942 -0.38232655 0.16983899
v 8.08528942 -0.45767345 -0.03675768
v 8.08528942 -0.38232655 -0.03675768
v 8.17237074 -0.42000000 0.00269877
v 8.17237074 -0.42000000 0.13038254
v 7.99820809 -0.42000000 0.00269877
v 7.99820809 -0.42000000 0.13038254
v 8.08528942 -0.34834083 0.06654066
v 8.08528942 -0.49165917 0.06654066
v 8.05365527 -0.47797348 0.12725789
v 8.11692356 -0.47797348 0.12725789
v 8.05365527 -0.36202652 0.12725789
v 8.11692356 -0.36202652 0.12725789
v 8.08528942 -0.42000000 0.18797513
v 8.05365527 -0.47797348 0.00582342
v 8.11692356 -0.47797348 0.00582342
v 8.05365527 -0.36202652 0.00582342
v 8.11692356 -0.36202652 0.00582342
v 8.08528942 -0.42000000 -0.05489382
v 8.16810868 -0.38417042 0.02901534
v 8.16810868 -0.45582958 0.02901534
v 8.13647454 -0.44214390 -0.03170190
v 8.13647454 -0.39785610 -0.03170190
v 8.16810868 -0.38417042 0.10406597
v 8.16810868 -0.45582958 0.10406597
v 8.13647454 -0.44214390 0.16478321
v 8.13647454 -0.39785610 0.16478321
v 8.18765965 -0.42000000 0.06654066
v 8.00247015 -0.38417042 0.02901534
v 8.00247015 -0.45582958 0.02901534
v 8.03410430 -0.44214390 -0.03170190
v 8.03410430 -0.39785610 -0.03170190
v 8.00247015 -0.38417042 0.10406597
v 8.00247015 -0.45582958 0.10406597
v 8.03410430 -0.44214390 0.16478321
v 8.03410430 -0.39785610 0.16478321
v 7.98291918 -0.42000000 0.06654066
f 3203 3240 3219
f 3240 3214 3243
f 3219 3243 3208
f 3240 3243 3219
f 3203 3219 3215
f 3219 3208 3220
f 3215 3220 3204
f 3219 3220 3215
f 3203 3215 3224
f 3215 3204 3225
f 3224 3225 3210
f 3215 3225 3224
f 3203 3224 3236
f 3224 3210 3239
f 3236 3239 3213
f 3224 3239 3236
f 3203 3236 3240
f 3236 3213 3244
f 3240 3244 3214
f 3236 3244 3240
f 3204 3220 3231
f 3220 3208 3234
f 3231 3234 3212
f 3220 3234 3231
f 3208 3243 3221
f 3243 3214 3242
f 3221 3242 3207
f 3243 3242 3221
f 3214 3244 3241
f 3244 3213 3237
f 3241 3237 3205
f 3244 3237 3241
f 3213 3239 3238
f 3239 3210 3226
f 3238 3226 3209
f 3239 3226 3238
f 3210 3225 3230
f 3225 3204 3227
f 3230 3227 3211
f 3225 3227 3230
f 3206 3232 3218
f 3232 3212 3233
f 3218 3233 3207
f 3232 3233 3218
f 3206 3218 3216
f 3218 3207 3217
f 3216 3217 3205
f 3218 3217 3216
f 3206 3216 3223
f 3216 3205 3222
f 3223 3222 3209
f 3216 3222 3223
f 3206 3223 3228
f 3223 3209 3229
f 3228 3229 3211
f 3223 3229 3228
f 3206 3228 3232
f 3228 3211 3235
f 3232 3235 3212
f 3228 3235 3232
f 3207 3233 3221
f 3233 3212 3234
f 3221 3234 3208
f 3233 3234 3221
f 3205 3217 3241
f 3217 3207 3242
f 3241 3242 3214
f 3217 3242 3241
f 3209 3222 3238
f 3222 3205 3237
f 3238 3237 3213
f 3222 3237 3238
f 3211 3229 3230
f 3229 3209 3226
f 3230 3226 3210
f 3229 3226 3230
f 3212 3235 3231
f 3235 3211 3227
f 3231 3227 3204
f 3235 3227 3231

o geometry_234
v 8.24254163 -0.33533838 0.09241672
v 8.39203808 -0.33533838 0.09241672
v 8.24254163 -0.50466162 0.09241672
v 8.39203808 -0.50466162 0.09241672
v 8.31728986 -0.47232376 0.24927673
v 8.31728986 -0.36767624 0.24927673
v 8.31728986 -0.47232376 -0.06444328
v 8.31728986 -0.36767624 -0.06444328
v 8.43823503 -0.42000000 -0.00452809
v 8.43823503 -0.42000000 0.18936154
v 8.19634469 -0.42000000 -0.00452809
v 8.19634469 -0.42000000 0.18936154
v 8.31728986 -0.32047430 0.09241672
v 8.31728986 -0.51952570 0.09241672
v 8.27335395 -0.50051798 0.18461672
v 8.36122576 -0.50051798 0.18461672
v 8.27335395 -0.33948202 0.18461672
v 8.36122576 -0.33948202 0.18461672
v 8.31728986 -0.42000000 0.27681672
v 8.27335395 -0.50051798 0.00021673
v 8.36122576 -0.50051798 0.00021673
v 8.27335395 -0.33948202 0.00021673
v 8.36122576 -0.33948202 0.00021673
v 8.31728986 -0.42000000 -0.09198327
v 8.43231555 -0.37023715 0.03543399
v 8.43231555 -0.46976285 0.03543399
v 8.38837964 -0.45075513 -0.05676601
v 8.38837964 -0.38924487 -0.05676601
v 8.43231555 -0.37023715 0.14939945
v 8.43231555 -0.46976285 0.14939945
v 8.38837964 -0.45075513 0.24159945
v 8.38837964 -0.38924487 0.24159945
v 8.45946943 -0.42000000 0.09241672
v 8.20226417 -0.37023715 0.03543399
v 8.20226417 -0.46976285 0.03543399
v 8.24620007 -0.45075513 -0.05676601
v 8.24620007 -0.38924487 -0.05676601
v 8.20226417 -0.37023715 0.14939945
v 8.20226417 -0.46976285 0.14939945
v 8.24620007 -0.45075513 0.24159945
v 8.24620007 -0.38924487 0.24159945
v 8.17511029 -0.42000000 0.09241672
f 3245 3282 3261
f 3282 3256 3285
f 3261 3285 3250
f 3282 3285 3261
f 3245 3261 3257
f 3261 3250 3262
f 3257 3262 3246
f 3261 3262 3257
f 3245 3257 3266
f 3257 3246 3267
f 3266 3267 3252
f 3257 3267 3266
f 3245 3266 3278
f 3266 3252 3281
f 3278 3281 3255
f 3266 3281 3278
f 3245 3278 3282
f 3278 3255 3286
f 3282 3286 3256
f 3278 3286 3282
f 3246 3262 3273
f 3262 3250 3276
f 3273 3276 3254
f 3262 3276 3273
f 3250 3285 3263
f 3285 3256 3284
f 3263 3284 3249
f 3285 3284 3263
f 3256 3286 3283
f 3286 3255 3279
f 3283 3279 3247
f 3286 3279 3283
f 3255 3281 3280
f 3281 3252 3268
f 3280 3268 3251
f 3281 3268 3280
f 3252 3267 3272
f 3267 3246 3269
f 3272 3269 3253
f 3267 3269 3272
f 3248 3274 3260
f 3274 3254 3275
f 3260 3275 3249
f 3274 3275 3260
f 3248 3260 3258
f 3260 3249 3259
f 3258 3259 3247
f 3260 3259 3258
f 3248 3258 3265
f 3258 3247 3264
f 3265 3264 3251
f 3258 3264 3265
f 3248 3265 3270
f 3265 3251 3271
f 3270 3271 3253
f 3265 3271 3270
f 3248 3270 3274
f 3270 3253 3277
f 3274 3277 3254
f 3270 3277 3274
f 3249 3275 3263
f 3275 3254 3276
f 3263 3276 3250
f 3275 3276 3263
f 3247 3259 3283
f 3259 3249 3284
f 3283 3284 3256
f 3259 3284 3283
f 3251 3264 3280
f 3264 3247 3279
f 3280 3279 3255
f 3264 3279 3280
f 3253 3271 3272
f 3271 3251 3268
f 3272 3268 3252
f 3271 3268 3272
f 3254 3277 3273
f 3277 3253 3269
f 3273 3269 3246
f 3277 3269 3273

o geometry_235
v 8.37124616 -0.27080083 0.16286599
v 8.63470375 -0.27080083 0.16286599
v 8.37124616 -0.56919917 0.16286599
v 8.63470375 -0.56919917 0.16286599
v 8.50297495 -0.51221016 0.36182250
v 8.50297495 -0.32778984 0.36182250
v 8.50297495 -0.51221016 -0.03609052
v 8.50297495 -0.32778984 -0.03609052
v 8.71611663 -0.42000000 0.03990411
v 8.71611663 -0.42000000 0.28582787
v 8.28983328 -0.42000000 0.03990411
v 8.28983328 -0.42000000 0.28582787
v 8.50297495 -0.24460586 0.16286599
v 8.50297495 -0.59539414 0.16286599
v 8.42554671 -0.56189684 0.27980969
v 8.58040320 -0.56189684 0.27980969
v 8.42554671 -0.27810316 0.27980969
v 8.58040320 -0.27810316 0.27980969
v 8.50297495 -0.42000000 0.39675339
v 8.42554671 -0.56189684 0.04592229
v 8.58040320 -0.56189684 0.04592229
v 8.42554671 -0.27810316 0.04592229
v 8.58040320 -0.27810316 0.04592229
v 8.50297495 -0.42000000 -0.07102141
v 8.70568473 -0.33230293 0.09059081
v 8.70568473 -0.50769707 0.09059081
v 8.62825649 -0.47419977 -0.02635289
v 8.62825649 -0.36580023 -0.02635289
v 8.70568473 -0.33230293 0.23514117
v 8.70568473 -0.50769707 0.23514117
v 8.62825649 -0.47419977 0.35208487
v 8.62825649 -0.36580023 0.35208487
v 8.75353802 -0.42000000 0.16286599
v 8.30026518 -0.33230293 0.09059081
v 8.30026518 -0.50769707 0.09059081
v 8.37769342 -0.47419977 -0.02635289
v 8.37769342 -0.36580023 -0.02635289
v 8.30026518 -0.33230293 0.23514117
v 8.30026518 -0.50769707 0.23514117
v 8.37769342 -0.47419977 0.35208487
v 8.37769342 -0.36580023 0.35208487
v 8.25241189 -0.42000000 0.16286599
f 3287 3324 3303
f 3324 3298 3327
f 3303 3327 3292
f 3324 3327 3303
f 3287 3303 3299
f 3303 3292 3304
f 3299 3304 3288
f 3303 3304 3299
f 3287 3299 3308
f 3299 3288 3309
f 3308 3309 3294
f 3299 3309 3308
f 3287 3308 3320
f 3308 3294 3323
f 3320 3323 3297
f 3308 3323 3320
f 3287 3320 3324
f 3320 3297 3328
f 3324 3328 3298
f 3320 3328 3324
f 3288 3304 3315
f 3304 3292 3318
f 3315 3318 3296
f 3304 3318 3315
f 3292 3327 3305
f 3327 3298 3326
f 3305 3326 3291
f 3327 3326 3305
f 3298 3328 3325
f 3328 3297 3321
f 3325 3321 3289
f 3328 3321 3325
f 3297 3323 3322
f 3323 3294 3310
f 3322 3310 3293
f 3323 3310 3322
f 3294 3309 3314
f 3309 3288 3311
f 3314 3311 3295
f 3309 3311 3314
f 3290 3316 3302
f 3316 3296 3317
f 3302 3317 3291
f 3316 3317 3302
f 3290 3302 3300
f 3302 3291 3301
f 3300 3301 3289
f 3302 3301 3300
f 3290 3300 3307
f 3300 3289 3306
f 3307 3306 3293
f 3300 3306 3307
f 3290 3307 3312
f 3307 3293 3313
f 3312 3313 3295
f 3307 3313 3312
f 3290 3312 3316
f 3312 3295 3319
f 3316 3319 3296
f 3312 3319 3316
f 3291 3317 3305
f 3317 3296 3318
f 3305 3318 3292
f 3317 3318 3305
f 3289 3301 3325
f 3301 3291 3326
f 3325 3326 3298
f 3301 3326 3325
f 3293 3306 3322
f 3306 3289 3321
f 3322 3321 3297
f 3306 3321 3322
f 3295 3313 3314
f 3313 3293 3310
f 3314 3310 3294
f 3313 3310 3314
f 3296 3319 3315
f 3319 3295 3311
f 3315 3311 3288
f 3319 3311 3315

o geometry_236
v 7.60000000 -0.29500000 0.00000000
v 7.60000000 -0.29500000 0.18000000
v 7.60000000 0.25500000 0.00000000
v 7.60000000 0.25500000 0.18000000
v 11.60000000 -0.29500000 0.00000000
v 11.60000000 -0.29500000 0.18000000
v 11.60000000 0.25500000 0.00000000
v 11.60000000 0.25500000 0.18000000
f 3330 3332 3329
f 3333 3330 3329
f 3329 3332 3331
f 3331 3333 3329
f 3330 3336 3332
f 3334 3330 3333
f 3334 3336 3330
f 3332 3336 3331
f 3335 3333 3331
f 3331 3336 3335
f 3335 3334 3333
f 3336 3334 3335

o geometry_237
v 7.60000000 -0.33000000 3.25000000
v 7.60000000 -0.33000000 3.50000000
v 7.60000000 0.29000000 3.25000000
v 7.60000000 0.29000000 3.50000000
v 11.60000000 -0.33000000 3.25000000
v 11.60000000 -0.33000000 3.50000000
v 11.60000000 0.29000000 3.25000000
v 11.60000000 0.29000000 3.50000000
f 3338 3340 3337
f 3341 3338 3337
f 3337 3340 3339
f 3339 3341 3337
f 3338 3344 3340
f 3342 3338 3341
f 3342 3344 3338
f 3340 3344 3339
f 3343 3341 3339
f 3339 3344 3343
f 3343 3342 3341
f 3344 3342 3343

o geometry_238
v -1.99347128 3.53440558 0.00730291
v -1.99347128 3.53440558 0.48230291
v -1.98850297 4.01437987 0.00730291
v -1.98850297 4.01437987 0.48230291
v -1.51281078 3.52943017 0.00730291
v -1.51281078 3.52943017 0.48230291
v -1.50784247 4.00940446 0.00730291
v -1.50784247 4.00940446 0.48230291
f 3346 3348 3345
f 3349 3346 3345
f 3345 3348 3347
f 3347 3349 3345
f 3346 3352 3348
f 3350 3346 3349
f 3350 3352 3346
f 3348 3352 3347
f 3351 3349 3347
f 3347 3352 3351
f 3351 3350 3349
f 3352 3350 3351

o geometry_239
v -1.49014121 3.52089502 0.03339775
v -1.49014121 3.52089502 0.50839775
v -1.49446766 4.00087552 0.03339775
v -1.49446766 4.00087552 0.50839775
v -1.03151287 3.52502901 0.03339775
v -1.03151287 3.52502901 0.50839775
v -1.03583933 4.00500952 0.03339775
v -1.03583933 4.00500952 0.50839775
f 3354 3356 3353
f 3357 3354 3353
f 3353 3356 3355
f 3355 3357 3353
f 3354 3360 3356
f 3358 3354 3357
f 3358 3360 3354
f 3356 3360 3355
f 3359 3357 3355
f 3355 3360 3359
f 3359 3358 3357
f 3360 3358 3359

o geometry_240
v -1.01726849 3.53018812 0.01433400
v -1.01726849 3.53018812 0.48933400
v -1.01405275 4.01017735 0.01433400
v -1.01405275 4.01017735 0.48933400
v -0.46780969 3.52650696 0.01433400
v -0.46780969 3.52650696 0.48933400
v -0.46459394 4.00649619 0.01433400
v -0.46459394 4.00649619 0.48933400
f 3362 3364 3361
f 3365 3362 3361
f 3361 3364 3363
f 3363 3365 3361
f 3362 3368 3364
f 3366 3362 3365
f 3366 3368 3362
f 3364 3368 3363
f 3367 3365 3363
f 3363 3368 3367
f 3367 3366 3365
f 3368 3366 3367

o geometry_241
v -0.44509848 3.52880493 -0.00177998
v -0.44509848 3.52880493 0.47322002
v -0.45125396 4.00876546 -0.00177998
v -0.45125396 4.00876546 0.47322002
v 0.02730906 3.53486354 -0.00177998
v 0.02730906 3.53486354 0.47322002
v 0.02115358 4.01482407 -0.00177998
v 0.02115358 4.01482407 0.47322002
f 3370 3372 3369
f 3373 3370 3369
f 3369 3372 3371
f 3371 3373 3369
f 3370 3376 3372
f 3374 3370 3373
f 3374 3376 3370
f 3372 3376 3371
f 3375 3373 3371
f 3371 3376 3375
f 3375 3374 3373
f 3376 3374 3375

o geometry_242
v 0.04005530 3.51337538 0.02752239
v 0.04005530 3.51337538 0.50252239
v 0.04446977 3.99335508 0.02752239
v 0.04446977 3.99335508 0.50252239
v 0.59779132 3.50824578 0.02752239
v 0.59779132 3.50824578 0.50252239
v 0.60220579 3.98822548 0.02752239
v 0.60220579 3.98822548 0.50252239
f 3378 3380 3377
f 3381 3378 3377
f 3377 3380 3379
f 3379 3381 3377
f 3378 3384 3380
f 3382 3378 3381
f 3382 3384 3378
f 3380 3384 3379
f 3383 3381 3379
f 3379 3384 3383
f 3383 3382 3381
f 3384 3382 3383

o geometry_243
v 0.62057764 3.51359621 0.02409474
v 0.62057764 3.51359621 0.49909474
v 0.61547080 3.99356904 0.02409474
v 0.61547080 3.99356904 0.49909474
v 1.11083039 3.51881242 0.02409474
v 1.11083039 3.51881242 0.49909474
v 1.10572355 3.99878526 0.02409474
v 1.10572355 3.99878526 0.49909474
f 3386 3388 3385
f 3389 3386 3385
f 3385 3388 3387
f 3387 3389 3385
f 3386 3392 3388
f 3390 3386 3389
f 3390 3392 3386
f 3388 3392 3387
f 3391 3389 3387
f 3387 3392 3391
f 3391 3390 3389
f 3392 3390 3391

o geometry_244
v 1.12753083 3.53094800 0.01779259
v 1.12753083 3.53094800 0.49279259
v 1.12505834 4.01094163 0.01779259
v 1.12505834 4.01094163 0.49279259
v 1.69192994 3.53385527 0.01779259
v 1.69192994 3.53385527 0.49279259
v 1.68945745 4.01384890 0.01779259
v 1.68945745 4.01384890 0.49279259
f 3394 3396 3393
f 3397 3394 3393
f 3393 3396 3395
f 3395 3397 3393
f 3394 3400 3396
f 3398 3394 3397
f 3398 3400 3394
f 3396 3400 3395
f 3399 3397 3395
f 3395 3400 3399
f 3399 3398 3397
f 3400 3398 3399

o geometry_245
v 1.70575152 3.53142339 0.01117939
v 1.70575152 3.53142339 0.48617939
v 1.71166478 4.01138697 0.01117939
v 1.71166478 4.01138697 0.48617939
v 1.98803266 3.52794562 0.01117939
v 1.98803266 3.52794562 0.48617939
v 1.99394592 4.00790920 0.01117939
v 1.99394592 4.00790920 0.48617939
f 3402 3404 3401
f 3405 3402 3401
f 3401 3404 3403
f 3403 3405 3401
f 3402 3408 3404
f 3406 3402 3405
f 3406 3408 3402
f 3404 3408 3403
f 3407 3405 3403
f 3403 3408 3407
f 3407 3406 3405
f 3408 3406 3407

o geometry_246
v -1.99243177 3.51119373 0.51488194
v -1.99243177 3.51119373 0.98988194
v -1.98955532 3.99118511 0.51488194
v -1.98955532 3.99118511 0.98988194
v -1.27357407 3.50688584 0.51488194
v -1.27357407 3.50688584 0.98988194
v -1.27069762 3.98687722 0.51488194
v -1.27069762 3.98687722 0.98988194
f 3410 3412 3409
f 3413 3410 3409
f 3409 3412 3411
f 3411 3413 3409
f 3410 3416 3412
f 3414 3410 3413
f 3414 3416 3410
f 3412 3416 3411
f 3415 3413 3411
f 3411 3416 3415
f 3415 3414 3413
f 3416 3414 3415

o geometry_247
v -1.25160404 3.51411098 0.53161586
v -1.25160404 3.51411098 1.00661586
v -1.25661578 3.99408482 0.53161586
v -1.25661578 3.99408482 1.00661586
v -0.53695158 3.52157317 0.53161586
v -0.53695158 3.52157317 1.00661586
v -0.54196332 4.00154701 0.53161586
v -0.54196332 4.00154701 1.00661586
f 3418 3420 3417
f 3421 3418 3417
f 3417 3420 3419
f 3419 3421 3417
f 3418 3424 3420
f 3422 3418 3421
f 3422 3424 3418
f 3420 3424 3419
f 3423 3421 3419
f 3419 3424 3423
f 3423 3422 3421
f 3424 3422 3423

o geometry_248
v -0.52193376 3.52325406 0.51744562
v -0.52193376 3.52325406 0.99244562
v -0.52094078 4.00325303 0.51744562
v -0.52094078 4.00325303 0.99244562
v 0.12767536 3.52191021 0.51744562
v 0.12767536 3.52191021 0.99244562
v 0.12866834 4.00190918 0.51744562
v 0.12866834 4.00190918 0.99244562
f 3426 3428 3425
f 3429 3426 3425
f 3425 3428 3427
f 3427 3429 3425
f 3426 3432 3428
f 3430 3426 3429
f 3430 3432 3426
f 3428 3432 3427
f 3431 3429 3427
f 3427 3432 3431
f 3431 3430 3429
f 3432 3430 3431

o geometry_249
v 0.14291181 3.52993342 0.52812962
v 0.14291181 3.52993342 1.00312962
v 0.14948897 4.00988836 0.52812962
v 0.14948897 4.00988836 1.00312962
v 0.73607071 3.52180495 0.52812962
v 0.73607071 3.52180495 1.00312962
v 0.74264787 4.00175988 0.52812962
v 0.74264787 4.00175988 1.00312962
f 3434 3436 3433
f 3437 3434 3433
f 3433 3436 3435
f 3435 3437 3433
f 3434 3440 3436
f 3438 3434 3437
f 3438 3440 3434
f 3436 3440 3435
f 3439 3437 3435
f 3435 3440 3439
f 3439 3438 3437
f 3440 3438 3439

o geometry_250
v 0.75763657 3.51591124 0.50152166
v 0.75763657 3.51591124 0.97652166
v 0.75713802 3.99591098 0.50152166
v 0.75713802 3.99591098 0.97652166
v 1.33216359 3.51650797 0.50152166
v 1.33216359 3.51650797 0.97652166
v 1.33166503 3.99650772 0.50152166
v 1.33166503 3.99650772 0.97652166
f 3442 3444 3441
f 3445 3442 3441
f 3441 3444 3443
f 3443 3445 3441
f 3442 3448 3444
f 3446 3442 3445
f 3446 3448 3442
f 3444 3448 3443
f 3447 3445 3443
f 3443 3448 3447
f 3447 3446 3445
f 3448 3446 3447

o geometry_251
v 1.34773599 3.52765212 0.53736394
v 1.34773599 3.52765212 1.01236394
v 1.35211967 4.00763210 0.53736394
v 1.35211967 4.00763210 1.01236394
v 1.98879479 3.52179730 0.53736394
v 1.98879479 3.52179730 1.01236394
v 1.99317847 4.00177728 0.53736394
v 1.99317847 4.00177728 1.01236394
f 3450 3452 3449
f 3453 3450 3449
f 3449 3452 3451
f 3451 3453 3449
f 3450 3456 3452
f 3454 3450 3453
f 3454 3456 3450
f 3452 3456 3451
f 3455 3453 3451
f 3451 3456 3455
f 3455 3454 3453
f 3456 3454 3455

o geometry_252
v -1.99260345 3.53105288 1.01913325
v -1.99260345 3.53105288 1.49413325
v -1.98938227 4.01104207 1.01913325
v -1.98938227 4.01104207 1.49413325
v -1.35853860 3.52679770 1.01913325
v -1.35853860 3.52679770 1.49413325
v -1.35531741 4.00678689 1.01913325
v -1.35531741 4.00678689 1.49413325
f 3458 3460 3457
f 3461 3458 3457
f 3457 3460 3459
f 3459 3461 3457
f 3458 3464 3460
f 3462 3458 3461
f 3462 3464 3458
f 3460 3464 3459
f 3463 3461 3459
f 3459 3464 3463
f 3463 3462 3461
f 3464 3462 3463

o geometry_253
v -1.33849898 3.51204354 1.00353345
v -1.33849898 3.51204354 1.47853345
v -1.33934180 3.99204280 1.00353345
v -1.33934180 3.99204280 1.47853345
v -0.71367744 3.51314064 1.00353345
v -0.71367744 3.51314064 1.47853345
v -0.71452026 3.99313990 1.00353345
v -0.71452026 3.99313990 1.47853345
f 3466 3468 3465
f 3469 3466 3465
f 3465 3468 3467
f 3467 3469 3465
f 3466 3472 3468
f 3470 3466 3469
f 3470 3472 3466
f 3468 3472 3467
f 3471 3469 3467
f 3467 3472 3471
f 3471 3470 3469
f 3472 3470 3471

o geometry_254
v -0.69803868 3.53488213 0.99058051
v -0.69803868 3.53488213 1.46558051
v -0.69413444 4.01486626 0.99058051
v -0.69413444 4.01486626 1.46558051
v 0.01588891 3.52907498 0.99058051
v 0.01588891 3.52907498 1.46558051
v 0.01979314 4.00905910 0.99058051
v 0.01979314 4.00905910 1.46558051
f 3474 3476 3473
f 3477 3474 3473
f 3473 3476 3475
f 3475 3477 3473
f 3474 3480 3476
f 3478 3474 3477
f 3478 3480 3474
f 3476 3480 3475
f 3479 3477 3475
f 3475 3480 3479
f 3479 3478 3477
f 3480 3478 3479

o geometry_255
v 0.03464096 3.51829196 0.99937086
v 0.03464096 3.51829196 1.47437086
v 0.03707358 3.99828580 0.99937086
v 0.03707358 3.99828580 1.47437086
v 0.72597095 3.51478828 0.99937086
v 0.72597095 3.51478828 1.47437086
v 0.72840357 3.99478211 0.99937086
v 0.72840357 3.99478211 1.47437086
f 3482 3484 3481
f 3485 3482 3481
f 3481 3484 3483
f 3483 3485 3481
f 3482 3488 3484
f 3486 3482 3485
f 3486 3488 3482
f 3484 3488 3483
f 3487 3485 3483
f 3483 3488 3487
f 3487 3486 3485
f 3488 3486 3487

o geometry_256
v 0.74661741 3.51947031 0.98964056
v 0.74661741 3.51947031 1.46464056
v 0.74377642 3.99946190 0.98964056
v 0.74377642 3.99946190 1.46464056
v 1.34245717 3.52299698 0.98964056
v 1.34245717 3.52299698 1.46464056
v 1.33961619 4.00298857 0.98964056
v 1.33961619 4.00298857 1.46464056
f 3490 3492 3489
f 3493 3490 3489
f 3489 3492 3491
f 3491 3493 3489
f 3490 3496 3492
f 3494 3490 3493
f 3494 3496 3490
f 3492 3496 3491
f 3495 3493 3491
f 3491 3496 3495
f 3495 3494 3493
f 3496 3494 3495

o geometry_257
v 1.36238291 3.50202159 1.02424390
v 1.36238291 3.50202159 1.49924390
v 1.35576103 3.98197592 1.02424390
v 1.35576103 3.98197592 1.49924390
v 1.99428087 3.51073983 1.02424390
v 1.99428087 3.51073983 1.49924390
v 1.98765899 3.99069415 1.02424390
v 1.98765899 3.99069415 1.49924390
f 3498 3500 3497
f 3501 3498 3497
f 3497 3500 3499
f 3499 3501 3497
f 3498 3504 3500
f 3502 3498 3501
f 3502 3504 3498
f 3500 3504 3499
f 3503 3501 3499
f 3499 3504 3503
f 3503 3502 3501
f 3504 3502 3503

o geometry_258
v -1.98900858 3.52398520 1.53580034
v -1.98900858 3.52398520 2.01080034
v -1.99297199 4.00396884 1.53580034
v -1.99297199 4.00396884 2.01080034
v -1.41907254 3.52869137 1.53580034
v -1.41907254 3.52869137 2.01080034
v -1.42303594 4.00867501 1.53580034
v -1.42303594 4.00867501 2.01080034
f 3506 3508 3505
f 3509 3506 3505
f 3505 3508 3507
f 3507 3509 3505
f 3506 3512 3508
f 3510 3506 3509
f 3510 3512 3506
f 3508 3512 3507
f 3511 3509 3507
f 3507 3512 3511
f 3511 3510 3509
f 3512 3510 3511

o geometry_259
v -1.40074107 3.50368967 1.51852552
v -1.40074107 3.50368967 1.99352552
v -1.40531916 3.98366784 1.51852552
v -1.40531916 3.98366784 1.99352552
v -0.76707540 3.50973366 1.51852552
v -0.76707540 3.50973366 1.99352552
v -0.77165349 3.98971182 1.51852552
v -0.77165349 3.98971182 1.99352552
f 3514 3516 3513
f 3517 3514 3513
f 3513 3516 3515
f 3515 3517 3513
f 3514 3520 3516
f 3518 3514 3517
f 3518 3520 3514
f 3516 3520 3515
f 3519 3517 3515
f 3515 3520 3519
f 3519 3518 3517
f 3520 3518 3519

o geometry_260
v -0.75394935 3.53262387 1.50970711
v -0.75394935 3.53262387 1.98470711
v -0.74871415 4.01259532 1.50970711
v -0.74871415 4.01259532 1.98470711
v -0.13930674 3.52591977 1.50970711
v -0.13930674 3.52591977 1.98470711
v -0.13407155 4.00589122 1.50970711
v -0.13407155 4.00589122 1.98470711
f 3522 3524 3521
f 3525 3522 3521
f 3521 3524 3523
f 3523 3525 3521
f 3522 3528 3524
f 3526 3522 3525
f 3526 3528 3522
f 3524 3528 3523
f 3527 3525 3523
f 3523 3528 3527
f 3527 3526 3525
f 3528 3526 3527

o geometry_261
v -0.12216902 3.51080038 1.50406536
v -0.12216902 3.51080038 1.97906536
v -0.11510458 3.99074839 1.50406536
v -0.11510458 3.99074839 1.97906536
v 0.50677848 3.50154279 1.50406536
v 0.50677848 3.50154279 1.97906536
v 0.51384292 3.98149080 1.50406536
v 0.51384292 3.98149080 1.97906536
f 3530 3532 3529
f 3533 3530 3529
f 3529 3532 3531
f 3531 3533 3529
f 3530 3536 3532
f 3534 3530 3533
f 3534 3536 3530
f 3532 3536 3531
f 3535 3533 3531
f 3531 3536 3535
f 3535 3534 3533
f 3536 3534 3535

o geometry_262
v 0.52735882 3.53109754 1.52668728
v 0.52735882 3.53109754 2.00168728
v 0.52933558 4.01109347 1.52668728
v 0.52933558 4.01109347 2.00168728
v 1.10163349 3.52873251 1.52668728
v 1.10163349 3.52873251 2.00168728
v 1.10361026 4.00872844 1.52668728
v 1.10361026 4.00872844 2.00168728
f 3538 3540 3537
f 3541 3538 3537
f 3537 3540 3539
f 3539 3541 3537
f 3538 3544 3540
f 3542 3538 3541
f 3542 3544 3538
f 3540 3544 3539
f 3543 3541 3539
f 3539 3544 3543
f 3543 3542 3541
f 3544 3542 3543

o geometry_263
v 1.12007757 3.53278816 1.53658743
v 1.12007757 3.53278816 2.01158743
v 1.12117265 4.01278691 1.53658743
v 1.12117265 4.01278691 2.01158743
v 1.73425528 3.53138696 1.53658743
v 1.73425528 3.53138696 2.01158743
v 1.73535036 4.01138571 1.53658743
v 1.73535036 4.01138571 2.01158743
f 3546 3548 3545
f 3549 3546 3545
f 3545 3548 3547
f 3547 3549 3545
f 3546 3552 3548
f 3550 3546 3549
f 3550 3552 3546
f 3548 3552 3547
f 3551 3549 3547
f 3547 3552 3551
f 3551 3550 3549
f 3552 3550 3551

o geometry_264
v 1.75042397 3.53441547 1.49026353
v 1.75042397 3.53441547 1.96526353
v 1.75519504 4.01439176 1.49026353
v 1.75519504 4.01439176 1.96526353
v 1.98860858 3.53204787 1.49026353
v 1.98860858 3.53204787 1.96526353
v 1.99337965 4.01202415 1.49026353
v 1.99337965 4.01202415 1.96526353
f 3554 3556 3553
f 3557 3554 3553
f 3553 3556 3555
f 3555 3557 3553
f 3554 3560 3556
f 3558 3554 3557
f 3558 3560 3554
f 3556 3560 3555
f 3559 3557 3555
f 3555 3560 3559
f 3559 3558 3557
f 3560 3558 3559

o geometry_265
v -1.99106718 3.53060556 1.98954462
v -1.99106718 3.53060556 2.46454462
v -1.99093279 4.01060554 1.98954462
v -1.99093279 4.01060554 2.46454462
v -1.31408280 3.53041603 1.98954462
v -1.31408280 3.53041603 2.46454462
v -1.31394841 4.01041601 1.98954462
v -1.31394841 4.01041601 2.46454462
f 3562 3564 3561
f 3565 3562 3561
f 3561 3564 3563
f 3563 3565 3561
f 3562 3568 3564
f 3566 3562 3565
f 3566 3568 3562
f 3564 3568 3563
f 3567 3565 3563
f 3563 3568 3567
f 3567 3566 3565
f 3568 3566 3567

o geometry_266
v -1.29580494 3.50480454 1.99361366
v -1.29580494 3.50480454 2.46861366
v -1.29622602 3.98480436 1.99361366
v -1.29622602 3.98480436 2.46861366
v -0.68833314 3.50533745 1.99361366
v -0.68833314 3.50533745 2.46861366
v -0.68875422 3.98533726 1.99361366
v -0.68875422 3.98533726 2.46861366
f 3570 3572 3569
f 3573 3570 3569
f 3569 3572 3571
f 3571 3573 3569
f 3570 3576 3572
f 3574 3570 3573
f 3574 3576 3570
f 3572 3576 3571
f 3575 3573 3571
f 3571 3576 3575
f 3575 3574 3573
f 3576 3574 3575

o geometry_267
v -0.67070360 3.52295149 2.03688287
v -0.67070360 3.52295149 2.51188287
v -0.67038337 4.00295139 2.03688287
v -0.67038337 4.00295139 2.51188287
v 0.02203747 3.52248934 2.03688287
v 0.02203747 3.52248934 2.51188287
v 0.02235769 4.00248923 2.03688287
v 0.02235769 4.00248923 2.51188287
f 3578 3580 3577
f 3581 3578 3577
f 3577 3580 3579
f 3579 3581 3577
f 3578 3584 3580
f 3582 3578 3581
f 3582 3584 3578
f 3580 3584 3579
f 3583 3581 3579
f 3579 3584 3583
f 3583 3582 3581
f 3584 3582 3583

o geometry_268
v 0.03963130 3.52339845 1.98934346
v 0.03963130 3.52339845 2.46434346
v 0.04076571 4.00339711 1.98934346
v 0.04076571 4.00339711 2.46434346
v 0.64593220 3.52196554 1.98934346
v 0.64593220 3.52196554 2.46434346
v 0.64706662 4.00196420 1.98934346
v 0.64706662 4.00196420 2.46434346
f 3586 3588 3585
f 3589 3586 3585
f 3585 3588 3587
f 3587 3589 3585
f 3586 3592 3588
f 3590 3586 3589
f 3590 3592 3586
f 3588 3592 3587
f 3591 3589 3587
f 3587 3592 3591
f 3591 3590 3589
f 3592 3590 3591

o geometry_269
v 0.66449003 3.50833393 2.02905236
v 0.66449003 3.50833393 2.50405236
v 0.66451049 3.98833393 2.02905236
v 0.66451049 3.98833393 2.50405236
v 1.27188525 3.50830805 2.02905236
v 1.27188525 3.50830805 2.50405236
v 1.27190571 3.98830805 2.02905236
v 1.27190571 3.98830805 2.50405236
f 3594 3596 3593
f 3597 3594 3593
f 3593 3596 3595
f 3595 3597 3593
f 3594 3600 3596
f 3598 3594 3597
f 3598 3600 3594
f 3596 3600 3595
f 3599 3597 3595
f 3595 3600 3599
f 3599 3598 3597
f 3600 3598 3599

o geometry_270
v 1.28780455 3.52988279 1.99961946
v 1.28780455 3.52988279 2.47461946
v 1.29200835 4.00986438 1.99961946
v 1.29200835 4.00986438 2.47461946
v 1.85992579 3.52487200 1.99961946
v 1.85992579 3.52487200 2.47461946
v 1.86412959 4.00485359 1.99961946
v 1.86412959 4.00485359 2.47461946
f 3602 3604 3601
f 3605 3602 3601
f 3601 3604 3603
f 3603 3605 3601
f 3602 3608 3604
f 3606 3602 3605
f 3606 3608 3602
f 3604 3608 3603
f 3607 3605 3603
f 3603 3608 3607
f 3607 3606 3605
f 3608 3606 3607

o geometry_271
v 1.87681296 3.50967731 1.99458509
v 1.87681296 3.50967731 2.46958509
v 1.88327442 3.98963381 1.99458509
v 1.88327442 3.98963381 2.46958509
v 1.98776424 3.50818361 1.99458509
v 1.98776424 3.50818361 2.46958509
v 1.99422570 3.98814012 1.99458509
v 1.99422570 3.98814012 2.46958509
f 3610 3612 3609
f 3613 3610 3609
f 3609 3612 3611
f 3611 3613 3609
f 3610 3616 3612
f 3614 3610 3613
f 3614 3616 3610
f 3612 3616 3611
f 3615 3613 3611
f 3611 3616 3615
f 3615 3614 3613
f 3616 3614 3615

o geometry_272
v -1.99169715 3.51908550 2.53702854
v -1.99169715 3.51908550 3.01202854
v -1.99029981 3.99908347 2.53702854
v -1.99029981 3.99908347 3.01202854
v -1.27389480 3.51699588 2.53702854
v -1.27389480 3.51699588 3.01202854
v -1.27249746 3.99699384 2.53702854
v -1.27249746 3.99699384 3.01202854
f 3618 3620 3617
f 3621 3618 3617
f 3617 3620 3619
f 3619 3621 3617
f 3618 3624 3620
f 3622 3618 3621
f 3622 3624 3618
f 3620 3624 3619
f 3623 3621 3619
f 3619 3624 3623
f 3623 3622 3621
f 3624 3622 3623

o geometry_273
v -1.25342298 3.51276845 2.52704289
v -1.25342298 3.51276845 3.00204289
v -1.25694701 3.99275552 2.52704289
v -1.25694701 3.99275552 3.00204289
v -0.54003748 3.51800607 2.52704289
v -0.54003748 3.51800607 3.00204289
v -0.54356151 3.99799314 2.52704289
v -0.54356151 3.99799314 3.00204289
f 3626 3628 3625
f 3629 3626 3625
f 3625 3628 3627
f 3627 3629 3625
f 3626 3632 3628
f 3630 3626 3629
f 3630 3632 3626
f 3628 3632 3627
f 3631 3629 3627
f 3627 3632 3631
f 3631 3630 3629
f 3632 3630 3631

o geometry_274
v -0.52107818 3.52859831 2.49804606
v -0.52107818 3.52859831 2.97304606
v -0.52646088 4.00856813 2.49804606
v -0.52646088 4.00856813 2.97304606
v 0.12620292 3.53585735 2.49804606
v 0.12620292 3.53585735 2.97304606
v 0.12082022 4.01582717 2.49804606
v 0.12082022 4.01582717 2.97304606
f 3634 3636 3633
f 3637 3634 3633
f 3633 3636 3635
f 3635 3637 3633
f 3634 3640 3636
f 3638 3634 3637
f 3638 3640 3634
f 3636 3640 3635
f 3639 3637 3635
f 3635 3640 3639
f 3639 3638 3637
f 3640 3638 3639

o geometry_275
v 0.14266561 3.50558670 2.50432948
v 0.14266561 3.50558670 2.97932948
v 0.14040613 3.98558139 2.50432948
v 0.14040613 3.98558139 2.97932948
v 0.85586901 3.50894397 2.50432948
v 0.85586901 3.50894397 2.97932948
v 0.85360953 3.98893865 2.50432948
v 0.85360953 3.98893865 2.97932948
f 3642 3644 3641
f 3645 3642 3641
f 3641 3644 3643
f 3643 3645 3641
f 3642 3648 3644
f 3646 3642 3645
f 3646 3648 3642
f 3644 3648 3643
f 3647 3645 3643
f 3643 3648 3647
f 3647 3646 3645
f 3648 3646 3647

o geometry_276
v 0.87294512 3.51543231 2.52824131
v 0.87294512 3.51543231 3.00324131
v 0.87254157 3.99543214 2.52824131
v 0.87254157 3.99543214 3.00324131
v 1.56986438 3.51601822 2.52824131
v 1.56986438 3.51601822 3.00324131
v 1.56946083 3.99601805 2.52824131
v 1.56946083 3.99601805 3.00324131
f 3650 3652 3649
f 3653 3650 3649
f 3649 3652 3651
f 3651 3653 3649
f 3650 3656 3652
f 3654 3650 3653
f 3654 3656 3650
f 3652 3656 3651
f 3655 3653 3651
f 3651 3656 3655
f 3655 3654 3653
f 3656 3654 3655

o geometry_277
v 1.59072303 3.51188261 2.50091495
v 1.59072303 3.51188261 2.97591495
v 1.58463487 3.99184400 2.50091495
v 1.58463487 3.99184400 2.97591495
v 1.99402786 3.51699841 2.50091495
v 1.99402786 3.51699841 2.97591495
v 1.98793970 3.99695979 2.50091495
v 1.98793970 3.99695979 2.97591495
f 3658 3660 3657
f 3661 3658 3657
f 3657 3660 3659
f 3659 3661 3657
f 3658 3664 3660
f 3662 3658 3661
f 3662 3664 3658
f 3660 3664 3659
f 3663 3661 3659
f 3659 3664 3663
f 3663 3662 3661
f 3664 3662 3663

o geometry_278
v -1.98764778 3.52881368 3.03605441
v -1.98764778 3.52881368 3.51105441
v -1.99429711 4.00876762 3.03605441
v -1.99429711 4.00876762 3.51105441
v -1.41338661 3.53676955 3.03605441
v -1.41338661 3.53676955 3.51105441
v -1.42003594 4.01672349 3.03605441
v -1.42003594 4.01672349 3.51105441
f 3666 3668 3665
f 3669 3666 3665
f 3665 3668 3667
f 3667 3669 3665
f 3666 3672 3668
f 3670 3666 3669
f 3670 3672 3666
f 3668 3672 3667
f 3671 3669 3667
f 3667 3672 3671
f 3671 3670 3669
f 3672 3670 3671

o geometry_279
v -1.40134796 3.53667737 3.03244849
v -1.40134796 3.53667737 3.50744849
v -1.39598598 4.01664742 3.03244849
v -1.39598598 4.01664742 3.50744849
v -0.86449572 3.53067994 3.03244849
v -0.86449572 3.53067994 3.50744849
v -0.85913374 4.01064999 3.03244849
v -0.85913374 4.01064999 3.50744849
f 3674 3676 3673
f 3677 3674 3673
f 3673 3676 3675
f 3675 3677 3673
f 3674 3680 3676
f 3678 3674 3677
f 3678 3680 3674
f 3676 3680 3675
f 3679 3677 3675
f 3675 3680 3679
f 3679 3678 3677
f 3680 3678 3679

o geometry_280
v -0.84617928 3.51787059 2.99052416
v -0.84617928 3.51787059 3.46552416
v -0.84138798 3.99784667 2.99052416
v -0.84138798 3.99784667 3.46552416
v -0.27029843 3.51212193 2.99052416
v -0.27029843 3.51212193 3.46552416
v -0.26550713 3.99209802 2.99052416
v -0.26550713 3.99209802 3.46552416
f 3682 3684 3681
f 3685 3682 3681
f 3681 3684 3683
f 3683 3685 3681
f 3682 3688 3684
f 3686 3682 3685
f 3686 3688 3682
f 3684 3688 3683
f 3687 3685 3683
f 3683 3688 3687
f 3687 3686 3685
f 3688 3686 3687

o geometry_281
v -0.24678876 3.51452867 3.02482473
v -0.24678876 3.51452867 3.49982473
v -0.25294431 3.99448920 3.02482473
v -0.25294431 3.99448920 3.49982473
v 0.28574212 3.52135845 3.02482473
v 0.28574212 3.52135845 3.49982473
v 0.27958656 4.00131898 3.02482473
v 0.27958656 4.00131898 3.49982473
f 3690 3692 3689
f 3693 3690 3689
f 3689 3692 3691
f 3691 3693 3689
f 3690 3696 3692
f 3694 3690 3693
f 3694 3696 3690
f 3692 3696 3691
f 3695 3693 3691
f 3691 3696 3695
f 3695 3694 3693
f 3696 3694 3695

o geometry_282
v 0.29720628 3.53842128 3.03361810
v 0.29720628 3.53842128 3.50861810
v 0.30421724 4.01837008 3.03361810
v 0.30421724 4.01837008 3.50861810
v 0.77556563 3.53143354 3.03361810
v 0.77556563 3.53143354 3.50861810
v 0.78257659 4.01138233 3.03361810
v 0.78257659 4.01138233 3.50861810
f 3698 3700 3697
f 3701 3698 3697
f 3697 3700 3699
f 3699 3701 3697
f 3698 3704 3700
f 3702 3698 3701
f 3702 3704 3698
f 3700 3704 3699
f 3703 3701 3699
f 3699 3704 3703
f 3703 3702 3701
f 3704 3702 3703

o geometry_283
v 0.79914415 3.52913833 3.02799362
v 0.79914415 3.52913833 3.50299362
v 0.79506943 4.00912103 3.02799362
v 0.79506943 4.00912103 3.50299362
v 1.36305889 3.53392557 3.02799362
v 1.36305889 3.53392557 3.50299362
v 1.35898418 4.01390827 3.02799362
v 1.35898418 4.01390827 3.50299362
f 3706 3708 3705
f 3709 3706 3705
f 3705 3708 3707
f 3707 3709 3705
f 3706 3712 3708
f 3710 3706 3709
f 3710 3712 3706
f 3708 3712 3707
f 3711 3709 3707
f 3707 3712 3711
f 3711 3710 3709
f 3712 3710 3711

o geometry_284
v 1.37689504 3.52101576 3.03143537
v 1.37689504 3.52101576 3.50643537
v 1.38119094 4.00099653 3.03143537
v 1.38119094 4.00099653 3.50643537
v 1.94099657 3.51596696 3.03143537
v 1.94099657 3.51596696 3.50643537
v 1.94529247 3.99594774 3.03143537
v 1.94529247 3.99594774 3.50643537
f 3714 3716 3713
f 3717 3714 3713
f 3713 3716 3715
f 3715 3717 3713
f 3714 3720 3716
f 3718 3714 3717
f 3718 3720 3714
f 3716 3720 3715
f 3719 3717 3715
f 3715 3720 3719
f 3719 3718 3717
f 3720 3718 3719

o geometry_285
v 1.96312603 3.52496632 3.03208750
v 1.96312603 3.52496632 3.50708750
v 1.95918661 4.00495016 3.03208750
v 1.95918661 4.00495016 3.50708750
v 1.99296921 3.52521126 3.03208750
v 1.99296921 3.52521126 3.50708750
v 1.98902979 4.00519509 3.03208750
v 1.98902979 4.00519509 3.50708750
f 3722 3724 3721
f 3725 3722 3721
f 3721 3724 3723
f 3723 3725 3721
f 3722 3728 3724
f 3726 3722 3725
f 3726 3728 3722
f 3724 3728 3723
f 3727 3725 3723
f 3723 3728 3727
f 3727 3726 3725
f 3728 3726 3727

o geometry_286
v -1.99405813 3.53365023 0.02004672
v -1.99405813 3.53365023 0.49504672
v -1.98790138 4.01361075 0.02004672
v -1.98790138 4.01361075 0.49504672
v -1.50200036 3.52733830 0.02004672
v -1.50200036 3.52733830 0.49504672
v -1.49584361 4.00729882 0.02004672
v -1.49584361 4.00729882 0.49504672
f 3730 3732 3729
f 3733 3730 3729
f 3729 3732 3731
f 3731 3733 3729
f 3730 3736 3732
f 3734 3730 3733
f 3734 3736 3730
f 3732 3736 3731
f 3735 3733 3731
f 3731 3736 3735
f 3735 3734 3733
f 3736 3734 3735

o geometry_287
v -1.48084820 3.52397138 -0.00960005
v -1.48084820 3.52397138 0.46539995
v -1.48095527 4.00397137 -0.00960005
v -1.48095527 4.00397137 0.46539995
v -0.96118355 3.52408730 -0.00960005
v -0.96118355 3.52408730 0.46539995
v -0.96129062 4.00408729 -0.00960005
v -0.96129062 4.00408729 0.46539995
f 3738 3740 3737
f 3741 3738 3737
f 3737 3740 3739
f 3739 3741 3737
f 3738 3744 3740
f 3742 3738 3741
f 3742 3744 3738
f 3740 3744 3739
f 3743 3741 3739
f 3739 3744 3743
f 3743 3742 3741
f 3744 3742 3743

o geometry_288
v -0.94616673 3.52480126 -0.00900723
v -0.94616673 3.52480126 0.46599277
v -0.94027314 4.00476508 -0.00900723
v -0.94027314 4.00476508 0.46599277
v -0.49132658 3.51921618 -0.00900723
v -0.49132658 3.51921618 0.46599277
v -0.48543300 3.99918000 -0.00900723
v -0.48543300 3.99918000 0.46599277
f 3746 3748 3745
f 3749 3746 3745
f 3745 3748 3747
f 3747 3749 3745
f 3746 3752 3748
f 3750 3746 3749
f 3750 3752 3746
f 3748 3752 3747
f 3751 3749 3747
f 3747 3752 3751
f 3751 3750 3749
f 3752 3750 3751

o geometry_289
v -0.47234659 3.51229993 -0.00630990
v -0.47234659 3.51229993 0.46869010
v -0.46836128 3.99228338 -0.00630990
v -0.46836128 3.99228338 0.46869010
v 0.03282349 3.50810549 -0.00630990
v 0.03282349 3.50810549 0.46869010
v 0.03680880 3.98808894 -0.00630990
v 0.03680880 3.98808894 0.46869010
f 3754 3756 3753
f 3757 3754 3753
f 3753 3756 3755
f 3755 3757 3753
f 3754 3760 3756
f 3758 3754 3757
f 3758 3760 3754
f 3756 3760 3755
f 3759 3757 3755
f 3755 3760 3759
f 3759 3758 3757
f 3760 3758 3759

o geometry_290
v 0.05208223 3.50739370 0.01635515
v 0.05208223 3.50739370 0.49135515
v 0.05357003 3.98739140 0.01635515
v 0.05357003 3.98739140 0.49135515
v 0.58364599 3.50574607 0.01635515
v 0.58364599 3.50574607 0.49135515
v 0.58513379 3.98574376 0.01635515
v 0.58513379 3.98574376 0.49135515
f 3762 3764 3761
f 3765 3762 3761
f 3761 3764 3763
f 3763 3765 3761
f 3762 3768 3764
f 3766 3762 3765
f 3766 3768 3762
f 3764 3768 3763
f 3767 3765 3763
f 3763 3768 3767
f 3767 3766 3765
f 3768 3766 3767

o geometry_291
v 0.60088211 3.53542795 0.03042342
v 0.60088211 3.53542795 0.50542342
v 0.60391172 4.01541838 0.03042342
v 0.60391172 4.01541838 0.50542342
v 1.17778378 3.53178665 0.03042342
v 1.17778378 3.53178665 0.50542342
v 1.18081339 4.01177709 0.03042342
v 1.18081339 4.01177709 0.50542342
f 3770 3772 3769
f 3773 3770 3769
f 3769 3772 3771
f 3771 3773 3769
f 3770 3776 3772
f 3774 3770 3773
f 3774 3776 3770
f 3772 3776 3771
f 3775 3773 3771
f 3771 3776 3775
f 3775 3774 3773
f 3776 3774 3775

o geometry_292
v 1.19959095 3.52925428 0.00292409
v 1.19959095 3.52925428 0.47792409
v 1.19503880 4.00923269 0.00292409
v 1.19503880 4.00923269 0.47792409
v 1.66832303 3.53369977 0.00292409
v 1.66832303 3.53369977 0.47792409
v 1.66377088 4.01367818 0.00292409
v 1.66377088 4.01367818 0.47792409
f 3778 3780 3777
f 3781 3778 3777
f 3777 3780 3779
f 3779 3781 3777
f 3778 3784 3780
f 3782 3778 3781
f 3782 3784 3778
f 3780 3784 3779
f 3783 3781 3779
f 3779 3784 3783
f 3783 3782 3781
f 3784 3782 3783

o geometry_293
v 1.68313988 3.51814125 0.01944567
v 1.68313988 3.51814125 0.49444567
v 1.68497735 3.99813773 0.01944567
v 1.68497735 3.99813773 0.49444567
v 1.99008014 3.51696626 0.01944567
v 1.99008014 3.51696626 0.49444567
v 1.99191761 3.99696274 0.01944567
v 1.99191761 3.99696274 0.49444567
f 3786 3788 3785
f 3789 3786 3785
f 3785 3788 3787
f 3787 3789 3785
f 3786 3792 3788
f 3790 3786 3789
f 3790 3792 3786
f 3788 3792 3787
f 3791 3789 3787
f 3787 3792 3791
f 3791 3790 3789
f 3792 3790 3791

o geometry_294
v -0.12843659 3.51626570 0.50887962
v -0.12843659 3.51626570 0.98387962
v -0.12576033 3.99625824 0.50887962
v -0.12576033 3.99625824 0.98387962
v 0.47202236 3.51291776 0.50887962
v 0.47202236 3.51291776 0.98387962
v 0.47469863 3.99291030 0.50887962
v 0.47469863 3.99291030 0.98387962
f 3794 3796 3793
f 3797 3794 3793
f 3793 3796 3795
f 3795 3797 3793
f 3794 3800 3796
f 3798 3794 3797
f 3798 3800 3794
f 3796 3800 3795
f 3799 3797 3795
f 3795 3800 3799
f 3799 3798 3797
f 3800 3798 3799

o geometry_295
v 0.49349758 3.51849000 0.50248835
v 0.49349758 3.51849000 0.97748835
v 0.48925857 3.99847128 0.50248835
v 0.48925857 3.99847128 0.97748835
v 1.15562556 3.52433766 0.50248835
v 1.15562556 3.52433766 0.97748835
v 1.15138655 4.00431894 0.50248835
v 1.15138655 4.00431894 0.97748835
f 3802 3804 3801
f 3805 3802 3801
f 3801 3804 3803
f 3803 3805 3801
f 3802 3808 3804
f 3806 3802 3805
f 3806 3808 3802
f 3804 3808 3803
f 3807 3805 3803
f 3803 3808 3807
f 3807 3806 3805
f 3808 3806 3807

o geometry_296
v 1.17170048 3.52741995 0.51622119
v 1.17170048 3.52741995 0.99122119
v 1.17133765 4.00741981 0.51622119
v 1.17133765 4.00741981 0.99122119
v 1.85228688 3.52793440 0.51622119
v 1.85228688 3.52793440 0.99122119
v 1.85192405 4.00793426 0.51622119
v 1.85192405 4.00793426 0.99122119
f 3810 3812 3809
f 3813 3810 3809
f 3809 3812 3811
f 3811 3813 3809
f 3810 3816 3812
f 3814 3810 3813
f 3814 3816 3810
f 3812 3816 3811
f 3815 3813 3811
f 3811 3816 3815
f 3815 3814 3813
f 3816 3814 3815

o geometry_297
v 1.87356897 3.51227082 0.50189689
v 1.87356897 3.51227082 0.97689689
v 1.86665470 3.99222101 0.50189689
v 1.86665470 3.99222101 0.97689689
v 1.99445087 3.51401227 0.50189689
v 1.99445087 3.51401227 0.97689689
v 1.98753659 3.99396247 0.50189689
v 1.98753659 3.99396247 0.97689689
f 3818 3820 3817
f 3821 3818 3817
f 3817 3820 3819
f 3819 3821 3817
f 3818 3824 3820
f 3822 3818 3821
f 3822 3824 3818
f 3820 3824 3819
f 3823 3821 3819
f 3819 3824 3823
f 3823 3822 3821
f 3824 3822 3823

o geometry_298
v -0.02461904 3.51884118 0.98946036
v -0.02461904 3.51884118 1.46446036
v -0.02704133 3.99883506 0.98946036
v -0.02704133 3.99883506 1.46446036
v 0.56707092 3.52182715 0.98946036
v 0.56707092 3.52182715 1.46446036
v 0.56464862 4.00182104 0.98946036
v 0.56464862 4.00182104 1.46446036
f 3826 3828 3825
f 3829 3826 3825
f 3825 3828 3827
f 3827 3829 3825
f 3826 3832 3828
f 3830 3826 3829
f 3830 3832 3826
f 3828 3832 3827
f 3831 3829 3827
f 3827 3832 3831
f 3831 3830 3829
f 3832 3830 3831

o geometry_299
v 0.58252792 3.51974414 1.03127389
v 0.58252792 3.51974414 1.50627389
v 0.58520994 3.99973665 1.03127389
v 0.58520994 3.99973665 1.50627389
v 1.27375989 3.51588179 1.03127389
v 1.27375989 3.51588179 1.50627389
v 1.27644192 3.99587430 1.03127389
v 1.27644192 3.99587430 1.50627389
f 3834 3836 3833
f 3837 3834 3833
f 3833 3836 3835
f 3835 3837 3833
f 3834 3840 3836
f 3838 3834 3837
f 3838 3840 3834
f 3836 3840 3835
f 3839 3837 3835
f 3835 3840 3839
f 3839 3838 3837
f 3840 3838 3839

o geometry_300
v 1.29279127 3.51761581 1.01649476
v 1.29279127 3.51761581 1.49149476
v 1.29342192 3.99761539 1.01649476
v 1.29342192 3.99761539 1.49149476
v 1.97277618 3.51672241 1.01649476
v 1.97277618 3.51672241 1.49149476
v 1.97340683 3.99672200 1.01649476
v 1.97340683 3.99672200 1.49149476
f 3842 3844 3841
f 3845 3842 3841
f 3841 3844 3843
f 3843 3845 3841
f 3842 3848 3844
f 3846 3842 3845
f 3846 3848 3842
f 3844 3848 3843
f 3847 3845 3843
f 3843 3848 3847
f 3847 3846 3845
f 3848 3846 3847

o geometry_301
v -0.52953794 3.51313329 1.49053347
v -0.52953794 3.51313329 1.96553347
v -0.53243941 3.99312452 1.49053347
v -0.53243941 3.99312452 1.96553347
v 0.11449127 3.51702634 1.49053347
v 0.11449127 3.51702634 1.96553347
v 0.11158981 3.99701757 1.49053347
v 0.11158981 3.99701757 1.96553347
f 3850 3852 3849
f 3853 3850 3849
f 3849 3852 3851
f 3851 3853 3849
f 3850 3856 3852
f 3854 3850 3853
f 3854 3856 3850
f 3852 3856 3851
f 3855 3853 3851
f 3851 3856 3855
f 3855 3854 3853
f 3856 3854 3855

o geometry_302
v 0.12950254 3.50738391 1.52859624
v 0.12950254 3.50738391 2.00359624
v 0.13260434 3.98737388 1.52859624
v 0.13260434 3.98737388 2.00359624
v 0.80164694 3.50304036 1.52859624
v 0.80164694 3.50304036 2.00359624
v 0.80474875 3.98303034 1.52859624
v 0.80474875 3.98303034 2.00359624
f 3858 3860 3857
f 3861 3858 3857
f 3857 3860 3859
f 3859 3861 3857
f 3858 3864 3860
f 3862 3858 3861
f 3862 3864 3858
f 3860 3864 3859
f 3863 3861 3859
f 3859 3864 3863
f 3863 3862 3861
f 3864 3862 3863

o geometry_303
v 0.82092927 3.51530238 1.48862815
v 0.82092927 3.51530238 1.96362815
v 0.82148086 3.99530206 1.48862815
v 0.82148086 3.99530206 1.96362815
v 1.45061997 3.51457878 1.48862815
v 1.45061997 3.51457878 1.96362815
v 1.45117156 3.99457846 1.48862815
v 1.45117156 3.99457846 1.96362815
f 3866 3868 3865
f 3869 3866 3865
f 3865 3868 3867
f 3867 3869 3865
f 3866 3872 3868
f 3870 3866 3869
f 3870 3872 3866
f 3868 3872 3867
f 3871 3869 3867
f 3867 3872 3871
f 3871 3870 3869
f 3872 3870 3871

o geometry_304
v 1.47083568 3.52939424 1.49044772
v 1.47083568 3.52939424 1.96544772
v 1.46697317 4.00937870 1.49044772
v 1.46697317 4.00937870 1.96544772
v 1.99292280 3.53359556 1.49044772
v 1.99292280 3.53359556 1.96544772
v 1.98906029 4.01358002 1.49044772
v 1.98906029 4.01358002 1.96544772
f 3874 3876 3873
f 3877 3874 3873
f 3873 3876 3875
f 3875 3877 3873
f 3874 3880 3876
f 3878 3874 3877
f 3878 3880 3874
f 3876 3880 3875
f 3879 3877 3875
f 3875 3880 3879
f 3879 3878 3877
f 3880 3878 3879

o geometry_305
v -0.11085912 3.53205732 2.00995937
v -0.11085912 3.53205732 2.48495937
v -0.11157105 4.01205680 2.00995937
v -0.11157105 4.01205680 2.48495937
v 0.59774617 3.53310833 2.00995937
v 0.59774617 3.53310833 2.48495937
v 0.59703424 4.01310780 2.00995937
v 0.59703424 4.01310780 2.48495937
f 3882 3884 3881
f 3885 3882 3881
f 3881 3884 3883
f 3883 3885 3881
f 3882 3888 3884
f 3886 3882 3885
f 3886 3888 3882
f 3884 3888 3883
f 3887 3885 3883
f 3883 3888 3887
f 3887 3886 3885
f 3888 3886 3887

o geometry_306
v 0.61380309 3.51278853 2.03069922
v 0.61380309 3.51278853 2.50569922
v 0.61699380 3.99277793 2.03069922
v 0.61699380 3.99277793 2.50569922
v 1.32433726 3.50806528 2.03069922
v 1.32433726 3.50806528 2.50569922
v 1.32752797 3.98805468 2.03069922
v 1.32752797 3.98805468 2.50569922
f 3890 3892 3889
f 3893 3890 3889
f 3889 3892 3891
f 3891 3893 3889
f 3890 3896 3892
f 3894 3890 3893
f 3894 3896 3890
f 3892 3896 3891
f 3895 3893 3891
f 3891 3896 3895
f 3895 3894 3893
f 3896 3894 3895

o geometry_307
v 1.34726594 3.51990327 2.03170964
v 1.34726594 3.51990327 2.50670964
v 1.34067481 3.99985802 2.03170964
v 1.34067481 3.99985802 2.50670964
v 1.98169180 3.52861571 2.03170964
v 1.98169180 3.52861571 2.50670964
v 1.97510068 4.00857046 2.03170964
v 1.97510068 4.00857046 2.50670964
f 3898 3900 3897
f 3901 3898 3897
f 3897 3900 3899
f 3899 3901 3897
f 3898 3904 3900
f 3902 3898 3901
f 3902 3904 3898
f 3900 3904 3899
f 3903 3901 3899
f 3899 3904 3903
f 3903 3902 3901
f 3904 3902 3903

o geometry_308
v -1.99291050 3.53208720 2.49909784
v -1.99291050 3.53208720 2.97409784
v -1.98907058 4.01207184 2.49909784
v -1.98907058 4.01207184 2.97409784
v -1.40140478 3.52735510 2.49909784
v -1.40140478 3.52735510 2.97409784
v -1.39756486 4.00733974 2.49909784
v -1.39756486 4.00733974 2.97409784
f 3906 3908 3905
f 3909 3906 3905
f 3905 3908 3907
f 3907 3909 3905
f 3906 3912 3908
f 3910 3906 3909
f 3910 3912 3906
f 3908 3912 3907
f 3911 3909 3907
f 3907 3912 3911
f 3911 3910 3909
f 3912 3910 3911

o geometry_309
v -1.38501001 3.52215657 2.50063733
v -1.38501001 3.52215657 2.97563733
v -1.37786922 4.00210345 2.50063733
v -1.37786922 4.00210345 2.97563733
v -0.73927504 3.51254914 2.50063733
v -0.73927504 3.51254914 2.97563733
v -0.73213425 3.99249602 2.50063733
v -0.73213425 3.99249602 2.97563733
f 3914 3916 3913
f 3917 3914 3913
f 3913 3916 3915
f 3915 3917 3913
f 3914 3920 3916
f 3918 3914 3917
f 3918 3920 3914
f 3916 3920 3915
f 3919 3917 3915
f 3915 3920 3919
f 3919 3918 3917
f 3920 3918 3919

o geometry_310
v -0.71437737 3.51962840 2.51581706
v -0.71437737 3.51962840 2.99081706
v -0.72090178 3.99958406 2.51581706
v -0.72090178 3.99958406 2.99081706
v -0.07935723 3.52826073 2.51581706
v -0.07935723 3.52826073 2.99081706
v -0.08588164 4.00821638 2.51581706
v -0.08588164 4.00821638 2.99081706
f 3922 3924 3921
f 3925 3922 3921
f 3921 3924 3923
f 3923 3925 3921
f 3922 3928 3924
f 3926 3922 3925
f 3926 3928 3922
f 3924 3928 3923
f 3927 3925 3923
f 3923 3928 3927
f 3927 3926 3925
f 3928 3926 3927

o geometry_311
v -0.06331672 3.51774348 2.51837964
v -0.06331672 3.51774348 2.99337964
v -0.06585399 3.99773677 2.51837964
v -0.06585399 3.99773677 2.99337964
v 0.61587901 3.52133374 2.51837964
v 0.61587901 3.52133374 2.99337964
v 0.61334174 4.00132704 2.51837964
v 0.61334174 4.00132704 2.99337964
f 3930 3932 3929
f 3933 3930 3929
f 3929 3932 3931
f 3931 3933 3929
f 3930 3936 3932
f 3934 3930 3933
f 3934 3936 3930
f 3932 3936 3931
f 3935 3933 3931
f 3931 3936 3935
f 3935 3934 3933
f 3936 3934 3935

o geometry_312
v 0.63532973 3.50479470 2.52649847
v 0.63532973 3.50479470 3.00149847
v 0.62993685 3.98476441 2.52649847
v 0.62993685 3.98476441 3.00149847
v 1.21106723 3.51126361 2.52649847
v 1.21106723 3.51126361 3.00149847
v 1.20567435 3.99123332 2.52649847
v 1.20567435 3.99123332 3.00149847
f 3938 3940 3937
f 3941 3938 3937
f 3937 3940 3939
f 3939 3941 3937
f 3938 3944 3940
f 3942 3938 3941
f 3942 3944 3938
f 3940 3944 3939
f 3943 3941 3939
f 3939 3944 3943
f 3943 3942 3941
f 3944 3942 3943

o geometry_313
v 1.22355913 3.52738847 2.50744894
v 1.22355913 3.52738847 2.98244894
v 1.22926807 4.00735452 2.50744894
v 1.22926807 4.00735452 2.98244894
v 1.92016424 3.51910274 2.50744894
v 1.92016424 3.51910274 2.98244894
v 1.92587317 3.99906879 2.50744894
v 1.92587317 3.99906879 2.98244894
f 3946 3948 3945
f 3949 3946 3945
f 3945 3948 3947
f 3947 3949 3945
f 3946 3952 3948
f 3950 3946 3949
f 3950 3952 3946
f 3948 3952 3947
f 3951 3949 3947
f 3947 3952 3951
f 3951 3950 3949
f 3952 3950 3951

o geometry_314
v 1.93894742 3.53335996 2.49086738
v 1.93894742 3.53335996 2.96586738
v 1.94314118 4.01334164 2.49086738
v 1.94314118 4.01334164 2.96586738
v 1.98890217 3.53292349 2.49086738
v 1.98890217 3.53292349 2.96586738
v 1.99309593 4.01290517 2.49086738
v 1.99309593 4.01290517 2.96586738
f 3954 3956 3953
f 3957 3954 3953
f 3953 3956 3955
f 3955 3957 3953
f 3954 3960 3956
f 3958 3954 3957
f 3958 3960 3954
f 3956 3960 3955
f 3959 3957 3955
f 3955 3960 3959
f 3959 3958 3957
f 3960 3958 3959

o geometry_315
v -1.99457171 3.52835683 2.99012878
v -1.99457171 3.52835683 3.46512878
v -1.98737534 4.00830288 2.99012878
v -1.98737534 4.00830288 3.46512878
v -1.52352525 3.52129390 2.99012878
v -1.52352525 3.52129390 3.46512878
v -1.51632887 4.00123995 2.99012878
v -1.51632887 4.00123995 3.46512878
f 3962 3964 3961
f 3965 3962 3961
f 3961 3964 3963
f 3963 3965 3961
f 3962 3968 3964
f 3966 3962 3965
f 3966 3968 3962
f 3964 3968 3963
f 3967 3965 3963
f 3963 3968 3967
f 3967 3966 3965
f 3968 3966 3967

o geometry_316
v -1.50529307 3.53532310 3.00568050
v -1.50529307 3.53532310 3.48068050
v -1.49846052 4.01527447 3.00568050
v -1.49846052 4.01527447 3.48068050
v -1.03567621 3.52863767 3.00568050
v -1.03567621 3.52863767 3.48068050
v -1.02884366 4.00858904 3.00568050
v -1.02884366 4.00858904 3.48068050
f 3970 3972 3969
f 3973 3970 3969
f 3969 3972 3971
f 3971 3973 3969
f 3970 3976 3972
f 3974 3970 3973
f 3974 3976 3970
f 3972 3976 3971
f 3975 3973 3971
f 3971 3976 3975
f 3975 3974 3973
f 3976 3974 3975

o geometry_317
v -1.01601209 3.51867919 2.99492752
v -1.01601209 3.51867919 3.46992752
v -1.01244463 3.99866593 2.99492752
v -1.01244463 3.99866593 3.46992752
v -0.45236445 3.51448993 2.99492752
v -0.45236445 3.51448993 3.46992752
v -0.44879699 3.99447667 2.99492752
v -0.44879699 3.99447667 3.46992752
f 3978 3980 3977
f 3981 3978 3977
f 3977 3980 3979
f 3979 3981 3977
f 3978 3984 3980
f 3982 3978 3981
f 3982 3984 3978
f 3980 3984 3979
f 3983 3981 3979
f 3979 3984 3983
f 3983 3982 3981
f 3984 3982 3983

o geometry_318
v -0.43004707 3.52149660 2.99364211
v -0.43004707 3.52149660 3.46864211
v -0.43507167 4.00147030 2.99364211
v -0.43507167 4.00147030 3.46864211
v 0.06508644 3.52667990 2.99364211
v 0.06508644 3.52667990 3.46864211
v 0.06006184 4.00665360 2.99364211
v 0.06006184 4.00665360 3.46864211
f 3986 3988 3985
f 3989 3986 3985
f 3985 3988 3987
f 3987 3989 3985
f 3986 3992 3988
f 3990 3986 3989
f 3990 3992 3986
f 3988 3992 3987
f 3991 3989 3987
f 3987 3992 3991
f 3991 3990 3989
f 3992 3990 3991

o geometry_319
v 0.07762850 3.52463598 3.01169173
v 0.07762850 3.52463598 3.48669173
v 0.08359160 4.00459894 3.01169173
v 0.08359160 4.00459894 3.48669173
v 0.65668716 3.51744170 3.01169173
v 0.65668716 3.51744170 3.48669173
v 0.66265027 3.99740465 3.01169173
v 0.66265027 3.99740465 3.48669173
f 3994 3996 3993
f 3997 3994 3993
f 3993 3996 3995
f 3995 3997 3993
f 3994 4000 3996
f 3998 3994 3997
f 3998 4000 3994
f 3996 4000 3995
f 3999 3997 3995
f 3995 4000 3999
f 3999 3998 3997
f 4000 3998 3999

o geometry_320
v 0.68007005 3.52244734 3.00073784
v 0.68007005 3.52244734 3.47573784
v 0.67533461 4.00242398 3.00073784
v 0.67533461 4.00242398 3.47573784
v 1.14333190 3.52701787 3.00073784
v 1.14333190 3.52701787 3.47573784
v 1.13859646 4.00699451 3.00073784
v 1.13859646 4.00699451 3.47573784
f 4002 4004 4001
f 4005 4002 4001
f 4001 4004 4003
f 4003 4005 4001
f 4002 4008 4004
f 4006 4002 4005
f 4006 4008 4002
f 4004 4008 4003
f 4007 4005 4003
f 4003 4008 4007
f 4007 4006 4005
f 4008 4006 4007

o geometry_321
v 1.15917899 3.53410758 3.03504928
v 1.15917899 3.53410758 3.51004928
v 1.15877208 4.01410741 3.03504928
v 1.15877208 4.01410741 3.51004928
v 1.63016584 3.53450685 3.03504928
v 1.63016584 3.53450685 3.51004928
v 1.62975893 4.01450668 3.03504928
v 1.62975893 4.01450668 3.51004928
f 4010 4012 4009
f 4013 4010 4009
f 4009 4012 4011
f 4011 4013 4009
f 4010 4016 4012
f 4014 4010 4013
f 4014 4016 4010
f 4012 4016 4011
f 4015 4013 4011
f 4011 4016 4015
f 4015 4014 4013
f 4016 4014 4015

o geometry_322
v 1.64816492 3.51856027 2.98885212
v 1.64816492 3.51856027 3.46385212
v 1.64776014 3.99856010 2.98885212
v 1.64776014 3.99856010 3.46385212
v 1.99120233 3.51884955 2.98885212
v 1.99120233 3.51884955 3.46385212
v 1.99079755 3.99884938 2.98885212
v 1.99079755 3.99884938 3.46385212
f 4018 4020 4017
f 4021 4018 4017
f 4017 4020 4019
f 4019 4021 4017
f 4018 4024 4020
f 4022 4018 4021
f 4022 4024 4018
f 4020 4024 4019
f 4023 4021 4019
f 4019 4024 4023
f 4023 4022 4021
f 4024 4022 4023

o geometry_323
v -1.41000000 3.40000000 0.95000000
v -1.41000000 3.40000000 2.10000000
v -1.41000000 3.50000000 0.95000000
v -1.41000000 3.50000000 2.10000000
v -0.59000000 3.40000000 0.95000000
v -0.59000000 3.40000000 2.10000000
v -0.59000000 3.50000000 0.95000000
v -0.59000000 3.50000000 2.10000000
f 4026 4028 4025
f 4029 4026 4025
f 4025 4028 4027
f 4027 4029 4025
f 4026 4032 4028
f 4030 4026 4029
f 4030 4032 4026
f 4028 4032 4027
f 4031 4029 4027
f 4027 4032 4031
f 4031 4030 4029
f 4032 4030 4031

o geometry_324
v -1.61000000 3.35000000 0.89000000
v -1.61000000 3.35000000 2.16000000
v -1.61000000 4.01000000 0.89000000
v -1.61000000 4.01000000 2.16000000
v -1.41000000 3.35000000 0.89000000
v -1.41000000 3.35000000 2.16000000
v -1.41000000 4.01000000 0.89000000
v -1.41000000 4.01000000 2.16000000
f 4034 4036 4033
f 4037 4034 4033
f 4033 4036 4035
f 4035 4037 4033
f 4034 4040 4036
f 4038 4034 4037
f 4038 4040 4034
f 4036 4040 4035
f 4039 4037 4035
f 4035 4040 4039
f 4039 4038 4037
f 4040 4038 4039

o geometry_325
v -0.59000000 3.35000000 0.89000000
v -0.59000000 3.35000000 2.16000000
v -0.59000000 4.01000000 0.89000000
v -0.59000000 4.01000000 2.16000000
v -0.39000000 3.35000000 0.89000000
v -0.39000000 3.35000000 2.16000000
v -0.39000000 4.01000000 0.89000000
v -0.39000000 4.01000000 2.16000000
f 4042 4044 4041
f 4045 4042 4041
f 4041 4044 4043
f 4043 4045 4041
f 4042 4048 4044
f 4046 4042 4045
f 4046 4048 4042
f 4044 4048 4043
f 4047 4045 4043
f 4043 4048 4047
f 4047 4046 4045
f 4048 4046 4047

o geometry_326
v -1.61000000 3.35000000 2.09000000
v -1.61000000 3.35000000 2.27000000
v -1.61000000 4.01000000 2.09000000
v -1.61000000 4.01000000 2.27000000
v -0.39000000 3.35000000 2.09000000
v -0.39000000 3.35000000 2.27000000
v -0.39000000 4.01000000 2.09000000
v -0.39000000 4.01000000 2.27000000
f 4050 4052 4049
f 4053 4050 4049
f 4049 4052 4051
f 4051 4053 4049
f 4050 4056 4052
f 4054 4050 4053
f 4054 4056 4050
f 4052 4056 4051
f 4055 4053 4051
f 4051 4056 4055
f 4055 4054 4053
f 4056 4054 4055

o geometry_327
v -1.99405813 3.53365023 0.02004672
v -1.99405813 3.53365023 0.49504672
v -1.98790138 4.01361075 0.02004672
v -1.98790138 4.01361075 0.49504672
v -1.50200036 3.52733830 0.02004672
v -1.50200036 3.52733830 0.49504672
v -1.49584361 4.00729882 0.02004672
v -1.49584361 4.00729882 0.49504672
f 4058 4060 4057
f 4061 4058 4057
f 4057 4060 4059
f 4059 4061 4057
f 4058 4064 4060
f 4062 4058 4061
f 4062 4064 4058
f 4060 4064 4059
f 4063 4061 4059
f 4059 4064 4063
f 4063 4062 4061
f 4064 4062 4063

o geometry_328
v -1.48084820 3.52397138 -0.00960005
v -1.48084820 3.52397138 0.46539995
v -1.48095527 4.00397137 -0.00960005
v -1.48095527 4.00397137 0.46539995
v -0.96118355 3.52408730 -0.00960005
v -0.96118355 3.52408730 0.46539995
v -0.96129062 4.00408729 -0.00960005
v -0.96129062 4.00408729 0.46539995
f 4066 4068 4065
f 4069 4066 4065
f 4065 4068 4067
f 4067 4069 4065
f 4066 4072 4068
f 4070 4066 4069
f 4070 4072 4066
f 4068 4072 4067
f 4071 4069 4067
f 4067 4072 4071
f 4071 4070 4069
f 4072 4070 4071

o geometry_329
v -0.94616673 3.52480126 -0.00900723
v -0.94616673 3.52480126 0.46599277
v -0.94027314 4.00476508 -0.00900723
v -0.94027314 4.00476508 0.46599277
v -0.49132658 3.51921618 -0.00900723
v -0.49132658 3.51921618 0.46599277
v -0.48543300 3.99918000 -0.00900723
v -0.48543300 3.99918000 0.46599277
f 4074 4076 4073
f 4077 4074 4073
f 4073 4076 4075
f 4075 4077 4073
f 4074 4080 4076
f 4078 4074 4077
f 4078 4080 4074
f 4076 4080 4075
f 4079 4077 4075
f 4075 4080 4079
f 4079 4078 4077
f 4080 4078 4079

o geometry_330
v -0.47234659 3.51229993 -0.00630990
v -0.47234659 3.51229993 0.46869010
v -0.46836128 3.99228338 -0.00630990
v -0.46836128 3.99228338 0.46869010
v 0.03282349 3.50810549 -0.00630990
v 0.03282349 3.50810549 0.46869010
v 0.03680880 3.98808894 -0.00630990
v 0.03680880 3.98808894 0.46869010
f 4082 4084 4081
f 4085 4082 4081
f 4081 4084 4083
f 4083 4085 4081
f 4082 4088 4084
f 4086 4082 4085
f 4086 4088 4082
f 4084 4088 4083
f 4087 4085 4083
f 4083 4088 4087
f 4087 4086 4085
f 4088 4086 4087

o geometry_331
v 0.05208223 3.50739370 0.01635515
v 0.05208223 3.50739370 0.49135515
v 0.05357003 3.98739140 0.01635515
v 0.05357003 3.98739140 0.49135515
v 0.58364599 3.50574607 0.01635515
v 0.58364599 3.50574607 0.49135515
v 0.58513379 3.98574376 0.01635515
v 0.58513379 3.98574376 0.49135515
f 4090 4092 4089
f 4093 4090 4089
f 4089 4092 4091
f 4091 4093 4089
f 4090 4096 4092
f 4094 4090 4093
f 4094 4096 4090
f 4092 4096 4091
f 4095 4093 4091
f 4091 4096 4095
f 4095 4094 4093
f 4096 4094 4095

o geometry_332
v 0.60088211 3.53542795 0.03042342
v 0.60088211 3.53542795 0.50542342
v 0.60391172 4.01541838 0.03042342
v 0.60391172 4.01541838 0.50542342
v 1.17778378 3.53178665 0.03042342
v 1.17778378 3.53178665 0.50542342
v 1.18081339 4.01177709 0.03042342
v 1.18081339 4.01177709 0.50542342
f 4098 4100 4097
f 4101 4098 4097
f 4097 4100 4099
f 4099 4101 4097
f 4098 4104 4100
f 4102 4098 4101
f 4102 4104 4098
f 4100 4104 4099
f 4103 4101 4099
f 4099 4104 4103
f 4103 4102 4101
f 4104 4102 4103

o geometry_333
v 1.19959095 3.52925428 0.00292409
v 1.19959095 3.52925428 0.47792409
v 1.19503880 4.00923269 0.00292409
v 1.19503880 4.00923269 0.47792409
v 1.66832303 3.53369977 0.00292409
v 1.66832303 3.53369977 0.47792409
v 1.66377088 4.01367818 0.00292409
v 1.66377088 4.01367818 0.47792409
f 4106 4108 4105
f 4109 4106 4105
f 4105 4108 4107
f 4107 4109 4105
f 4106 4112 4108
f 4110 4106 4109
f 4110 4112 4106
f 4108 4112 4107
f 4111 4109 4107
f 4107 4112 4111
f 4111 4110 4109
f 4112 4110 4111

o geometry_334
v 1.68313988 3.51814125 0.01944567
v 1.68313988 3.51814125 0.49444567
v 1.68497735 3.99813773 0.01944567
v 1.68497735 3.99813773 0.49444567
v 1.99008014 3.51696626 0.01944567
v 1.99008014 3.51696626 0.49444567
v 1.99191761 3.99696274 0.01944567
v 1.99191761 3.99696274 0.49444567
f 4114 4116 4113
f 4117 4114 4113
f 4113 4116 4115
f 4115 4117 4113
f 4114 4120 4116
f 4118 4114 4117
f 4118 4120 4114
f 4116 4120 4115
f 4119 4117 4115
f 4115 4120 4119
f 4119 4118 4117
f 4120 4118 4119

o geometry_335
v -1.99310431 3.53601903 0.49048006
v -1.99310431 3.53601903 0.96548006
v -1.98887017 4.01600036 0.49048006
v -1.98887017 4.01600036 0.96548006
v -1.33712136 3.53023230 0.49048006
v -1.33712136 3.53023230 0.96548006
v -1.33288722 4.01021363 0.49048006
v -1.33288722 4.01021363 0.96548006
f 4122 4124 4121
f 4125 4122 4121
f 4121 4124 4123
f 4123 4125 4121
f 4122 4128 4124
f 4126 4122 4125
f 4126 4128 4122
f 4124 4128 4123
f 4127 4125 4123
f 4123 4128 4127
f 4127 4126 4125
f 4128 4126 4127

o geometry_336
v -1.31637436 3.52130342 0.50320736
v -1.31637436 3.52130342 0.97820736
v -1.31760645 4.00130184 0.50320736
v -1.31760645 4.00130184 0.97820736
v -0.63881160 3.52304263 0.50320736
v -0.63881160 3.52304263 0.97820736
v -0.64004369 4.00304105 0.50320736
v -0.64004369 4.00304105 0.97820736
f 4130 4132 4129
f 4133 4130 4129
f 4129 4132 4131
f 4131 4133 4129
f 4130 4136 4132
f 4134 4130 4133
f 4134 4136 4130
f 4132 4136 4131
f 4135 4133 4131
f 4131 4136 4135
f 4135 4134 4133
f 4136 4134 4135

o geometry_337
v -0.61998807 3.52409901 0.52721897
v -0.61998807 3.52409901 1.00221897
v -0.62285357 4.00409046 0.52721897
v -0.62285357 4.00409046 1.00221897
v 0.02064298 3.52792352 0.52721897
v 0.02064298 3.52792352 1.00221897
v 0.01777747 4.00791497 0.52721897
v 0.01777747 4.00791497 1.00221897
f 4138 4140 4137
f 4141 4138 4137
f 4137 4140 4139
f 4139 4141 4137
f 4138 4144 4140
f 4142 4138 4141
f 4142 4144 4138
f 4140 4144 4139
f 4143 4141 4139
f 4139 4144 4143
f 4143 4142 4141
f 4144 4142 4143

o geometry_338
v -1.98750607 3.50803355 1.00189689
v -1.98750607 3.50803355 1.47689689
v -1.99442035 3.98798375 1.00189689
v -1.99442035 3.98798375 1.47689689
v -1.27836981 3.51824954 1.00189689
v -1.27836981 3.51824954 1.47689689
v -1.28528409 3.99819973 1.00189689
v -1.28528409 3.99819973 1.47689689
f 4146 4148 4145
f 4149 4146 4145
f 4145 4148 4147
f 4147 4149 4145
f 4146 4152 4148
f 4150 4146 4149
f 4150 4152 4146
f 4148 4152 4147
f 4151 4149 4147
f 4147 4152 4151
f 4151 4150 4149
f 4152 4150 4151

o geometry_339
v -1.26627985 3.52552937 1.02535705
v -1.26627985 3.52552937 1.50035705
v -1.26126852 4.00550320 1.02535705
v -1.26126852 4.00550320 1.50035705
v -0.68012611 3.51940943 1.02535705
v -0.68012611 3.51940943 1.50035705
v -0.67511478 3.99938327 1.02535705
v -0.67511478 3.99938327 1.50035705
f 4154 4156 4153
f 4157 4154 4153
f 4153 4156 4155
f 4155 4157 4153
f 4154 4160 4156
f 4158 4154 4157
f 4158 4160 4154
f 4156 4160 4155
f 4159 4157 4155
f 4155 4160 4159
f 4159 4158 4157
f 4160 4158 4159

o geometry_340
v -0.65768940 3.53126587 1.02091079
v -0.65768940 3.53126587 1.49591079
v -0.66149918 4.01125075 1.02091079
v -0.66149918 4.01125075 1.49591079
v -0.01125326 3.53639682 1.02091079
v -0.01125326 3.53639682 1.49591079
v -0.01506304 4.01638170 1.02091079
v -0.01506304 4.01638170 1.49591079
f 4162 4164 4161
f 4165 4162 4161
f 4161 4164 4163
f 4163 4165 4161
f 4162 4168 4164
f 4166 4162 4165
f 4166 4168 4162
f 4164 4168 4163
f 4167 4165 4163
f 4163 4168 4167
f 4167 4166 4165
f 4168 4166 4167

o geometry_341
v -1.99131503 3.51761581 1.51649476
v -1.99131503 3.51761581 1.99149476
v -1.99068439 3.99761539 1.51649476
v -1.99068439 3.99761539 1.99149476
v -1.31133012 3.51672241 1.51649476
v -1.31133012 3.51672241 1.99149476
v -1.31069947 3.99672200 1.51649476
v -1.31069947 3.99672200 1.99149476
f 4170 4172 4169
f 4173 4170 4169
f 4169 4172 4171
f 4171 4173 4169
f 4170 4176 4172
f 4174 4170 4173
f 4174 4176 4170
f 4172 4176 4171
f 4175 4173 4171
f 4171 4176 4175
f 4175 4174 4173
f 4176 4174 4175

o geometry_342
v -1.29182835 3.50493028 1.51120492
v -1.29182835 3.50493028 1.98620492
v -1.29419213 3.98492446 1.51120492
v -1.29419213 3.98492446 1.98620492
v -0.58834211 3.50839467 1.51120492
v -0.58834211 3.50839467 1.98620492
v -0.59070589 3.98838885 1.51120492
v -0.59070589 3.98838885 1.98620492
f 4178 4180 4177
f 4181 4178 4177
f 4177 4180 4179
f 4179 4181 4177
f 4178 4184 4180
f 4182 4178 4181
f 4182 4184 4178
f 4180 4184 4179
f 4183 4181 4179
f 4179 4184 4183
f 4183 4182 4181
f 4184 4182 4183

o geometry_343
v -0.56793802 3.50971495 1.51985644
v -0.56793802 3.50971495 1.99485644
v -0.57503834 3.98966244 1.51985644
v -0.57503834 3.98966244 1.99485644
v 0.00885765 3.51824804 1.51985644
v 0.00885765 3.51824804 1.99485644
v 0.00175732 3.99819553 1.51985644
v 0.00175732 3.99819553 1.99485644
f 4186 4188 4185
f 4189 4186 4185
f 4185 4188 4187
f 4187 4189 4185
f 4186 4192 4188
f 4190 4186 4189
f 4190 4192 4186
f 4188 4192 4187
f 4191 4189 4187
f 4187 4192 4191
f 4191 4190 4189
f 4192 4190 4191

o geometry_344
v -1.99337326 3.53769923 2.01058476
v -1.99337326 3.53769923 2.48558476
v -1.98859324 4.01767543 2.01058476
v -1.98859324 4.01767543 2.48558476
v -1.31775070 3.53097079 2.01058476
v -1.31775070 3.53097079 2.48558476
v -1.31297067 4.01094699 2.01058476
v -1.31297067 4.01094699 2.48558476
f 4194 4196 4193
f 4197 4194 4193
f 4193 4196 4195
f 4195 4197 4193
f 4194 4200 4196
f 4198 4194 4197
f 4198 4200 4194
f 4196 4200 4195
f 4199 4197 4195
f 4195 4200 4199
f 4199 4198 4197
f 4200 4198 4199

o geometry_345
v -1.29999451 3.53650439 2.02591165
v -1.29999451 3.53650439 2.50091165
v -1.29465712 4.01647472 2.02591165
v -1.29465712 4.01647472 2.50091165
v -0.71400268 3.52998802 2.02591165
v -0.71400268 3.52998802 2.50091165
v -0.70866529 4.00995834 2.02591165
v -0.70866529 4.00995834 2.50091165
f 4202 4204 4201
f 4205 4202 4201
f 4201 4204 4203
f 4203 4205 4201
f 4202 4208 4204
f 4206 4202 4205
f 4206 4208 4202
f 4204 4208 4203
f 4207 4205 4203
f 4203 4208 4207
f 4207 4206 4205
f 4208 4206 4207

o geometry_346
v -0.69631157 3.52711071 2.03107110
v -0.69631157 3.52711071 2.50607110
v -0.69027210 4.00707271 2.03107110
v -0.69027210 4.00707271 2.50607110
v -0.08912223 3.51947031 2.03107110
v -0.08912223 3.51947031 2.50607110
v -0.08308276 3.99943231 2.03107110
v -0.08308276 3.99943231 2.50607110
f 4210 4212 4209
f 4213 4210 4209
f 4209 4212 4211
f 4211 4213 4209
f 4210 4216 4212
f 4214 4210 4213
f 4214 4216 4210
f 4212 4216 4211
f 4215 4213 4211
f 4211 4216 4215
f 4215 4214 4213
f 4216 4214 4215

o geometry_347
v -1.99160873 3.50997080 2.50142105
v -1.99160873 3.50997080 2.97642105
v -1.99038901 3.98996925 2.50142105
v -1.99038901 3.98996925 2.97642105
v -1.29147802 3.50819169 2.50142105
v -1.29147802 3.50819169 2.97642105
v -1.29025829 3.98819014 2.50142105
v -1.29025829 3.98819014 2.97642105
f 4218 4220 4217
f 4221 4218 4217
f 4217 4220 4219
f 4219 4221 4217
f 4218 4224 4220
f 4222 4218 4221
f 4222 4224 4218
f 4220 4224 4219
f 4223 4221 4219
f 4219 4224 4223
f 4223 4222 4221
f 4224 4222 4223

o geometry_348
v -1.27536321 3.51176150 2.53538656
v -1.27536321 3.51176150 3.01038656
v -1.27033656 3.99173518 2.53538656
v -1.27033656 3.99173518 3.01038656
v -0.65009718 3.50521325 2.53538656
v -0.65009718 3.50521325 3.01038656
v -0.64507053 3.98518693 2.53538656
v -0.64507053 3.98518693 3.01038656
f 4226 4228 4225
f 4229 4226 4225
f 4225 4228 4227
f 4227 4229 4225
f 4226 4232 4228
f 4230 4226 4229
f 4230 4232 4226
f 4228 4232 4227
f 4231 4229 4227
f 4227 4232 4231
f 4231 4230 4229
f 4232 4230 4231

o geometry_349
v -0.62967495 3.52817567 2.49916680
v -0.62967495 3.52817567 2.97416680
v -0.62945841 4.00817562 2.49916680
v -0.62945841 4.00817562 2.97416680
v -0.03403963 3.52790697 2.49916680
v -0.03403963 3.52790697 2.97416680
v -0.03382309 4.00790692 2.49916680
v -0.03382309 4.00790692 2.97416680
f 4234 4236 4233
f 4237 4234 4233
f 4233 4236 4235
f 4235 4237 4233
f 4234 4240 4236
f 4238 4234 4237
f 4238 4240 4234
f 4236 4240 4235
f 4239 4237 4235
f 4235 4240 4239
f 4239 4238 4237
f 4240 4238 4239

o geometry_350
v -0.01651394 3.52792406 2.48770468
v -0.01651394 3.52792406 2.96270468
v -0.01534677 4.00792264 2.48770468
v -0.01534677 4.00792264 2.96270468
v 0.64621667 3.52631256 2.48770468
v 0.64621667 3.52631256 2.96270468
v 0.64738384 4.00631114 2.48770468
v 0.64738384 4.00631114 2.96270468
f 4242 4244 4241
f 4245 4242 4241
f 4241 4244 4243
f 4243 4245 4241
f 4242 4248 4244
f 4246 4242 4245
f 4246 4248 4242
f 4244 4248 4243
f 4247 4245 4243
f 4243 4248 4247
f 4247 4246 4245
f 4248 4246 4247

o geometry_351
v 0.66617790 3.51622209 2.53515490
v 0.66617790 3.51622209 3.01015490
v 0.66343481 3.99621425 2.53515490
v 0.66343481 3.99621425 3.01015490
v 1.29317137 3.51980528 2.53515490
v 1.29317137 3.51980528 3.01015490
v 1.29042828 3.99979744 2.53515490
v 1.29042828 3.99979744 3.01015490
f 4250 4252 4249
f 4253 4250 4249
f 4249 4252 4251
f 4251 4253 4249
f 4250 4256 4252
f 4254 4250 4253
f 4254 4256 4250
f 4252 4256 4251
f 4255 4253 4251
f 4251 4256 4255
f 4255 4254 4253
f 4256 4254 4255

o geometry_352
v 1.30662291 3.52084727 2.52131000
v 1.30662291 3.52084727 2.99631000
v 1.31304523 4.00080431 2.52131000
v 1.31304523 4.00080431 2.99631000
v 1.95733202 3.51214013 2.52131000
v 1.95733202 3.51214013 2.99631000
v 1.96375433 3.99209716 2.52131000
v 1.96375433 3.99209716 2.99631000
f 4258 4260 4257
f 4261 4258 4257
f 4257 4260 4259
f 4259 4261 4257
f 4258 4264 4260
f 4262 4258 4261
f 4262 4264 4258
f 4260 4264 4259
f 4263 4261 4259
f 4259 4264 4263
f 4263 4262 4261
f 4264 4262 4263

o geometry_353
v 1.98071721 3.51155497 2.53122566
v 1.98071721 3.51155497 3.00622566
v 1.97642789 3.99153581 2.53122566
v 1.97642789 3.99153581 3.00622566
v 1.99314441 3.51166603 2.53122566
v 1.99314441 3.51166603 3.00622566
v 1.98885509 3.99164686 2.53122566
v 1.98885509 3.99164686 3.00622566
f 4266 4268 4265
f 4269 4266 4265
f 4265 4268 4267
f 4267 4269 4265
f 4266 4272 4268
f 4270 4266 4269
f 4270 4272 4266
f 4268 4272 4267
f 4271 4269 4267
f 4267 4272 4271
f 4271 4270 4269
f 4272 4270 4271

o geometry_354
v -1.99003108 3.52202338 2.99267685
v -1.99003108 3.52202338 3.46767685
v -1.99196485 4.00201949 2.99267685
v -1.99196485 4.00201949 3.46767685
v -1.48902589 3.52404178 2.99267685
v -1.48902589 3.52404178 3.46767685
v -1.49095966 4.00403789 2.99267685
v -1.49095966 4.00403789 3.46767685
f 4274 4276 4273
f 4277 4274 4273
f 4273 4276 4275
f 4275 4277 4273
f 4274 4280 4276
f 4278 4274 4277
f 4278 4280 4274
f 4276 4280 4275
f 4279 4277 4275
f 4275 4280 4279
f 4279 4278 4277
f 4280 4278 4279

o geometry_355
v -1.47441036 3.53531229 2.99793816
v -1.47441036 3.53531229 3.47293816
v -1.46954761 4.01528766 2.99793816
v -1.46954761 4.01528766 3.47293816
v -1.01634165 3.53067148 2.99793816
v -1.01634165 3.53067148 3.47293816
v -1.01147890 4.01064685 2.99793816
v -1.01147890 4.01064685 3.47293816
f 4282 4284 4281
f 4285 4282 4281
f 4281 4284 4283
f 4283 4285 4281
f 4282 4288 4284
f 4286 4282 4285
f 4286 4288 4282
f 4284 4288 4283
f 4287 4285 4283
f 4283 4288 4287
f 4287 4286 4285
f 4288 4286 4287

o geometry_356
v -0.99839585 3.53602103 2.98751166
v -0.99839585 3.53602103 3.46251166
v -0.99337416 4.01599476 2.98751166
v -0.99337416 4.01599476 3.46251166
v -0.50421592 3.53085070 2.98751166
v -0.50421592 3.53085070 3.46251166
v -0.49919423 4.01082444 2.98751166
v -0.49919423 4.01082444 3.46251166
f 4290 4292 4289
f 4293 4290 4289
f 4289 4292 4291
f 4291 4293 4289
f 4290 4296 4292
f 4294 4290 4293
f 4294 4296 4290
f 4292 4296 4291
f 4295 4293 4291
f 4291 4296 4295
f 4295 4294 4293
f 4296 4294 4295

o geometry_357
v -0.48098181 3.52150608 2.98877504
v -0.48098181 3.52150608 3.46377504
v -0.48637208 4.00147582 2.98877504
v -0.48637208 4.00147582 3.46377504
v -0.01782065 3.52670759 2.98877504
v -0.01782065 3.52670759 3.46377504
v -0.02321092 4.00667732 2.98877504
v -0.02321092 4.00667732 3.46377504
f 4298 4300 4297
f 4301 4298 4297
f 4297 4300 4299
f 4299 4301 4297
f 4298 4304 4300
f 4302 4298 4301
f 4302 4304 4298
f 4300 4304 4299
f 4303 4301 4299
f 4299 4304 4303
f 4303 4302 4301
f 4304 4302 4303

o geometry_358
v -0.00359720 3.53175886 3.00011289
v -0.00359720 3.53175886 3.47511289
v -0.00139961 4.01175383 3.00011289
v -0.00139961 4.01175383 3.47511289
v 0.52622622 3.52933314 3.00011289
v 0.52622622 3.52933314 3.47511289
v 0.52842380 4.00932811 3.00011289
v 0.52842380 4.00932811 3.47511289
f 4306 4308 4305
f 4309 4306 4305
f 4305 4308 4307
f 4307 4309 4305
f 4306 4312 4308
f 4310 4306 4309
f 4310 4312 4306
f 4308 4312 4307
f 4311 4309 4307
f 4307 4312 4311
f 4311 4310 4309
f 4312 4310 4311

o geometry_359
v 0.54890520 3.52766252 3.02994685
v 0.54890520 3.52766252 3.50494685
v 0.54180478 4.00761000 3.02994685
v 0.54180478 4.00761000 3.50494685
v 1.04619203 3.53501946 3.02994685
v 1.04619203 3.53501946 3.50494685
v 1.03909161 4.01496694 3.02994685
v 1.03909161 4.01496694 3.50494685
f 4314 4316 4313
f 4317 4314 4313
f 4313 4316 4315
f 4315 4317 4313
f 4314 4320 4316
f 4318 4314 4317
f 4318 4320 4314
f 4316 4320 4315
f 4319 4317 4315
f 4315 4320 4319
f 4319 4318 4317
f 4320 4318 4319

o geometry_360
v 1.05782303 3.52354870 2.99179423
v 1.05782303 3.52354870 3.46679423
v 1.06355139 4.00351451 2.99179423
v 1.06355139 4.00351451 3.46679423
v 1.56836530 3.51745541 2.99179423
v 1.56836530 3.51745541 3.46679423
v 1.57409366 3.99742122 2.99179423
v 1.57409366 3.99742122 3.46679423
f 4322 4324 4321
f 4325 4322 4321
f 4321 4324 4323
f 4323 4325 4321
f 4322 4328 4324
f 4326 4322 4325
f 4326 4328 4322
f 4324 4328 4323
f 4327 4325 4323
f 4323 4328 4327
f 4327 4326 4325
f 4328 4326 4327

o geometry_361
v 1.58682042 3.52910990 3.02894277
v 1.58682042 3.52910990 3.50394277
v 1.59169562 4.00908515 3.02894277
v 1.59169562 4.00908515 3.50394277
v 1.98855204 3.52502944 3.02894277
v 1.98855204 3.52502944 3.50394277
v 1.99342724 4.00500468 3.02894277
v 1.99342724 4.00500468 3.50394277
f 4330 4332 4329
f 4333 4330 4329
f 4329 4332 4331
f 4331 4333 4329
f 4330 4336 4332
f 4334 4330 4333
f 4334 4336 4330
f 4332 4336 4331
f 4335 4333 4331
f 4331 4336 4335
f 4335 4334 4333
f 4336 4334 4335

o geometry_362
v 0.52500000 3.40000000 0.65000000
v 0.52500000 3.40000000 2.10000000
v 0.52500000 3.50000000 0.65000000
v 0.52500000 3.50000000 2.10000000
v 1.47500000 3.40000000 0.65000000
v 1.47500000 3.40000000 2.10000000
v 1.47500000 3.50000000 0.65000000
v 1.47500000 3.50000000 2.10000000
f 4338 4340 4337
f 4341 4338 4337
f 4337 4340 4339
f 4339 4341 4337
f 4338 4344 4340
f 4342 4338 4341
f 4342 4344 4338
f 4340 4344 4339
f 4343 4341 4339
f 4339 4344 4343
f 4343 4342 4341
f 4344 4342 4343

o geometry_363
v 0.32500000 3.35000000 0.59000000
v 0.32500000 3.35000000 2.16000000
v 0.32500000 4.01000000 0.59000000
v 0.32500000 4.01000000 2.16000000
v 0.52500000 3.35000000 0.59000000
v 0.52500000 3.35000000 2.16000000
v 0.52500000 4.01000000 0.59000000
v 0.52500000 4.01000000 2.16000000
f 4346 4348 4345
f 4349 4346 4345
f 4345 4348 4347
f 4347 4349 4345
f 4346 4352 4348
f 4350 4346 4349
f 4350 4352 4346
f 4348 4352 4347
f 4351 4349 4347
f 4347 4352 4351
f 4351 4350 4349
f 4352 4350 4351

o geometry_364
v 1.47500000 3.35000000 0.59000000
v 1.47500000 3.35000000 2.16000000
v 1.47500000 4.01000000 0.59000000
v 1.47500000 4.01000000 2.16000000
v 1.67500000 3.35000000 0.59000000
v 1.67500000 3.35000000 2.16000000
v 1.67500000 4.01000000 0.59000000
v 1.67500000 4.01000000 2.16000000
f 4354 4356 4353
f 4357 4354 4353
f 4353 4356 4355
f 4355 4357 4353
f 4354 4360 4356
f 4358 4354 4357
f 4358 4360 4354
f 4356 4360 4355
f 4359 4357 4355
f 4355 4360 4359
f 4359 4358 4357
f 4360 4358 4359

o geometry_365
v 0.32500000 3.35000000 2.09000000
v 0.32500000 3.35000000 2.27000000
v 0.32500000 4.01000000 2.09000000
v 0.32500000 4.01000000 2.27000000
v 1.67500000 3.35000000 2.09000000
v 1.67500000 3.35000000 2.27000000
v 1.67500000 4.01000000 2.09000000
v 1.67500000 4.01000000 2.27000000
f 4362 4364 4361
f 4365 4362 4361
f 4361 4364 4363
f 4363 4365 4361
f 4362 4368 4364
f 4366 4362 4365
f 4366 4368 4362
f 4364 4368 4363
f 4367 4365 4363
f 4363 4368 4367
f 4367 4366 4365
f 4368 4366 4367

o geometry_366
v -1.70000000 3.68000000 0.10000000
v -1.47000000 3.68000000 0.10000000
v -1.47000000 3.68000000 3.35000000
v -1.70000000 3.68000000 3.35000000
v -1.47783706 3.73952838 0.10000000
v -1.47783706 3.73952838 3.35000000
v -1.50081416 3.79500000 0.10000000
v -1.50081416 3.79500000 3.35000000
v -1.53736544 3.84263456 0.10000000
v -1.53736544 3.84263456 3.35000000
v -1.58500000 3.87918584 0.10000000
v -1.58500000 3.87918584 3.35000000
v -1.64047162 3.90216294 0.10000000
v -1.64047162 3.90216294 3.35000000
v -1.70000000 3.91000000 0.10000000
v -1.70000000 3.91000000 3.35000000
v -1.75952838 3.90216294 0.10000000
v -1.75952838 3.90216294 3.35000000
v -1.81500000 3.87918584 0.10000000
v -1.81500000 3.87918584 3.35000000
v -1.86263456 3.84263456 0.10000000
v -1.86263456 3.84263456 3.35000000
v -1.89918584 3.79500000 0.10000000
v -1.89918584 3.79500000 3.35000000
v -1.92216294 3.73952838 0.10000000
v -1.92216294 3.73952838 3.35000000
v -1.93000000 3.68000000 0.10000000
v -1.93000000 3.68000000 3.35000000
v -1.92216294 3.62047162 0.10000000
v -1.92216294 3.62047162 3.35000000
v -1.89918584 3.56500000 0.10000000
v -1.89918584 3.56500000 3.35000000
v -1.86263456 3.51736544 0.10000000
v -1.86263456 3.51736544 3.35000000
v -1.81500000 3.48081416 0.10000000
v -1.81500000 3.48081416 3.35000000
v -1.75952838 3.45783706 0.10000000
v -1.75952838 3.45783706 3.35000000
v -1.70000000 3.45000000 0.10000000
v -1.70000000 3.45000000 3.35000000
v -1.64047162 3.45783706 0.10000000
v -1.64047162 3.45783706 3.35000000
v -1.58500000 3.48081416 0.10000000
v -1.58500000 3.48081416 3.35000000
v -1.53736544 3.51736544 0.10000000
v -1.53736544 3.51736544 3.35000000
v -1.50081416 3.56500000 0.10000000
v -1.50081416 3.56500000 3.35000000
v -1.47783706 3.62047162 0.10000000
v -1.47783706 3.62047162 3.35000000
f 4370 4369 4373
f 4370 4373 4371
f 4371 4373 4374
f 4371 4374 4372
f 4373 4369 4375
f 4373 4375 4374
f 4374 4375 4376
f 4374 4376 4372
f 4375 4369 4377
f 4375 4377 4376
f 4376 4377 4378
f 4376 4378 4372
f 4377 4369 4379
f 4377 4379 4378
f 4378 4379 4380
f 4378 4380 4372
f 4379 4369 4381
f 4379 4381 4380
f 4380 4381 4382
f 4380 4382 4372
f 4381 4369 4383
f 4381 4383 4382
f 4382 4383 4384
f 4382 4384 4372
f 4383 4369 4385
f 4383 4385 4384
f 4384 4385 4386
f 4384 4386 4372
f 4385 4369 4387
f 4385 4387 4386
f 4386 4387 4388
f 4386 4388 4372
f 4387 4369 4389
f 4387 4389 4388
f 4388 4389 4390
f 4388 4390 4372
f 4389 4369 4391
f 4389 4391 4390
f 4390 4391 4392
f 4390 4392 4372
f 4391 4369 4393
f 4391 4393 4392
f 4392 4393 4394
f 4392 4394 4372
f 4393 4369 4395
f 4393 4395 4394
f 4394 4395 4396
f 4394 4396 4372
f 4395 4369 4397
f 4395 4397 4396
f 4396 4397 4398
f 4396 4398 4372
f 4397 4369 4399
f 4397 4399 4398
f 4398 4399 4400
f 4398 4400 4372
f 4399 4369 4401
f 4399 4401 4400
f 4400 4401 4402
f 4400 4402 4372
f 4401 4369 4403
f 4401 4403 4402
f 4402 4403 4404
f 4402 4404 4372
f 4403 4369 4405
f 4403 4405 4404
f 4404 4405 4406
f 4404 4406 4372
f 4405 4369 4407
f 4405 4407 4406
f 4406 4407 4408
f 4406 4408 4372
f 4407 4369 4409
f 4407 4409 4408
f 4408 4409 4410
f 4408 4410 4372
f 4409 4369 4411
f 4409 4411 4410
f 4410 4411 4412
f 4410 4412 4372
f 4411 4369 4413
f 4411 4413 4412
f 4412 4413 4414
f 4412 4414 4372
f 4413 4369 4415
f 4413 4415 4414
f 4414 4415 4416
f 4414 4416 4372
f 4415 4369 4417
f 4415 4417 4416
f 4416 4417 4418
f 4416 4418 4372
f 4417 4369 4370
f 4417 4370 4418
f 4418 4370 4371
f 4418 4371 4372

o geometry_367
v -1.70000000 3.68000000 0.10000000
v -1.40560000 3.68000000 0.10000000
v -1.40560000 3.68000000 0.26000000
v -1.70000000 3.68000000 0.26000000
v -1.41563144 3.75619633 0.10000000
v -1.41563144 3.75619633 0.26000000
v -1.44504212 3.82720000 0.10000000
v -1.44504212 3.82720000 0.26000000
v -1.49182776 3.88817224 0.10000000
v -1.49182776 3.88817224 0.26000000
v -1.55280000 3.93495788 0.10000000
v -1.55280000 3.93495788 0.26000000
v -1.62380367 3.96436856 0.10000000
v -1.62380367 3.96436856 0.26000000
v -1.70000000 3.97440000 0.10000000
v -1.70000000 3.97440000 0.26000000
v -1.77619633 3.96436856 0.10000000
v -1.77619633 3.96436856 0.26000000
v -1.84720000 3.93495788 0.10000000
v -1.84720000 3.93495788 0.26000000
v -1.90817224 3.88817224 0.10000000
v -1.90817224 3.88817224 0.26000000
v -1.95495788 3.82720000 0.10000000
v -1.95495788 3.82720000 0.26000000
v -1.98436856 3.75619633 0.10000000
v -1.98436856 3.75619633 0.26000000
v -1.99440000 3.68000000 0.10000000
v -1.99440000 3.68000000 0.26000000
v -1.98436856 3.60380367 0.10000000
v -1.98436856 3.60380367 0.26000000
v -1.95495788 3.53280000 0.10000000
v -1.95495788 3.53280000 0.26000000
v -1.90817224 3.47182776 0.10000000
v -1.90817224 3.47182776 0.26000000
v -1.84720000 3.42504212 0.10000000
v -1.84720000 3.42504212 0.26000000
v -1.77619633 3.39563144 0.10000000
v -1.77619633 3.39563144 0.26000000
v -1.70000000 3.38560000 0.10000000
v -1.70000000 3.38560000 0.26000000
v -1.62380367 3.39563144 0.10000000
v -1.62380367 3.39563144 0.26000000
v -1.55280000 3.42504212 0.10000000
v -1.55280000 3.42504212 0.26000000
v -1.49182776 3.47182776 0.10000000
v -1.49182776 3.47182776 0.26000000
v -1.44504212 3.53280000 0.10000000
v -1.44504212 3.53280000 0.26000000
v -1.41563144 3.60380367 0.10000000
v -1.41563144 3.60380367 0.26000000
f 4420 4419 4423
f 4420 4423 4421
f 4421 4423 4424
f 4421 4424 4422
f 4423 4419 4425
f 4423 4425 4424
f 4424 4425 4426
f 4424 4426 4422
f 4425 4419 4427
f 4425 4427 4426
f 4426 4427 4428
f 4426 4428 4422
f 4427 4419 4429
f 4427 4429 4428
f 4428 4429 4430
f 4428 4430 4422
f 4429 4419 4431
f 4429 4431 4430
f 4430 4431 4432
f 4430 4432 4422
f 4431 4419 4433
f 4431 4433 4432
f 4432 4433 4434
f 4432 4434 4422
f 4433 4419 4435
f 4433 4435 4434
f 4434 4435 4436
f 4434 4436 4422
f 4435 4419 4437
f 4435 4437 4436
f 4436 4437 4438
f 4436 4438 4422
f 4437 4419 4439
f 4437 4439 4438
f 4438 4439 4440
f 4438 4440 4422
f 4439 4419 4441
f 4439 4441 4440
f 4440 4441 4442
f 4440 4442 4422
f 4441 4419 4443
f 4441 4443 4442
f 4442 4443 4444
f 4442 4444 4422
f 4443 4419 4445
f 4443 4445 4444
f 4444 4445 4446
f 4444 4446 4422
f 4445 4419 4447
f 4445 4447 4446
f 4446 4447 4448
f 4446 4448 4422
f 4447 4419 4449
f 4447 4449 4448
f 4448 4449 4450
f 4448 4450 4422
f 4449 4419 4451
f 4449 4451 4450
f 4450 4451 4452
f 4450 4452 4422
f 4451 4419 4453
f 4451 4453 4452
f 4452 4453 4454
f 4452 4454 4422
f 4453 4419 4455
f 4453 4455 4454
f 4454 4455 4456
f 4454 4456 4422
f 4455 4419 4457
f 4455 4457 4456
f 4456 4457 4458
f 4456 4458 4422
f 4457 4419 4459
f 4457 4459 4458
f 4458 4459 4460
f 4458 4460 4422
f 4459 4419 4461
f 4459 4461 4460
f 4460 4461 4462
f 4460 4462 4422
f 4461 4419 4463
f 4461 4463 4462
f 4462 4463 4464
f 4462 4464 4422
f 4463 4419 4465
f 4463 4465 4464
f 4464 4465 4466
f 4464 4466 4422
f 4465 4419 4467
f 4465 4467 4466
f 4466 4467 4468
f 4466 4468 4422
f 4467 4419 4420
f 4467 4420 4468
f 4468 4420 4421
f 4468 4421 4422

o geometry_368
v -1.70000000 3.68000000 3.18000000
v -1.41940000 3.68000000 3.18000000
v -1.41940000 3.68000000 3.36000000
v -1.70000000 3.68000000 3.36000000
v -1.42896121 3.75262462 3.18000000
v -1.42896121 3.75262462 3.36000000
v -1.45699327 3.82030000 3.18000000
v -1.45699327 3.82030000 3.36000000
v -1.50158584 3.87841416 3.18000000
v -1.50158584 3.87841416 3.36000000
v -1.55970000 3.92300673 3.18000000
v -1.55970000 3.92300673 3.36000000
v -1.62737538 3.95103879 3.18000000
v -1.62737538 3.95103879 3.36000000
v -1.70000000 3.96060000 3.18000000
v -1.70000000 3.96060000 3.36000000
v -1.77262462 3.95103879 3.18000000
v -1.77262462 3.95103879 3.36000000
v -1.84030000 3.92300673 3.18000000
v -1.84030000 3.92300673 3.36000000
v -1.89841416 3.87841416 3.18000000
v -1.89841416 3.87841416 3.36000000
v -1.94300673 3.82030000 3.18000000
v -1.94300673 3.82030000 3.36000000
v -1.97103879 3.75262462 3.18000000
v -1.97103879 3.75262462 3.36000000
v -1.98060000 3.68000000 3.18000000
v -1.98060000 3.68000000 3.36000000
v -1.97103879 3.60737538 3.18000000
v -1.97103879 3.60737538 3.36000000
v -1.94300673 3.53970000 3.18000000
v -1.94300673 3.53970000 3.36000000
v -1.89841416 3.48158584 3.18000000
v -1.89841416 3.48158584 3.36000000
v -1.84030000 3.43699327 3.18000000
v -1.84030000 3.43699327 3.36000000
v -1.77262462 3.40896121 3.18000000
v -1.77262462 3.40896121 3.36000000
v -1.70000000 3.39940000 3.18000000
v -1.70000000 3.39940000 3.36000000
v -1.62737538 3.40896121 3.18000000
v -1.62737538 3.40896121 3.36000000
v -1.55970000 3.43699327 3.18000000
v -1.55970000 3.43699327 3.36000000
v -1.50158584 3.48158584 3.18000000
v -1.50158584 3.48158584 3.36000000
v -1.45699327 3.53970000 3.18000000
v -1.45699327 3.53970000 3.36000000
v -1.42896121 3.60737538 3.18000000
v -1.42896121 3.60737538 3.36000000
f 4470 4469 4473
f 4470 4473 4471
f 4471 4473 4474
f 4471 4474 4472
f 4473 4469 4475
f 4473 4475 4474
f 4474 4475 4476
f 4474 4476 4472
f 4475 4469 4477
f 4475 4477 4476
f 4476 4477 4478
f 4476 4478 4472
f 4477 4469 4479
f 4477 4479 4478
f 4478 4479 4480
f 4478 4480 4472
f 4479 4469 4481
f 4479 4481 4480
f 4480 4481 4482
f 4480 4482 4472
f 4481 4469 4483
f 4481 4483 4482
f 4482 4483 4484
f 4482 4484 4472
f 4483 4469 4485
f 4483 4485 4484
f 4484 4485 4486
f 4484 4486 4472
f 4485 4469 4487
f 4485 4487 4486
f 4486 4487 4488
f 4486 4488 4472
f 4487 4469 4489
f 4487 4489 4488
f 4488 4489 4490
f 4488 4490 4472
f 4489 4469 4491
f 4489 4491 4490
f 4490 4491 4492
f 4490 4492 4472
f 4491 4469 4493
f 4491 4493 4492
f 4492 4493 4494
f 4492 4494 4472
f 4493 4469 4495
f 4493 4495 4494
f 4494 4495 4496
f 4494 4496 4472
f 4495 4469 4497
f 4495 4497 4496
f 4496 4497 4498
f 4496 4498 4472
f 4497 4469 4499
f 4497 4499 4498
f 4498 4499 4500
f 4498 4500 4472
f 4499 4469 4501
f 4499 4501 4500
f 4500 4501 4502
f 4500 4502 4472
f 4501 4469 4503
f 4501 4503 4502
f 4502 4503 4504
f 4502 4504 4472
f 4503 4469 4505
f 4503 4505 4504
f 4504 4505 4506
f 4504 4506 4472
f 4505 4469 4507
f 4505 4507 4506
f 4506 4507 4508
f 4506 4508 4472
f 4507 4469 4509
f 4507 4509 4508
f 4508 4509 4510
f 4508 4510 4472
f 4509 4469 4511
f 4509 4511 4510
f 4510 4511 4512
f 4510 4512 4472
f 4511 4469 4513
f 4511 4513 4512
f 4512 4513 4514
f 4512 4514 4472
f 4513 4469 4515
f 4513 4515 4514
f 4514 4515 4516
f 4514 4516 4472
f 4515 4469 4517
f 4515 4517 4516
f 4516 4517 4518
f 4516 4518 4472
f 4517 4469 4470
f 4517 4470 4518
f 4518 4470 4471
f 4518 4471 4472

o geometry_369
v -1.98750000 3.33000000 3.11000000
v -1.98750000 3.33000000 3.27000000
v -1.98750000 4.03000000 3.11000000
v -1.98750000 4.03000000 3.27000000
v -1.41250000 3.33000000 3.11000000
v -1.41250000 3.33000000 3.27000000
v -1.41250000 4.03000000 3.11000000
v -1.41250000 4.03000000 3.27000000
f 4520 4522 4519
f 4523 4520 4519
f 4519 4522 4521
f 4521 4523 4519
f 4520 4526 4522
f 4524 4520 4523
f 4524 4526 4520
f 4522 4526 4521
f 4525 4523 4521
f 4521 4526 4525
f 4525 4524 4523
f 4526 4524 4525

o geometry_370
v 1.70000000 3.68000000 0.10000000
v 1.93000000 3.68000000 0.10000000
v 1.93000000 3.68000000 3.35000000
v 1.70000000 3.68000000 3.35000000
v 1.92216294 3.73952838 0.10000000
v 1.92216294 3.73952838 3.35000000
v 1.89918584 3.79500000 0.10000000
v 1.89918584 3.79500000 3.35000000
v 1.86263456 3.84263456 0.10000000
v 1.86263456 3.84263456 3.35000000
v 1.81500000 3.87918584 0.10000000
v 1.81500000 3.87918584 3.35000000
v 1.75952838 3.90216294 0.10000000
v 1.75952838 3.90216294 3.35000000
v 1.70000000 3.91000000 0.10000000
v 1.70000000 3.91000000 3.35000000
v 1.64047162 3.90216294 0.10000000
v 1.64047162 3.90216294 3.35000000
v 1.58500000 3.87918584 0.10000000
v 1.58500000 3.87918584 3.35000000
v 1.53736544 3.84263456 0.10000000
v 1.53736544 3.84263456 3.35000000
v 1.50081416 3.79500000 0.10000000
v 1.50081416 3.79500000 3.35000000
v 1.47783706 3.73952838 0.10000000
v 1.47783706 3.73952838 3.35000000
v 1.47000000 3.68000000 0.10000000
v 1.47000000 3.68000000 3.35000000
v 1.47783706 3.62047162 0.10000000
v 1.47783706 3.62047162 3.35000000
v 1.50081416 3.56500000 0.10000000
v 1.50081416 3.56500000 3.35000000
v 1.53736544 3.51736544 0.10000000
v 1.53736544 3.51736544 3.35000000
v 1.58500000 3.48081416 0.10000000
v 1.58500000 3.48081416 3.35000000
v 1.64047162 3.45783706 0.10000000
v 1.64047162 3.45783706 3.35000000
v 1.70000000 3.45000000 0.10000000
v 1.70000000 3.45000000 3.35000000
v 1.75952838 3.45783706 0.10000000
v 1.75952838 3.45783706 3.35000000
v 1.81500000 3.48081416 0.10000000
v 1.81500000 3.48081416 3.35000000
v 1.86263456 3.51736544 0.10000000
v 1.86263456 3.51736544 3.35000000
v 1.89918584 3.56500000 0.10000000
v 1.89918584 3.56500000 3.35000000
v 1.92216294 3.62047162 0.10000000
v 1.92216294 3.62047162 3.35000000
f 4528 4527 4531
f 4528 4531 4529
f 4529 4531 4532
f 4529 4532 4530
f 4531 4527 4533
f 4531 4533 4532
f 4532 4533 4534
f 4532 4534 4530
f 4533 4527 4535
f 4533 4535 4534
f 4534 4535 4536
f 4534 4536 4530
f 4535 4527 4537
f 4535 4537 4536
f 4536 4537 4538
f 4536 4538 4530
f 4537 4527 4539
f 4537 4539 4538
f 4538 4539 4540
f 4538 4540 4530
f 4539 4527 4541
f 4539 4541 4540
f 4540 4541 4542
f 4540 4542 4530
f 4541 4527 4543
f 4541 4543 4542
f 4542 4543 4544
f 4542 4544 4530
f 4543 4527 4545
f 4543 4545 4544
f 4544 4545 4546
f 4544 4546 4530
f 4545 4527 4547
f 4545 4547 4546
f 4546 4547 4548
f 4546 4548 4530
f 4547 4527 4549
f 4547 4549 4548
f 4548 4549 4550
f 4548 4550 4530
f 4549 4527 4551
f 4549 4551 4550
f 4550 4551 4552
f 4550 4552 4530
f 4551 4527 4553
f 4551 4553 4552
f 4552 4553 4554
f 4552 4554 4530
f 4553 4527 4555
f 4553 4555 4554
f 4554 4555 4556
f 4554 4556 4530
f 4555 4527 4557
f 4555 4557 4556
f 4556 4557 4558
f 4556 4558 4530
f 4557 4527 4559
f 4557 4559 4558
f 4558 4559 4560
f 4558 4560 4530
f 4559 4527 4561
f 4559 4561 4560
f 4560 4561 4562
f 4560 4562 4530
f 4561 4527 4563
f 4561 4563 4562
f 4562 4563 4564
f 4562 4564 4530
f 4563 4527 4565
f 4563 4565 4564
f 4564 4565 4566
f 4564 4566 4530
f 4565 4527 4567
f 4565 4567 4566
f 4566 4567 4568
f 4566 4568 4530
f 4567 4527 4569
f 4567 4569 4568
f 4568 4569 4570
f 4568 4570 4530
f 4569 4527 4571
f 4569 4571 4570
f 4570 4571 4572
f 4570 4572 4530
f 4571 4527 4573
f 4571 4573 4572
f 4572 4573 4574
f 4572 4574 4530
f 4573 4527 4575
f 4573 4575 4574
f 4574 4575 4576
f 4574 4576 4530
f 4575 4527 4528
f 4575 4528 4576
f 4576 4528 4529
f 4576 4529 4530

o geometry_371
v 1.70000000 3.68000000 0.10000000
v 1.99440000 3.68000000 0.10000000
v 1.99440000 3.68000000 0.26000000
v 1.70000000 3.68000000 0.26000000
v 1.98436856 3.75619633 0.10000000
v 1.98436856 3.75619633 0.26000000
v 1.95495788 3.82720000 0.10000000
v 1.95495788 3.82720000 0.26000000
v 1.90817224 3.88817224 0.10000000
v 1.90817224 3.88817224 0.26000000
v 1.84720000 3.93495788 0.10000000
v 1.84720000 3.93495788 0.26000000
v 1.77619633 3.96436856 0.10000000
v 1.77619633 3.96436856 0.26000000
v 1.70000000 3.97440000 0.10000000
v 1.70000000 3.97440000 0.26000000
v 1.62380367 3.96436856 0.10000000
v 1.62380367 3.96436856 0.26000000
v 1.55280000 3.93495788 0.10000000
v 1.55280000 3.93495788 0.26000000
v 1.49182776 3.88817224 0.10000000
v 1.49182776 3.88817224 0.26000000
v 1.44504212 3.82720000 0.10000000
v 1.44504212 3.82720000 0.26000000
v 1.41563144 3.75619633 0.10000000
v 1.41563144 3.75619633 0.26000000
v 1.40560000 3.68000000 0.10000000
v 1.40560000 3.68000000 0.26000000
v 1.41563144 3.60380367 0.10000000
v 1.41563144 3.60380367 0.26000000
v 1.44504212 3.53280000 0.10000000
v 1.44504212 3.53280000 0.26000000
v 1.49182776 3.47182776 0.10000000
v 1.49182776 3.47182776 0.26000000
v 1.55280000 3.42504212 0.10000000
v 1.55280000 3.42504212 0.26000000
v 1.62380367 3.39563144 0.10000000
v 1.62380367 3.39563144 0.26000000
v 1.70000000 3.38560000 0.10000000
v 1.70000000 3.38560000 0.26000000
v 1.77619633 3.39563144 0.10000000
v 1.77619633 3.39563144 0.26000000
v 1.84720000 3.42504212 0.10000000
v 1.84720000 3.42504212 0.26000000
v 1.90817224 3.47182776 0.10000000
v 1.90817224 3.47182776 0.26000000
v 1.95495788 3.53280000 0.10000000
v 1.95495788 3.53280000 0.26000000
v 1.98436856 3.60380367 0.10000000
v 1.98436856 3.60380367 0.26000000
f 4578 4577 4581
f 4578 4581 4579
f 4579 4581 4582
f 4579 4582 4580
f 4581 4577 4583
f 4581 4583 4582
f 4582 4583 4584
f 4582 4584 4580
f 4583 4577 4585
f 4583 4585 4584
f 4584 4585 4586
f 4584 4586 4580
f 4585 4577 4587
f 4585 4587 4586
f 4586 4587 4588
f 4586 4588 4580
f 4587 4577 4589
f 4587 4589 4588
f 4588 4589 4590
f 4588 4590 4580
f 4589 4577 4591
f 4589 4591 4590
f 4590 4591 4592
f 4590 4592 4580
f 4591 4577 4593
f 4591 4593 4592
f 4592 4593 4594
f 4592 4594 4580
f 4593 4577 4595
f 4593 4595 4594
f 4594 4595 4596
f 4594 4596 4580
f 4595 4577 4597
f 4595 4597 4596
f 4596 4597 4598
f 4596 4598 4580
f 4597 4577 4599
f 4597 4599 4598
f 4598 4599 4600
f 4598 4600 4580
f 4599 4577 4601
f 4599 4601 4600
f 4600 4601 4602
f 4600 4602 4580
f 4601 4577 4603
f 4601 4603 4602
f 4602 4603 4604
f 4602 4604 4580
f 4603 4577 4605
f 4603 4605 4604
f 4604 4605 4606
f 4604 4606 4580
f 4605 4577 4607
f 4605 4607 4606
f 4606 4607 4608
f 4606 4608 4580
f 4607 4577 4609
f 4607 4609 4608
f 4608 4609 4610
f 4608 4610 4580
f 4609 4577 4611
f 4609 4611 4610
f 4610 4611 4612
f 4610 4612 4580
f 4611 4577 4613
f 4611 4613 4612
f 4612 4613 4614
f 4612 4614 4580
f 4613 4577 4615
f 4613 4615 4614
f 4614 4615 4616
f 4614 4616 4580
f 4615 4577 4617
f 4615 4617 4616
f 4616 4617 4618
f 4616 4618 4580
f 4617 4577 4619
f 4617 4619 4618
f 4618 4619 4620
f 4618 4620 4580
f 4619 4577 4621
f 4619 4621 4620
f 4620 4621 4622
f 4620 4622 4580
f 4621 4577 4623
f 4621 4623 4622
f 4622 4623 4624
f 4622 4624 4580
f 4623 4577 4625
f 4623 4625 4624
f 4624 4625 4626
f 4624 4626 4580
f 4625 4577 4578
f 4625 4578 4626
f 4626 4578 4579
f 4626 4579 4580

o geometry_372
v 1.70000000 3.68000000 3.18000000
v 1.98060000 3.68000000 3.18000000
v 1.98060000 3.68000000 3.36000000
v 1.70000000 3.68000000 3.36000000
v 1.97103879 3.75262462 3.18000000
v 1.97103879 3.75262462 3.36000000
v 1.94300673 3.82030000 3.18000000
v 1.94300673 3.82030000 3.36000000
v 1.89841416 3.87841416 3.18000000
v 1.89841416 3.87841416 3.36000000
v 1.84030000 3.92300673 3.18000000
v 1.84030000 3.92300673 3.36000000
v 1.77262462 3.95103879 3.18000000
v 1.77262462 3.95103879 3.36000000
v 1.70000000 3.96060000 3.18000000
v 1.70000000 3.96060000 3.36000000
v 1.62737538 3.95103879 3.18000000
v 1.62737538 3.95103879 3.36000000
v 1.55970000 3.92300673 3.18000000
v 1.55970000 3.92300673 3.36000000
v 1.50158584 3.87841416 3.18000000
v 1.50158584 3.87841416 3.36000000
v 1.45699327 3.82030000 3.18000000
v 1.45699327 3.82030000 3.36000000
v 1.42896121 3.75262462 3.18000000
v 1.42896121 3.75262462 3.36000000
v 1.41940000 3.68000000 3.18000000
v 1.41940000 3.68000000 3.36000000
v 1.42896121 3.60737538 3.18000000
v 1.42896121 3.60737538 3.36000000
v 1.45699327 3.53970000 3.18000000
v 1.45699327 3.53970000 3.36000000
v 1.50158584 3.48158584 3.18000000
v 1.50158584 3.48158584 3.36000000
v 1.55970000 3.43699327 3.18000000
v 1.55970000 3.43699327 3.36000000
v 1.62737538 3.40896121 3.18000000
v 1.62737538 3.40896121 3.36000000
v 1.70000000 3.39940000 3.18000000
v 1.70000000 3.39940000 3.36000000
v 1.77262462 3.40896121 3.18000000
v 1.77262462 3.40896121 3.36000000
v 1.84030000 3.43699327 3.18000000
v 1.84030000 3.43699327 3.36000000
v 1.89841416 3.48158584 3.18000000
v 1.89841416 3.48158584 3.36000000
v 1.94300673 3.53970000 3.18000000
v 1.94300673 3.53970000 3.36000000
v 1.97103879 3.60737538 3.18000000
v 1.97103879 3.60737538 3.36000000
f 4628 4627 4631
f 4628 4631 4629
f 4629 4631 4632
f 4629 4632 4630
f 4631 4627 4633
f 4631 4633 4632
f 4632 4633 4634
f 4632 4634 4630
f 4633 4627 4635
f 4633 4635 4634
f 4634 4635 4636
f 4634 4636 4630
f 4635 4627 4637
f 4635 4637 4636
f 4636 4637 4638
f 4636 4638 4630
f 4637 4627 4639
f 4637 4639 4638
f 4638 4639 4640
f 4638 4640 4630
f 4639 4627 4641
f 4639 4641 4640
f 4640 4641 4642
f 4640 4642 4630
f 4641 4627 4643
f 4641 4643 4642
f 4642 4643 4644
f 4642 4644 4630
f 4643 4627 4645
f 4643 4645 4644
f 4644 4645 4646
f 4644 4646 4630
f 4645 4627 4647
f 4645 4647 4646
f 4646 4647 4648
f 4646 4648 4630
f 4647 4627 4649
f 4647 4649 4648
f 4648 4649 4650
f 4648 4650 4630
f 4649 4627 4651
f 4649 4651 4650
f 4650 4651 4652
f 4650 4652 4630
f 4651 4627 4653
f 4651 4653 4652
f 4652 4653 4654
f 4652 4654 4630
f 4653 4627 4655
f 4653 4655 4654
f 4654 4655 4656
f 4654 4656 4630
f 4655 4627 4657
f 4655 4657 4656
f 4656 4657 4658
f 4656 4658 4630
f 4657 4627 4659
f 4657 4659 4658
f 4658 4659 4660
f 4658 4660 4630
f 4659 4627 4661
f 4659 4661 4660
f 4660 4661 4662
f 4660 4662 4630
f 4661 4627 4663
f 4661 4663 4662
f 4662 4663 4664
f 4662 4664 4630
f 4663 4627 4665
f 4663 4665 4664
f 4664 4665 4666
f 4664 4666 4630
f 4665 4627 4667
f 4665 4667 4666
f 4666 4667 4668
f 4666 4668 4630
f 4667 4627 4669
f 4667 4669 4668
f 4668 4669 4670
f 4668 4670 4630
f 4669 4627 4671
f 4669 4671 4670
f 4670 4671 4672
f 4670 4672 4630
f 4671 4627 4673
f 4671 4673 4672
f 4672 4673 4674
f 4672 4674 4630
f 4673 4627 4675
f 4673 4675 4674
f 4674 4675 4676
f 4674 4676 4630
f 4675 4627 4628
f 4675 4628 4676
f 4676 4628 4629
f 4676 4629 4630

o geometry_373
v 1.41250000 3.33000000 3.11000000
v 1.41250000 3.33000000 3.27000000
v 1.41250000 4.03000000 3.11000000
v 1.41250000 4.03000000 3.27000000
v 1.98750000 3.33000000 3.11000000
v 1.98750000 3.33000000 3.27000000
v 1.98750000 4.03000000 3.11000000
v 1.98750000 4.03000000 3.27000000
f 4678 4680 4677
f 4681 4678 4677
f 4677 4680 4679
f 4679 4681 4677
f 4678 4684 4680
f 4682 4678 4681
f 4682 4684 4678
f 4680 4684 4679
f 4683 4681 4679
f 4679 4684 4683
f 4683 4682 4681
f 4684 4682 4683

o geometry_374
v -1.99000000 3.34000000 2.63000000
v -1.99000000 3.34000000 2.81000000
v -1.99000000 3.42000000 2.63000000
v -1.99000000 3.42000000 2.81000000
v -1.57000000 3.34000000 2.63000000
v -1.57000000 3.34000000 2.81000000
v -1.57000000 3.42000000 2.63000000
v -1.57000000 3.42000000 2.81000000
f 4686 4688 4685
f 4689 4686 4685
f 4685 4688 4687
f 4687 4689 4685
f 4686 4692 4688
f 4690 4686 4689
f 4690 4692 4686
f 4688 4692 4687
f 4691 4689 4687
f 4687 4692 4691
f 4691 4690 4689
f 4692 4690 4691

o geometry_375
v -1.89550000 3.27000000 2.76000000
v -1.89550000 3.27000000 2.84000000
v -1.89550000 3.37000000 2.76000000
v -1.89550000 3.37000000 2.84000000
v -1.66450000 3.27000000 2.76000000
v -1.66450000 3.27000000 2.84000000
v -1.66450000 3.37000000 2.76000000
v -1.66450000 3.37000000 2.84000000
f 4694 4696 4693
f 4697 4694 4693
f 4693 4696 4695
f 4695 4697 4693
f 4694 4700 4696
f 4698 4694 4697
f 4698 4700 4694
f 4696 4700 4695
f 4699 4697 4695
f 4695 4700 4699
f 4699 4698 4697
f 4700 4698 4699

o geometry_376
v -1.57000000 3.34000000 2.63000000
v -1.57000000 3.34000000 2.81000000
v -1.57000000 3.42000000 2.63000000
v -1.57000000 3.42000000 2.81000000
v -1.15000000 3.34000000 2.63000000
v -1.15000000 3.34000000 2.81000000
v -1.15000000 3.42000000 2.63000000
v -1.15000000 3.42000000 2.81000000
f 4702 4704 4701
f 4705 4702 4701
f 4701 4704 4703
f 4703 4705 4701
f 4702 4708 4704
f 4706 4702 4705
f 4706 4708 4702
f 4704 4708 4703
f 4707 4705 4703
f 4703 4708 4707
f 4707 4706 4705
f 4708 4706 4707

o geometry_377
v -1.47550000 3.27000000 2.60000000
v -1.47550000 3.27000000 2.68000000
v -1.47550000 3.37000000 2.60000000
v -1.47550000 3.37000000 2.68000000
v -1.24450000 3.27000000 2.60000000
v -1.24450000 3.27000000 2.68000000
v -1.24450000 3.37000000 2.60000000
v -1.24450000 3.37000000 2.68000000
f 4710 4712 4709
f 4713 4710 4709
f 4709 4712 4711
f 4711 4713 4709
f 4710 4716 4712
f 4714 4710 4713
f 4714 4716 4710
f 4712 4716 4711
f 4715 4713 4711
f 4711 4716 4715
f 4715 4714 4713
f 4716 4714 4715

o geometry_378
v -1.15000000 3.34000000 2.63000000
v -1.15000000 3.34000000 2.81000000
v -1.15000000 3.42000000 2.63000000
v -1.15000000 3.42000000 2.81000000
v -0.73000000 3.34000000 2.63000000
v -0.73000000 3.34000000 2.81000000
v -0.73000000 3.42000000 2.63000000
v -0.73000000 3.42000000 2.81000000
f 4718 4720 4717
f 4721 4718 4717
f 4717 4720 4719
f 4719 4721 4717
f 4718 4724 4720
f 4722 4718 4721
f 4722 4724 4718
f 4720 4724 4719
f 4723 4721 4719
f 4719 4724 4723
f 4723 4722 4721
f 4724 4722 4723

o geometry_379
v -1.05550000 3.27000000 2.76000000
v -1.05550000 3.27000000 2.84000000
v -1.05550000 3.37000000 2.76000000
v -1.05550000 3.37000000 2.84000000
v -0.82450000 3.27000000 2.76000000
v -0.82450000 3.27000000 2.84000000
v -0.82450000 3.37000000 2.76000000
v -0.82450000 3.37000000 2.84000000
f 4726 4728 4725
f 4729 4726 4725
f 4725 4728 4727
f 4727 4729 4725
f 4726 4732 4728
f 4730 4726 4729
f 4730 4732 4726
f 4728 4732 4727
f 4731 4729 4727
f 4727 4732 4731
f 4731 4730 4729
f 4732 4730 4731

o geometry_380
v -0.73000000 3.34000000 2.63000000
v -0.73000000 3.34000000 2.81000000
v -0.73000000 3.42000000 2.63000000
v -0.73000000 3.42000000 2.81000000
v -0.31000000 3.34000000 2.63000000
v -0.31000000 3.34000000 2.81000000
v -0.31000000 3.42000000 2.63000000
v -0.31000000 3.42000000 2.81000000
f 4734 4736 4733
f 4737 4734 4733
f 4733 4736 4735
f 4735 4737 4733
f 4734 4740 4736
f 4738 4734 4737
f 4738 4740 4734
f 4736 4740 4735
f 4739 4737 4735
f 4735 4740 4739
f 4739 4738 4737
f 4740 4738 4739

o geometry_381
v -0.63550000 3.27000000 2.60000000
v -0.63550000 3.27000000 2.68000000
v -0.63550000 3.37000000 2.60000000
v -0.63550000 3.37000000 2.68000000
v -0.40450000 3.27000000 2.60000000
v -0.40450000 3.27000000 2.68000000
v -0.40450000 3.37000000 2.60000000
v -0.40450000 3.37000000 2.68000000
f 4742 4744 4741
f 4745 4742 4741
f 4741 4744 4743
f 4743 4745 4741
f 4742 4748 4744
f 4746 4742 4745
f 4746 4748 4742
f 4744 4748 4743
f 4747 4745 4743
f 4743 4748 4747
f 4747 4746 4745
f 4748 4746 4747

o geometry_382
v -0.31000000 3.34000000 2.63000000
v -0.31000000 3.34000000 2.81000000
v -0.31000000 3.42000000 2.63000000
v -0.31000000 3.42000000 2.81000000
v 0.11000000 3.34000000 2.63000000
v 0.11000000 3.34000000 2.81000000
v 0.11000000 3.42000000 2.63000000
v 0.11000000 3.42000000 2.81000000
f 4750 4752 4749
f 4753 4750 4749
f 4749 4752 4751
f 4751 4753 4749
f 4750 4756 4752
f 4754 4750 4753
f 4754 4756 4750
f 4752 4756 4751
f 4755 4753 4751
f 4751 4756 4755
f 4755 4754 4753
f 4756 4754 4755

o geometry_383
v -0.21550000 3.27000000 2.76000000
v -0.21550000 3.27000000 2.84000000
v -0.21550000 3.37000000 2.76000000
v -0.21550000 3.37000000 2.84000000
v 0.01550000 3.27000000 2.76000000
v 0.01550000 3.27000000 2.84000000
v 0.01550000 3.37000000 2.76000000
v 0.01550000 3.37000000 2.84000000
f 4758 4760 4757
f 4761 4758 4757
f 4757 4760 4759
f 4759 4761 4757
f 4758 4764 4760
f 4762 4758 4761
f 4762 4764 4758
f 4760 4764 4759
f 4763 4761 4759
f 4759 4764 4763
f 4763 4762 4761
f 4764 4762 4763

o geometry_384
v 0.11000000 3.34000000 2.63000000
v 0.11000000 3.34000000 2.81000000
v 0.11000000 3.42000000 2.63000000
v 0.11000000 3.42000000 2.81000000
v 0.53000000 3.34000000 2.63000000
v 0.53000000 3.34000000 2.81000000
v 0.53000000 3.42000000 2.63000000
v 0.53000000 3.42000000 2.81000000
f 4766 4768 4765
f 4769 4766 4765
f 4765 4768 4767
f 4767 4769 4765
f 4766 4772 4768
f 4770 4766 4769
f 4770 4772 4766
f 4768 4772 4767
f 4771 4769 4767
f 4767 4772 4771
f 4771 4770 4769
f 4772 4770 4771

o geometry_385
v 0.20450000 3.27000000 2.60000000
v 0.20450000 3.27000000 2.68000000
v 0.20450000 3.37000000 2.60000000
v 0.20450000 3.37000000 2.68000000
v 0.43550000 3.27000000 2.60000000
v 0.43550000 3.27000000 2.68000000
v 0.43550000 3.37000000 2.60000000
v 0.43550000 3.37000000 2.68000000
f 4774 4776 4773
f 4777 4774 4773
f 4773 4776 4775
f 4775 4777 4773
f 4774 4780 4776
f 4778 4774 4777
f 4778 4780 4774
f 4776 4780 4775
f 4779 4777 4775
f 4775 4780 4779
f 4779 4778 4777
f 4780 4778 4779

o geometry_386
v 0.53000000 3.34000000 2.63000000
v 0.53000000 3.34000000 2.81000000
v 0.53000000 3.42000000 2.63000000
v 0.53000000 3.42000000 2.81000000
v 0.95000000 3.34000000 2.63000000
v 0.95000000 3.34000000 2.81000000
v 0.95000000 3.42000000 2.63000000
v 0.95000000 3.42000000 2.81000000
f 4782 4784 4781
f 4785 4782 4781
f 4781 4784 4783
f 4783 4785 4781
f 4782 4788 4784
f 4786 4782 4785
f 4786 4788 4782
f 4784 4788 4783
f 4787 4785 4783
f 4783 4788 4787
f 4787 4786 4785
f 4788 4786 4787

o geometry_387
v 0.62450000 3.27000000 2.76000000
v 0.62450000 3.27000000 2.84000000
v 0.62450000 3.37000000 2.76000000
v 0.62450000 3.37000000 2.84000000
v 0.85550000 3.27000000 2.76000000
v 0.85550000 3.27000000 2.84000000
v 0.85550000 3.37000000 2.76000000
v 0.85550000 3.37000000 2.84000000
f 4790 4792 4789
f 4793 4790 4789
f 4789 4792 4791
f 4791 4793 4789
f 4790 4796 4792
f 4794 4790 4793
f 4794 4796 4790
f 4792 4796 4791
f 4795 4793 4791
f 4791 4796 4795
f 4795 4794 4793
f 4796 4794 4795

o geometry_388
v 0.95000000 3.34000000 2.63000000
v 0.95000000 3.34000000 2.81000000
v 0.95000000 3.42000000 2.63000000
v 0.95000000 3.42000000 2.81000000
v 1.37000000 3.34000000 2.63000000
v 1.37000000 3.34000000 2.81000000
v 1.37000000 3.42000000 2.63000000
v 1.37000000 3.42000000 2.81000000
f 4798 4800 4797
f 4801 4798 4797
f 4797 4800 4799
f 4799 4801 4797
f 4798 4804 4800
f 4802 4798 4801
f 4802 4804 4798
f 4800 4804 4799
f 4803 4801 4799
f 4799 4804 4803
f 4803 4802 4801
f 4804 4802 4803

o geometry_389
v 1.04450000 3.27000000 2.60000000
v 1.04450000 3.27000000 2.68000000
v 1.04450000 3.37000000 2.60000000
v 1.04450000 3.37000000 2.68000000
v 1.27550000 3.27000000 2.60000000
v 1.27550000 3.27000000 2.68000000
v 1.27550000 3.37000000 2.60000000
v 1.27550000 3.37000000 2.68000000
f 4806 4808 4805
f 4809 4806 4805
f 4805 4808 4807
f 4807 4809 4805
f 4806 4812 4808
f 4810 4806 4809
f 4810 4812 4806
f 4808 4812 4807
f 4811 4809 4807
f 4807 4812 4811
f 4811 4810 4809
f 4812 4810 4811

o geometry_390
v 1.37000000 3.34000000 2.63000000
v 1.37000000 3.34000000 2.81000000
v 1.37000000 3.42000000 2.63000000
v 1.37000000 3.42000000 2.81000000
v 1.79000000 3.34000000 2.63000000
v 1.79000000 3.34000000 2.81000000
v 1.79000000 3.42000000 2.63000000
v 1.79000000 3.42000000 2.81000000
f 4814 4816 4813
f 4817 4814 4813
f 4813 4816 4815
f 4815 4817 4813
f 4814 4820 4816
f 4818 4814 4817
f 4818 4820 4814
f 4816 4820 4815
f 4819 4817 4815
f 4815 4820 4819
f 4819 4818 4817
f 4820 4818 4819

o geometry_391
v 1.46450000 3.27000000 2.76000000
v 1.46450000 3.27000000 2.84000000
v 1.46450000 3.37000000 2.76000000
v 1.46450000 3.37000000 2.84000000
v 1.69550000 3.27000000 2.76000000
v 1.69550000 3.27000000 2.84000000
v 1.69550000 3.37000000 2.76000000
v 1.69550000 3.37000000 2.84000000
f 4822 4824 4821
f 4825 4822 4821
f 4821 4824 4823
f 4823 4825 4821
f 4822 4828 4824
f 4826 4822 4825
f 4826 4828 4822
f 4824 4828 4823
f 4827 4825 4823
f 4823 4828 4827
f 4827 4826 4825
f 4828 4826 4827

o geometry_392
v -0.18924665 3.66484566 0.09261763
v -0.03942521 3.66484566 0.09261763
v -0.18924665 3.49515434 0.09261763
v -0.03942521 3.49515434 0.09261763
v -0.11433593 3.52756250 0.17409567
v -0.11433593 3.63243750 0.17409567
v -0.11433593 3.52756250 0.01113958
v -0.11433593 3.63243750 0.01113958
v 0.00687216 3.58000000 0.04226143
v 0.00687216 3.58000000 0.14297383
v -0.23554402 3.58000000 0.04226143
v -0.23554402 3.58000000 0.14297383
v -0.11433593 3.67974206 0.09261763
v -0.11433593 3.48025794 0.09261763
v -0.15836735 3.49930698 0.14050922
v -0.07030452 3.49930698 0.14050922
v -0.15836735 3.66069302 0.14050922
v -0.07030452 3.66069302 0.14050922
v -0.11433593 3.58000000 0.18840081
v -0.15836735 3.49930698 0.04472603
v -0.07030452 3.49930698 0.04472603
v -0.15836735 3.66069302 0.04472603
v -0.07030452 3.66069302 0.04472603
v -0.11433593 3.58000000 -0.00316556
v 0.00093981 3.62987103 0.06301899
v 0.00093981 3.53012897 0.06301899
v -0.04309161 3.54917801 0.01512740
v -0.04309161 3.61082199 0.01512740
v 0.00093981 3.62987103 0.12221626
v 0.00093981 3.53012897 0.12221626
v -0.04309161 3.54917801 0.17010785
v -0.04309161 3.61082199 0.17010785
v 0.02815272 3.58000000 0.09261763
v -0.22961168 3.62987103 0.06301899
v -0.22961168 3.53012897 0.06301899
v -0.18558026 3.54917801 0.01512740
v -0.18558026 3.61082199 0.01512740
v -0.22961168 3.62987103 0.12221626
v -0.22961168 3.53012897 0.12221626
v -0.18558026 3.54917801 0.17010785
v -0.18558026 3.61082199 0.17010785
v -0.25682459 3.58000000 0.09261763
f 4829 4866 4845
f 4866 4840 4869
f 4845 4869 4834
f 4866 4869 4845
f 4829 4845 4841
f 4845 4834 4846
f 4841 4846 4830
f 4845 4846 4841
f 4829 4841 4850
f 4841 4830 4851
f 4850 4851 4836
f 4841 4851 4850
f 4829 4850 4862
f 4850 4836 4865
f 4862 4865 4839
f 4850 4865 4862
f 4829 4862 4866
f 4862 4839 4870
f 4866 4870 4840
f 4862 4870 4866
f 4830 4846 4857
f 4846 4834 4860
f 4857 4860 4838
f 4846 4860 4857
f 4834 4869 4847
f 4869 4840 4868
f 4847 4868 4833
f 4869 4868 4847
f 4840 4870 4867
f 4870 4839 4863
f 4867 4863 4831
f 4870 4863 4867
f 4839 4865 4864
f 4865 4836 4852
f 4864 4852 4835
f 4865 4852 4864
f 4836 4851 4856
f 4851 4830 4853
f 4856 4853 4837
f 4851 4853 4856
f 4832 4858 4844
f 4858 4838 4859
f 4844 4859 4833
f 4858 4859 4844
f 4832 4844 4842
f 4844 4833 4843
f 4842 4843 4831
f 4844 4843 4842
f 4832 4842 4849
f 4842 4831 4848
f 4849 4848 4835
f 4842 4848 4849
f 4832 4849 4854
f 4849 4835 4855
f 4854 4855 4837
f 4849 4855 4854
f 4832 4854 4858
f 4854 4837 4861
f 4858 4861 4838
f 4854 4861 4858
f 4833 4859 4847
f 4859 4838 4860
f 4847 4860 4834
f 4859 4860 4847
f 4831 4843 4867
f 4843 4833 4868
f 4867 4868 4840
f 4843 4868 4867
f 4835 4848 4864
f 4848 4831 4863
f 4864 4863 4839
f 4848 4863 4864
f 4837 4855 4856
f 4855 4835 4852
f 4856 4852 4836
f 4855 4852 4856
f 4838 4861 4857
f 4861 4837 4853
f 4857 4853 4830
f 4861 4853 4857

o geometry_393
v -0.17548827 3.65615579 0.08313176
v -0.04101150 3.65615579 0.08313176
v -0.17548827 3.50384421 0.08313176
v -0.04101150 3.50384421 0.08313176
v -0.10824988 3.53293313 0.15347366
v -0.10824988 3.62706687 0.15347366
v -0.10824988 3.53293313 0.01278985
v -0.10824988 3.62706687 0.01278985
v 0.00054411 3.58000000 0.03965807
v 0.00054411 3.58000000 0.12660544
v -0.21704388 3.58000000 0.03965807
v -0.21704388 3.58000000 0.12660544
v -0.10824988 3.66952651 0.08313176
v -0.10824988 3.49047349 0.08313176
v -0.14777162 3.50757154 0.12447769
v -0.06872815 3.50757154 0.12447769
v -0.14777162 3.65242846 0.12447769
v -0.06872815 3.65242846 0.12447769
v -0.10824988 3.58000000 0.16582363
v -0.14777162 3.50757154 0.04178582
v -0.06872815 3.50757154 0.04178582
v -0.14777162 3.65242846 0.04178582
v -0.06872815 3.65242846 0.04178582
v -0.10824988 3.58000000 0.00043989
v -0.00478065 3.62476325 0.05757856
v -0.00478065 3.53523675 0.05757856
v -0.04430238 3.55233479 0.01623263
v -0.04430238 3.60766521 0.01623263
v -0.00478065 3.62476325 0.10868495
v -0.00478065 3.53523675 0.10868495
v -0.04430238 3.55233479 0.15003088
v -0.04430238 3.60766521 0.15003088
v 0.01964512 3.58000000 0.08313176
v -0.21171912 3.62476325 0.05757856
v -0.21171912 3.53523675 0.05757856
v -0.17219739 3.55233479 0.01623263
v -0.17219739 3.60766521 0.01623263
v -0.21171912 3.62476325 0.10868495
v -0.21171912 3.53523675 0.10868495
v -0.17219739 3.55233479 0.15003088
v -0.17219739 3.60766521 0.15003088
v -0.23614489 3.58000000 0.08313176
f 4871 4908 4887
f 4908 4882 4911
f 4887 4911 4876
f 4908 4911 4887
f 4871 4887 4883
f 4887 4876 4888
f 4883 4888 4872
f 4887 4888 4883
f 4871 4883 4892
f 4883 4872 4893
f 4892 4893 4878
f 4883 4893 4892
f 4871 4892 4904
f 4892 4878 4907
f 4904 4907 4881
f 4892 4907 4904
f 4871 4904 4908
f 4904 4881 4912
f 4908 4912 4882
f 4904 4912 4908
f 4872 4888 4899
f 4888 4876 4902
f 4899 4902 4880
f 4888 4902 4899
f 4876 4911 4889
f 4911 4882 4910
f 4889 4910 4875
f 4911 4910 4889
f 4882 4912 4909
f 4912 4881 4905
f 4909 4905 4873
f 4912 4905 4909
f 4881 4907 4906
f 4907 4878 4894
f 4906 4894 4877
f 4907 4894 4906
f 4878 4893 4898
f 4893 4872 4895
f 4898 4895 4879
f 4893 4895 4898
f 4874 4900 4886
f 4900 4880 4901
f 4886 4901 4875
f 4900 4901 4886
f 4874 4886 4884
f 4886 4875 4885
f 4884 4885 4873
f 4886 4885 4884
f 4874 4884 4891
f 4884 4873 4890
f 4891 4890 4877
f 4884 4890 4891
f 4874 4891 4896
f 4891 4877 4897
f 4896 4897 4879
f 4891 4897 4896
f 4874 4896 4900
f 4896 4879 4903
f 4900 4903 4880
f 4896 4903 4900
f 4875 4901 4889
f 4901 4880 4902
f 4889 4902 4876
f 4901 4902 4889
f 4873 4885 4909
f 4885 4875 4910
f 4909 4910 4882
f 4885 4910 4909
f 4877 4890 4906
f 4890 4873 4905
f 4906 4905 4881
f 4890 4905 4906
f 4879 4897 4898
f 4897 4877 4894
f 4898 4894 4878
f 4897 4894 4898
f 4880 4903 4899
f 4903 4879 4895
f 4899 4895 4872
f 4903 4895 4899

o geometry_394
v 0.15223820 3.73793382 0.17240074
v 0.43111953 3.73793382 0.17240074
v 0.15223820 3.42206618 0.17240074
v 0.43111953 3.42206618 0.17240074
v 0.29167886 3.48239153 0.43419108
v 0.29167886 3.67760847 0.43419108
v 0.29167886 3.48239153 -0.08938960
v 0.29167886 3.67760847 -0.08938960
v 0.51729860 3.58000000 0.01060541
v 0.51729860 3.58000000 0.33419607
v 0.06605913 3.58000000 0.01060541
v 0.06605913 3.58000000 0.33419607
v 0.29167886 3.76566234 0.17240074
v 0.29167886 3.39433766 0.17240074
v 0.20971770 3.42979602 0.32627724
v 0.37364003 3.42979602 0.32627724
v 0.20971770 3.73020398 0.32627724
v 0.37364003 3.73020398 0.32627724
v 0.29167886 3.58000000 0.48015374
v 0.20971770 3.42979602 0.01852424
v 0.37364003 3.42979602 0.01852424
v 0.20971770 3.73020398 0.01852424
v 0.37364003 3.73020398 0.01852424
v 0.29167886 3.58000000 -0.13535226
v 0.50625598 3.67283117 0.07729983
v 0.50625598 3.48716883 0.07729983
v 0.42429482 3.52262718 -0.07657667
v 0.42429482 3.63737282 -0.07657667
v 0.50625598 3.67283117 0.26750165
v 0.50625598 3.48716883 0.26750165
v 0.42429482 3.52262718 0.42137815
v 0.42429482 3.63737282 0.42137815
v 0.55691077 3.58000000 0.17240074
v 0.07710174 3.67283117 0.07729983
v 0.07710174 3.48716883 0.07729983
v 0.15906291 3.52262718 -0.07657667
v 0.15906291 3.63737282 -0.07657667
v 0.07710174 3.67283117 0.26750165
v 0.07710174 3.48716883 0.26750165
v 0.15906291 3.52262718 0.42137815
v 0.15906291 3.63737282 0.42137815
v 0.02644696 3.58000000 0.17240074
f 4913 4950 4929
f 4950 4924 4953
f 4929 4953 4918
f 4950 4953 4929
f 4913 4929 4925
f 4929 4918 4930
f 4925 4930 4914
f 4929 4930 4925
f 4913 4925 4934
f 4925 4914 4935
f 4934 4935 4920
f 4925 4935 4934
f 4913 4934 4946
f 4934 4920 4949
f 4946 4949 4923
f 4934 4949 4946
f 4913 4946 4950
f 4946 4923 4954
f 4950 4954 4924
f 4946 4954 4950
f 4914 4930 4941
f 4930 4918 4944
f 4941 4944 4922
f 4930 4944 4941
f 4918 4953 4931
f 4953 4924 4952
f 4931 4952 4917
f 4953 4952 4931
f 4924 4954 4951
f 4954 4923 4947
f 4951 4947 4915
f 4954 4947 4951
f 4923 4949 4948
f 4949 4920 4936
f 4948 4936 4919
f 4949 4936 4948
f 4920 4935 4940
f 4935 4914 4937
f 4940 4937 4921
f 4935 4937 4940
f 4916 4942 4928
f 4942 4922 4943
f 4928 4943 4917
f 4942 4943 4928
f 4916 4928 4926
f 4928 4917 4927
f 4926 4927 4915
f 4928 4927 4926
f 4916 4926 4933
f 4926 4915 4932
f 4933 4932 4919
f 4926 4932 4933
f 4916 4933 4938
f 4933 4919 4939
f 4938 4939 4921
f 4933 4939 4938
f 4916 4938 4942
f 4938 4921 4945
f 4942 4945 4922
f 4938 4945 4942
f 4917 4943 4931
f 4943 4922 4944
f 4931 4944 4918
f 4943 4944 4931
f 4915 4927 4951
f 4927 4917 4952
f 4951 4952 4924
f 4927 4952 4951
f 4919 4932 4948
f 4932 4915 4947
f 4948 4947 4923
f 4932 4947 4948
f 4921 4939 4940
f 4939 4919 4936
f 4940 4936 4920
f 4939 4936 4940
f 4922 4945 4941
f 4945 4921 4937
f 4941 4937 4914
f 4945 4937 4941

o geometry_395
v -0.31922362 3.66333226 0.09096560
v -0.17207456 3.66333226 0.09096560
v -0.31922362 3.49666774 0.09096560
v -0.17207456 3.49666774 0.09096560
v -0.24564909 3.52849783 0.20711601
v -0.24564909 3.63150217 0.20711601
v -0.24564909 3.52849783 -0.02518482
v -0.24564909 3.63150217 -0.02518482
v -0.12660300 3.58000000 0.01918069
v -0.12660300 3.58000000 0.16275050
v -0.36469518 3.58000000 0.01918069
v -0.36469518 3.58000000 0.16275050
v -0.24564909 3.67796295 0.09096560
v -0.24564909 3.48203705 0.09096560
v -0.28889512 3.50074631 0.15923710
v -0.20240307 3.50074631 0.15923710
v -0.28889512 3.65925369 0.15923710
v -0.20240307 3.65925369 0.15923710
v -0.24564909 3.58000000 0.22750860
v -0.28889512 3.50074631 0.02269410
v -0.20240307 3.50074631 0.02269410
v -0.28889512 3.65925369 0.02269410
v -0.20240307 3.65925369 0.02269410
v -0.24564909 3.58000000 -0.04557740
v -0.13242953 3.62898148 0.04877149
v -0.13242953 3.53101852 0.04877149
v -0.17567556 3.54972778 -0.01950001
v -0.17567556 3.61027222 -0.01950001
v -0.13242953 3.62898148 0.13315970
v -0.13242953 3.53101852 0.13315970
v -0.17567556 3.54972778 0.20143120
v -0.17567556 3.61027222 0.20143120
v -0.10570202 3.58000000 0.09096560
v -0.35886865 3.62898148 0.04877149
v -0.35886865 3.53101852 0.04877149
v -0.31562263 3.54972778 -0.01950001
v -0.31562263 3.61027222 -0.01950001
v -0.35886865 3.62898148 0.13315970
v -0.35886865 3.53101852 0.13315970
v -0.31562263 3.54972778 0.20143120
v -0.31562263 3.61027222 0.20143120
v -0.38559616 3.58000000 0.09096560
f 4955 4992 4971
f 4992 4966 4995
f 4971 4995 4960
f 4992 4995 4971
f 4955 4971 4967
f 4971 4960 4972
f 4967 4972 4956
f 4971 4972 4967
f 4955 4967 4976
f 4967 4956 4977
f 4976 4977 4962
f 4967 4977 4976
f 4955 4976 4988
f 4976 4962 4991
f 4988 4991 4965
f 4976 4991 4988
f 4955 4988 4992
f 4988 4965 4996
f 4992 4996 4966
f 4988 4996 4992
f 4956 4972 4983
f 4972 4960 4986
f 4983 4986 4964
f 4972 4986 4983
f 4960 4995 4973
f 4995 4966 4994
f 4973 4994 4959
f 4995 4994 4973
f 4966 4996 4993
f 4996 4965 4989
f 4993 4989 4957
f 4996 4989 4993
f 4965 4991 4990
f 4991 4962 4978
f 4990 4978 4961
f 4991 4978 4990
f 4962 4977 4982
f 4977 4956 4979
f 4982 4979 4963
f 4977 4979 4982
f 4958 4984 4970
f 4984 4964 4985
f 4970 4985 4959
f 4984 4985 4970
f 4958 4970 4968
f 4970 4959 4969
f 4968 4969 4957
f 4970 4969 4968
f 4958 4968 4975
f 4968 4957 4974
f 4975 4974 4961
f 4968 4974 4975
f 4958 4975 4980
f 4975 4961 4981
f 4980 4981 4963
f 4975 4981 4980
f 4958 4980 4984
f 4980 4963 4987
f 4984 4987 4964
f 4980 4987 4984
f 4959 4985 4973
f 4985 4964 4986
f 4973 4986 4960
f 4985 4986 4973
f 4957 4969 4993
f 4969 4959 4994
f 4993 4994 4966
f 4969 4994 4993
f 4961 4974 4990
f 4974 4957 4989
f 4990 4989 4965
f 4974 4989 4990
f 4963 4981 4982
f 4981 4961 4978
f 4982 4978 4962
f 4981 4978 4982
f 4964 4987 4983
f 4987 4963 4979
f 4983 4979 4956
f 4987 4979 4983

o geometry_396
v -0.38307216 3.65805209 0.08520175
v -0.24524689 3.65805209 0.08520175
v -0.38307216 3.50194791 0.08520175
v -0.24524689 3.50194791 0.08520175
v -0.31415952 3.53176116 0.16039137
v -0.31415952 3.62823884 0.16039137
v -0.31415952 3.53176116 0.01001213
v -0.31415952 3.62823884 0.01001213
v -0.20265654 3.58000000 0.03873201
v -0.20265654 3.58000000 0.13167149
v -0.42566250 3.58000000 0.03873201
v -0.42566250 3.58000000 0.13167149
v -0.31415952 3.67175573 0.08520175
v -0.31415952 3.48824427 0.08520175
v -0.35466535 3.50576805 0.12939710
v -0.27365370 3.50576805 0.12939710
v -0.35466535 3.65423195 0.12939710
v -0.27365370 3.65423195 0.12939710
v -0.31415952 3.58000000 0.17359244
v -0.35466535 3.50576805 0.04100640
v -0.27365370 3.50576805 0.04100640
v -0.35466535 3.65423195 0.04100640
v -0.27365370 3.65423195 0.04100640
v -0.31415952 3.58000000 -0.00318894
v -0.20811389 3.62587787 0.05788752
v -0.20811389 3.53412213 0.05788752
v -0.24861972 3.55164592 0.01369218
v -0.24861972 3.60835408 0.01369218
v -0.20811389 3.62587787 0.11251598
v -0.20811389 3.53412213 0.11251598
v -0.24861972 3.55164592 0.15671132
v -0.24861972 3.60835408 0.15671132
v -0.18307991 3.58000000 0.08520175
v -0.42020516 3.62587787 0.05788752
v -0.42020516 3.53412213 0.05788752
v -0.37969933 3.55164592 0.01369218
v -0.37969933 3.60835408 0.01369218
v -0.42020516 3.62587787 0.11251598
v -0.42020516 3.53412213 0.11251598
v -0.37969933 3.55164592 0.15671132
v -0.37969933 3.60835408 0.15671132
v -0.44523914 3.58000000 0.08520175
f 4997 5034 5013
f 5034 5008 5037
f 5013 5037 5002
f 5034 5037 5013
f 4997 5013 5009
f 5013 5002 5014
f 5009 5014 4998
f 5013 5014 5009
f 4997 5009 5018
f 5009 4998 5019
f 5018 5019 5004
f 5009 5019 5018
f 4997 5018 5030
f 5018 5004 5033
f 5030 5033 5007
f 5018 5033 5030
f 4997 5030 5034
f 5030 5007 5038
f 5034 5038 5008
f 5030 5038 5034
f 4998 5014 5025
f 5014 5002 5028
f 5025 5028 5006
f 5014 5028 5025
f 5002 5037 5015
f 5037 5008 5036
f 5015 5036 5001
f 5037 5036 5015
f 5008 5038 5035
f 5038 5007 5031
f 5035 5031 4999
f 5038 5031 5035
f 5007 5033 5032
f 5033 5004 5020
f 5032 5020 5003
f 5033 5020 5032
f 5004 5019 5024
f 5019 4998 5021
f 5024 5021 5005
f 5019 5021 5024
f 5000 5026 5012
f 5026 5006 5027
f 5012 5027 5001
f 5026 5027 5012
f 5000 5012 5010
f 5012 5001 5011
f 5010 5011 4999
f 5012 5011 5010
f 5000 5010 5017
f 5010 4999 5016
f 5017 5016 5003
f 5010 5016 5017
f 5000 5017 5022
f 5017 5003 5023
f 5022 5023 5005
f 5017 5023 5022
f 5000 5022 5026
f 5022 5005 5029
f 5026 5029 5006
f 5022 5029 5026
f 5001 5027 5015
f 5027 5006 5028
f 5015 5028 5002
f 5027 5028 5015
f 4999 5011 5035
f 5011 5001 5036
f 5035 5036 5008
f 5011 5036 5035
f 5003 5016 5032
f 5016 4999 5031
f 5032 5031 5007
f 5016 5031 5032
f 5005 5023 5024
f 5023 5003 5020
f 5024 5020 5004
f 5023 5020 5024
f 5006 5029 5025
f 5029 5005 5021
f 5025 5021 4998
f 5029 5021 5025

o geometry_397
v 0.19697597 3.73895425 0.17351465
v 0.47765920 3.73895425 0.17351465
v 0.19697597 3.42104575 0.17351465
v 0.47765920 3.42104575 0.17351465
v 0.33731758 3.48176087 0.44152152
v 0.33731758 3.67823913 0.44152152
v 0.33731758 3.48176087 -0.09449222
v 0.33731758 3.67823913 -0.09449222
v 0.56439508 3.58000000 0.00787730
v 0.56439508 3.58000000 0.33915200
v 0.11024008 3.58000000 0.00787730
v 0.11024008 3.58000000 0.33915200
v 0.33731758 3.76686193 0.17351465
v 0.33731758 3.39313807 0.17351465
v 0.25482685 3.42882552 0.33104513
v 0.41980831 3.42882552 0.33104513
v 0.25482685 3.73117448 0.33104513
v 0.41980831 3.73117448 0.33104513
v 0.33731758 3.58000000 0.48857562
v 0.25482685 3.42882552 0.01598416
v 0.41980831 3.42882552 0.01598416
v 0.25482685 3.73117448 0.01598416
v 0.41980831 3.73117448 0.01598416
v 0.33731758 3.58000000 -0.14154632
v 0.55328112 3.67343096 0.07615546
v 0.55328112 3.48656904 0.07615546
v 0.47079039 3.52225649 -0.08137503
v 0.47079039 3.63774351 -0.08137503
v 0.55328112 3.67343096 0.27087384
v 0.55328112 3.48656904 0.27087384
v 0.47079039 3.52225649 0.42840433
v 0.47079039 3.63774351 0.42840433
v 0.60426320 3.58000000 0.17351465
v 0.12135404 3.67343096 0.07615546
v 0.12135404 3.48656904 0.07615546
v 0.20384477 3.52225649 -0.08137503
v 0.20384477 3.63774351 -0.08137503
v 0.12135404 3.67343096 0.27087384
v 0.12135404 3.48656904 0.27087384
v 0.20384477 3.52225649 0.42840433
v 0.20384477 3.63774351 0.42840433
v 0.07037197 3.58000000 0.17351465
f 5039 5076 5055
f 5076 5050 5079
f 5055 5079 5044
f 5076 5079 5055
f 5039 5055 5051
f 5055 5044 5056
f 5051 5056 5040
f 5055 5056 5051
f 5039 5051 5060
f 5051 5040 5061
f 5060 5061 5046
f 5051 5061 5060
f 5039 5060 5072
f 5060 5046 5075
f 5072 5075 5049
f 5060 5075 5072
f 5039 5072 5076
f 5072 5049 5080
f 5076 5080 5050
f 5072 5080 5076
f 5040 5056 5067
f 5056 5044 5070
f 5067 5070 5048
f 5056 5070 5067
f 5044 5079 5057
f 5079 5050 5078
f 5057 5078 5043
f 5079 5078 5057
f 5050 5080 5077
f 5080 5049 5073
f 5077 5073 5041
f 5080 5073 5077
f 5049 5075 5074
f 5075 5046 5062
f 5074 5062 5045
f 5075 5062 5074
f 5046 5061 5066
f 5061 5040 5063
f 5066 5063 5047
f 5061 5063 5066
f 5042 5068 5054
f 5068 5048 5069
f 5054 5069 5043
f 5068 5069 5054
f 5042 5054 5052
f 5054 5043 5053
f 5052 5053 5041
f 5054 5053 5052
f 5042 5052 5059
f 5052 5041 5058
f 5059 5058 5045
f 5052 5058 5059
f 5042 5059 5064
f 5059 5045 5065
f 5064 5065 5047
f 5059 5065 5064
f 5042 5064 5068
f 5064 5047 5071
f 5068 5071 5048
f 5064 5071 5068
f 5043 5069 5057
f 5069 5048 5070
f 5057 5070 5044
f 5069 5070 5057
f 5041 5053 5077
f 5053 5043 5078
f 5077 5078 5050
f 5053 5078 5077
f 5045 5058 5074
f 5058 5041 5073
f 5074 5073 5049
f 5058 5073 5074
f 5047 5065 5066
f 5065 5045 5062
f 5066 5062 5046
f 5065 5062 5066
f 5048 5071 5067
f 5071 5047 5063
f 5067 5063 5040
f 5071 5063 5067

o geometry_398
v -0.33748582 3.72533916 0.15865240
v -0.08084428 3.72533916 0.15865240
v -0.33748582 3.43466084 0.15865240
v -0.08084428 3.43466084 0.15865240
v -0.20916505 3.49017546 0.31134259
v -0.20916505 3.66982454 0.31134259
v -0.20916505 3.49017546 0.00596221
v -0.20916505 3.66982454 0.00596221
v -0.00153768 3.58000000 0.06428467
v -0.00153768 3.58000000 0.25302013
v -0.41679242 3.58000000 0.06428467
v -0.41679242 3.58000000 0.25302013
v -0.20916505 3.75085643 0.15865240
v -0.20916505 3.40914357 0.15865240
v -0.28459010 3.44177425 0.24840144
v -0.13373999 3.44177425 0.24840144
v -0.28459010 3.71822575 0.24840144
v -0.13373999 3.71822575 0.24840144
v -0.20916505 3.58000000 0.33815048
v -0.28459010 3.44177425 0.06890335
v -0.13373999 3.44177425 0.06890335
v -0.28459010 3.71822575 0.06890335
v -0.13373999 3.71822575 0.06890335
v -0.20916505 3.58000000 -0.02084569
v -0.01169968 3.66542821 0.10318444
v -0.01169968 3.49457179 0.10318444
v -0.08712474 3.52720246 0.01343540
v -0.08712474 3.63279754 0.01343540
v -0.01169968 3.66542821 0.21412036
v -0.01169968 3.49457179 0.21412036
v -0.08712474 3.52720246 0.30386940
v -0.08712474 3.63279754 0.30386940
v 0.03491556 3.58000000 0.15865240
v -0.40663041 3.66542821 0.10318444
v -0.40663041 3.49457179 0.10318444
v -0.33120535 3.52720246 0.01343540
v -0.33120535 3.63279754 0.01343540
v -0.40663041 3.66542821 0.21412036
v -0.40663041 3.49457179 0.21412036
v -0.33120535 3.52720246 0.30386940
v -0.33120535 3.63279754 0.30386940
v -0.45324566 3.58000000 0.15865240
f 5081 5118 5097
f 5118 5092 5121
f 5097 5121 5086
f 5118 5121 5097
f 5081 5097 5093
f 5097 5086 5098
f 5093 5098 5082
f 5097 5098 5093
f 5081 5093 5102
f 5093 5082 5103
f 5102 5103 5088
f 5093 5103 5102
f 5081 5102 5114
f 5102 5088 5117
f 5114 5117 5091
f 5102 5117 5114
f 5081 5114 5118
f 5114 5091 5122
f 5118 5122 5092
f 5114 5122 5118
f 5082 5098 5109
f 5098 5086 5112
f 5109 5112 5090
f 5098 5112 5109
f 5086 5121 5099
f 5121 5092 5120
f 5099 5120 5085
f 5121 5120 5099
f 5092 5122 5119
f 5122 5091 5115
f 5119 5115 5083
f 5122 5115 5119
f 5091 5117 5116
f 5117 5088 5104
f 5116 5104 5087
f 5117 5104 5116
f 5088 5103 5108
f 5103 5082 5105
f 5108 5105 5089
f 5103 5105 5108
f 5084 5110 5096
f 5110 5090 5111
f 5096 5111 5085
f 5110 5111 5096
f 5084 5096 5094
f 5096 5085 5095
f 5094 5095 5083
f 5096 5095 5094
f 5084 5094 5101
f 5094 5083 5100
f 5101 5100 5087
f 5094 5100 5101
f 5084 5101 5106
f 5101 5087 5107
f 5106 5107 5089
f 5101 5107 5106
f 5084 5106 5110
f 5106 5089 5113
f 5110 5113 5090
f 5106 5113 5110
f 5085 5111 5099
f 5111 5090 5112
f 5099 5112 5086
f 5111 5112 5099
f 5083 5095 5119
f 5095 5085 5120
f 5119 5120 5092
f 5095 5120 5119
f 5087 5100 5116
f 5100 5083 5115
f 5116 5115 5091
f 5100 5115 5116
f 5089 5107 5108
f 5107 5087 5104
f 5108 5104 5088
f 5107 5104 5108
f 5090 5113 5109
f 5113 5089 5105
f 5109 5105 5082
f 5113 5105 5109

o geometry_399
v 0.27820838 3.70674606 0.13835615
v 0.50201801 3.70674606 0.13835615
v 0.27820838 3.45325394 0.13835615
v 0.50201801 3.45325394 0.13835615
v 0.39011319 3.50166663 0.33976039
v 0.39011319 3.65833337 0.33976039
v 0.39011319 3.50166663 -0.06304810
v 0.39011319 3.65833337 -0.06304810
v 0.57117899 3.58000000 0.01388148
v 0.57117899 3.58000000 0.26283081
v 0.20904740 3.58000000 0.01388148
v 0.20904740 3.58000000 0.26283081
v 0.39011319 3.72899893 0.13835615
v 0.39011319 3.43100107 0.13835615
v 0.32433719 3.45945734 0.25673859
v 0.45588919 3.45945734 0.25673859
v 0.32433719 3.70054266 0.25673859
v 0.45588919 3.70054266 0.25673859
v 0.39011319 3.58000000 0.37512104
v 0.32433719 3.45945734 0.01997370
v 0.45588919 3.45945734 0.01997370
v 0.32433719 3.70054266 0.01997370
v 0.45588919 3.70054266 0.01997370
v 0.39011319 3.58000000 -0.09840875
v 0.56231700 3.65449946 0.06519177
v 0.56231700 3.50550054 0.06519177
v 0.49654100 3.53395680 -0.05319067
v 0.49654100 3.62604320 -0.05319067
v 0.56231700 3.65449946 0.21152052
v 0.56231700 3.50550054 0.21152052
v 0.49654100 3.53395680 0.32990297
v 0.49654100 3.62604320 0.32990297
v 0.60296880 3.58000000 0.13835615
v 0.21790939 3.65449946 0.06519177
v 0.21790939 3.50550054 0.06519177
v 0.28368539 3.53395680 -0.05319067
v 0.28368539 3.62604320 -0.05319067
v 0.21790939 3.65449946 0.21152052
v 0.21790939 3.50550054 0.21152052
v 0.28368539 3.53395680 0.32990297
v 0.28368539 3.62604320 0.32990297
v 0.17725759 3.58000000 0.13835615
f 5123 5160 5139
f 5160 5134 5163
f 5139 5163 5128
f 5160 5163 5139
f 5123 5139 5135
f 5139 5128 5140
f 5135 5140 5124
f 5139 5140 5135
f 5123 5135 5144
f 5135 5124 5145
f 5144 5145 5130
f 5135 5145 5144
f 5123 5144 5156
f 5144 5130 5159
f 5156 5159 5133
f 5144 5159 5156
f 5123 5156 5160
f 5156 5133 5164
f 5160 5164 5134
f 5156 5164 5160
f 5124 5140 5151
f 5140 5128 5154
f 5151 5154 5132
f 5140 5154 5151
f 5128 5163 5141
f 5163 5134 5162
f 5141 5162 5127
f 5163 5162 5141
f 5134 5164 5161
f 5164 5133 5157
f 5161 5157 5125
f 5164 5157 5161
f 5133 5159 5158
f 5159 5130 5146
f 5158 5146 5129
f 5159 5146 5158
f 5130 5145 5150
f 5145 5124 5147
f 5150 5147 5131
f 5145 5147 5150
f 5126 5152 5138
f 5152 5132 5153
f 5138 5153 5127
f 5152 5153 5138
f 5126 5138 5136
f 5138 5127 5137
f 5136 5137 5125
f 5138 5137 5136
f 5126 5136 5143
f 5136 5125 5142
f 5143 5142 5129
f 5136 5142 5143
f 5126 5143 5148
f 5143 5129 5149
f 5148 5149 5131
f 5143 5149 5148
f 5126 5148 5152
f 5148 5131 5155
f 5152 5155 5132
f 5148 5155 5152
f 5127 5153 5141
f 5153 5132 5154
f 5141 5154 5128
f 5153 5154 5141
f 5125 5137 5161
f 5137 5127 5162
f 5161 5162 5134
f 5137 5162 5161
f 5129 5142 5158
f 5142 5125 5157
f 5158 5157 5133
f 5142 5157 5158
f 5131 5149 5150
f 5149 5129 5146
f 5150 5146 5130
f 5149 5146 5150
f 5132 5155 5151
f 5155 5131 5147
f 5151 5147 5124
f 5155 5147 5151

o geometry_400
v -0.01941665 3.73387116 0.16796594
v 0.25229079 3.73387116 0.16796594
v -0.01941665 3.42612884 0.16796594
v 0.25229079 3.42612884 0.16796594
v 0.11643707 3.48490239 0.31319894
v 0.11643707 3.67509761 0.31319894
v 0.11643707 3.48490239 0.02273294
v 0.11643707 3.67509761 0.02273294
v 0.33625301 3.58000000 0.07820701
v 0.33625301 3.58000000 0.25772487
v -0.10337887 3.58000000 0.07820701
v -0.10337887 3.58000000 0.25772487
v 0.11643707 3.76088639 0.16796594
v 0.11643707 3.39911361 0.16796594
v 0.03658426 3.43365983 0.25333175
v 0.19628989 3.43365983 0.25333175
v 0.03658426 3.72634017 0.25333175
v 0.19628989 3.72634017 0.25333175
v 0.11643707 3.58000000 0.33869757
v 0.03658426 3.43365983 0.08260012
v 0.19628989 3.43365983 0.08260012
v 0.03658426 3.72634017 0.08260012
v 0.19628989 3.72634017 0.08260012
v 0.11643707 3.58000000 -0.00276570
v 0.32549445 3.67044320 0.11520696
v 0.32549445 3.48955680 0.11520696
v 0.24564164 3.52410303 0.02984115
v 0.24564164 3.63589697 0.02984115
v 0.32549445 3.67044320 0.22072491
v 0.32549445 3.48955680 0.22072491
v 0.24564164 3.52410303 0.30609073
v 0.24564164 3.63589697 0.30609073
v 0.37484621 3.58000000 0.16796594
v -0.09262031 3.67044320 0.11520696
v -0.09262031 3.48955680 0.11520696
v -0.01276750 3.52410303 0.02984115
v -0.01276750 3.63589697 0.02984115
v -0.09262031 3.67044320 0.22072491
v -0.09262031 3.48955680 0.22072491
v -0.01276750 3.52410303 0.30609073
v -0.01276750 3.63589697 0.30609073
v -0.14197206 3.58000000 0.16796594
f 5165 5202 5181
f 5202 5176 5205
f 5181 5205 5170
f 5202 5205 5181
f 5165 5181 5177
f 5181 5170 5182
f 5177 5182 5166
f 5181 5182 5177
f 5165 5177 5186
f 5177 5166 5187
f 5186 5187 5172
f 5177 5187 5186
f 5165 5186 5198
f 5186 5172 5201
f 5198 5201 5175
f 5186 5201 5198
f 5165 5198 5202
f 5198 5175 5206
f 5202 5206 5176
f 5198 5206 5202
f 5166 5182 5193
f 5182 5170 5196
f 5193 5196 5174
f 5182 5196 5193
f 5170 5205 5183
f 5205 5176 5204
f 5183 5204 5169
f 5205 5204 5183
f 5176 5206 5203
f 5206 5175 5199
f 5203 5199 5167
f 5206 5199 5203
f 5175 5201 5200
f 5201 5172 5188
f 5200 5188 5171
f 5201 5188 5200
f 5172 5187 5192
f 5187 5166 5189
f 5192 5189 5173
f 5187 5189 5192
f 5168 5194 5180
f 5194 5174 5195
f 5180 5195 5169
f 5194 5195 5180
f 5168 5180 5178
f 5180 5169 5179
f 5178 5179 5167
f 5180 5179 5178
f 5168 5178 5185
f 5178 5167 5184
f 5185 5184 5171
f 5178 5184 5185
f 5168 5185 5190
f 5185 5171 5191
f 5190 5191 5173
f 5185 5191 5190
f 5168 5190 5194
f 5190 5173 5197
f 5194 5197 5174
f 5190 5197 5194
f 5169 5195 5183
f 5195 5174 5196
f 5183 5196 5170
f 5195 5196 5183
f 5167 5179 5203
f 5179 5169 5204
f 5203 5204 5176
f 5179 5204 5203
f 5171 5184 5200
f 5184 5167 5199
f 5200 5199 5175
f 5184 5199 5200
f 5173 5191 5192
f 5191 5171 5188
f 5192 5188 5172
f 5191 5188 5192
f 5174 5197 5193
f 5197 5173 5189
f 5193 5189 5166
f 5197 5189 5193

o geometry_401
v -2.00000000 3.70500000 0.00000000
v -2.00000000 3.70500000 0.18000000
v -2.00000000 4.25500000 0.00000000
v -2.00000000 4.25500000 0.18000000
v 2.00000000 3.70500000 0.00000000
v 2.00000000 3.70500000 0.18000000
v 2.00000000 4.25500000 0.00000000
v 2.00000000 4.25500000 0.18000000
f 5208 5210 5207
f 5211 5208 5207
f 5207 5210 5209
f 5209 5211 5207
f 5208 5214 5210
f 5212 5208 5211
f 5212 5214 5208
f 5210 5214 5209
f 5213 5211 5209
f 5209 5214 5213
f 5213 5212 5211
f 5214 5212 5213

o geometry_402
v -2.00000000 3.67000000 3.25000000
v -2.00000000 3.67000000 3.50000000
v -2.00000000 4.29000000 3.25000000
v -2.00000000 4.29000000 3.50000000
v 2.00000000 3.67000000 3.25000000
v 2.00000000 3.67000000 3.50000000
v 2.00000000 4.29000000 3.25000000
v 2.00000000 4.29000000 3.50000000
f 5216 5218 5215
f 5219 5216 5215
f 5215 5218 5217
f 5217 5219 5215
f 5216 5222 5218
f 5220 5216 5219
f 5220 5222 5216
f 5218 5222 5217
f 5221 5219 5217
f 5217 5222 5221
f 5221 5220 5219
f 5222 5220 5221

o geometry_403
v 2.81220894 3.50924367 0.02725968
v 2.81220894 3.50924367 0.50225968
v 2.80583784 3.98920139 0.02725968
v 2.80583784 3.98920139 0.50225968
v 3.34313938 3.51629139 0.02725968
v 3.34313938 3.51629139 0.50225968
v 3.33676828 3.99624911 0.02725968
v 3.33676828 3.99624911 0.50225968
f 5224 5226 5223
f 5227 5224 5223
f 5223 5226 5225
f 5225 5227 5223
f 5224 5230 5226
f 5228 5224 5227
f 5228 5230 5224
f 5226 5230 5225
f 5229 5227 5225
f 5225 5230 5229
f 5229 5228 5227
f 5230 5228 5229

o geometry_404
v 3.35772985 3.50761202 -0.01104974
v 3.35772985 3.50761202 0.46395026
v 3.35822488 3.98761177 -0.01104974
v 3.35822488 3.98761177 0.46395026
v 3.90391637 3.50704873 -0.01104974
v 3.90391637 3.50704873 0.46395026
v 3.90441141 3.98704848 -0.01104974
v 3.90441141 3.98704848 0.46395026
f 5232 5234 5231
f 5235 5232 5231
f 5231 5234 5233
f 5233 5235 5231
f 5232 5238 5234
f 5236 5232 5235
f 5236 5238 5232
f 5234 5238 5233
f 5237 5235 5233
f 5233 5238 5237
f 5237 5236 5235
f 5238 5236 5237

o geometry_405
v 3.91939846 3.51886923 0.03254502
v 3.91939846 3.51886923 0.50754502
v 3.92496817 3.99883692 0.03254502
v 3.92496817 3.99883692 0.50754502
v 4.49199628 3.51222461 0.03254502
v 4.49199628 3.51222461 0.50754502
v 4.49756599 3.99219230 0.03254502
v 4.49756599 3.99219230 0.50754502
f 5240 5242 5239
f 5243 5240 5239
f 5239 5242 5241
f 5241 5243 5239
f 5240 5246 5242
f 5244 5240 5243
f 5244 5246 5240
f 5242 5246 5241
f 5245 5243 5241
f 5241 5246 5245
f 5245 5244 5243
f 5246 5244 5245

o geometry_406
v 4.51333341 3.52703667 0.01468804
v 4.51333341 3.52703667 0.48968804
v 4.51226866 4.00703549 0.01468804
v 4.51226866 4.00703549 0.48968804
v 5.02431113 3.52817014 0.01468804
v 5.02431113 3.52817014 0.48968804
v 5.02324638 4.00816896 0.01468804
v 5.02324638 4.00816896 0.48968804
f 5248 5250 5247
f 5251 5248 5247
f 5247 5250 5249
f 5249 5251 5247
f 5248 5254 5250
f 5252 5248 5251
f 5252 5254 5248
f 5250 5254 5249
f 5253 5251 5249
f 5249 5254 5253
f 5253 5252 5251
f 5254 5252 5253

o geometry_407
v 5.04479461 3.52569592 0.00147412
v 5.04479461 3.52569592 0.47647412
v 5.03879939 4.00565848 0.00147412
v 5.03879939 4.00565848 0.47647412
v 5.49646422 3.53133773 0.00147412
v 5.49646422 3.53133773 0.47647412
v 5.49046900 4.01130029 0.00147412
v 5.49046900 4.01130029 0.47647412
f 5256 5258 5255
f 5259 5256 5255
f 5255 5258 5257
f 5257 5259 5255
f 5256 5262 5258
f 5260 5256 5259
f 5260 5262 5256
f 5258 5262 5257
f 5261 5259 5257
f 5257 5262 5261
f 5261 5260 5259
f 5262 5260 5261

o geometry_408
v 5.50889954 3.53320361 0.02735735
v 5.50889954 3.53320361 0.50235735
v 5.51410119 4.01317542 0.02735735
v 5.51410119 4.01317542 0.50235735
v 6.05841158 3.52724832 0.02735735
v 6.05841158 3.52724832 0.50235735
v 6.06361323 4.00722014 0.02735735
v 6.06361323 4.00722014 0.50235735
f 5264 5266 5263
f 5267 5264 5263
f 5263 5266 5265
f 5265 5267 5263
f 5264 5270 5266
f 5268 5264 5267
f 5268 5270 5264
f 5266 5270 5265
f 5269 5267 5265
f 5265 5270 5269
f 5269 5268 5267
f 5270 5268 5269

o geometry_409
v 6.08171905 3.52825982 -0.01241126
v 6.08171905 3.52825982 0.46258874
v 6.07637094 4.00823002 -0.01241126
v 6.07637094 4.00823002 0.46258874
v 6.61195497 3.53416802 -0.01241126
v 6.61195497 3.53416802 0.46258874
v 6.60660685 4.01413823 -0.01241126
v 6.60660685 4.01413823 0.46258874
f 5272 5274 5271
f 5275 5272 5271
f 5271 5274 5273
f 5273 5275 5271
f 5272 5278 5274
f 5276 5272 5275
f 5276 5278 5272
f 5274 5278 5273
f 5277 5275 5273
f 5273 5278 5277
f 5277 5276 5275
f 5278 5276 5277

o geometry_410
v 6.62998375 3.52763610 0.03662106
v 6.62998375 3.52763610 0.51162106
v 6.62462119 4.00760614 0.03662106
v 6.62462119 4.00760614 0.51162106
v 6.79367617 3.52946499 0.03662106
v 6.79367617 3.52946499 0.51162106
v 6.78831361 4.00943503 0.03662106
v 6.78831361 4.00943503 0.51162106
f 5280 5282 5279
f 5283 5280 5279
f 5279 5282 5281
f 5281 5283 5279
f 5280 5286 5282
f 5284 5280 5283
f 5284 5286 5280
f 5282 5286 5281
f 5285 5283 5281
f 5281 5286 5285
f 5285 5284 5283
f 5286 5284 5285

o geometry_411
v 2.81028474 3.50452123 0.51446117
v 2.81028474 3.50452123 0.98946117
v 2.80772400 3.98451440 0.51446117
v 2.80772400 3.98451440 0.98946117
v 3.42428809 3.50779692 0.51446117
v 3.42428809 3.50779692 0.98946117
v 3.42172735 3.98779009 0.51446117
v 3.42172735 3.98779009 0.98946117
f 5288 5290 5287
f 5291 5288 5287
f 5287 5290 5289
f 5289 5291 5287
f 5288 5294 5290
f 5292 5288 5291
f 5292 5294 5288
f 5290 5294 5289
f 5293 5291 5289
f 5289 5294 5293
f 5293 5292 5291
f 5294 5292 5293

o geometry_412
v 3.44440064 3.50259335 0.52203210
v 3.44440064 3.50259335 0.99703210
v 3.43768234 3.98254633 0.52203210
v 3.43768234 3.98254633 0.99703210
v 4.04461851 3.51099511 0.52203210
v 4.04461851 3.51099511 0.99703210
v 4.03790021 3.99094809 0.52203210
v 4.03790021 3.99094809 0.99703210
f 5296 5298 5295
f 5299 5296 5295
f 5295 5298 5297
f 5297 5299 5295
f 5296 5302 5298
f 5300 5296 5299
f 5300 5302 5296
f 5298 5302 5297
f 5301 5299 5297
f 5297 5302 5301
f 5301 5300 5299
f 5302 5300 5301

o geometry_413
v 4.05690157 3.52961708 0.50555950
v 4.05690157 3.52961708 0.98055950
v 4.06171172 4.00959298 0.50555950
v 4.06171172 4.00959298 0.98055950
v 4.76909883 3.52247969 0.50555950
v 4.76909883 3.52247969 0.98055950
v 4.77390898 4.00245558 0.50555950
v 4.77390898 4.00245558 0.98055950
f 5304 5306 5303
f 5307 5304 5303
f 5303 5306 5305
f 5305 5307 5303
f 5304 5310 5306
f 5308 5304 5307
f 5308 5310 5304
f 5306 5310 5305
f 5309 5307 5305
f 5305 5310 5309
f 5309 5308 5307
f 5310 5308 5309

o geometry_414
v 4.79026559 3.53213339 0.50256796
v 4.79026559 3.53213339 0.97756796
v 4.78878081 4.01213109 0.50256796
v 4.78878081 4.01213109 0.97756796
v 5.38093932 3.53396053 0.50256796
v 5.38093932 3.53396053 0.97756796
v 5.37945454 4.01395823 0.50256796
v 5.37945454 4.01395823 0.97756796
f 5312 5314 5311
f 5315 5312 5311
f 5311 5314 5313
f 5313 5315 5311
f 5312 5318 5314
f 5316 5312 5315
f 5316 5318 5312
f 5314 5318 5313
f 5317 5315 5313
f 5313 5318 5317
f 5317 5316 5315
f 5318 5316 5317

o geometry_415
v 5.39683466 3.51628374 0.50439484
v 5.39683466 3.51628374 0.97939484
v 5.39957125 3.99627594 0.50439484
v 5.39957125 3.99627594 0.97939484
v 5.96437519 3.51304801 0.50439484
v 5.96437519 3.51304801 0.97939484
v 5.96711178 3.99304021 0.50439484
v 5.96711178 3.99304021 0.97939484
f 5320 5322 5319
f 5323 5320 5319
f 5319 5322 5321
f 5321 5323 5319
f 5320 5326 5322
f 5324 5320 5323
f 5324 5326 5320
f 5322 5326 5321
f 5325 5323 5321
f 5321 5326 5325
f 5325 5324 5323
f 5326 5324 5325

o geometry_416
v 5.98361293 3.52077489 0.50328966
v 5.98361293 3.52077489 0.97828966
v 5.98388338 4.00077482 0.50328966
v 5.98388338 4.00077482 0.97828966
v 6.68362200 3.52038047 0.50328966
v 6.68362200 3.52038047 0.97828966
v 6.68389246 4.00038040 0.50328966
v 6.68389246 4.00038040 0.97828966
f 5328 5330 5327
f 5331 5328 5327
f 5327 5330 5329
f 5329 5331 5327
f 5328 5334 5330
f 5332 5328 5331
f 5332 5334 5328
f 5330 5334 5329
f 5333 5331 5329
f 5329 5334 5333
f 5333 5332 5331
f 5334 5332 5333

o geometry_417
v 6.69832661 3.53395325 0.53625498
v 6.69832661 3.53395325 1.01125498
v 6.70519711 4.01390408 0.53625498
v 6.70519711 4.01390408 1.01125498
v 6.78756018 3.53267587 0.53625498
v 6.78756018 3.53267587 1.01125498
v 6.79443068 4.01262670 0.53625498
v 6.79443068 4.01262670 1.01125498
f 5336 5338 5335
f 5339 5336 5335
f 5335 5338 5337
f 5337 5339 5335
f 5336 5342 5338
f 5340 5336 5339
f 5340 5342 5336
f 5338 5342 5337
f 5341 5339 5337
f 5337 5342 5341
f 5341 5340 5339
f 5342 5340 5341

o geometry_418
v 2.81108452 3.50668946 0.98840338
v 2.81108452 3.50668946 1.46340338
v 2.80694114 3.98667158 0.98840338
v 2.80694114 3.98667158 1.46340338
v 3.49990055 3.51263557 0.98840338
v 3.49990055 3.51263557 1.46340338
v 3.49575717 3.99261769 0.98840338
v 3.49575717 3.99261769 1.46340338
f 5344 5346 5343
f 5347 5344 5343
f 5343 5346 5345
f 5345 5347 5343
f 5344 5350 5346
f 5348 5344 5347
f 5348 5350 5344
f 5346 5350 5345
f 5349 5347 5345
f 5345 5350 5349
f 5349 5348 5347
f 5350 5348 5349

o geometry_419
v 3.51260719 3.52192616 0.98795392
v 3.51260719 3.52192616 1.46295392
v 3.51913412 4.00188178 0.98795392
v 3.51913412 4.00188178 1.46295392
v 4.13905424 3.51340709 0.98795392
v 4.13905424 3.51340709 1.46295392
v 4.14558117 3.99336271 0.98795392
v 4.14558117 3.99336271 1.46295392
f 5352 5354 5351
f 5355 5352 5351
f 5351 5354 5353
f 5353 5355 5351
f 5352 5358 5354
f 5356 5352 5355
f 5356 5358 5352
f 5354 5358 5353
f 5357 5355 5353
f 5353 5358 5357
f 5357 5356 5355
f 5358 5356 5357

o geometry_420
v 4.16219673 3.50406387 0.99732608
v 4.16219673 3.50406387 1.47232608
v 4.15851416 3.98404975 0.99732608
v 4.15851416 3.98404975 1.47232608
v 4.75857859 3.50863946 0.99732608
v 4.75857859 3.50863946 1.47232608
v 4.75489603 3.98862533 0.99732608
v 4.75489603 3.98862533 1.47232608
f 5360 5362 5359
f 5363 5360 5359
f 5359 5362 5361
f 5361 5363 5359
f 5360 5366 5362
f 5364 5360 5363
f 5364 5366 5360
f 5362 5366 5361
f 5365 5363 5361
f 5361 5366 5365
f 5365 5364 5363
f 5366 5364 5365

o geometry_421
v 4.77370401 3.50830498 1.00471909
v 4.77370401 3.50830498 1.47971909
v 4.77579498 3.98830043 1.00471909
v 4.77579498 3.98830043 1.47971909
v 5.49176618 3.50517694 1.00471909
v 5.49176618 3.50517694 1.47971909
v 5.49385715 3.98517239 1.00471909
v 5.49385715 3.98517239 1.47971909
f 5368 5370 5367
f 5371 5368 5367
f 5367 5370 5369
f 5369 5371 5367
f 5368 5374 5370
f 5372 5368 5371
f 5372 5374 5368
f 5370 5374 5369
f 5373 5371 5369
f 5369 5374 5373
f 5373 5372 5371
f 5374 5372 5373

o geometry_422
v 5.51261258 3.50930828 0.99290264
v 5.51261258 3.50930828 1.46790264
v 5.50903568 3.98929495 0.99290264
v 5.50903568 3.98929495 1.46790264
v 6.16485851 3.51416887 0.99290264
v 6.16485851 3.51416887 1.46790264
v 6.16128162 3.99415554 0.99290264
v 6.16128162 3.99415554 1.46790264
f 5376 5378 5375
f 5379 5376 5375
f 5375 5378 5377
f 5377 5379 5375
f 5376 5382 5378
f 5380 5376 5379
f 5380 5382 5376
f 5378 5382 5377
f 5381 5379 5377
f 5377 5382 5381
f 5381 5380 5379
f 5382 5380 5381

o geometry_423
v 6.18431606 3.50515221 0.98933158
v 6.18431606 3.50515221 1.46433158
v 6.17789673 3.98510929 0.98933158
v 6.17789673 3.98510929 1.46433158
v 6.79418239 3.51330905 0.98933158
v 6.79418239 3.51330905 1.46433158
v 6.78776306 3.99326613 0.98933158
v 6.78776306 3.99326613 1.46433158
f 5384 5386 5383
f 5387 5384 5383
f 5383 5386 5385
f 5385 5387 5383
f 5384 5390 5386
f 5388 5384 5387
f 5388 5390 5384
f 5386 5390 5385
f 5389 5387 5385
f 5385 5390 5389
f 5389 5388 5387
f 5390 5388 5389

o geometry_424
v 2.81203303 3.52114801 1.51804138
v 2.81203303 3.52114801 1.99304138
v 2.80601273 4.00111025 1.51804138
v 2.80601273 4.00111025 1.99304138
v 3.39380399 3.52844532 1.51804138
v 3.39380399 3.52844532 1.99304138
v 3.38778370 4.00840756 1.51804138
v 3.38778370 4.00840756 1.99304138
f 5392 5394 5391
f 5395 5392 5391
f 5391 5394 5393
f 5393 5395 5391
f 5392 5398 5394
f 5396 5392 5395
f 5396 5398 5392
f 5394 5398 5393
f 5397 5395 5393
f 5393 5398 5397
f 5397 5396 5395
f 5398 5396 5397

o geometry_425
v 3.40747130 3.50902838 1.51475720
v 3.40747130 3.50902838 1.98975720
v 3.41017200 3.98902079 1.51475720
v 3.41017200 3.98902079 1.98975720
v 4.02970488 3.50552736 1.51475720
v 4.02970488 3.50552736 1.98975720
v 4.03240558 3.98551976 1.51475720
v 4.03240558 3.98551976 1.98975720
f 5400 5402 5399
f 5403 5400 5399
f 5399 5402 5401
f 5401 5403 5399
f 5400 5406 5402
f 5404 5400 5403
f 5404 5406 5400
f 5402 5406 5401
f 5405 5403 5401
f 5401 5406 5405
f 5405 5404 5403
f 5406 5404 5405

o geometry_426
v 4.04654920 3.53294644 1.49140981
v 4.04654920 3.53294644 1.96640981
v 4.05160541 4.01291981 1.49140981
v 4.05160541 4.01291981 1.96640981
v 4.66499489 3.52643152 1.49140981
v 4.66499489 3.52643152 1.96640981
v 4.67005109 4.00640489 1.49140981
v 4.67005109 4.00640489 1.96640981
f 5408 5410 5407
f 5411 5408 5407
f 5407 5410 5409
f 5409 5411 5407
f 5408 5414 5410
f 5412 5408 5411
f 5412 5414 5408
f 5410 5414 5409
f 5413 5411 5409
f 5409 5414 5413
f 5413 5412 5411
f 5414 5412 5413

o geometry_427
v 4.68232096 3.50971800 1.49557647
v 4.68232096 3.50971800 1.97057647
v 4.68882161 3.98967398 1.49557647
v 4.68882161 3.98967398 1.97057647
v 5.36124956 3.50052241 1.49557647
v 5.36124956 3.50052241 1.97057647
v 5.36775021 3.98047839 1.49557647
v 5.36775021 3.98047839 1.97057647
f 5416 5418 5415
f 5419 5416 5415
f 5415 5418 5417
f 5417 5419 5415
f 5416 5422 5418
f 5420 5416 5419
f 5420 5422 5416
f 5418 5422 5417
f 5421 5419 5417
f 5417 5422 5421
f 5421 5420 5419
f 5422 5420 5421

o geometry_428
v 5.38065115 3.52186718 1.50779440
v 5.38065115 3.52186718 1.98279440
v 5.38443347 4.00185228 1.50779440
v 5.38443347 4.00185228 1.98279440
v 6.10796718 3.51613588 1.50779440
v 6.10796718 3.51613588 1.98279440
v 6.11174949 3.99612098 1.50779440
v 6.11174949 3.99612098 1.98279440
f 5424 5426 5423
f 5427 5424 5423
f 5423 5426 5425
f 5425 5427 5423
f 5424 5430 5426
f 5428 5424 5427
f 5428 5430 5424
f 5426 5430 5425
f 5429 5427 5425
f 5425 5430 5429
f 5429 5428 5427
f 5430 5428 5429

o geometry_429
v 6.12730719 3.51099007 1.51028326
v 6.12730719 3.51099007 1.98528326
v 6.12843388 3.99098875 1.51028326
v 6.12843388 3.99098875 1.98528326
v 6.79043574 3.50943352 1.51028326
v 6.79043574 3.50943352 1.98528326
v 6.79156243 3.98943220 1.51028326
v 6.79156243 3.98943220 1.98528326
f 5432 5434 5431
f 5435 5432 5431
f 5431 5434 5433
f 5433 5435 5431
f 5432 5438 5434
f 5436 5432 5435
f 5436 5438 5432
f 5434 5438 5433
f 5437 5435 5433
f 5433 5438 5437
f 5437 5436 5435
f 5438 5436 5437

o geometry_430
v 2.80895367 3.50757353 1.98913606
v 2.80895367 3.50757353 2.46413606
v 2.80904634 3.98757353 1.98913606
v 2.80904634 3.98757353 2.46413606
v 3.38500608 3.50746231 1.98913606
v 3.38500608 3.50746231 2.46413606
v 3.38509876 3.98746230 1.98913606
v 3.38509876 3.98746230 2.46413606
f 5440 5442 5439
f 5443 5440 5439
f 5439 5442 5441
f 5441 5443 5439
f 5440 5446 5442
f 5444 5440 5443
f 5444 5446 5440
f 5442 5446 5441
f 5445 5443 5441
f 5441 5446 5445
f 5445 5444 5443
f 5446 5444 5445

o geometry_431
v 3.40632289 3.52636006 2.02408322
v 3.40632289 3.52636006 2.49908322
v 3.39984599 4.00631636 2.02408322
v 3.39984599 4.00631636 2.49908322
v 4.10950362 3.53584933 2.02408322
v 4.10950362 3.53584933 2.49908322
v 4.10302672 4.01580563 2.02408322
v 4.10302672 4.01580563 2.49908322
f 5448 5450 5447
f 5451 5448 5447
f 5447 5450 5449
f 5449 5451 5447
f 5448 5454 5450
f 5452 5448 5451
f 5452 5454 5448
f 5450 5454 5449
f 5453 5451 5449
f 5449 5454 5453
f 5453 5452 5451
f 5454 5452 5453

o geometry_432
v 4.12382663 3.51201735 1.99283153
v 4.12382663 3.51201735 2.46783153
v 4.12476903 3.99201642 1.99283153
v 4.12476903 3.99201642 2.46783153
v 4.79326522 3.51070301 1.99283153
v 4.79326522 3.51070301 2.46783153
v 4.79420763 3.99070208 1.99283153
v 4.79420763 3.99070208 2.46783153
f 5456 5458 5455
f 5459 5456 5455
f 5455 5458 5457
f 5457 5459 5455
f 5456 5462 5458
f 5460 5456 5459
f 5460 5462 5456
f 5458 5462 5457
f 5461 5459 5457
f 5457 5462 5461
f 5461 5460 5459
f 5462 5460 5461

o geometry_433
v 4.81140008 3.51007368 2.00224065
v 4.81140008 3.51007368 2.47724065
v 4.81207464 3.99007320 2.00224065
v 4.81207464 3.99007320 2.47724065
v 5.40265186 3.50924276 2.00224065
v 5.40265186 3.50924276 2.47724065
v 5.40332643 3.98924229 2.00224065
v 5.40332643 3.98924229 2.47724065
f 5464 5466 5463
f 5467 5464 5463
f 5463 5466 5465
f 5465 5467 5463
f 5464 5470 5466
f 5468 5464 5467
f 5468 5470 5464
f 5466 5470 5465
f 5469 5467 5465
f 5465 5470 5469
f 5469 5468 5467
f 5470 5468 5469

o geometry_434
v 5.42065528 3.50994096 2.03630038
v 5.42065528 3.50994096 2.51130038
v 5.42132430 3.98994050 2.03630038
v 5.42132430 3.98994050 2.51130038
v 6.15004081 3.50892434 2.03630038
v 6.15004081 3.50892434 2.51130038
v 6.15070984 3.98892388 2.03630038
v 6.15070984 3.98892388 2.51130038
f 5472 5474 5471
f 5475 5472 5471
f 5471 5474 5473
f 5473 5475 5471
f 5472 5478 5474
f 5476 5472 5475
f 5476 5478 5472
f 5474 5478 5473
f 5477 5475 5473
f 5473 5478 5477
f 5477 5476 5475
f 5478 5476 5477

o geometry_435
v 6.16687717 3.51507127 2.01145212
v 6.16687717 3.51507127 2.48645212
v 6.16988642 3.99506184 2.01145212
v 6.16988642 3.99506184 2.48645212
v 6.78948925 3.51116786 2.01145212
v 6.78948925 3.51116786 2.48645212
v 6.79249851 3.99115843 2.01145212
v 6.79249851 3.99115843 2.48645212
f 5480 5482 5479
f 5483 5480 5479
f 5479 5482 5481
f 5481 5483 5479
f 5480 5486 5482
f 5484 5480 5483
f 5484 5486 5480
f 5482 5486 5481
f 5485 5483 5481
f 5481 5486 5485
f 5485 5484 5483
f 5486 5484 5485

o geometry_436
v 2.81255022 3.52599631 2.50635004
v 2.81255022 3.52599631 2.98135004
v 2.80551768 4.00594479 2.50635004
v 2.80551768 4.00594479 2.98135004
v 3.44509810 3.53526483 2.50635004
v 3.44509810 3.53526483 2.98135004
v 3.43806556 4.01521331 2.50635004
v 3.43806556 4.01521331 2.98135004
f 5488 5490 5487
f 5491 5488 5487
f 5487 5490 5489
f 5489 5491 5487
f 5488 5494 5490
f 5492 5488 5491
f 5492 5494 5488
f 5490 5494 5489
f 5493 5491 5489
f 5489 5494 5493
f 5493 5492 5491
f 5494 5492 5493

o geometry_437
v 3.45845708 3.51794549 2.51246612
v 3.45845708 3.51794549 2.98746612
v 3.46078297 3.99793985 2.51246612
v 3.46078297 3.99793985 2.98746612
v 4.18141867 3.51444225 2.51246612
v 4.18141867 3.51444225 2.98746612
v 4.18374457 3.99443661 2.51246612
v 4.18374457 3.99443661 2.98746612
f 5496 5498 5495
f 5499 5496 5495
f 5495 5498 5497
f 5497 5499 5495
f 5496 5502 5498
f 5500 5496 5499
f 5500 5502 5496
f 5498 5502 5497
f 5501 5499 5497
f 5497 5502 5501
f 5501 5500 5499
f 5502 5500 5501

o geometry_438
v 4.20324865 3.52364089 2.52660095
v 4.20324865 3.52364089 3.00160095
v 4.19795839 4.00361174 2.52660095
v 4.19795839 4.00361174 3.00160095
v 4.78469816 3.53004966 2.52660095
v 4.78469816 3.53004966 3.00160095
v 4.77940790 4.01002050 2.52660095
v 4.77940790 4.01002050 3.00160095
f 5504 5506 5503
f 5507 5504 5503
f 5503 5506 5505
f 5505 5507 5503
f 5504 5510 5506
f 5508 5504 5507
f 5508 5510 5504
f 5506 5510 5505
f 5509 5507 5505
f 5505 5510 5509
f 5509 5508 5507
f 5510 5508 5509

o geometry_439
v 4.80147711 3.50959699 2.52624490
v 4.80147711 3.50959699 3.00124490
v 4.79867493 3.98958881 2.52624490
v 4.79867493 3.98958881 3.00124490
v 5.42718196 3.51324984 2.52624490
v 5.42718196 3.51324984 3.00124490
v 5.42437978 3.99324166 2.52624490
v 5.42437978 3.99324166 3.00124490
f 5512 5514 5511
f 5515 5512 5511
f 5511 5514 5513
f 5513 5515 5511
f 5512 5518 5514
f 5516 5512 5515
f 5516 5518 5512
f 5514 5518 5513
f 5517 5515 5513
f 5513 5518 5517
f 5517 5516 5515
f 5518 5516 5517

o geometry_440
v 5.44526472 3.51014541 2.50567159
v 5.44526472 3.51014541 2.98067159
v 5.44232038 3.99013638 2.50567159
v 5.44232038 3.99013638 2.98067159
v 6.12015502 3.51428530 2.50567159
v 6.12015502 3.51428530 2.98067159
v 6.11721068 3.99427627 2.50567159
v 6.11721068 3.99427627 2.98067159
f 5520 5522 5519
f 5523 5520 5519
f 5519 5522 5521
f 5521 5523 5519
f 5520 5526 5522
f 5524 5520 5523
f 5524 5526 5520
f 5522 5526 5521
f 5525 5523 5521
f 5521 5526 5525
f 5525 5524 5523
f 5526 5524 5525

o geometry_441
v 6.13806857 3.51867925 2.52598737
v 6.13806857 3.51867925 3.00098737
v 6.13531987 3.99867138 2.52598737
v 6.13531987 3.99867138 3.00098737
v 6.75069699 3.52218750 2.52598737
v 6.75069699 3.52218750 3.00098737
v 6.74794829 4.00217963 2.52598737
v 6.74794829 4.00217963 3.00098737
f 5528 5530 5527
f 5531 5528 5527
f 5527 5530 5529
f 5529 5531 5527
f 5528 5534 5530
f 5532 5528 5531
f 5532 5534 5528
f 5530 5534 5529
f 5533 5531 5529
f 5529 5534 5533
f 5533 5532 5531
f 5534 5532 5533

o geometry_442
v 6.76790845 3.50660563 2.51998461
v 6.76790845 3.50660563 2.99498461
v 6.76674694 3.98660423 2.51998461
v 6.76674694 3.98660423 2.99498461
v 6.79158072 3.50666292 2.51998461
v 6.79158072 3.50666292 2.99498461
v 6.79041921 3.98666151 2.51998461
v 6.79041921 3.98666151 2.99498461
f 5536 5538 5535
f 5539 5536 5535
f 5535 5538 5537
f 5537 5539 5535
f 5536 5542 5538
f 5540 5536 5539
f 5540 5542 5536
f 5538 5542 5537
f 5541 5539 5537
f 5537 5542 5541
f 5541 5540 5539
f 5542 5540 5541

o geometry_443
v 2.81023882 3.51743099 3.00003461
v 2.81023882 3.51743099 3.47503461
v 2.80776717 3.99742463 3.00003461
v 2.80776717 3.99742463 3.47503461
v 3.26173832 3.51975592 3.00003461
v 3.26173832 3.51975592 3.47503461
v 3.25926667 3.99974955 3.00003461
v 3.25926667 3.99974955 3.47503461
f 5544 5546 5543
f 5547 5544 5543
f 5543 5546 5545
f 5545 5547 5543
f 5544 5550 5546
f 5548 5544 5547
f 5548 5550 5544
f 5546 5550 5545
f 5549 5547 5545
f 5545 5550 5549
f 5549 5548 5547
f 5550 5548 5549

o geometry_444
v 3.28065853 3.50823156 3.01987185
v 3.28065853 3.50823156 3.49487185
v 3.27637278 3.98821242 3.01987185
v 3.27637278 3.98821242 3.49487185
v 3.79082026 3.51278680 3.01987185
v 3.79082026 3.51278680 3.49487185
v 3.78653451 3.99276766 3.01987185
v 3.78653451 3.99276766 3.49487185
f 5552 5554 5551
f 5555 5552 5551
f 5551 5554 5553
f 5553 5555 5551
f 5552 5558 5554
f 5556 5552 5555
f 5556 5558 5552
f 5554 5558 5553
f 5557 5555 5553
f 5553 5558 5557
f 5557 5556 5555
f 5558 5556 5557

o geometry_445
v 3.80906248 3.51325187 3.02439137
v 3.80906248 3.51325187 3.49939137
v 3.80433664 3.99322861 3.02439137
v 3.80433664 3.99322861 3.49939137
v 4.30426346 3.51812761 3.02439137
v 4.30426346 3.51812761 3.49939137
v 4.29953762 3.99810434 3.02439137
v 4.29953762 3.99810434 3.49939137
f 5560 5562 5559
f 5563 5560 5559
f 5559 5562 5561
f 5561 5563 5559
f 5560 5566 5562
f 5564 5560 5563
f 5564 5566 5560
f 5562 5566 5561
f 5565 5563 5561
f 5561 5566 5565
f 5565 5564 5563
f 5566 5564 5565

o geometry_446
v 4.32127251 3.50831762 3.03099556
v 4.32127251 3.50831762 3.50599556
v 4.31856048 3.98830996 3.03099556
v 4.31856048 3.98830996 3.50599556
v 4.81677047 3.51111727 3.03099556
v 4.81677047 3.51111727 3.50599556
v 4.81405844 3.99110961 3.03099556
v 4.81405844 3.99110961 3.50599556
f 5568 5570 5567
f 5571 5568 5567
f 5567 5570 5569
f 5569 5571 5567
f 5568 5574 5570
f 5572 5568 5571
f 5572 5574 5568
f 5570 5574 5569
f 5573 5571 5569
f 5569 5574 5573
f 5573 5572 5571
f 5574 5572 5573

o geometry_447
v 4.83362977 3.50605071 3.01340697
v 4.83362977 3.50605071 3.48840697
v 4.83320727 3.98605052 3.01340697
v 4.83320727 3.98605052 3.48840697
v 5.41052543 3.50655849 3.01340697
v 5.41052543 3.50655849 3.48840697
v 5.41010293 3.98655831 3.01340697
v 5.41010293 3.98655831 3.48840697
f 5576 5578 5575
f 5579 5576 5575
f 5575 5578 5577
f 5577 5579 5575
f 5576 5582 5578
f 5580 5576 5579
f 5580 5582 5576
f 5578 5582 5577
f 5581 5579 5577
f 5577 5582 5581
f 5581 5580 5579
f 5582 5580 5581

o geometry_448
v 5.42815047 3.51006246 3.03436908
v 5.42815047 3.51006246 3.50936908
v 5.42847823 3.99006235 3.03436908
v 5.42847823 3.99006235 3.50936908
v 5.89975280 3.50974043 3.03436908
v 5.89975280 3.50974043 3.50936908
v 5.90008056 3.98974032 3.03436908
v 5.90008056 3.98974032 3.50936908
f 5584 5586 5583
f 5587 5584 5583
f 5583 5586 5585
f 5585 5587 5583
f 5584 5590 5586
f 5588 5584 5587
f 5588 5590 5584
f 5586 5590 5585
f 5589 5587 5585
f 5585 5590 5589
f 5589 5588 5587
f 5590 5588 5589

o geometry_449
v 5.91556701 3.51607863 3.02401767
v 5.91556701 3.51607863 3.49901767
v 5.92029263 3.99605537 3.02401767
v 5.92029263 3.99605537 3.49901767
v 6.45542617 3.51076344 3.02401767
v 6.45542617 3.51076344 3.49901767
v 6.46015179 3.99074018 3.02401767
v 6.46015179 3.99074018 3.49901767
f 5592 5594 5591
f 5595 5592 5591
f 5591 5594 5593
f 5593 5595 5591
f 5592 5598 5594
f 5596 5592 5595
f 5596 5598 5592
f 5594 5598 5593
f 5597 5595 5593
f 5593 5598 5597
f 5597 5596 5595
f 5598 5596 5597

o geometry_450
v 6.47523221 3.51794981 3.02077781
v 6.47523221 3.51794981 3.49577781
v 6.47637280 3.99794846 3.02077781
v 6.47637280 3.99794846 3.49577781
v 6.79042926 3.51720083 3.02077781
v 6.79042926 3.51720083 3.49577781
v 6.79156985 3.99719947 3.02077781
v 6.79156985 3.99719947 3.49577781
f 5600 5602 5599
f 5603 5600 5599
f 5599 5602 5601
f 5601 5603 5599
f 5600 5606 5602
f 5604 5600 5603
f 5604 5606 5600
f 5602 5606 5601
f 5605 5603 5601
f 5601 5606 5605
f 5605 5604 5603
f 5606 5604 5605

o geometry_451
v 3.15000000 3.68000000 0.10000000
v 3.38000000 3.68000000 0.10000000
v 3.38000000 3.68000000 3.35000000
v 3.15000000 3.68000000 3.35000000
v 3.37216294 3.73952838 0.10000000
v 3.37216294 3.73952838 3.35000000
v 3.34918584 3.79500000 0.10000000
v 3.34918584 3.79500000 3.35000000
v 3.31263456 3.84263456 0.10000000
v 3.31263456 3.84263456 3.35000000
v 3.26500000 3.87918584 0.10000000
v 3.26500000 3.87918584 3.35000000
v 3.20952838 3.90216294 0.10000000
v 3.20952838 3.90216294 3.35000000
v 3.15000000 3.91000000 0.10000000
v 3.15000000 3.91000000 3.35000000
v 3.09047162 3.90216294 0.10000000
v 3.09047162 3.90216294 3.35000000
v 3.03500000 3.87918584 0.10000000
v 3.03500000 3.87918584 3.35000000
v 2.98736544 3.84263456 0.10000000
v 2.98736544 3.84263456 3.35000000
v 2.95081416 3.79500000 0.10000000
v 2.95081416 3.79500000 3.35000000
v 2.92783706 3.73952838 0.10000000
v 2.92783706 3.73952838 3.35000000
v 2.92000000 3.68000000 0.10000000
v 2.92000000 3.68000000 3.35000000
v 2.92783706 3.62047162 0.10000000
v 2.92783706 3.62047162 3.35000000
v 2.95081416 3.56500000 0.10000000
v 2.95081416 3.56500000 3.35000000
v 2.98736544 3.51736544 0.10000000
v 2.98736544 3.51736544 3.35000000
v 3.03500000 3.48081416 0.10000000
v 3.03500000 3.48081416 3.35000000
v 3.09047162 3.45783706 0.10000000
v 3.09047162 3.45783706 3.35000000
v 3.15000000 3.45000000 0.10000000
v 3.15000000 3.45000000 3.35000000
v 3.20952838 3.45783706 0.10000000
v 3.20952838 3.45783706 3.35000000
v 3.26500000 3.48081416 0.10000000
v 3.26500000 3.48081416 3.35000000
v 3.31263456 3.51736544 0.10000000
v 3.31263456 3.51736544 3.35000000
v 3.34918584 3.56500000 0.10000000
v 3.34918584 3.56500000 3.35000000
v 3.37216294 3.62047162 0.10000000
v 3.37216294 3.62047162 3.35000000
f 5608 5607 5611
f 5608 5611 5609
f 5609 5611 5612
f 5609 5612 5610
f 5611 5607 5613
f 5611 5613 5612
f 5612 5613 5614
f 5612 5614 5610
f 5613 5607 5615
f 5613 5615 5614
f 5614 5615 5616
f 5614 5616 5610
f 5615 5607 5617
f 5615 5617 5616
f 5616 5617 5618
f 5616 5618 5610
f 5617 5607 5619
f 5617 5619 5618
f 5618 5619 5620
f 5618 5620 5610
f 5619 5607 5621
f 5619 5621 5620
f 5620 5621 5622
f 5620 5622 5610
f 5621 5607 5623
f 5621 5623 5622
f 5622 5623 5624
f 5622 5624 5610
f 5623 5607 5625
f 5623 5625 5624
f 5624 5625 5626
f 5624 5626 5610
f 5625 5607 5627
f 5625 5627 5626
f 5626 5627 5628
f 5626 5628 5610
f 5627 5607 5629
f 5627 5629 5628
f 5628 5629 5630
f 5628 5630 5610
f 5629 5607 5631
f 5629 5631 5630
f 5630 5631 5632
f 5630 5632 5610
f 5631 5607 5633
f 5631 5633 5632
f 5632 5633 5634
f 5632 5634 5610
f 5633 5607 5635
f 5633 5635 5634
f 5634 5635 5636
f 5634 5636 5610
f 5635 5607 5637
f 5635 5637 5636
f 5636 5637 5638
f 5636 5638 5610
f 5637 5607 5639
f 5637 5639 5638
f 5638 5639 5640
f 5638 5640 5610
f 5639 5607 5641
f 5639 5641 5640
f 5640 5641 5642
f 5640 5642 5610
f 5641 5607 5643
f 5641 5643 5642
f 5642 5643 5644
f 5642 5644 5610
f 5643 5607 5645
f 5643 5645 5644
f 5644 5645 5646
f 5644 5646 5610
f 5645 5607 5647
f 5645 5647 5646
f 5646 5647 5648
f 5646 5648 5610
f 5647 5607 5649
f 5647 5649 5648
f 5648 5649 5650
f 5648 5650 5610
f 5649 5607 5651
f 5649 5651 5650
f 5650 5651 5652
f 5650 5652 5610
f 5651 5607 5653
f 5651 5653 5652
f 5652 5653 5654
f 5652 5654 5610
f 5653 5607 5655
f 5653 5655 5654
f 5654 5655 5656
f 5654 5656 5610
f 5655 5607 5608
f 5655 5608 5656
f 5656 5608 5609
f 5656 5609 5610

o geometry_452
v 3.15000000 3.68000000 0.10000000
v 3.44440000 3.68000000 0.10000000
v 3.44440000 3.68000000 0.26000000
v 3.15000000 3.68000000 0.26000000
v 3.43436856 3.75619633 0.10000000
v 3.43436856 3.75619633 0.26000000
v 3.40495788 3.82720000 0.10000000
v 3.40495788 3.82720000 0.26000000
v 3.35817224 3.88817224 0.10000000
v 3.35817224 3.88817224 0.26000000
v 3.29720000 3.93495788 0.10000000
v 3.29720000 3.93495788 0.26000000
v 3.22619633 3.96436856 0.10000000
v 3.22619633 3.96436856 0.26000000
v 3.15000000 3.97440000 0.10000000
v 3.15000000 3.97440000 0.26000000
v 3.07380367 3.96436856 0.10000000
v 3.07380367 3.96436856 0.26000000
v 3.00280000 3.93495788 0.10000000
v 3.00280000 3.93495788 0.26000000
v 2.94182776 3.88817224 0.10000000
v 2.94182776 3.88817224 0.26000000
v 2.89504212 3.82720000 0.10000000
v 2.89504212 3.82720000 0.26000000
v 2.86563144 3.75619633 0.10000000
v 2.86563144 3.75619633 0.26000000
v 2.85560000 3.68000000 0.10000000
v 2.85560000 3.68000000 0.26000000
v 2.86563144 3.60380367 0.10000000
v 2.86563144 3.60380367 0.26000000
v 2.89504212 3.53280000 0.10000000
v 2.89504212 3.53280000 0.26000000
v 2.94182776 3.47182776 0.10000000
v 2.94182776 3.47182776 0.26000000
v 3.00280000 3.42504212 0.10000000
v 3.00280000 3.42504212 0.26000000
v 3.07380367 3.39563144 0.10000000
v 3.07380367 3.39563144 0.26000000
v 3.15000000 3.38560000 0.10000000
v 3.15000000 3.38560000 0.26000000
v 3.22619633 3.39563144 0.10000000
v 3.22619633 3.39563144 0.26000000
v 3.29720000 3.42504212 0.10000000
v 3.29720000 3.42504212 0.26000000
v 3.35817224 3.47182776 0.10000000
v 3.35817224 3.47182776 0.26000000
v 3.40495788 3.53280000 0.10000000
v 3.40495788 3.53280000 0.26000000
v 3.43436856 3.60380367 0.10000000
v 3.43436856 3.60380367 0.26000000
f 5658 5657 5661
f 5658 5661 5659
f 5659 5661 5662
f 5659 5662 5660
f 5661 5657 5663
f 5661 5663 5662
f 5662 5663 5664
f 5662 5664 5660
f 5663 5657 5665
f 5663 5665 5664
f 5664 5665 5666
f 5664 5666 5660
f 5665 5657 5667
f 5665 5667 5666
f 5666 5667 5668
f 5666 5668 5660
f 5667 5657 5669
f 5667 5669 5668
f 5668 5669 5670
f 5668 5670 5660
f 5669 5657 5671
f 5669 5671 5670
f 5670 5671 5672
f 5670 5672 5660
f 5671 5657 5673
f 5671 5673 5672
f 5672 5673 5674
f 5672 5674 5660
f 5673 5657 5675
f 5673 5675 5674
f 5674 5675 5676
f 5674 5676 5660
f 5675 5657 5677
f 5675 5677 5676
f 5676 5677 5678
f 5676 5678 5660
f 5677 5657 5679
f 5677 5679 5678
f 5678 5679 5680
f 5678 5680 5660
f 5679 5657 5681
f 5679 5681 5680
f 5680 5681 5682
f 5680 5682 5660
f 5681 5657 5683
f 5681 5683 5682
f 5682 5683 5684
f 5682 5684 5660
f 5683 5657 5685
f 5683 5685 5684
f 5684 5685 5686
f 5684 5686 5660
f 5685 5657 5687
f 5685 5687 5686
f 5686 5687 5688
f 5686 5688 5660
f 5687 5657 5689
f 5687 5689 5688
f 5688 5689 5690
f 5688 5690 5660
f 5689 5657 5691
f 5689 5691 5690
f 5690 5691 5692
f 5690 5692 5660
f 5691 5657 5693
f 5691 5693 5692
f 5692 5693 5694
f 5692 5694 5660
f 5693 5657 5695
f 5693 5695 5694
f 5694 5695 5696
f 5694 5696 5660
f 5695 5657 5697
f 5695 5697 5696
f 5696 5697 5698
f 5696 5698 5660
f 5697 5657 5699
f 5697 5699 5698
f 5698 5699 5700
f 5698 5700 5660
f 5699 5657 5701
f 5699 5701 5700
f 5700 5701 5702
f 5700 5702 5660
f 5701 5657 5703
f 5701 5703 5702
f 5702 5703 5704
f 5702 5704 5660
f 5703 5657 5705
f 5703 5705 5704
f 5704 5705 5706
f 5704 5706 5660
f 5705 5657 5658
f 5705 5658 5706
f 5706 5658 5659
f 5706 5659 5660

o geometry_453
v 3.15000000 3.68000000 3.18000000
v 3.43060000 3.68000000 3.18000000
v 3.43060000 3.68000000 3.36000000
v 3.15000000 3.68000000 3.36000000
v 3.42103879 3.75262462 3.18000000
v 3.42103879 3.75262462 3.36000000
v 3.39300673 3.82030000 3.18000000
v 3.39300673 3.82030000 3.36000000
v 3.34841416 3.87841416 3.18000000
v 3.34841416 3.87841416 3.36000000
v 3.29030000 3.92300673 3.18000000
v 3.29030000 3.92300673 3.36000000
v 3.22262462 3.95103879 3.18000000
v 3.22262462 3.95103879 3.36000000
v 3.15000000 3.96060000 3.18000000
v 3.15000000 3.96060000 3.36000000
v 3.07737538 3.95103879 3.18000000
v 3.07737538 3.95103879 3.36000000
v 3.00970000 3.92300673 3.18000000
v 3.00970000 3.92300673 3.36000000
v 2.95158584 3.87841416 3.18000000
v 2.95158584 3.87841416 3.36000000
v 2.90699327 3.82030000 3.18000000
v 2.90699327 3.82030000 3.36000000
v 2.87896121 3.75262462 3.18000000
v 2.87896121 3.75262462 3.36000000
v 2.86940000 3.68000000 3.18000000
v 2.86940000 3.68000000 3.36000000
v 2.87896121 3.60737538 3.18000000
v 2.87896121 3.60737538 3.36000000
v 2.90699327 3.53970000 3.18000000
v 2.90699327 3.53970000 3.36000000
v 2.95158584 3.48158584 3.18000000
v 2.95158584 3.48158584 3.36000000
v 3.00970000 3.43699327 3.18000000
v 3.00970000 3.43699327 3.36000000
v 3.07737538 3.40896121 3.18000000
v 3.07737538 3.40896121 3.36000000
v 3.15000000 3.39940000 3.18000000
v 3.15000000 3.39940000 3.36000000
v 3.22262462 3.40896121 3.18000000
v 3.22262462 3.40896121 3.36000000
v 3.29030000 3.43699327 3.18000000
v 3.29030000 3.43699327 3.36000000
v 3.34841416 3.48158584 3.18000000
v 3.34841416 3.48158584 3.36000000
v 3.39300673 3.53970000 3.18000000
v 3.39300673 3.53970000 3.36000000
v 3.42103879 3.60737538 3.18000000
v 3.42103879 3.60737538 3.36000000
f 5708 5707 5711
f 5708 5711 5709
f 5709 5711 5712
f 5709 5712 5710
f 5711 5707 5713
f 5711 5713 5712
f 5712 5713 5714
f 5712 5714 5710
f 5713 5707 5715
f 5713 5715 5714
f 5714 5715 5716
f 5714 5716 5710
f 5715 5707 5717
f 5715 5717 5716
f 5716 5717 5718
f 5716 5718 5710
f 5717 5707 5719
f 5717 5719 5718
f 5718 5719 5720
f 5718 5720 5710
f 5719 5707 5721
f 5719 5721 5720
f 5720 5721 5722
f 5720 5722 5710
f 5721 5707 5723
f 5721 5723 5722
f 5722 5723 5724
f 5722 5724 5710
f 5723 5707 5725
f 5723 5725 5724
f 5724 5725 5726
f 5724 5726 5710
f 5725 5707 5727
f 5725 5727 5726
f 5726 5727 5728
f 5726 5728 5710
f 5727 5707 5729
f 5727 5729 5728
f 5728 5729 5730
f 5728 5730 5710
f 5729 5707 5731
f 5729 5731 5730
f 5730 5731 5732
f 5730 5732 5710
f 5731 5707 5733
f 5731 5733 5732
f 5732 5733 5734
f 5732 5734 5710
f 5733 5707 5735
f 5733 5735 5734
f 5734 5735 5736
f 5734 5736 5710
f 5735 5707 5737
f 5735 5737 5736
f 5736 5737 5738
f 5736 5738 5710
f 5737 5707 5739
f 5737 5739 5738
f 5738 5739 5740
f 5738 5740 5710
f 5739 5707 5741
f 5739 5741 5740
f 5740 5741 5742
f 5740 5742 5710
f 5741 5707 5743
f 5741 5743 5742
f 5742 5743 5744
f 5742 5744 5710
f 5743 5707 5745
f 5743 5745 5744
f 5744 5745 5746
f 5744 5746 5710
f 5745 5707 5747
f 5745 5747 5746
f 5746 5747 5748
f 5746 5748 5710
f 5747 5707 5749
f 5747 5749 5748
f 5748 5749 5750
f 5748 5750 5710
f 5749 5707 5751
f 5749 5751 5750
f 5750 5751 5752
f 5750 5752 5710
f 5751 5707 5753
f 5751 5753 5752
f 5752 5753 5754
f 5752 5754 5710
f 5753 5707 5755
f 5753 5755 5754
f 5754 5755 5756
f 5754 5756 5710
f 5755 5707 5708
f 5755 5708 5756
f 5756 5708 5709
f 5756 5709 5710

o geometry_454
v 2.86250000 3.33000000 3.11000000
v 2.86250000 3.33000000 3.27000000
v 2.86250000 4.03000000 3.11000000
v 2.86250000 4.03000000 3.27000000
v 3.43750000 3.33000000 3.11000000
v 3.43750000 3.33000000 3.27000000
v 3.43750000 4.03000000 3.11000000
v 3.43750000 4.03000000 3.27000000
f 5758 5760 5757
f 5761 5758 5757
f 5757 5760 5759
f 5759 5761 5757
f 5758 5764 5760
f 5762 5758 5761
f 5762 5764 5758
f 5760 5764 5759
f 5763 5761 5759
f 5759 5764 5763
f 5763 5762 5761
f 5764 5762 5763

o geometry_455
v 6.45000000 3.68000000 0.10000000
v 6.68000000 3.68000000 0.10000000
v 6.68000000 3.68000000 3.35000000
v 6.45000000 3.68000000 3.35000000
v 6.67216294 3.73952838 0.10000000
v 6.67216294 3.73952838 3.35000000
v 6.64918584 3.79500000 0.10000000
v 6.64918584 3.79500000 3.35000000
v 6.61263456 3.84263456 0.10000000
v 6.61263456 3.84263456 3.35000000
v 6.56500000 3.87918584 0.10000000
v 6.56500000 3.87918584 3.35000000
v 6.50952838 3.90216294 0.10000000
v 6.50952838 3.90216294 3.35000000
v 6.45000000 3.91000000 0.10000000
v 6.45000000 3.91000000 3.35000000
v 6.39047162 3.90216294 0.10000000
v 6.39047162 3.90216294 3.35000000
v 6.33500000 3.87918584 0.10000000
v 6.33500000 3.87918584 3.35000000
v 6.28736544 3.84263456 0.10000000
v 6.28736544 3.84263456 3.35000000
v 6.25081416 3.79500000 0.10000000
v 6.25081416 3.79500000 3.35000000
v 6.22783706 3.73952838 0.10000000
v 6.22783706 3.73952838 3.35000000
v 6.22000000 3.68000000 0.10000000
v 6.22000000 3.68000000 3.35000000
v 6.22783706 3.62047162 0.10000000
v 6.22783706 3.62047162 3.35000000
v 6.25081416 3.56500000 0.10000000
v 6.25081416 3.56500000 3.35000000
v 6.28736544 3.51736544 0.10000000
v 6.28736544 3.51736544 3.35000000
v 6.33500000 3.48081416 0.10000000
v 6.33500000 3.48081416 3.35000000
v 6.39047162 3.45783706 0.10000000
v 6.39047162 3.45783706 3.35000000
v 6.45000000 3.45000000 0.10000000
v 6.45000000 3.45000000 3.35000000
v 6.50952838 3.45783706 0.10000000
v 6.50952838 3.45783706 3.35000000
v 6.56500000 3.48081416 0.10000000
v 6.56500000 3.48081416 3.35000000
v 6.61263456 3.51736544 0.10000000
v 6.61263456 3.51736544 3.35000000
v 6.64918584 3.56500000 0.10000000
v 6.64918584 3.56500000 3.35000000
v 6.67216294 3.62047162 0.10000000
v 6.67216294 3.62047162 3.35000000
f 5766 5765 5769
f 5766 5769 5767
f 5767 5769 5770
f 5767 5770 5768
f 5769 5765 5771
f 5769 5771 5770
f 5770 5771 5772
f 5770 5772 5768
f 5771 5765 5773
f 5771 5773 5772
f 5772 5773 5774
f 5772 5774 5768
f 5773 5765 5775
f 5773 5775 5774
f 5774 5775 5776
f 5774 5776 5768
f 5775 5765 5777
f 5775 5777 5776
f 5776 5777 5778
f 5776 5778 5768
f 5777 5765 5779
f 5777 5779 5778
f 5778 5779 5780
f 5778 5780 5768
f 5779 5765 5781
f 5779 5781 5780
f 5780 5781 5782
f 5780 5782 5768
f 5781 5765 5783
f 5781 5783 5782
f 5782 5783 5784
f 5782 5784 5768
f 5783 5765 5785
f 5783 5785 5784
f 5784 5785 5786
f 5784 5786 5768
f 5785 5765 5787
f 5785 5787 5786
f 5786 5787 5788
f 5786 5788 5768
f 5787 5765 5789
f 5787 5789 5788
f 5788 5789 5790
f 5788 5790 5768
f 5789 5765 5791
f 5789 5791 5790
f 5790 5791 5792
f 5790 5792 5768
f 5791 5765 5793
f 5791 5793 5792
f 5792 5793 5794
f 5792 5794 5768
f 5793 5765 5795
f 5793 5795 5794
f 5794 5795 5796
f 5794 5796 5768
f 5795 5765 5797
f 5795 5797 5796
f 5796 5797 5798
f 5796 5798 5768
f 5797 5765 5799
f 5797 5799 5798
f 5798 5799 5800
f 5798 5800 5768
f 5799 5765 5801
f 5799 5801 5800
f 5800 5801 5802
f 5800 5802 5768
f 5801 5765 5803
f 5801 5803 5802
f 5802 5803 5804
f 5802 5804 5768
f 5803 5765 5805
f 5803 5805 5804
f 5804 5805 5806
f 5804 5806 5768
f 5805 5765 5807
f 5805 5807 5806
f 5806 5807 5808
f 5806 5808 5768
f 5807 5765 5809
f 5807 5809 5808
f 5808 5809 5810
f 5808 5810 5768
f 5809 5765 5811
f 5809 5811 5810
f 5810 5811 5812
f 5810 5812 5768
f 5811 5765 5813
f 5811 5813 5812
f 5812 5813 5814
f 5812 5814 5768
f 5813 5765 5766
f 5813 5766 5814
f 5814 5766 5767
f 5814 5767 5768

o geometry_456
v 6.45000000 3.68000000 0.10000000
v 6.74440000 3.68000000 0.10000000
v 6.74440000 3.68000000 0.26000000
v 6.45000000 3.68000000 0.26000000
v 6.73436856 3.75619633 0.10000000
v 6.73436856 3.75619633 0.26000000
v 6.70495788 3.82720000 0.10000000
v 6.70495788 3.82720000 0.26000000
v 6.65817224 3.88817224 0.10000000
v 6.65817224 3.88817224 0.26000000
v 6.59720000 3.93495788 0.10000000
v 6.59720000 3.93495788 0.26000000
v 6.52619633 3.96436856 0.10000000
v 6.52619633 3.96436856 0.26000000
v 6.45000000 3.97440000 0.10000000
v 6.45000000 3.97440000 0.26000000
v 6.37380367 3.96436856 0.10000000
v 6.37380367 3.96436856 0.26000000
v 6.30280000 3.93495788 0.10000000
v 6.30280000 3.93495788 0.26000000
v 6.24182776 3.88817224 0.10000000
v 6.24182776 3.88817224 0.26000000
v 6.19504212 3.82720000 0.10000000
v 6.19504212 3.82720000 0.26000000
v 6.16563144 3.75619633 0.10000000
v 6.16563144 3.75619633 0.26000000
v 6.15560000 3.68000000 0.10000000
v 6.15560000 3.68000000 0.26000000
v 6.16563144 3.60380367 0.10000000
v 6.16563144 3.60380367 0.26000000
v 6.19504212 3.53280000 0.10000000
v 6.19504212 3.53280000 0.26000000
v 6.24182776 3.47182776 0.10000000
v 6.24182776 3.47182776 0.26000000
v 6.30280000 3.42504212 0.10000000
v 6.30280000 3.42504212 0.26000000
v 6.37380367 3.39563144 0.10000000
v 6.37380367 3.39563144 0.26000000
v 6.45000000 3.38560000 0.10000000
v 6.45000000 3.38560000 0.26000000
v 6.52619633 3.39563144 0.10000000
v 6.52619633 3.39563144 0.26000000
v 6.59720000 3.42504212 0.10000000
v 6.59720000 3.42504212 0.26000000
v 6.65817224 3.47182776 0.10000000
v 6.65817224 3.47182776 0.26000000
v 6.70495788 3.53280000 0.10000000
v 6.70495788 3.53280000 0.26000000
v 6.73436856 3.60380367 0.10000000
v 6.73436856 3.60380367 0.26000000
f 5816 5815 5819
f 5816 5819 5817
f 5817 5819 5820
f 5817 5820 5818
f 5819 5815 5821
f 5819 5821 5820
f 5820 5821 5822
f 5820 5822 5818
f 5821 5815 5823
f 5821 5823 5822
f 5822 5823 5824
f 5822 5824 5818
f 5823 5815 5825
f 5823 5825 5824
f 5824 5825 5826
f 5824 5826 5818
f 5825 5815 5827
f 5825 5827 5826
f 5826 5827 5828
f 5826 5828 5818
f 5827 5815 5829
f 5827 5829 5828
f 5828 5829 5830
f 5828 5830 5818
f 5829 5815 5831
f 5829 5831 5830
f 5830 5831 5832
f 5830 5832 5818
f 5831 5815 5833
f 5831 5833 5832
f 5832 5833 5834
f 5832 5834 5818
f 5833 5815 5835
f 5833 5835 5834
f 5834 5835 5836
f 5834 5836 5818
f 5835 5815 5837
f 5835 5837 5836
f 5836 5837 5838
f 5836 5838 5818
f 5837 5815 5839
f 5837 5839 5838
f 5838 5839 5840
f 5838 5840 5818
f 5839 5815 5841
f 5839 5841 5840
f 5840 5841 5842
f 5840 5842 5818
f 5841 5815 5843
f 5841 5843 5842
f 5842 5843 5844
f 5842 5844 5818
f 5843 5815 5845
f 5843 5845 5844
f 5844 5845 5846
f 5844 5846 5818
f 5845 5815 5847
f 5845 5847 5846
f 5846 5847 5848
f 5846 5848 5818
f 5847 5815 5849
f 5847 5849 5848
f 5848 5849 5850
f 5848 5850 5818
f 5849 5815 5851
f 5849 5851 5850
f 5850 5851 5852
f 5850 5852 5818
f 5851 5815 5853
f 5851 5853 5852
f 5852 5853 5854
f 5852 5854 5818
f 5853 5815 5855
f 5853 5855 5854
f 5854 5855 5856
f 5854 5856 5818
f 5855 5815 5857
f 5855 5857 5856
f 5856 5857 5858
f 5856 5858 5818
f 5857 5815 5859
f 5857 5859 5858
f 5858 5859 5860
f 5858 5860 5818
f 5859 5815 5861
f 5859 5861 5860
f 5860 5861 5862
f 5860 5862 5818
f 5861 5815 5863
f 5861 5863 5862
f 5862 5863 5864
f 5862 5864 5818
f 5863 5815 5816
f 5863 5816 5864
f 5864 5816 5817
f 5864 5817 5818

o geometry_457
v 6.45000000 3.68000000 3.18000000
v 6.73060000 3.68000000 3.18000000
v 6.73060000 3.68000000 3.36000000
v 6.45000000 3.68000000 3.36000000
v 6.72103879 3.75262462 3.18000000
v 6.72103879 3.75262462 3.36000000
v 6.69300673 3.82030000 3.18000000
v 6.69300673 3.82030000 3.36000000
v 6.64841416 3.87841416 3.18000000
v 6.64841416 3.87841416 3.36000000
v 6.59030000 3.92300673 3.18000000
v 6.59030000 3.92300673 3.36000000
v 6.52262462 3.95103879 3.18000000
v 6.52262462 3.95103879 3.36000000
v 6.45000000 3.96060000 3.18000000
v 6.45000000 3.96060000 3.36000000
v 6.37737538 3.95103879 3.18000000
v 6.37737538 3.95103879 3.36000000
v 6.30970000 3.92300673 3.18000000
v 6.30970000 3.92300673 3.36000000
v 6.25158584 3.87841416 3.18000000
v 6.25158584 3.87841416 3.36000000
v 6.20699327 3.82030000 3.18000000
v 6.20699327 3.82030000 3.36000000
v 6.17896121 3.75262462 3.18000000
v 6.17896121 3.75262462 3.36000000
v 6.16940000 3.68000000 3.18000000
v 6.16940000 3.68000000 3.36000000
v 6.17896121 3.60737538 3.18000000
v 6.17896121 3.60737538 3.36000000
v 6.20699327 3.53970000 3.18000000
v 6.20699327 3.53970000 3.36000000
v 6.25158584 3.48158584 3.18000000
v 6.25158584 3.48158584 3.36000000
v 6.30970000 3.43699327 3.18000000
v 6.30970000 3.43699327 3.36000000
v 6.37737538 3.40896121 3.18000000
v 6.37737538 3.40896121 3.36000000
v 6.45000000 3.39940000 3.18000000
v 6.45000000 3.39940000 3.36000000
v 6.52262462 3.40896121 3.18000000
v 6.52262462 3.40896121 3.36000000
v 6.59030000 3.43699327 3.18000000
v 6.59030000 3.43699327 3.36000000
v 6.64841416 3.48158584 3.18000000
v 6.64841416 3.48158584 3.36000000
v 6.69300673 3.53970000 3.18000000
v 6.69300673 3.53970000 3.36000000
v 6.72103879 3.60737538 3.18000000
v 6.72103879 3.60737538 3.36000000
f 5866 5865 5869
f 5866 5869 5867
f 5867 5869 5870
f 5867 5870 5868
f 5869 5865 5871
f 5869 5871 5870
f 5870 5871 5872
f 5870 5872 5868
f 5871 5865 5873
f 5871 5873 5872
f 5872 5873 5874
f 5872 5874 5868
f 5873 5865 5875
f 5873 5875 5874
f 5874 5875 5876
f 5874 5876 5868
f 5875 5865 5877
f 5875 5877 5876
f 5876 5877 5878
f 5876 5878 5868
f 5877 5865 5879
f 5877 5879 5878
f 5878 5879 5880
f 5878 5880 5868
f 5879 5865 5881
f 5879 5881 5880
f 5880 5881 5882
f 5880 5882 5868
f 5881 5865 5883
f 5881 5883 5882
f 5882 5883 5884
f 5882 5884 5868
f 5883 5865 5885
f 5883 5885 5884
f 5884 5885 5886
f 5884 5886 5868
f 5885 5865 5887
f 5885 5887 5886
f 5886 5887 5888
f 5886 5888 5868
f 5887 5865 5889
f 5887 5889 5888
f 5888 5889 5890
f 5888 5890 5868
f 5889 5865 5891
f 5889 5891 5890
f 5890 5891 5892
f 5890 5892 5868
f 5891 5865 5893
f 5891 5893 5892
f 5892 5893 5894
f 5892 5894 5868
f 5893 5865 5895
f 5893 5895 5894
f 5894 5895 5896
f 5894 5896 5868
f 5895 5865 5897
f 5895 5897 5896
f 5896 5897 5898
f 5896 5898 5868
f 5897 5865 5899
f 5897 5899 5898
f 5898 5899 5900
f 5898 5900 5868
f 5899 5865 5901
f 5899 5901 5900
f 5900 5901 5902
f 5900 5902 5868
f 5901 5865 5903
f 5901 5903 5902
f 5902 5903 5904
f 5902 5904 5868
f 5903 5865 5905
f 5903 5905 5904
f 5904 5905 5906
f 5904 5906 5868
f 5905 5865 5907
f 5905 5907 5906
f 5906 5907 5908
f 5906 5908 5868
f 5907 5865 5909
f 5907 5909 5908
f 5908 5909 5910
f 5908 5910 5868
f 5909 5865 5911
f 5909 5911 5910
f 5910 5911 5912
f 5910 5912 5868
f 5911 5865 5913
f 5911 5913 5912
f 5912 5913 5914
f 5912 5914 5868
f 5913 5865 5866
f 5913 5866 5914
f 5914 5866 5867
f 5914 5867 5868

o geometry_458
v 6.16250000 3.33000000 3.11000000
v 6.16250000 3.33000000 3.27000000
v 6.16250000 4.03000000 3.11000000
v 6.16250000 4.03000000 3.27000000
v 6.73750000 3.33000000 3.11000000
v 6.73750000 3.33000000 3.27000000
v 6.73750000 4.03000000 3.11000000
v 6.73750000 4.03000000 3.27000000
f 5916 5918 5915
f 5919 5916 5915
f 5915 5918 5917
f 5917 5919 5915
f 5916 5922 5918
f 5920 5916 5919
f 5920 5922 5916
f 5918 5922 5917
f 5921 5919 5917
f 5917 5922 5921
f 5921 5920 5919
f 5922 5920 5921

o geometry_459
v 4.07500000 3.06000000 0.59000000
v 4.07500000 3.06000000 0.81000000
v 4.07500000 3.78000000 0.59000000
v 4.07500000 3.78000000 0.81000000
v 5.52500000 3.06000000 0.59000000
v 5.52500000 3.06000000 0.81000000
v 5.52500000 3.78000000 0.59000000
v 5.52500000 3.78000000 0.81000000
f 5924 5926 5923
f 5927 5924 5923
f 5923 5926 5925
f 5925 5927 5923
f 5924 5930 5926
f 5928 5924 5927
f 5928 5930 5924
f 5926 5930 5925
f 5929 5927 5925
f 5925 5930 5929
f 5929 5928 5927
f 5930 5928 5929

o geometry_460
v 4.20000000 3.15000000 0.10500000
v 4.20000000 3.15000000 0.65500000
v 4.20000000 3.73000000 0.10500000
v 4.20000000 3.73000000 0.65500000
v 5.40000000 3.15000000 0.10500000
v 5.40000000 3.15000000 0.65500000
v 5.40000000 3.73000000 0.10500000
v 5.40000000 3.73000000 0.65500000
f 5932 5934 5931
f 5935 5932 5931
f 5931 5934 5933
f 5933 5935 5931
f 5932 5938 5934
f 5936 5932 5935
f 5936 5938 5932
f 5934 5938 5933
f 5937 5935 5933
f 5933 5938 5937
f 5937 5936 5935
f 5938 5936 5937

o geometry_461
v 4.05000000 3.04500000 0.74000000
v 4.05000000 3.04500000 0.90000000
v 4.05000000 3.79500000 0.74000000
v 4.05000000 3.79500000 0.90000000
v 5.55000000 3.04500000 0.74000000
v 5.55000000 3.04500000 0.90000000
v 5.55000000 3.79500000 0.74000000
v 5.55000000 3.79500000 0.90000000
f 5940 5942 5939
f 5943 5940 5939
f 5939 5942 5941
f 5941 5943 5939
f 5940 5946 5942
f 5944 5940 5943
f 5944 5946 5940
f 5942 5946 5941
f 5945 5943 5941
f 5941 5946 5945
f 5945 5944 5943
f 5946 5944 5945

o geometry_462
v 4.42500000 3.15000000 0.86000000
v 4.42500000 3.15000000 1.14000000
v 4.42500000 3.61000000 0.86000000
v 4.42500000 3.61000000 1.14000000
v 5.17500000 3.15000000 0.86000000
v 5.17500000 3.15000000 1.14000000
v 5.17500000 3.61000000 0.86000000
v 5.17500000 3.61000000 1.14000000
f 5948 5950 5947
f 5951 5948 5947
f 5947 5950 5949
f 5949 5951 5947
f 5948 5954 5950
f 5952 5948 5951
f 5952 5954 5948
f 5950 5954 5949
f 5953 5951 5949
f 5949 5954 5953
f 5953 5952 5951
f 5954 5952 5953

o geometry_463
v 4.80000000 3.37000000 1.13000000
v 4.96000000 3.37000000 1.13000000
v 4.96000000 3.37000000 1.43000000
v 4.80000000 3.37000000 1.43000000
v 4.94782073 3.43122935 1.13000000
v 4.94782073 3.43122935 1.43000000
v 4.91313708 3.48313708 1.13000000
v 4.91313708 3.48313708 1.43000000
v 4.86122935 3.51782073 1.13000000
v 4.86122935 3.51782073 1.43000000
v 4.80000000 3.53000000 1.13000000
v 4.80000000 3.53000000 1.43000000
v 4.73877065 3.51782073 1.13000000
v 4.73877065 3.51782073 1.43000000
v 4.68686292 3.48313708 1.13000000
v 4.68686292 3.48313708 1.43000000
v 4.65217927 3.43122935 1.13000000
v 4.65217927 3.43122935 1.43000000
v 4.64000000 3.37000000 1.13000000
v 4.64000000 3.37000000 1.43000000
v 4.65217927 3.30877065 1.13000000
v 4.65217927 3.30877065 1.43000000
v 4.68686292 3.25686292 1.13000000
v 4.68686292 3.25686292 1.43000000
v 4.73877065 3.22217927 1.13000000
v 4.73877065 3.22217927 1.43000000
v 4.80000000 3.21000000 1.13000000
v 4.80000000 3.21000000 1.43000000
v 4.86122935 3.22217927 1.13000000
v 4.86122935 3.22217927 1.43000000
v 4.91313708 3.25686292 1.13000000
v 4.91313708 3.25686292 1.43000000
v 4.94782073 3.30877065 1.13000000
v 4.94782073 3.30877065 1.43000000
f 5956 5955 5959
f 5956 5959 5957
f 5957 5959 5960
f 5957 5960 5958
f 5959 5955 5961
f 5959 5961 5960
f 5960 5961 5962
f 5960 5962 5958
f 5961 5955 5963
f 5961 5963 5962
f 5962 5963 5964
f 5962 5964 5958
f 5963 5955 5965
f 5963 5965 5964
f 5964 5965 5966
f 5964 5966 5958
f 5965 5955 5967
f 5965 5967 5966
f 5966 5967 5968
f 5966 5968 5958
f 5967 5955 5969
f 5967 5969 5968
f 5968 5969 5970
f 5968 5970 5958
f 5969 5955 5971
f 5969 5971 5970
f 5970 5971 5972
f 5970 5972 5958
f 5971 5955 5973
f 5971 5973 5972
f 5972 5973 5974
f 5972 5974 5958
f 5973 5955 5975
f 5973 5975 5974
f 5974 5975 5976
f 5974 5976 5958
f 5975 5955 5977
f 5975 5977 5976
f 5976 5977 5978
f 5976 5978 5958
f 5977 5955 5979
f 5977 5979 5978
f 5978 5979 5980
f 5978 5980 5958
f 5979 5955 5981
f 5979 5981 5980
f 5980 5981 5982
f 5980 5982 5958
f 5981 5955 5983
f 5981 5983 5982
f 5982 5983 5984
f 5982 5984 5958
f 5983 5955 5985
f 5983 5985 5984
f 5984 5985 5986
f 5984 5986 5958
f 5985 5955 5987
f 5985 5987 5986
f 5986 5987 5988
f 5986 5988 5958
f 5987 5955 5956
f 5987 5956 5988
f 5988 5956 5957
f 5988 5957 5958

o geometry_464
v 2.81000000 3.34000000 2.63000000
v 2.81000000 3.34000000 2.81000000
v 2.81000000 3.42000000 2.63000000
v 2.81000000 3.42000000 2.81000000
v 3.23000000 3.34000000 2.63000000
v 3.23000000 3.34000000 2.81000000
v 3.23000000 3.42000000 2.63000000
v 3.23000000 3.42000000 2.81000000
f 5990 5992 5989
f 5993 5990 5989
f 5989 5992 5991
f 5991 5993 5989
f 5990 5996 5992
f 5994 5990 5993
f 5994 5996 5990
f 5992 5996 5991
f 5995 5993 5991
f 5991 5996 5995
f 5995 5994 5993
f 5996 5994 5995

o geometry_465
v 2.90450000 3.27000000 2.76000000
v 2.90450000 3.27000000 2.84000000
v 2.90450000 3.37000000 2.76000000
v 2.90450000 3.37000000 2.84000000
v 3.13550000 3.27000000 2.76000000
v 3.13550000 3.27000000 2.84000000
v 3.13550000 3.37000000 2.76000000
v 3.13550000 3.37000000 2.84000000
f 5998 6000 5997
f 6001 5998 5997
f 5997 6000 5999
f 5999 6001 5997
f 5998 6004 6000
f 6002 5998 6001
f 6002 6004 5998
f 6000 6004 5999
f 6003 6001 5999
f 5999 6004 6003
f 6003 6002 6001
f 6004 6002 6003

o geometry_466
v 3.23000000 3.34000000 2.63000000
v 3.23000000 3.34000000 2.81000000
v 3.23000000 3.42000000 2.63000000
v 3.23000000 3.42000000 2.81000000
v 3.65000000 3.34000000 2.63000000
v 3.65000000 3.34000000 2.81000000
v 3.65000000 3.42000000 2.63000000
v 3.65000000 3.42000000 2.81000000
f 6006 6008 6005
f 6009 6006 6005
f 6005 6008 6007
f 6007 6009 6005
f 6006 6012 6008
f 6010 6006 6009
f 6010 6012 6006
f 6008 6012 6007
f 6011 6009 6007
f 6007 6012 6011
f 6011 6010 6009
f 6012 6010 6011

o geometry_467
v 3.32450000 3.27000000 2.60000000
v 3.32450000 3.27000000 2.68000000
v 3.32450000 3.37000000 2.60000000
v 3.32450000 3.37000000 2.68000000
v 3.55550000 3.27000000 2.60000000
v 3.55550000 3.27000000 2.68000000
v 3.55550000 3.37000000 2.60000000
v 3.55550000 3.37000000 2.68000000
f 6014 6016 6013
f 6017 6014 6013
f 6013 6016 6015
f 6015 6017 6013
f 6014 6020 6016
f 6018 6014 6017
f 6018 6020 6014
f 6016 6020 6015
f 6019 6017 6015
f 6015 6020 6019
f 6019 6018 6017
f 6020 6018 6019

o geometry_468
v 3.65000000 3.34000000 2.63000000
v 3.65000000 3.34000000 2.81000000
v 3.65000000 3.42000000 2.63000000
v 3.65000000 3.42000000 2.81000000
v 4.07000000 3.34000000 2.63000000
v 4.07000000 3.34000000 2.81000000
v 4.07000000 3.42000000 2.63000000
v 4.07000000 3.42000000 2.81000000
f 6022 6024 6021
f 6025 6022 6021
f 6021 6024 6023
f 6023 6025 6021
f 6022 6028 6024
f 6026 6022 6025
f 6026 6028 6022
f 6024 6028 6023
f 6027 6025 6023
f 6023 6028 6027
f 6027 6026 6025
f 6028 6026 6027

o geometry_469
v 3.74450000 3.27000000 2.76000000
v 3.74450000 3.27000000 2.84000000
v 3.74450000 3.37000000 2.76000000
v 3.74450000 3.37000000 2.84000000
v 3.97550000 3.27000000 2.76000000
v 3.97550000 3.27000000 2.84000000
v 3.97550000 3.37000000 2.76000000
v 3.97550000 3.37000000 2.84000000
f 6030 6032 6029
f 6033 6030 6029
f 6029 6032 6031
f 6031 6033 6029
f 6030 6036 6032
f 6034 6030 6033
f 6034 6036 6030
f 6032 6036 6031
f 6035 6033 6031
f 6031 6036 6035
f 6035 6034 6033
f 6036 6034 6035

o geometry_470
v 4.07000000 3.34000000 2.63000000
v 4.07000000 3.34000000 2.81000000
v 4.07000000 3.42000000 2.63000000
v 4.07000000 3.42000000 2.81000000
v 4.49000000 3.34000000 2.63000000
v 4.49000000 3.34000000 2.81000000
v 4.49000000 3.42000000 2.63000000
v 4.49000000 3.42000000 2.81000000
f 6038 6040 6037
f 6041 6038 6037
f 6037 6040 6039
f 6039 6041 6037
f 6038 6044 6040
f 6042 6038 6041
f 6042 6044 6038
f 6040 6044 6039
f 6043 6041 6039
f 6039 6044 6043
f 6043 6042 6041
f 6044 6042 6043

o geometry_471
v 4.16450000 3.27000000 2.60000000
v 4.16450000 3.27000000 2.68000000
v 4.16450000 3.37000000 2.60000000
v 4.16450000 3.37000000 2.68000000
v 4.39550000 3.27000000 2.60000000
v 4.39550000 3.27000000 2.68000000
v 4.39550000 3.37000000 2.60000000
v 4.39550000 3.37000000 2.68000000
f 6046 6048 6045
f 6049 6046 6045
f 6045 6048 6047
f 6047 6049 6045
f 6046 6052 6048
f 6050 6046 6049
f 6050 6052 6046
f 6048 6052 6047
f 6051 6049 6047
f 6047 6052 6051
f 6051 6050 6049
f 6052 6050 6051

o geometry_472
v 4.49000000 3.34000000 2.63000000
v 4.49000000 3.34000000 2.81000000
v 4.49000000 3.42000000 2.63000000
v 4.49000000 3.42000000 2.81000000
v 4.91000000 3.34000000 2.63000000
v 4.91000000 3.34000000 2.81000000
v 4.91000000 3.42000000 2.63000000
v 4.91000000 3.42000000 2.81000000
f 6054 6056 6053
f 6057 6054 6053
f 6053 6056 6055
f 6055 6057 6053
f 6054 6060 6056
f 6058 6054 6057
f 6058 6060 6054
f 6056 6060 6055
f 6059 6057 6055
f 6055 6060 6059
f 6059 6058 6057
f 6060 6058 6059

o geometry_473
v 4.58450000 3.27000000 2.76000000
v 4.58450000 3.27000000 2.84000000
v 4.58450000 3.37000000 2.76000000
v 4.58450000 3.37000000 2.84000000
v 4.81550000 3.27000000 2.76000000
v 4.81550000 3.27000000 2.84000000
v 4.81550000 3.37000000 2.76000000
v 4.81550000 3.37000000 2.84000000
f 6062 6064 6061
f 6065 6062 6061
f 6061 6064 6063
f 6063 6065 6061
f 6062 6068 6064
f 6066 6062 6065
f 6066 6068 6062
f 6064 6068 6063
f 6067 6065 6063
f 6063 6068 6067
f 6067 6066 6065
f 6068 6066 6067

o geometry_474
v 4.91000000 3.34000000 2.63000000
v 4.91000000 3.34000000 2.81000000
v 4.91000000 3.42000000 2.63000000
v 4.91000000 3.42000000 2.81000000
v 5.33000000 3.34000000 2.63000000
v 5.33000000 3.34000000 2.81000000
v 5.33000000 3.42000000 2.63000000
v 5.33000000 3.42000000 2.81000000
f 6070 6072 6069
f 6073 6070 6069
f 6069 6072 6071
f 6071 6073 6069
f 6070 6076 6072
f 6074 6070 6073
f 6074 6076 6070
f 6072 6076 6071
f 6075 6073 6071
f 6071 6076 6075
f 6075 6074 6073
f 6076 6074 6075

o geometry_475
v 5.00450000 3.27000000 2.60000000
v 5.00450000 3.27000000 2.68000000
v 5.00450000 3.37000000 2.60000000
v 5.00450000 3.37000000 2.68000000
v 5.23550000 3.27000000 2.60000000
v 5.23550000 3.27000000 2.68000000
v 5.23550000 3.37000000 2.60000000
v 5.23550000 3.37000000 2.68000000
f 6078 6080 6077
f 6081 6078 6077
f 6077 6080 6079
f 6079 6081 6077
f 6078 6084 6080
f 6082 6078 6081
f 6082 6084 6078
f 6080 6084 6079
f 6083 6081 6079
f 6079 6084 6083
f 6083 6082 6081
f 6084 6082 6083

o geometry_476
v 5.33000000 3.34000000 2.63000000
v 5.33000000 3.34000000 2.81000000
v 5.33000000 3.42000000 2.63000000
v 5.33000000 3.42000000 2.81000000
v 5.75000000 3.34000000 2.63000000
v 5.75000000 3.34000000 2.81000000
v 5.75000000 3.42000000 2.63000000
v 5.75000000 3.42000000 2.81000000
f 6086 6088 6085
f 6089 6086 6085
f 6085 6088 6087
f 6087 6089 6085
f 6086 6092 6088
f 6090 6086 6089
f 6090 6092 6086
f 6088 6092 6087
f 6091 6089 6087
f 6087 6092 6091
f 6091 6090 6089
f 6092 6090 6091

o geometry_477
v 5.42450000 3.27000000 2.76000000
v 5.42450000 3.27000000 2.84000000
v 5.42450000 3.37000000 2.76000000
v 5.42450000 3.37000000 2.84000000
v 5.65550000 3.27000000 2.76000000
v 5.65550000 3.27000000 2.84000000
v 5.65550000 3.37000000 2.76000000
v 5.65550000 3.37000000 2.84000000
f 6094 6096 6093
f 6097 6094 6093
f 6093 6096 6095
f 6095 6097 6093
f 6094 6100 6096
f 6098 6094 6097
f 6098 6100 6094
f 6096 6100 6095
f 6099 6097 6095
f 6095 6100 6099
f 6099 6098 6097
f 6100 6098 6099

o geometry_478
v 5.75000000 3.34000000 2.63000000
v 5.75000000 3.34000000 2.81000000
v 5.75000000 3.42000000 2.63000000
v 5.75000000 3.42000000 2.81000000
v 6.17000000 3.34000000 2.63000000
v 6.17000000 3.34000000 2.81000000
v 6.17000000 3.42000000 2.63000000
v 6.17000000 3.42000000 2.81000000
f 6102 6104 6101
f 6105 6102 6101
f 6101 6104 6103
f 6103 6105 6101
f 6102 6108 6104
f 6106 6102 6105
f 6106 6108 6102
f 6104 6108 6103
f 6107 6105 6103
f 6103 6108 6107
f 6107 6106 6105
f 6108 6106 6107

o geometry_479
v 5.84450000 3.27000000 2.60000000
v 5.84450000 3.27000000 2.68000000
v 5.84450000 3.37000000 2.60000000
v 5.84450000 3.37000000 2.68000000
v 6.07550000 3.27000000 2.60000000
v 6.07550000 3.27000000 2.68000000
v 6.07550000 3.37000000 2.60000000
v 6.07550000 3.37000000 2.68000000
f 6110 6112 6109
f 6113 6110 6109
f 6109 6112 6111
f 6111 6113 6109
f 6110 6116 6112
f 6114 6110 6113
f 6114 6116 6110
f 6112 6116 6111
f 6115 6113 6111
f 6111 6116 6115
f 6115 6114 6113
f 6116 6114 6115

o geometry_480
v 6.17000000 3.34000000 2.63000000
v 6.17000000 3.34000000 2.81000000
v 6.17000000 3.42000000 2.63000000
v 6.17000000 3.42000000 2.81000000
v 6.59000000 3.34000000 2.63000000
v 6.59000000 3.34000000 2.81000000
v 6.59000000 3.42000000 2.63000000
v 6.59000000 3.42000000 2.81000000
f 6118 6120 6117
f 6121 6118 6117
f 6117 6120 6119
f 6119 6121 6117
f 6118 6124 6120
f 6122 6118 6121
f 6122 6124 6118
f 6120 6124 6119
f 6123 6121 6119
f 6119 6124 6123
f 6123 6122 6121
f 6124 6122 6123

o geometry_481
v 6.26450000 3.27000000 2.76000000
v 6.26450000 3.27000000 2.84000000
v 6.26450000 3.37000000 2.76000000
v 6.26450000 3.37000000 2.84000000
v 6.49550000 3.27000000 2.76000000
v 6.49550000 3.27000000 2.84000000
v 6.49550000 3.37000000 2.76000000
v 6.49550000 3.37000000 2.84000000
f 6126 6128 6125
f 6129 6126 6125
f 6125 6128 6127
f 6127 6129 6125
f 6126 6132 6128
f 6130 6126 6129
f 6130 6132 6126
f 6128 6132 6127
f 6131 6129 6127
f 6127 6132 6131
f 6131 6130 6129
f 6132 6130 6131

o geometry_482
v 3.85000000 3.28000000 1.38000000
v 3.89500000 3.28000000 1.38000000
v 3.89500000 3.28000000 1.72000000
v 3.85000000 3.28000000 1.72000000
v 3.88897114 3.30250000 1.38000000
v 3.88897114 3.30250000 1.72000000
v 3.87250000 3.31897114 1.38000000
v 3.87250000 3.31897114 1.72000000
v 3.85000000 3.32500000 1.38000000
v 3.85000000 3.32500000 1.72000000
v 3.82750000 3.31897114 1.38000000
v 3.82750000 3.31897114 1.72000000
v 3.81102886 3.30250000 1.38000000
v 3.81102886 3.30250000 1.72000000
v 3.80500000 3.28000000 1.38000000
v 3.80500000 3.28000000 1.72000000
v 3.81102886 3.25750000 1.38000000
v 3.81102886 3.25750000 1.72000000
v 3.82750000 3.24102886 1.38000000
v 3.82750000 3.24102886 1.72000000
v 3.85000000 3.23500000 1.38000000
v 3.85000000 3.23500000 1.72000000
v 3.87250000 3.24102886 1.38000000
v 3.87250000 3.24102886 1.72000000
v 3.88897114 3.25750000 1.38000000
v 3.88897114 3.25750000 1.72000000
f 6134 6133 6137
f 6134 6137 6135
f 6135 6137 6138
f 6135 6138 6136
f 6137 6133 6139
f 6137 6139 6138
f 6138 6139 6140
f 6138 6140 6136
f 6139 6133 6141
f 6139 6141 6140
f 6140 6141 6142
f 6140 6142 6136
f 6141 6133 6143
f 6141 6143 6142
f 6142 6143 6144
f 6142 6144 6136
f 6143 6133 6145
f 6143 6145 6144
f 6144 6145 6146
f 6144 6146 6136
f 6145 6133 6147
f 6145 6147 6146
f 6146 6147 6148
f 6146 6148 6136
f 6147 6133 6149
f 6147 6149 6148
f 6148 6149 6150
f 6148 6150 6136
f 6149 6133 6151
f 6149 6151 6150
f 6150 6151 6152
f 6150 6152 6136
f 6151 6133 6153
f 6151 6153 6152
f 6152 6153 6154
f 6152 6154 6136
f 6153 6133 6155
f 6153 6155 6154
f 6154 6155 6156
f 6154 6156 6136
f 6155 6133 6157
f 6155 6157 6156
f 6156 6157 6158
f 6156 6158 6136
f 6157 6133 6134
f 6157 6134 6158
f 6158 6134 6135
f 6158 6135 6136

o geometry_483
v 3.76000000 3.30000000 1.39000000
v 3.76000000 3.30000000 1.63000000
v 3.76000000 3.36000000 1.39000000
v 3.76000000 3.36000000 1.63000000
v 3.94000000 3.30000000 1.39000000
v 3.94000000 3.30000000 1.63000000
v 3.94000000 3.36000000 1.39000000
v 3.94000000 3.36000000 1.63000000
f 6160 6162 6159
f 6163 6160 6159
f 6159 6162 6161
f 6161 6163 6159
f 6160 6166 6162
f 6164 6160 6163
f 6164 6166 6160
f 6162 6166 6161
f 6165 6163 6161
f 6161 6166 6165
f 6165 6164 6163
f 6166 6164 6165

o geometry_484
v 3.85000000 3.27000000 1.78000000
v 3.95000000 3.27000000 1.78000000
v 3.85000000 3.27000000 1.98000000
v 3.93660254 3.32000000 1.78000000
v 3.90000000 3.35660254 1.78000000
v 3.85000000 3.37000000 1.78000000
v 3.80000000 3.35660254 1.78000000
v 3.76339746 3.32000000 1.78000000
v 3.75000000 3.27000000 1.78000000
v 3.76339746 3.22000000 1.78000000
v 3.80000000 3.18339746 1.78000000
v 3.85000000 3.17000000 1.78000000
v 3.90000000 3.18339746 1.78000000
v 3.93660254 3.22000000 1.78000000
f 6168 6167 6170
f 6168 6170 6169
f 6170 6167 6171
f 6170 6171 6169
f 6171 6167 6172
f 6171 6172 6169
f 6172 6167 6173
f 6172 6173 6169
f 6173 6167 6174
f 6173 6174 6169
f 6174 6167 6175
f 6174 6175 6169
f 6175 6167 6176
f 6175 6176 6169
f 6176 6167 6177
f 6176 6177 6169
f 6177 6167 6178
f 6177 6178 6169
f 6178 6167 6179
f 6178 6179 6169
f 6179 6167 6180
f 6179 6180 6169
f 6180 6167 6168
f 6180 6168 6169

o geometry_485
v 5.75000000 3.28000000 1.38000000
v 5.79500000 3.28000000 1.38000000
v 5.79500000 3.28000000 1.72000000
v 5.75000000 3.28000000 1.72000000
v 5.78897114 3.30250000 1.38000000
v 5.78897114 3.30250000 1.72000000
v 5.77250000 3.31897114 1.38000000
v 5.77250000 3.31897114 1.72000000
v 5.75000000 3.32500000 1.38000000
v 5.75000000 3.32500000 1.72000000
v 5.72750000 3.31897114 1.38000000
v 5.72750000 3.31897114 1.72000000
v 5.71102886 3.30250000 1.38000000
v 5.71102886 3.30250000 1.72000000
v 5.70500000 3.28000000 1.38000000
v 5.70500000 3.28000000 1.72000000
v 5.71102886 3.25750000 1.38000000
v 5.71102886 3.25750000 1.72000000
v 5.72750000 3.24102886 1.38000000
v 5.72750000 3.24102886 1.72000000
v 5.75000000 3.23500000 1.38000000
v 5.75000000 3.23500000 1.72000000
v 5.77250000 3.24102886 1.38000000
v 5.77250000 3.24102886 1.72000000
v 5.78897114 3.25750000 1.38000000
v 5.78897114 3.25750000 1.72000000
f 6182 6181 6185
f 6182 6185 6183
f 6183 6185 6186
f 6183 6186 6184
f 6185 6181 6187
f 6185 6187 6186
f 6186 6187 6188
f 6186 6188 6184
f 6187 6181 6189
f 6187 6189 6188
f 6188 6189 6190
f 6188 6190 6184
f 6189 6181 6191
f 6189 6191 6190
f 6190 6191 6192
f 6190 6192 6184
f 6191 6181 6193
f 6191 6193 6192
f 6192 6193 6194
f 6192 6194 6184
f 6193 6181 6195
f 6193 6195 6194
f 6194 6195 6196
f 6194 6196 6184
f 6195 6181 6197
f 6195 6197 6196
f 6196 6197 6198
f 6196 6198 6184
f 6197 6181 6199
f 6197 6199 6198
f 6198 6199 6200
f 6198 6200 6184
f 6199 6181 6201
f 6199 6201 6200
f 6200 6201 6202
f 6200 6202 6184
f 6201 6181 6203
f 6201 6203 6202
f 6202 6203 6204
f 6202 6204 6184
f 6203 6181 6205
f 6203 6205 6204
f 6204 6205 6206
f 6204 6206 6184
f 6205 6181 6182
f 6205 6182 6206
f 6206 6182 6183
f 6206 6183 6184

o geometry_486
v 5.66000000 3.30000000 1.39000000
v 5.66000000 3.30000000 1.63000000
v 5.66000000 3.36000000 1.39000000
v 5.66000000 3.36000000 1.63000000
v 5.84000000 3.30000000 1.39000000
v 5.84000000 3.30000000 1.63000000
v 5.84000000 3.36000000 1.39000000
v 5.84000000 3.36000000 1.63000000
f 6208 6210 6207
f 6211 6208 6207
f 6207 6210 6209
f 6209 6211 6207
f 6208 6214 6210
f 6212 6208 6211
f 6212 6214 6208
f 6210 6214 6209
f 6213 6211 6209
f 6209 6214 6213
f 6213 6212 6211
f 6214 6212 6213

o geometry_487
v 5.75000000 3.27000000 1.78000000
v 5.85000000 3.27000000 1.78000000
v 5.75000000 3.27000000 1.98000000
v 5.83660254 3.32000000 1.78000000
v 5.80000000 3.35660254 1.78000000
v 5.75000000 3.37000000 1.78000000
v 5.70000000 3.35660254 1.78000000
v 5.66339746 3.32000000 1.78000000
v 5.65000000 3.27000000 1.78000000
v 5.66339746 3.22000000 1.78000000
v 5.70000000 3.18339746 1.78000000
v 5.75000000 3.17000000 1.78000000
v 5.80000000 3.18339746 1.78000000
v 5.83660254 3.22000000 1.78000000
f 6216 6215 6218
f 6216 6218 6217
f 6218 6215 6219
f 6218 6219 6217
f 6219 6215 6220
f 6219 6220 6217
f 6220 6215 6221
f 6220 6221 6217
f 6221 6215 6222
f 6221 6222 6217
f 6222 6215 6223
f 6222 6223 6217
f 6223 6215 6224
f 6223 6224 6217
f 6224 6215 6225
f 6224 6225 6217
f 6225 6215 6226
f 6225 6226 6217
f 6226 6215 6227
f 6226 6227 6217
f 6227 6215 6228
f 6227 6228 6217
f 6228 6215 6216
f 6228 6216 6217

o geometry_488
v 3.81319363 3.70630941 0.13787950
v 4.03623222 3.70630941 0.13787950
v 3.81319363 3.45369059 0.13787950
v 4.03623222 3.45369059 0.13787950
v 3.92471292 3.50193649 0.33983938
v 3.92471292 3.65806351 0.33983938
v 3.92471292 3.50193649 -0.06408038
v 3.92471292 3.65806351 -0.06408038
v 4.10515493 3.58000000 0.01306143
v 4.10515493 3.58000000 0.26269757
v 3.74427091 3.58000000 0.01306143
v 3.74427091 3.58000000 0.26269757
v 3.92471292 3.72848561 0.13787950
v 3.92471292 3.43151439 0.13787950
v 3.85916352 3.45987262 0.25658854
v 3.99026232 3.45987262 0.25658854
v 3.85916352 3.70012738 0.25658854
v 3.99026232 3.70012738 0.25658854
v 3.92471292 3.58000000 0.37529758
v 3.85916352 3.45987262 0.01917046
v 3.99026232 3.45987262 0.01917046
v 3.85916352 3.70012738 0.01917046
v 3.99026232 3.70012738 0.01917046
v 3.92471292 3.58000000 -0.09953858
v 4.09632347 3.65424281 0.06451328
v 4.09632347 3.50575719 0.06451328
v 4.03077407 3.53411542 -0.05419576
v 4.03077407 3.62588458 -0.05419576
v 4.09632347 3.65424281 0.21124572
v 4.09632347 3.50575719 0.21124572
v 4.03077407 3.53411542 0.32995476
v 4.03077407 3.62588458 0.32995476
v 4.13683523 3.58000000 0.13787950
v 3.75310237 3.65424281 0.06451328
v 3.75310237 3.50575719 0.06451328
v 3.81865177 3.53411542 -0.05419576
v 3.81865177 3.62588458 -0.05419576
v 3.75310237 3.65424281 0.21124572
v 3.75310237 3.50575719 0.21124572
v 3.81865177 3.53411542 0.32995476
v 3.81865177 3.62588458 0.32995476
v 3.71259062 3.58000000 0.13787950
f 6229 6266 6245
f 6266 6240 6269
f 6245 6269 6234
f 6266 6269 6245
f 6229 6245 6241
f 6245 6234 6246
f 6241 6246 6230
f 6245 6246 6241
f 6229 6241 6250
f 6241 6230 6251
f 6250 6251 6236
f 6241 6251 6250
f 6229 6250 6262
f 6250 6236 6265
f 6262 6265 6239
f 6250 6265 6262
f 6229 6262 6266
f 6262 6239 6270
f 6266 6270 6240
f 6262 6270 6266
f 6230 6246 6257
f 6246 6234 6260
f 6257 6260 6238
f 6246 6260 6257
f 6234 6269 6247
f 6269 6240 6268
f 6247 6268 6233
f 6269 6268 6247
f 6240 6270 6267
f 6270 6239 6263
f 6267 6263 6231
f 6270 6263 6267
f 6239 6265 6264
f 6265 6236 6252
f 6264 6252 6235
f 6265 6252 6264
f 6236 6251 6256
f 6251 6230 6253
f 6256 6253 6237
f 6251 6253 6256
f 6232 6258 6244
f 6258 6238 6259
f 6244 6259 6233
f 6258 6259 6244
f 6232 6244 6242
f 6244 6233 6243
f 6242 6243 6231
f 6244 6243 6242
f 6232 6242 6249
f 6242 6231 6248
f 6249 6248 6235
f 6242 6248 6249
f 6232 6249 6254
f 6249 6235 6255
f 6254 6255 6237
f 6249 6255 6254
f 6232 6254 6258
f 6254 6237 6261
f 6258 6261 6238
f 6254 6261 6258
f 6233 6259 6247
f 6259 6238 6260
f 6247 6260 6234
f 6259 6260 6247
f 6231 6243 6267
f 6243 6233 6268
f 6267 6268 6240
f 6243 6268 6267
f 6235 6248 6264
f 6248 6231 6263
f 6264 6263 6239
f 6248 6263 6264
f 6237 6255 6256
f 6255 6235 6252
f 6256 6252 6236
f 6255 6252 6256
f 6238 6261 6257
f 6261 6237 6253
f 6257 6253 6230
f 6261 6253 6257

o geometry_489
v 3.92279881 3.74055926 0.17526668
v 4.20631619 3.74055926 0.17526668
v 3.92279881 3.41944074 0.17526668
v 4.20631619 3.41944074 0.17526668
v 4.06455750 3.48076892 0.43168648
v 4.06455750 3.67923108 0.43168648
v 4.06455750 3.48076892 -0.08115311
v 4.06455750 3.67923108 -0.08115311
v 4.29392787 3.58000000 0.01679053
v 4.29392787 3.58000000 0.33374283
v 3.83518712 3.58000000 0.01679053
v 3.83518712 3.58000000 0.33374283
v 4.06455750 3.76874874 0.17526668
v 4.06455750 3.39125126 0.17526668
v 3.98123383 3.42729907 0.32598646
v 4.14788116 3.42729907 0.32598646
v 3.98123383 3.73270093 0.32598646
v 4.14788116 3.73270093 0.32598646
v 4.06455750 3.58000000 0.47670623
v 3.98123383 3.42729907 0.02454691
v 4.14788116 3.42729907 0.02454691
v 3.98123383 3.73270093 0.02454691
v 4.14788116 3.73270093 0.02454691
v 4.06455750 3.58000000 -0.12617287
v 4.28270169 3.67437437 0.08211674
v 4.28270169 3.48562563 0.08211674
v 4.19937802 3.52167343 -0.06860304
v 4.19937802 3.63832657 -0.06860304
v 4.28270169 3.67437437 0.26841663
v 4.28270169 3.48562563 0.26841663
v 4.19937802 3.52167343 0.41913640
v 4.19937802 3.63832657 0.41913640
v 4.33419855 3.58000000 0.17526668
v 3.84641330 3.67437437 0.08211674
v 3.84641330 3.48562563 0.08211674
v 3.92973697 3.52167343 -0.06860304
v 3.92973697 3.63832657 -0.06860304
v 3.84641330 3.67437437 0.26841663
v 3.84641330 3.48562563 0.26841663
v 3.92973697 3.52167343 0.41913640
v 3.92973697 3.63832657 0.41913640
v 3.79491645 3.58000000 0.17526668
f 6271 6308 6287
f 6308 6282 6311
f 6287 6311 6276
f 6308 6311 6287
f 6271 6287 6283
f 6287 6276 6288
f 6283 6288 6272
f 6287 6288 6283
f 6271 6283 6292
f 6283 6272 6293
f 6292 6293 6278
f 6283 6293 6292
f 6271 6292 6304
f 6292 6278 6307
f 6304 6307 6281
f 6292 6307 6304
f 6271 6304 6308
f 6304 6281 6312
f 6308 6312 6282
f 6304 6312 6308
f 6272 6288 6299
f 6288 6276 6302
f 6299 6302 6280
f 6288 6302 6299
f 6276 6311 6289
f 6311 6282 6310
f 6289 6310 6275
f 6311 6310 6289
f 6282 6312 6309
f 6312 6281 6305
f 6309 6305 6273
f 6312 6305 6309
f 6281 6307 6306
f 6307 6278 6294
f 6306 6294 6277
f 6307 6294 6306
f 6278 6293 6298
f 6293 6272 6295
f 6298 6295 6279
f 6293 6295 6298
f 6274 6300 6286
f 6300 6280 6301
f 6286 6301 6275
f 6300 6301 6286
f 6274 6286 6284
f 6286 6275 6285
f 6284 6285 6273
f 6286 6285 6284
f 6274 6284 6291
f 6284 6273 6290
f 6291 6290 6277
f 6284 6290 6291
f 6274 6291 6296
f 6291 6277 6297
f 6296 6297 6279
f 6291 6297 6296
f 6274 6296 6300
f 6296 6279 6303
f 6300 6303 6280
f 6296 6303 6300
f 6275 6301 6289
f 6301 6280 6302
f 6289 6302 6276
f 6301 6302 6289
f 6273 6285 6309
f 6285 6275 6310
f 6309 6310 6282
f 6285 6310 6309
f 6277 6290 6306
f 6290 6273 6305
f 6306 6305 6281
f 6290 6305 6306
f 6279 6297 6298
f 6297 6277 6294
f 6298 6294 6278
f 6297 6294 6298
f 6280 6303 6299
f 6303 6279 6295
f 6299 6295 6272
f 6303 6295 6299

o geometry_490
v 4.03237447 3.64265440 0.06839361
v 4.14301031 3.64265440 0.06839361
v 4.03237447 3.51734560 0.06839361
v 4.14301031 3.51734560 0.06839361
v 4.08769239 3.54127745 0.15127068
v 4.08769239 3.61872255 0.15127068
v 4.08769239 3.54127745 -0.01448346
v 4.08769239 3.61872255 -0.01448346
v 4.17719867 3.58000000 0.01717276
v 4.17719867 3.58000000 0.11961446
v 3.99818611 3.58000000 0.01717276
v 3.99818611 3.58000000 0.11961446
v 4.08769239 3.65365466 0.06839361
v 4.08769239 3.50634534 0.06839361
v 4.05517733 3.52041213 0.11710753
v 4.12020745 3.52041213 0.11710753
v 4.05517733 3.63958787 0.11710753
v 4.12020745 3.63958787 0.11710753
v 4.08769239 3.58000000 0.16582145
v 4.05517733 3.52041213 0.01967969
v 4.12020745 3.52041213 0.01967969
v 4.05517733 3.63958787 0.01967969
v 4.12020745 3.63958787 0.01967969
v 4.08769239 3.58000000 -0.02903423
v 4.17281792 3.61682733 0.03828675
v 4.17281792 3.54317267 0.03828675
v 4.14030286 3.55723946 -0.01042717
v 4.14030286 3.60276054 -0.01042717
v 4.17281792 3.61682733 0.09850047
v 4.17281792 3.54317267 0.09850047
v 4.14030286 3.55723946 0.14721439
v 4.14030286 3.60276054 0.14721439
v 4.19291333 3.58000000 0.06839361
v 4.00256686 3.61682733 0.03828675
v 4.00256686 3.54317267 0.03828675
v 4.03508192 3.55723946 -0.01042717
v 4.03508192 3.60276054 -0.01042717
v 4.00256686 3.61682733 0.09850047
v 4.00256686 3.54317267 0.09850047
v 4.03508192 3.55723946 0.14721439
v 4.03508192 3.60276054 0.14721439
v 3.98247145 3.58000000 0.06839361
f 6313 6350 6329
f 6350 6324 6353
f 6329 6353 6318
f 6350 6353 6329
f 6313 6329 6325
f 6329 6318 6330
f 6325 6330 6314
f 6329 6330 6325
f 6313 6325 6334
f 6325 6314 6335
f 6334 6335 6320
f 6325 6335 6334
f 6313 6334 6346
f 6334 6320 6349
f 6346 6349 6323
f 6334 6349 6346
f 6313 6346 6350
f 6346 6323 6354
f 6350 6354 6324
f 6346 6354 6350
f 6314 6330 6341
f 6330 6318 6344
f 6341 6344 6322
f 6330 6344 6341
f 6318 6353 6331
f 6353 6324 6352
f 6331 6352 6317
f 6353 6352 6331
f 6324 6354 6351
f 6354 6323 6347
f 6351 6347 6315
f 6354 6347 6351
f 6323 6349 6348
f 6349 6320 6336
f 6348 6336 6319
f 6349 6336 6348
f 6320 6335 6340
f 6335 6314 6337
f 6340 6337 6321
f 6335 6337 6340
f 6316 6342 6328
f 6342 6322 6343
f 6328 6343 6317
f 6342 6343 6328
f 6316 6328 6326
f 6328 6317 6327
f 6326 6327 6315
f 6328 6327 6326
f 6316 6326 6333
f 6326 6315 6332
f 6333 6332 6319
f 6326 6332 6333
f 6316 6333 6338
f 6333 6319 6339
f 6338 6339 6321
f 6333 6339 6338
f 6316 6338 6342
f 6338 6321 6345
f 6342 6345 6322
f 6338 6345 6342
f 6317 6343 6331
f 6343 6322 6344
f 6331 6344 6318
f 6343 6344 6331
f 6315 6327 6351
f 6327 6317 6352
f 6351 6352 6324
f 6327 6352 6351
f 6319 6332 6348
f 6332 6315 6347
f 6348 6347 6323
f 6332 6347 6348
f 6321 6339 6340
f 6339 6319 6336
f 6340 6336 6320
f 6339 6336 6340
f 6322 6345 6341
f 6345 6321 6337
f 6341 6337 6314
f 6345 6337 6341

o geometry_491
v 3.06053995 3.70910395 0.14093002
v 3.28851317 3.70910395 0.14093002
v 3.06053995 3.45089605 0.14093002
v 3.28851317 3.45089605 0.14093002
v 3.17452656 3.50020937 0.36790036
v 3.17452656 3.65979063 0.36790036
v 3.17452656 3.50020937 -0.08604031
v 3.17452656 3.65979063 -0.08604031
v 3.35896077 3.58000000 0.00065464
v 3.35896077 3.58000000 0.28120541
v 2.99009235 3.58000000 0.00065464
v 2.99009235 3.58000000 0.28120541
v 3.17452656 3.73177079 0.14093002
v 3.17452656 3.42822921 0.14093002
v 3.10752691 3.45721485 0.27433984
v 3.24152621 3.45721485 0.27433984
v 3.10752691 3.70278515 0.27433984
v 3.24152621 3.70278515 0.27433984
v 3.17452656 3.58000000 0.40774966
v 3.10752691 3.45721485 0.00752021
v 3.24152621 3.45721485 0.00752021
v 3.10752691 3.70278515 0.00752021
v 3.24152621 3.70278515 0.00752021
v 3.17452656 3.58000000 -0.12588961
v 3.34993392 3.65588540 0.05847822
v 3.34993392 3.50411460 0.05847822
v 3.28293427 3.53310025 -0.07493160
v 3.28293427 3.62689975 -0.07493160
v 3.34993392 3.65588540 0.22338182
v 3.34993392 3.50411460 0.22338182
v 3.28293427 3.53310025 0.35679164
v 3.28293427 3.62689975 0.35679164
v 3.39134198 3.58000000 0.14093002
v 2.99911920 3.65588540 0.05847822
v 2.99911920 3.50411460 0.05847822
v 3.06611885 3.53310025 -0.07493160
v 3.06611885 3.62689975 -0.07493160
v 2.99911920 3.65588540 0.22338182
v 2.99911920 3.50411460 0.22338182
v 3.06611885 3.53310025 0.35679164
v 3.06611885 3.62689975 0.35679164
v 2.95771114 3.58000000 0.14093002
f 6355 6392 6371
f 6392 6366 6395
f 6371 6395 6360
f 6392 6395 6371
f 6355 6371 6367
f 6371 6360 6372
f 6367 6372 6356
f 6371 6372 6367
f 6355 6367 6376
f 6367 6356 6377
f 6376 6377 6362
f 6367 6377 6376
f 6355 6376 6388
f 6376 6362 6391
f 6388 6391 6365
f 6376 6391 6388
f 6355 6388 6392
f 6388 6365 6396
f 6392 6396 6366
f 6388 6396 6392
f 6356 6372 6383
f 6372 6360 6386
f 6383 6386 6364
f 6372 6386 6383
f 6360 6395 6373
f 6395 6366 6394
f 6373 6394 6359
f 6395 6394 6373
f 6366 6396 6393
f 6396 6365 6389
f 6393 6389 6357
f 6396 6389 6393
f 6365 6391 6390
f 6391 6362 6378
f 6390 6378 6361
f 6391 6378 6390
f 6362 6377 6382
f 6377 6356 6379
f 6382 6379 6363
f 6377 6379 6382
f 6358 6384 6370
f 6384 6364 6385
f 6370 6385 6359
f 6384 6385 6370
f 6358 6370 6368
f 6370 6359 6369
f 6368 6369 6357
f 6370 6369 6368
f 6358 6368 6375
f 6368 6357 6374
f 6375 6374 6361
f 6368 6374 6375
f 6358 6375 6380
f 6375 6361 6381
f 6380 6381 6363
f 6375 6381 6380
f 6358 6380 6384
f 6380 6363 6387
f 6384 6387 6364
f 6380 6387 6384
f 6359 6385 6373
f 6385 6364 6386
f 6373 6386 6360
f 6385 6386 6373
f 6357 6369 6393
f 6369 6359 6394
f 6393 6394 6366
f 6369 6394 6393
f 6361 6374 6390
f 6374 6357 6389
f 6390 6389 6365
f 6374 6389 6390
f 6363 6381 6382
f 6381 6361 6378
f 6382 6378 6362
f 6381 6378 6382
f 6364 6387 6383
f 6387 6363 6379
f 6383 6379 6356
f 6387 6379 6383

o geometry_492
v 3.55117508 3.68982132 0.11988108
v 3.74509881 3.68982132 0.11988108
v 3.55117508 3.47017868 0.11988108
v 3.74509881 3.47017868 0.11988108
v 3.64813695 3.51212669 0.24109259
v 3.64813695 3.64787331 0.24109259
v 3.64813695 3.51212669 -0.00133043
v 3.64813695 3.64787331 -0.00133043
v 3.80502454 3.58000000 0.04496825
v 3.80502454 3.58000000 0.19479391
v 3.49124935 3.58000000 0.04496825
v 3.49124935 3.58000000 0.19479391
v 3.64813695 3.70910270 0.11988108
v 3.64813695 3.45089730 0.11988108
v 3.59114419 3.47555372 0.19112742
v 3.70512970 3.47555372 0.19112742
v 3.59114419 3.68444628 0.19112742
v 3.70512970 3.68444628 0.19112742
v 3.64813695 3.58000000 0.26237375
v 3.59114419 3.47555372 0.04863474
v 3.70512970 3.47555372 0.04863474
v 3.59114419 3.68444628 0.04863474
v 3.70512970 3.68444628 0.04863474
v 3.64813695 3.58000000 -0.02261160
v 3.79734591 3.64455135 0.07584842
v 3.79734591 3.51544865 0.07584842
v 3.74035316 3.54010507 0.00460208
v 3.74035316 3.61989493 0.00460208
v 3.79734591 3.64455135 0.16391374
v 3.79734591 3.51544865 0.16391374
v 3.74035316 3.54010507 0.23516007
v 3.74035316 3.61989493 0.23516007
v 3.83256937 3.58000000 0.11988108
v 3.49892798 3.64455135 0.07584842
v 3.49892798 3.51544865 0.07584842
v 3.55592073 3.54010507 0.00460208
v 3.55592073 3.61989493 0.00460208
v 3.49892798 3.64455135 0.16391374
v 3.49892798 3.51544865 0.16391374
v 3.55592073 3.54010507 0.23516007
v 3.55592073 3.61989493 0.23516007
v 3.46370452 3.58000000 0.11988108
f 6397 6434 6413
f 6434 6408 6437
f 6413 6437 6402
f 6434 6437 6413
f 6397 6413 6409
f 6413 6402 6414
f 6409 6414 6398
f 6413 6414 6409
f 6397 6409 6418
f 6409 6398 6419
f 6418 6419 6404
f 6409 6419 6418
f 6397 6418 6430
f 6418 6404 6433
f 6430 6433 6407
f 6418 6433 6430
f 6397 6430 6434
f 6430 6407 6438
f 6434 6438 6408
f 6430 6438 6434
f 6398 6414 6425
f 6414 6402 6428
f 6425 6428 6406
f 6414 6428 6425
f 6402 6437 6415
f 6437 6408 6436
f 6415 6436 6401
f 6437 6436 6415
f 6408 6438 6435
f 6438 6407 6431
f 6435 6431 6399
f 6438 6431 6435
f 6407 6433 6432
f 6433 6404 6420
f 6432 6420 6403
f 6433 6420 6432
f 6404 6419 6424
f 6419 6398 6421
f 6424 6421 6405
f 6419 6421 6424
f 6400 6426 6412
f 6426 6406 6427
f 6412 6427 6401
f 6426 6427 6412
f 6400 6412 6410
f 6412 6401 6411
f 6410 6411 6399
f 6412 6411 6410
f 6400 6410 6417
f 6410 6399 6416
f 6417 6416 6403
f 6410 6416 6417
f 6400 6417 6422
f 6417 6403 6423
f 6422 6423 6405
f 6417 6423 6422
f 6400 6422 6426
f 6422 6405 6429
f 6426 6429 6406
f 6422 6429 6426
f 6401 6427 6415
f 6427 6406 6428
f 6415 6428 6402
f 6427 6428 6415
f 6399 6411 6435
f 6411 6401 6436
f 6435 6436 6408
f 6411 6436 6435
f 6403 6416 6432
f 6416 6399 6431
f 6432 6431 6407
f 6416 6431 6432
f 6405 6423 6424
f 6423 6403 6420
f 6424 6420 6404
f 6423 6420 6424
f 6406 6429 6425
f 6429 6405 6421
f 6425 6421 6398
f 6429 6421 6425

o geometry_493
v 3.18151670 3.70106172 0.13215112
v 3.39528886 3.70106172 0.13215112
v 3.18151670 3.45893828 0.13215112
v 3.39528886 3.45893828 0.13215112
v 3.28840278 3.50517974 0.23750594
v 3.28840278 3.65482026 0.23750594
v 3.28840278 3.50517974 0.02679630
v 3.28840278 3.65482026 0.02679630
v 3.46134810 3.58000000 0.06703826
v 3.46134810 3.58000000 0.19726398
v 3.11545746 3.58000000 0.06703826
v 3.11545746 3.58000000 0.19726398
v 3.28840278 3.72231659 0.13215112
v 3.28840278 3.43768341 0.13215112
v 3.22557672 3.46486346 0.19407713
v 3.35122884 3.46486346 0.19407713
v 3.22557672 3.69513654 0.19407713
v 3.35122884 3.69513654 0.19407713
v 3.28840278 3.58000000 0.25600313
v 3.22557672 3.46486346 0.07022511
v 3.35122884 3.46486346 0.07022511
v 3.22557672 3.69513654 0.07022511
v 3.35122884 3.69513654 0.07022511
v 3.28840278 3.58000000 0.00829910
v 3.45288355 3.65115829 0.09387874
v 3.45288355 3.50884171 0.09387874
v 3.39005749 3.53602176 0.03195273
v 3.39005749 3.62397824 0.03195273
v 3.45288355 3.65115829 0.17042350
v 3.45288355 3.50884171 0.17042350
v 3.39005749 3.53602176 0.23234950
v 3.39005749 3.62397824 0.23234950
v 3.49171219 3.58000000 0.13215112
v 3.12392201 3.65115829 0.09387874
v 3.12392201 3.50884171 0.09387874
v 3.18674807 3.53602176 0.03195273
v 3.18674807 3.62397824 0.03195273
v 3.12392201 3.65115829 0.17042350
v 3.12392201 3.50884171 0.17042350
v 3.18674807 3.53602176 0.23234950
v 3.18674807 3.62397824 0.23234950
v 3.08509337 3.58000000 0.13215112
f 6439 6476 6455
f 6476 6450 6479
f 6455 6479 6444
f 6476 6479 6455
f 6439 6455 6451
f 6455 6444 6456
f 6451 6456 6440
f 6455 6456 6451
f 6439 6451 6460
f 6451 6440 6461
f 6460 6461 6446
f 6451 6461 6460
f 6439 6460 6472
f 6460 6446 6475
f 6472 6475 6449
f 6460 6475 6472
f 6439 6472 6476
f 6472 6449 6480
f 6476 6480 6450
f 6472 6480 6476
f 6440 6456 6467
f 6456 6444 6470
f 6467 6470 6448
f 6456 6470 6467
f 6444 6479 6457
f 6479 6450 6478
f 6457 6478 6443
f 6479 6478 6457
f 6450 6480 6477
f 6480 6449 6473
f 6477 6473 6441
f 6480 6473 6477
f 6449 6475 6474
f 6475 6446 6462
f 6474 6462 6445
f 6475 6462 6474
f 6446 6461 6466
f 6461 6440 6463
f 6466 6463 6447
f 6461 6463 6466
f 6442 6468 6454
f 6468 6448 6469
f 6454 6469 6443
f 6468 6469 6454
f 6442 6454 6452
f 6454 6443 6453
f 6452 6453 6441
f 6454 6453 6452
f 6442 6452 6459
f 6452 6441 6458
f 6459 6458 6445
f 6452 6458 6459
f 6442 6459 6464
f 6459 6445 6465
f 6464 6465 6447
f 6459 6465 6464
f 6442 6464 6468
f 6464 6447 6471
f 6468 6471 6448
f 6464 6471 6468
f 6443 6469 6457
f 6469 6448 6470
f 6457 6470 6444
f 6469 6470 6457
f 6441 6453 6477
f 6453 6443 6478
f 6477 6478 6450
f 6453 6478 6477
f 6445 6458 6474
f 6458 6441 6473
f 6474 6473 6449
f 6458 6473 6474
f 6447 6465 6466
f 6465 6445 6462
f 6466 6462 6446
f 6465 6462 6466
f 6448 6471 6467
f 6471 6447 6463
f 6467 6463 6440
f 6471 6463 6467

o geometry_494
v 2.80000000 3.70500000 0.00000000
v 2.80000000 3.70500000 0.18000000
v 2.80000000 4.25500000 0.00000000
v 2.80000000 4.25500000 0.18000000
v 6.80000000 3.70500000 0.00000000
v 6.80000000 3.70500000 0.18000000
v 6.80000000 4.25500000 0.00000000
v 6.80000000 4.25500000 0.18000000
f 6482 6484 6481
f 6485 6482 6481
f 6481 6484 6483
f 6483 6485 6481
f 6482 6488 6484
f 6486 6482 6485
f 6486 6488 6482
f 6484 6488 6483
f 6487 6485 6483
f 6483 6488 6487
f 6487 6486 6485
f 6488 6486 6487

o geometry_495
v 2.80000000 3.67000000 3.25000000
v 2.80000000 3.67000000 3.50000000
v 2.80000000 4.29000000 3.25000000
v 2.80000000 4.29000000 3.50000000
v 6.80000000 3.67000000 3.25000000
v 6.80000000 3.67000000 3.50000000
v 6.80000000 4.29000000 3.25000000
v 6.80000000 4.29000000 3.50000000
f 6490 6492 6489
f 6493 6490 6489
f 6489 6492 6491
f 6491 6493 6489
f 6490 6496 6492
f 6494 6490 6493
f 6494 6496 6490
f 6492 6496 6491
f 6495 6493 6491
f 6491 6496 6495
f 6495 6494 6493
f 6496 6494 6495

o geometry_496
v 7.60729076 3.51232533 0.01175173
v 7.60729076 3.51232533 0.48675173
v 7.61072338 3.99231305 0.01175173
v 7.61072338 3.99231305 0.48675173
v 8.16041083 3.50836970 0.01175173
v 8.16041083 3.50836970 0.48675173
v 8.16384345 3.98835743 0.01175173
v 8.16384345 3.98835743 0.48675173
f 6498 6500 6497
f 6501 6498 6497
f 6497 6500 6499
f 6499 6501 6497
f 6498 6504 6500
f 6502 6498 6501
f 6502 6504 6498
f 6500 6504 6499
f 6503 6501 6499
f 6499 6504 6503
f 6503 6502 6501
f 6504 6502 6503

o geometry_497
v 8.18201108 3.51336934 0.01101271
v 8.18201108 3.51336934 0.48601271
v 8.17827100 3.99335476 0.01101271
v 8.17827100 3.99335476 0.48601271
v 8.63205614 3.51687612 0.01101271
v 8.63205614 3.51687612 0.48601271
v 8.62831606 3.99686155 0.01101271
v 8.62831606 3.99686155 0.48601271
f 6506 6508 6505
f 6509 6506 6505
f 6505 6508 6507
f 6507 6509 6505
f 6506 6512 6508
f 6510 6506 6509
f 6510 6512 6506
f 6508 6512 6507
f 6511 6509 6507
f 6507 6512 6511
f 6511 6510 6509
f 6512 6510 6511

o geometry_498
v 8.65037692 3.50964806 0.00113490
v 8.65037692 3.50964806 0.47613490
v 8.64602940 3.98962837 0.00113490
v 8.64602940 3.98962837 0.47613490
v 9.14886732 3.51416324 0.00113490
v 9.14886732 3.51416324 0.47613490
v 9.14451980 3.99414355 0.00113490
v 9.14451980 3.99414355 0.47613490
f 6514 6516 6513
f 6517 6514 6513
f 6513 6516 6515
f 6515 6517 6513
f 6514 6520 6516
f 6518 6514 6517
f 6518 6520 6514
f 6516 6520 6515
f 6519 6517 6515
f 6515 6520 6519
f 6519 6518 6517
f 6520 6518 6519

o geometry_499
v 9.16601861 3.52109546 0.01441526
v 9.16601861 3.52109546 0.48941526
v 9.16339708 4.00108830 0.01441526
v 9.16339708 4.00108830 0.48941526
v 9.71088771 3.52407132 0.01441526
v 9.71088771 3.52407132 0.48941526
v 9.70826618 4.00406416 0.01441526
v 9.70826618 4.00406416 0.48941526
f 6522 6524 6521
f 6525 6522 6521
f 6521 6524 6523
f 6523 6525 6521
f 6522 6528 6524
f 6526 6522 6525
f 6526 6528 6522
f 6524 6528 6523
f 6527 6525 6523
f 6523 6528 6527
f 6527 6526 6525
f 6528 6526 6527

o geometry_500
v 9.72589865 3.52006844 0.02775620
v 9.72589865 3.52006844 0.50275620
v 9.72927512 4.00005657 0.02775620
v 9.72927512 4.00005657 0.50275620
v 10.20097493 3.51672652 0.02775620
v 10.20097493 3.51672652 0.50275620
v 10.20435140 3.99671465 0.02775620
v 10.20435140 3.99671465 0.50275620
f 6530 6532 6529
f 6533 6530 6529
f 6529 6532 6531
f 6531 6533 6529
f 6530 6536 6532
f 6534 6530 6533
f 6534 6536 6530
f 6532 6536 6531
f 6535 6533 6531
f 6531 6536 6535
f 6535 6534 6533
f 6536 6534 6535

o geometry_501
v 10.21948861 3.51579961 0.02971412
v 10.21948861 3.51579961 0.50471412
v 10.22185622 3.99579377 0.02971412
v 10.22185622 3.99579377 0.50471412
v 10.77391936 3.51306484 0.02971412
v 10.77391936 3.51306484 0.50471412
v 10.77628697 3.99305900 0.02971412
v 10.77628697 3.99305900 0.50471412
f 6538 6540 6537
f 6541 6538 6537
f 6537 6540 6539
f 6539 6541 6537
f 6538 6544 6540
f 6542 6538 6541
f 6542 6544 6538
f 6540 6544 6539
f 6543 6541 6539
f 6539 6544 6543
f 6543 6542 6541
f 6544 6542 6543

o geometry_502
v 10.79271238 3.51137161 0.02773908
v 10.79271238 3.51137161 0.50273908
v 10.79350132 3.99137096 0.02773908
v 10.79350132 3.99137096 0.50273908
v 11.25481925 3.51061208 0.02773908
v 11.25481925 3.51061208 0.50273908
v 11.25560819 3.99061143 0.02773908
v 11.25560819 3.99061143 0.50273908
f 6546 6548 6545
f 6549 6546 6545
f 6545 6548 6547
f 6547 6549 6545
f 6546 6552 6548
f 6550 6546 6549
f 6550 6552 6546
f 6548 6552 6547
f 6551 6549 6547
f 6547 6552 6551
f 6551 6550 6549
f 6552 6550 6551

o geometry_503
v 11.27171368 3.53008523 0.01924594
v 11.27171368 3.53008523 0.49424594
v 11.27472062 4.01007581 0.01924594
v 11.27472062 4.01007581 0.49424594
v 11.58949341 3.52809447 0.01924594
v 11.58949341 3.52809447 0.49424594
v 11.59250035 4.00808505 0.01924594
v 11.59250035 4.00808505 0.49424594
f 6554 6556 6553
f 6557 6554 6553
f 6553 6556 6555
f 6555 6557 6553
f 6554 6560 6556
f 6558 6554 6557
f 6558 6560 6554
f 6556 6560 6555
f 6559 6557 6555
f 6555 6560 6559
f 6559 6558 6557
f 6560 6558 6559

o geometry_504
v 7.61012283 3.51566343 0.49754372
v 7.61012283 3.51566343 0.97254372
v 7.60788502 3.99565822 0.49754372
v 7.60788502 3.99565822 0.97254372
v 8.33171310 3.51902760 0.49754372
v 8.33171310 3.51902760 0.97254372
v 8.32947529 3.99902238 0.49754372
v 8.32947529 3.99902238 0.97254372
f 6562 6564 6561
f 6565 6562 6561
f 6561 6564 6563
f 6563 6565 6561
f 6562 6568 6564
f 6566 6562 6565
f 6566 6568 6562
f 6564 6568 6563
f 6567 6565 6563
f 6563 6568 6567
f 6567 6566 6565
f 6568 6566 6567

o geometry_505
v 8.34870363 3.50688043 0.53297556
v 8.34870363 3.50688043 1.00797556
v 8.34849265 3.98688038 0.53297556
v 8.34849265 3.98688038 1.00797556
v 8.97426525 3.50715538 0.53297556
v 8.97426525 3.50715538 1.00797556
v 8.97405427 3.98715534 0.53297556
v 8.97405427 3.98715534 1.00797556
f 6570 6572 6569
f 6573 6570 6569
f 6569 6572 6571
f 6571 6573 6569
f 6570 6576 6572
f 6574 6570 6573
f 6574 6576 6570
f 6572 6576 6571
f 6575 6573 6571
f 6571 6576 6575
f 6575 6574 6573
f 6576 6574 6575

o geometry_506
v 8.99562387 3.50928734 0.52777525
v 8.99562387 3.50928734 1.00277525
v 8.98876431 3.98923832 0.52777525
v 8.98876431 3.98923832 1.00277525
v 9.66729820 3.51888706 0.52777525
v 9.66729820 3.51888706 1.00277525
v 9.66043863 3.99883804 0.52777525
v 9.66043863 3.99883804 1.00277525
f 6578 6580 6577
f 6581 6578 6577
f 6577 6580 6579
f 6579 6581 6577
f 6578 6584 6580
f 6582 6578 6581
f 6582 6584 6578
f 6580 6584 6579
f 6583 6581 6579
f 6579 6584 6583
f 6583 6582 6581
f 6584 6582 6583

o geometry_507
v 9.68049878 3.52584061 0.51758736
v 9.68049878 3.52584061 0.99258736
v 9.68331649 4.00583234 0.51758736
v 9.68331649 4.00583234 0.99258736
v 10.25210750 3.52248508 0.51758736
v 10.25210750 3.52248508 0.99258736
v 10.25492522 4.00247680 0.51758736
v 10.25492522 4.00247680 0.99258736
f 6586 6588 6585
f 6589 6586 6585
f 6585 6588 6587
f 6587 6589 6585
f 6586 6592 6588
f 6590 6586 6589
f 6590 6592 6586
f 6588 6592 6587
f 6591 6589 6587
f 6587 6592 6591
f 6591 6590 6589
f 6592 6590 6591

o geometry_508
v 10.27170327 3.53205830 0.53150394
v 10.27170327 3.53205830 1.00650394
v 10.27133948 4.01205816 0.53150394
v 10.27133948 4.01205816 1.00650394
v 10.93444105 3.53256059 0.53150394
v 10.93444105 3.53256059 1.00650394
v 10.93407726 4.01256045 0.53150394
v 10.93407726 4.01256045 1.00650394
f 6594 6596 6593
f 6597 6594 6593
f 6593 6596 6595
f 6595 6597 6593
f 6594 6600 6596
f 6598 6594 6597
f 6598 6600 6594
f 6596 6600 6595
f 6599 6597 6595
f 6595 6600 6599
f 6599 6598 6597
f 6600 6598 6599

o geometry_509
v 10.95008426 3.51779781 0.50311403
v 10.95008426 3.51779781 0.97811403
v 10.95445858 3.99777788 0.50311403
v 10.95445858 3.99777788 0.97811403
v 11.53604390 3.51245765 0.50311403
v 11.53604390 3.51245765 0.97811403
v 11.54041821 3.99243772 0.50311403
v 11.54041821 3.99243772 0.97811403
f 6602 6604 6601
f 6605 6602 6601
f 6601 6604 6603
f 6603 6605 6601
f 6602 6608 6604
f 6606 6602 6605
f 6606 6608 6602
f 6604 6608 6603
f 6607 6605 6603
f 6603 6608 6607
f 6607 6606 6605
f 6608 6606 6607

o geometry_510
v 11.55887609 3.53068069 0.49799426
v 11.55887609 3.53068069 0.97299426
v 11.55361243 4.01065183 0.49799426
v 11.55361243 4.01065183 0.97299426
v 11.59363078 3.53106183 0.49799426
v 11.59363078 3.53106183 0.97299426
v 11.58836713 4.01103297 0.49799426
v 11.58836713 4.01103297 0.97299426
f 6610 6612 6609
f 6613 6610 6609
f 6609 6612 6611
f 6611 6613 6609
f 6610 6616 6612
f 6614 6610 6613
f 6614 6616 6610
f 6612 6616 6611
f 6615 6613 6611
f 6611 6616 6615
f 6615 6614 6613
f 6616 6614 6615

o geometry_511
v 7.60555865 3.53957868 1.02640288
v 7.60555865 3.53957868 1.50140288
v 7.61251276 4.01952830 1.02640288
v 7.61251276 4.01952830 1.50140288
v 8.28594859 3.52972034 1.02640288
v 8.28594859 3.52972034 1.50140288
v 8.29290271 4.00966996 1.02640288
v 8.29290271 4.00966996 1.50140288
f 6618 6620 6617
f 6621 6618 6617
f 6617 6620 6619
f 6619 6621 6617
f 6618 6624 6620
f 6622 6618 6621
f 6622 6624 6618
f 6620 6624 6619
f 6623 6621 6619
f 6619 6624 6623
f 6623 6622 6621
f 6624 6622 6623

o geometry_512
v 8.30607072 3.50967715 1.01851326
v 8.30607072 3.50967715 1.49351326
v 8.30886251 3.98966903 1.01851326
v 8.30886251 3.98966903 1.49351326
v 8.92715842 3.50606470 1.01851326
v 8.92715842 3.50606470 1.49351326
v 8.92995021 3.98605658 1.01851326
v 8.92995021 3.98605658 1.49351326
f 6626 6628 6625
f 6629 6626 6625
f 6625 6628 6627
f 6627 6629 6625
f 6626 6632 6628
f 6630 6626 6629
f 6630 6632 6626
f 6628 6632 6627
f 6631 6629 6627
f 6627 6632 6631
f 6631 6630 6629
f 6632 6630 6631

o geometry_513
v 8.95019389 3.51864088 0.99384174
v 8.95019389 3.51864088 1.46884174
v 8.94299590 3.99858690 0.99384174
v 8.94299590 3.99858690 1.46884174
v 9.57845151 3.52806316 0.99384174
v 9.57845151 3.52806316 1.46884174
v 9.57125353 4.00800919 0.99384174
v 9.57125353 4.00800919 1.46884174
f 6634 6636 6633
f 6637 6634 6633
f 6633 6636 6635
f 6635 6637 6633
f 6634 6640 6636
f 6638 6634 6637
f 6638 6640 6634
f 6636 6640 6635
f 6639 6637 6635
f 6635 6640 6639
f 6639 6638 6637
f 6640 6638 6639

o geometry_514
v 9.59215311 3.52319739 1.02481565
v 9.59215311 3.52319739 1.49981565
v 9.59362530 4.00319514 1.02481565
v 9.59362530 4.00319514 1.49981565
v 10.16789650 3.52143154 1.02481565
v 10.16789650 3.52143154 1.49981565
v 10.16936869 4.00142929 1.02481565
v 10.16936869 4.00142929 1.49981565
f 6642 6644 6641
f 6645 6642 6641
f 6641 6644 6643
f 6643 6645 6641
f 6642 6648 6644
f 6646 6642 6645
f 6646 6648 6642
f 6644 6648 6643
f 6647 6645 6643
f 6643 6648 6647
f 6647 6646 6645
f 6648 6646 6647

o geometry_515
v 10.18948328 3.52338330 1.03646280
v 10.18948328 3.52338330 1.51146280
v 10.18383491 4.00335007 1.03646280
v 10.18383491 4.00335007 1.51146280
v 10.91584118 3.53193127 1.03646280
v 10.91584118 3.53193127 1.51146280
v 10.91019281 4.01189803 1.03646280
v 10.91019281 4.01189803 1.51146280
f 6650 6652 6649
f 6653 6650 6649
f 6649 6652 6651
f 6651 6653 6649
f 6650 6656 6652
f 6654 6650 6653
f 6654 6656 6650
f 6652 6656 6651
f 6655 6653 6651
f 6651 6656 6655
f 6655 6654 6653
f 6656 6654 6655

o geometry_516
v 10.93344347 3.50504727 1.00985971
v 10.93344347 3.50504727 1.48485971
v 10.92867341 3.98502357 1.00985971
v 10.92867341 3.98502357 1.48485971
v 11.59336874 3.51160568 1.00985971
v 11.59336874 3.51160568 1.48485971
v 11.58859868 3.99158198 1.00985971
v 11.58859868 3.99158198 1.48485971
f 6658 6660 6657
f 6661 6658 6657
f 6657 6660 6659
f 6659 6661 6657
f 6658 6664 6660
f 6662 6658 6661
f 6662 6664 6658
f 6660 6664 6659
f 6663 6661 6659
f 6659 6664 6663
f 6663 6662 6661
f 6664 6662 6663

o geometry_517
v 7.61048746 3.51735563 1.51104649
v 7.61048746 3.51735563 1.98604649
v 7.60752579 3.99734649 1.51104649
v 7.60752579 3.99734649 1.98604649
v 8.30684027 3.52165231 1.51104649
v 8.30684027 3.52165231 1.98604649
v 8.30387860 4.00164317 1.51104649
v 8.30387860 4.00164317 1.98604649
f 6666 6668 6665
f 6669 6666 6665
f 6665 6668 6667
f 6667 6669 6665
f 6666 6672 6668
f 6670 6666 6669
f 6670 6672 6666
f 6668 6672 6667
f 6671 6669 6667
f 6667 6672 6671
f 6671 6670 6669
f 6672 6670 6671

o geometry_518
v 8.32168779 3.53465318 1.52482579
v 8.32168779 3.53465318 1.99982579
v 8.32505996 4.01464134 1.52482579
v 8.32505996 4.01464134 1.99982579
v 8.95514502 3.53020281 1.52482579
v 8.95514502 3.53020281 1.99982579
v 8.95851719 4.01019097 1.52482579
v 8.95851719 4.01019097 1.99982579
f 6674 6676 6673
f 6677 6674 6673
f 6673 6676 6675
f 6675 6677 6673
f 6674 6680 6676
f 6678 6674 6677
f 6678 6680 6674
f 6676 6680 6675
f 6679 6677 6675
f 6675 6680 6679
f 6679 6678 6677
f 6680 6678 6679

o geometry_519
v 8.97142977 3.51613846 1.49610641
v 8.97142977 3.51613846 1.97110641
v 8.97831456 3.99608908 1.49610641
v 8.97831456 3.99608908 1.97110641
v 9.61760869 3.50686916 1.49610641
v 9.61760869 3.50686916 1.97110641
v 9.62449348 3.98681978 1.49610641
v 9.62449348 3.98681978 1.97110641
f 6682 6684 6681
f 6685 6682 6681
f 6681 6684 6683
f 6683 6685 6681
f 6682 6688 6684
f 6686 6682 6685
f 6686 6688 6682
f 6684 6688 6683
f 6687 6685 6683
f 6683 6688 6687
f 6687 6686 6685
f 6688 6686 6687

o geometry_520
v 9.63733763 3.51946985 1.50555246
v 9.63733763 3.51946985 1.98055246
v 9.64084670 3.99945702 1.50555246
v 9.64084670 3.99945702 1.98055246
v 10.22438993 3.51517805 1.50555246
v 10.22438993 3.51517805 1.98055246
v 10.22789900 3.99516522 1.50555246
v 10.22789900 3.99516522 1.98055246
f 6690 6692 6689
f 6693 6690 6689
f 6689 6692 6691
f 6691 6693 6689
f 6690 6696 6692
f 6694 6690 6693
f 6694 6696 6690
f 6692 6696 6691
f 6695 6693 6691
f 6691 6696 6695
f 6695 6694 6693
f 6696 6694 6695

o geometry_521
v 10.24350958 3.50803196 1.50023817
v 10.24350958 3.50803196 1.97523817
v 10.24479735 3.98803024 1.50023817
v 10.24479735 3.98803024 1.97523817
v 10.88388143 3.50631394 1.50023817
v 10.88388143 3.50631394 1.97523817
v 10.88516919 3.98631221 1.50023817
v 10.88516919 3.98631221 1.97523817
f 6698 6700 6697
f 6701 6698 6697
f 6697 6700 6699
f 6699 6701 6697
f 6698 6704 6700
f 6702 6698 6701
f 6702 6704 6698
f 6700 6704 6699
f 6703 6701 6699
f 6699 6704 6703
f 6703 6702 6701
f 6704 6702 6703

o geometry_522
v 10.90234447 3.51689594 1.50089688
v 10.90234447 3.51689594 1.97589688
v 10.90270866 3.99689580 1.50089688
v 10.90270866 3.99689580 1.97589688
v 11.59081781 3.51637357 1.50089688
v 11.59081781 3.51637357 1.97589688
v 11.59118200 3.99637343 1.50089688
v 11.59118200 3.99637343 1.97589688
f 6706 6708 6705
f 6709 6706 6705
f 6705 6708 6707
f 6707 6709 6705
f 6706 6712 6708
f 6710 6706 6709
f 6710 6712 6706
f 6708 6712 6707
f 6711 6709 6707
f 6707 6712 6711
f 6711 6710 6709
f 6712 6710 6711

o geometry_523
v 7.60760634 3.53261793 2.00637391
v 7.60760634 3.53261793 2.48137391
v 7.61040462 4.01260978 2.00637391
v 7.61040462 4.01260978 2.48137391
v 8.25235796 3.52885912 2.00637391
v 8.25235796 3.52885912 2.48137391
v 8.25515625 4.00885097 2.00637391
v 8.25515625 4.00885097 2.48137391
f 6714 6716 6713
f 6717 6714 6713
f 6713 6716 6715
f 6715 6717 6713
f 6714 6720 6716
f 6718 6714 6717
f 6718 6720 6714
f 6716 6720 6715
f 6719 6717 6715
f 6715 6720 6719
f 6719 6718 6717
f 6720 6718 6719

o geometry_524
v 8.27518678 3.52039509 2.02046216
v 8.27518678 3.52039509 2.49546216
v 8.26840798 4.00034722 2.02046216
v 8.26840798 4.00034722 2.49546216
v 8.97288760 3.53024936 2.02046216
v 8.97288760 3.53024936 2.49546216
v 8.96610880 4.01020149 2.02046216
v 8.96610880 4.01020149 2.49546216
f 6722 6724 6721
f 6725 6722 6721
f 6721 6724 6723
f 6723 6725 6721
f 6722 6728 6724
f 6726 6722 6725
f 6726 6728 6722
f 6724 6728 6723
f 6727 6725 6723
f 6723 6728 6727
f 6727 6726 6725
f 6728 6726 6727

o geometry_525
v 8.98624304 3.52565689 2.01765157
v 8.98624304 3.52565689 2.49265157
v 8.98883340 4.00564990 2.01765157
v 8.98883340 4.00564990 2.49265157
v 9.70323283 3.52178754 2.01765157
v 9.70323283 3.52178754 2.49265157
v 9.70582319 4.00178055 2.01765157
v 9.70582319 4.00178055 2.49265157
f 6730 6732 6729
f 6733 6730 6729
f 6729 6732 6731
f 6731 6733 6729
f 6730 6736 6732
f 6734 6730 6733
f 6734 6736 6730
f 6732 6736 6731
f 6735 6733 6731
f 6731 6736 6735
f 6735 6734 6733
f 6736 6734 6735

o geometry_526
v 9.72570385 3.51624349 2.02717195
v 9.72570385 3.51624349 2.50217195
v 9.71941681 3.99620231 2.02717195
v 9.71941681 3.99620231 2.50217195
v 10.35737041 3.52451776 2.02717195
v 10.35737041 3.52451776 2.50217195
v 10.35108337 4.00447659 2.02717195
v 10.35108337 4.00447659 2.50217195
f 6738 6740 6737
f 6741 6738 6737
f 6737 6740 6739
f 6739 6741 6737
f 6738 6744 6740
f 6742 6738 6741
f 6742 6744 6738
f 6740 6744 6739
f 6743 6741 6739
f 6739 6744 6743
f 6743 6742 6741
f 6744 6742 6743

o geometry_527
v 10.36909235 3.53891604 2.00996786
v 10.36909235 3.53891604 2.48496786
v 10.37546985 4.01887367 2.00996786
v 10.37546985 4.01887367 2.48496786
v 10.98329146 3.53075479 2.00996786
v 10.98329146 3.53075479 2.48496786
v 10.98966896 4.01071242 2.00996786
v 10.98966896 4.01071242 2.48496786
f 6746 6748 6745
f 6749 6746 6745
f 6745 6748 6747
f 6747 6749 6745
f 6746 6752 6748
f 6750 6746 6749
f 6750 6752 6746
f 6748 6752 6747
f 6751 6749 6747
f 6747 6752 6751
f 6751 6750 6749
f 6752 6750 6751

o geometry_528
v 11.00608671 3.50992354 1.99310708
v 11.00608671 3.50992354 2.46810708
v 11.00294023 3.98991323 1.99310708
v 11.00294023 3.98991323 2.46810708
v 11.57796773 3.51367240 1.99310708
v 11.57796773 3.51367240 2.46810708
v 11.57482125 3.99366209 1.99310708
v 11.57482125 3.99366209 2.46810708
f 6754 6756 6753
f 6757 6754 6753
f 6753 6756 6755
f 6755 6757 6753
f 6754 6760 6756
f 6758 6754 6757
f 6758 6760 6754
f 6756 6760 6755
f 6759 6757 6755
f 6755 6760 6759
f 6759 6758 6757
f 6760 6758 6759

o geometry_529
v 7.60587545 3.51097646 2.53017458
v 7.60587545 3.51097646 3.00517458
v 7.61217851 3.99093508 2.53017458
v 7.61217851 3.99093508 3.00517458
v 8.23164833 3.50275849 2.53017458
v 8.23164833 3.50275849 3.00517458
v 8.23795139 3.98271711 2.53017458
v 8.23795139 3.98271711 3.00517458
f 6762 6764 6761
f 6765 6762 6761
f 6761 6764 6763
f 6763 6765 6761
f 6762 6768 6764
f 6766 6762 6765
f 6766 6768 6762
f 6764 6768 6763
f 6767 6765 6763
f 6763 6768 6767
f 6767 6766 6765
f 6768 6766 6767

o geometry_530
v 8.25226686 3.50727793 2.51817162
v 8.25226686 3.50727793 2.99317162
v 8.25338845 3.98727661 2.51817162
v 8.25338845 3.98727661 2.99317162
v 8.85056787 3.50587990 2.51817162
v 8.85056787 3.50587990 2.99317162
v 8.85168946 3.98587859 2.51817162
v 8.85168946 3.98587859 2.99317162
f 6770 6772 6769
f 6773 6770 6769
f 6769 6772 6771
f 6771 6773 6769
f 6770 6776 6772
f 6774 6770 6773
f 6774 6776 6770
f 6772 6776 6771
f 6775 6773 6771
f 6771 6776 6775
f 6775 6774 6773
f 6776 6774 6775

o geometry_531
v 8.86890571 3.51091851 2.51208470
v 8.86890571 3.51091851 2.98708470
v 8.86935356 3.99091830 2.51208470
v 8.86935356 3.99091830 2.98708470
v 9.56302775 3.51027087 2.51208470
v 9.56302775 3.51027087 2.98708470
v 9.56347560 3.99027066 2.51208470
v 9.56347560 3.99027066 2.98708470
f 6778 6780 6777
f 6781 6778 6777
f 6777 6780 6779
f 6779 6781 6777
f 6778 6784 6780
f 6782 6778 6781
f 6782 6784 6778
f 6780 6784 6779
f 6783 6781 6779
f 6779 6784 6783
f 6783 6782 6781
f 6784 6782 6783

o geometry_532
v 9.58215817 3.52304371 2.49474793
v 9.58215817 3.52304371 2.96974793
v 9.58034963 4.00304030 2.49474793
v 9.58034963 4.00304030 2.96974793
v 10.16542922 3.52524137 2.49474793
v 10.16542922 3.52524137 2.96974793
v 10.16362068 4.00523797 2.49474793
v 10.16362068 4.00523797 2.96974793
f 6786 6788 6785
f 6789 6786 6785
f 6785 6788 6787
f 6787 6789 6785
f 6786 6792 6788
f 6790 6786 6789
f 6790 6792 6786
f 6788 6792 6787
f 6791 6789 6787
f 6787 6792 6791
f 6791 6790 6789
f 6792 6790 6791

o geometry_533
v 10.17965209 3.53470927 2.51890037
v 10.17965209 3.53470927 2.99390037
v 10.18545051 4.01467425 2.51890037
v 10.18545051 4.01467425 2.99390037
v 10.84517280 3.52666917 2.51890037
v 10.84517280 3.52666917 2.99390037
v 10.85097122 4.00663415 2.51890037
v 10.85097122 4.00663415 2.99390037
f 6794 6796 6793
f 6797 6794 6793
f 6793 6796 6795
f 6795 6797 6793
f 6794 6800 6796
f 6798 6794 6797
f 6798 6800 6794
f 6796 6800 6795
f 6799 6797 6795
f 6795 6800 6799
f 6799 6798 6797
f 6800 6798 6799

o geometry_534
v 10.86899423 3.51214906 2.51063566
v 10.86899423 3.51214906 2.98563566
v 10.86324033 3.99211457 2.51063566
v 10.86324033 3.99211457 2.98563566
v 11.45308487 3.51915122 2.51063566
v 11.45308487 3.51915122 2.98563566
v 11.44733098 3.99911673 2.51063566
v 11.44733098 3.99911673 2.98563566
f 6802 6804 6801
f 6805 6802 6801
f 6801 6804 6803
f 6803 6805 6801
f 6802 6808 6804
f 6806 6802 6805
f 6806 6808 6802
f 6804 6808 6803
f 6807 6805 6803
f 6803 6808 6807
f 6807 6806 6805
f 6808 6806 6807

o geometry_535
v 11.47062710 3.51335823 2.49385033
v 11.47062710 3.51335823 2.96885033
v 11.46583683 3.99333432 2.49385033
v 11.46583683 3.99333432 2.96885033
v 11.59339208 3.51458345 2.49385033
v 11.59339208 3.51458345 2.96885033
v 11.58860181 3.99455955 2.49385033
v 11.58860181 3.99455955 2.96885033
f 6810 6812 6809
f 6813 6810 6809
f 6809 6812 6811
f 6811 6813 6809
f 6810 6816 6812
f 6814 6810 6813
f 6814 6816 6810
f 6812 6816 6811
f 6815 6813 6811
f 6811 6816 6815
f 6815 6814 6813
f 6816 6814 6815

o geometry_536
v 7.61195282 3.51365578 3.03306992
v 7.61195282 3.51365578 3.50806992
v 7.60608166 3.99361987 3.03306992
v 7.60608166 3.99361987 3.50806992
v 8.07277901 3.51929283 3.03306992
v 8.07277901 3.51929283 3.50806992
v 8.06690785 3.99925692 3.03306992
v 8.06690785 3.99925692 3.50806992
f 6818 6820 6817
f 6821 6818 6817
f 6817 6820 6819
f 6819 6821 6817
f 6818 6824 6820
f 6822 6818 6821
f 6822 6824 6818
f 6820 6824 6819
f 6823 6821 6819
f 6819 6824 6823
f 6823 6822 6821
f 6824 6822 6823

o geometry_537
v 8.08996904 3.51897571 3.02219002
v 8.08996904 3.51897571 3.49719002
v 8.08577391 3.99895738 3.02219002
v 8.08577391 3.99895738 3.49719002
v 8.65607572 3.52392359 3.02219002
v 8.65607572 3.52392359 3.49719002
v 8.65188059 4.00390526 3.02219002
v 8.65188059 4.00390526 3.49719002
f 6826 6828 6825
f 6829 6826 6825
f 6825 6828 6827
f 6827 6829 6825
f 6826 6832 6828
f 6830 6826 6829
f 6830 6832 6826
f 6828 6832 6827
f 6831 6829 6827
f 6827 6832 6831
f 6831 6830 6829
f 6832 6830 6831

o geometry_538
v 8.67156372 3.50711314 3.03293872
v 8.67156372 3.50711314 3.50793872
v 8.67241495 3.98711238 3.03293872
v 8.67241495 3.98711238 3.50793872
v 9.13938235 3.50628351 3.03293872
v 9.13938235 3.50628351 3.50793872
v 9.14023358 3.98628275 3.03293872
v 9.14023358 3.98628275 3.50793872
f 6834 6836 6833
f 6837 6834 6833
f 6833 6836 6835
f 6835 6837 6833
f 6834 6840 6836
f 6838 6834 6837
f 6838 6840 6834
f 6836 6840 6835
f 6839 6837 6835
f 6835 6840 6839
f 6839 6838 6837
f 6840 6838 6839

o geometry_539
v 9.15934377 3.51983574 3.00132035
v 9.15934377 3.51983574 3.47632035
v 9.15628409 3.99982599 3.00132035
v 9.15628409 3.99982599 3.47632035
v 9.71053731 3.52334929 3.00132035
v 9.71053731 3.52334929 3.47632035
v 9.70747764 4.00333954 3.00132035
v 9.70747764 4.00333954 3.47632035
f 6842 6844 6841
f 6845 6842 6841
f 6841 6844 6843
f 6843 6845 6841
f 6842 6848 6844
f 6846 6842 6845
f 6846 6848 6842
f 6844 6848 6843
f 6847 6845 6843
f 6843 6848 6847
f 6847 6846 6845
f 6848 6846 6847

o geometry_540
v 9.72547751 3.51246955 3.03640385
v 9.72547751 3.51246955 3.51140385
v 9.72855807 3.99245967 3.03640385
v 9.72855807 3.99245967 3.51140385
v 10.18374519 3.50952841 3.03640385
v 10.18374519 3.50952841 3.51140385
v 10.18682575 3.98951852 3.03640385
v 10.18682575 3.98951852 3.51140385
f 6850 6852 6849
f 6853 6850 6849
f 6849 6852 6851
f 6851 6853 6849
f 6850 6856 6852
f 6854 6850 6853
f 6854 6856 6850
f 6852 6856 6851
f 6855 6853 6851
f 6851 6856 6855
f 6855 6854 6853
f 6856 6854 6855

o geometry_541
v 10.20171106 3.53438454 3.03040394
v 10.20171106 3.53438454 3.50540394
v 10.20488180 4.01437406 3.03040394
v 10.20488180 4.01437406 3.50540394
v 10.77385586 3.53060503 3.03040394
v 10.77385586 3.53060503 3.50540394
v 10.77702660 4.01059456 3.03040394
v 10.77702660 4.01059456 3.50540394
f 6858 6860 6857
f 6861 6858 6857
f 6857 6860 6859
f 6859 6861 6857
f 6858 6864 6860
f 6862 6858 6861
f 6862 6864 6858
f 6860 6864 6859
f 6863 6861 6859
f 6859 6864 6863
f 6863 6862 6861
f 6864 6862 6863

o geometry_542
v 10.79010573 3.52614415 3.03360815
v 10.79010573 3.52614415 3.50860815
v 10.79684596 4.00609683 3.03360815
v 10.79684596 4.00609683 3.50860815
v 11.36565765 3.51806137 3.03360815
v 11.36565765 3.51806137 3.50860815
v 11.37239788 3.99801405 3.03360815
v 11.37239788 3.99801405 3.50860815
f 6866 6868 6865
f 6869 6866 6865
f 6865 6868 6867
f 6867 6869 6865
f 6866 6872 6868
f 6870 6866 6869
f 6870 6872 6866
f 6868 6872 6867
f 6871 6869 6867
f 6867 6872 6871
f 6871 6870 6869
f 6872 6870 6871

o geometry_543
v 11.38731181 3.51040038 3.01942863
v 11.38731181 3.51040038 3.49442863
v 11.38680059 3.99040011 3.01942863
v 11.38680059 3.99040011 3.49442863
v 11.59125555 3.51061759 3.01942863
v 11.59125555 3.51061759 3.49442863
v 11.59074433 3.99061732 3.01942863
v 11.59074433 3.99061732 3.49442863
f 6874 6876 6873
f 6877 6874 6873
f 6873 6876 6875
f 6875 6877 6873
f 6874 6880 6876
f 6878 6874 6877
f 6878 6880 6874
f 6876 6880 6875
f 6879 6877 6875
f 6875 6880 6879
f 6879 6878 6877
f 6880 6878 6879

o geometry_544
v 7.95000000 3.68000000 0.10000000
v 8.18000000 3.68000000 0.10000000
v 8.18000000 3.68000000 3.35000000
v 7.95000000 3.68000000 3.35000000
v 8.17216294 3.73952838 0.10000000
v 8.17216294 3.73952838 3.35000000
v 8.14918584 3.79500000 0.10000000
v 8.14918584 3.79500000 3.35000000
v 8.11263456 3.84263456 0.10000000
v 8.11263456 3.84263456 3.35000000
v 8.06500000 3.87918584 0.10000000
v 8.06500000 3.87918584 3.35000000
v 8.00952838 3.90216294 0.10000000
v 8.00952838 3.90216294 3.35000000
v 7.95000000 3.91000000 0.10000000
v 7.95000000 3.91000000 3.35000000
v 7.89047162 3.90216294 0.10000000
v 7.89047162 3.90216294 3.35000000
v 7.83500000 3.87918584 0.10000000
v 7.83500000 3.87918584 3.35000000
v 7.78736544 3.84263456 0.10000000
v 7.78736544 3.84263456 3.35000000
v 7.75081416 3.79500000 0.10000000
v 7.75081416 3.79500000 3.35000000
v 7.72783706 3.73952838 0.10000000
v 7.72783706 3.73952838 3.35000000
v 7.72000000 3.68000000 0.10000000
v 7.72000000 3.68000000 3.35000000
v 7.72783706 3.62047162 0.10000000
v 7.72783706 3.62047162 3.35000000
v 7.75081416 3.56500000 0.10000000
v 7.75081416 3.56500000 3.35000000
v 7.78736544 3.51736544 0.10000000
v 7.78736544 3.51736544 3.35000000
v 7.83500000 3.48081416 0.10000000
v 7.83500000 3.48081416 3.35000000
v 7.89047162 3.45783706 0.10000000
v 7.89047162 3.45783706 3.35000000
v 7.95000000 3.45000000 0.10000000
v 7.95000000 3.45000000 3.35000000
v 8.00952838 3.45783706 0.10000000
v 8.00952838 3.45783706 3.35000000
v 8.06500000 3.48081416 0.10000000
v 8.06500000 3.48081416 3.35000000
v 8.11263456 3.51736544 0.10000000
v 8.11263456 3.51736544 3.35000000
v 8.14918584 3.56500000 0.10000000
v 8.14918584 3.56500000 3.35000000
v 8.17216294 3.62047162 0.10000000
v 8.17216294 3.62047162 3.35000000
f 6882 6881 6885
f 6882 6885 6883
f 6883 6885 6886
f 6883 6886 6884
f 6885 6881 6887
f 6885 6887 6886
f 6886 6887 6888
f 6886 6888 6884
f 6887 6881 6889
f 6887 6889 6888
f 6888 6889 6890
f 6888 6890 6884
f 6889 6881 6891
f 6889 6891 6890
f 6890 6891 6892
f 6890 6892 6884
f 6891 6881 6893
f 6891 6893 6892
f 6892 6893 6894
f 6892 6894 6884
f 6893 6881 6895
f 6893 6895 6894
f 6894 6895 6896
f 6894 6896 6884
f 6895 6881 6897
f 6895 6897 6896
f 6896 6897 6898
f 6896 6898 6884
f 6897 6881 6899
f 6897 6899 6898
f 6898 6899 6900
f 6898 6900 6884
f 6899 6881 6901
f 6899 6901 6900
f 6900 6901 6902
f 6900 6902 6884
f 6901 6881 6903
f 6901 6903 6902
f 6902 6903 6904
f 6902 6904 6884
f 6903 6881 6905
f 6903 6905 6904
f 6904 6905 6906
f 6904 6906 6884
f 6905 6881 6907
f 6905 6907 6906
f 6906 6907 6908
f 6906 6908 6884
f 6907 6881 6909
f 6907 6909 6908
f 6908 6909 6910
f 6908 6910 6884
f 6909 6881 6911
f 6909 6911 6910
f 6910 6911 6912
f 6910 6912 6884
f 6911 6881 6913
f 6911 6913 6912
f 6912 6913 6914
f 6912 6914 6884
f 6913 6881 6915
f 6913 6915 6914
f 6914 6915 6916
f 6914 6916 6884
f 6915 6881 6917
f 6915 6917 6916
f 6916 6917 6918
f 6916 6918 6884
f 6917 6881 6919
f 6917 6919 6918
f 6918 6919 6920
f 6918 6920 6884
f 6919 6881 6921
f 6919 6921 6920
f 6920 6921 6922
f 6920 6922 6884
f 6921 6881 6923
f 6921 6923 6922
f 6922 6923 6924
f 6922 6924 6884
f 6923 6881 6925
f 6923 6925 6924
f 6924 6925 6926
f 6924 6926 6884
f 6925 6881 6927
f 6925 6927 6926
f 6926 6927 6928
f 6926 6928 6884
f 6927 6881 6929
f 6927 6929 6928
f 6928 6929 6930
f 6928 6930 6884
f 6929 6881 6882
f 6929 6882 6930
f 6930 6882 6883
f 6930 6883 6884

o geometry_545
v 7.95000000 3.68000000 0.10000000
v 8.24440000 3.68000000 0.10000000
v 8.24440000 3.68000000 0.26000000
v 7.95000000 3.68000000 0.26000000
v 8.23436856 3.75619633 0.10000000
v 8.23436856 3.75619633 0.26000000
v 8.20495788 3.82720000 0.10000000
v 8.20495788 3.82720000 0.26000000
v 8.15817224 3.88817224 0.10000000
v 8.15817224 3.88817224 0.26000000
v 8.09720000 3.93495788 0.10000000
v 8.09720000 3.93495788 0.26000000
v 8.02619633 3.96436856 0.10000000
v 8.02619633 3.96436856 0.26000000
v 7.95000000 3.97440000 0.10000000
v 7.95000000 3.97440000 0.26000000
v 7.87380367 3.96436856 0.10000000
v 7.87380367 3.96436856 0.26000000
v 7.80280000 3.93495788 0.10000000
v 7.80280000 3.93495788 0.26000000
v 7.74182776 3.88817224 0.10000000
v 7.74182776 3.88817224 0.26000000
v 7.69504212 3.82720000 0.10000000
v 7.69504212 3.82720000 0.26000000
v 7.66563144 3.75619633 0.10000000
v 7.66563144 3.75619633 0.26000000
v 7.65560000 3.68000000 0.10000000
v 7.65560000 3.68000000 0.26000000
v 7.66563144 3.60380367 0.10000000
v 7.66563144 3.60380367 0.26000000
v 7.69504212 3.53280000 0.10000000
v 7.69504212 3.53280000 0.26000000
v 7.74182776 3.47182776 0.10000000
v 7.74182776 3.47182776 0.26000000
v 7.80280000 3.42504212 0.10000000
v 7.80280000 3.42504212 0.26000000
v 7.87380367 3.39563144 0.10000000
v 7.87380367 3.39563144 0.26000000
v 7.95000000 3.38560000 0.10000000
v 7.95000000 3.38560000 0.26000000
v 8.02619633 3.39563144 0.10000000
v 8.02619633 3.39563144 0.26000000
v 8.09720000 3.42504212 0.10000000
v 8.09720000 3.42504212 0.26000000
v 8.15817224 3.47182776 0.10000000
v 8.15817224 3.47182776 0.26000000
v 8.20495788 3.53280000 0.10000000
v 8.20495788 3.53280000 0.26000000
v 8.23436856 3.60380367 0.10000000
v 8.23436856 3.60380367 0.26000000
f 6932 6931 6935
f 6932 6935 6933
f 6933 6935 6936
f 6933 6936 6934
f 6935 6931 6937
f 6935 6937 6936
f 6936 6937 6938
f 6936 6938 6934
f 6937 6931 6939
f 6937 6939 6938
f 6938 6939 6940
f 6938 6940 6934
f 6939 6931 6941
f 6939 6941 6940
f 6940 6941 6942
f 6940 6942 6934
f 6941 6931 6943
f 6941 6943 6942
f 6942 6943 6944
f 6942 6944 6934
f 6943 6931 6945
f 6943 6945 6944
f 6944 6945 6946
f 6944 6946 6934
f 6945 6931 6947
f 6945 6947 6946
f 6946 6947 6948
f 6946 6948 6934
f 6947 6931 6949
f 6947 6949 6948
f 6948 6949 6950
f 6948 6950 6934
f 6949 6931 6951
f 6949 6951 6950
f 6950 6951 6952
f 6950 6952 6934
f 6951 6931 6953
f 6951 6953 6952
f 6952 6953 6954
f 6952 6954 6934
f 6953 6931 6955
f 6953 6955 6954
f 6954 6955 6956
f 6954 6956 6934
f 6955 6931 6957
f 6955 6957 6956
f 6956 6957 6958
f 6956 6958 6934
f 6957 6931 6959
f 6957 6959 6958
f 6958 6959 6960
f 6958 6960 6934
f 6959 6931 6961
f 6959 6961 6960
f 6960 6961 6962
f 6960 6962 6934
f 6961 6931 6963
f 6961 6963 6962
f 6962 6963 6964
f 6962 6964 6934
f 6963 6931 6965
f 6963 6965 6964
f 6964 6965 6966
f 6964 6966 6934
f 6965 6931 6967
f 6965 6967 6966
f 6966 6967 6968
f 6966 6968 6934
f 6967 6931 6969
f 6967 6969 6968
f 6968 6969 6970
f 6968 6970 6934
f 6969 6931 6971
f 6969 6971 6970
f 6970 6971 6972
f 6970 6972 6934
f 6971 6931 6973
f 6971 6973 6972
f 6972 6973 6974
f 6972 6974 6934
f 6973 6931 6975
f 6973 6975 6974
f 6974 6975 6976
f 6974 6976 6934
f 6975 6931 6977
f 6975 6977 6976
f 6976 6977 6978
f 6976 6978 6934
f 6977 6931 6979
f 6977 6979 6978
f 6978 6979 6980
f 6978 6980 6934
f 6979 6931 6932
f 6979 6932 6980
f 6980 6932 6933
f 6980 6933 6934

o geometry_546
v 7.95000000 3.68000000 3.18000000
v 8.23060000 3.68000000 3.18000000
v 8.23060000 3.68000000 3.36000000
v 7.95000000 3.68000000 3.36000000
v 8.22103879 3.75262462 3.18000000
v 8.22103879 3.75262462 3.36000000
v 8.19300673 3.82030000 3.18000000
v 8.19300673 3.82030000 3.36000000
v 8.14841416 3.87841416 3.18000000
v 8.14841416 3.87841416 3.36000000
v 8.09030000 3.92300673 3.18000000
v 8.09030000 3.92300673 3.36000000
v 8.02262462 3.95103879 3.18000000
v 8.02262462 3.95103879 3.36000000
v 7.95000000 3.96060000 3.18000000
v 7.95000000 3.96060000 3.36000000
v 7.87737538 3.95103879 3.18000000
v 7.87737538 3.95103879 3.36000000
v 7.80970000 3.92300673 3.18000000
v 7.80970000 3.92300673 3.36000000
v 7.75158584 3.87841416 3.18000000
v 7.75158584 3.87841416 3.36000000
v 7.70699327 3.82030000 3.18000000
v 7.70699327 3.82030000 3.36000000
v 7.67896121 3.75262462 3.18000000
v 7.67896121 3.75262462 3.36000000
v 7.66940000 3.68000000 3.18000000
v 7.66940000 3.68000000 3.36000000
v 7.67896121 3.60737538 3.18000000
v 7.67896121 3.60737538 3.36000000
v 7.70699327 3.53970000 3.18000000
v 7.70699327 3.53970000 3.36000000
v 7.75158584 3.48158584 3.18000000
v 7.75158584 3.48158584 3.36000000
v 7.80970000 3.43699327 3.18000000
v 7.80970000 3.43699327 3.36000000
v 7.87737538 3.40896121 3.18000000
v 7.87737538 3.40896121 3.36000000
v 7.95000000 3.39940000 3.18000000
v 7.95000000 3.39940000 3.36000000
v 8.02262462 3.40896121 3.18000000
v 8.02262462 3.40896121 3.36000000
v 8.09030000 3.43699327 3.18000000
v 8.09030000 3.43699327 3.36000000
v 8.14841416 3.48158584 3.18000000
v 8.14841416 3.48158584 3.36000000
v 8.19300673 3.53970000 3.18000000
v 8.19300673 3.53970000 3.36000000
v 8.22103879 3.60737538 3.18000000
v 8.22103879 3.60737538 3.36000000
f 6982 6981 6985
f 6982 6985 6983
f 6983 6985 6986
f 6983 6986 6984
f 6985 6981 6987
f 6985 6987 6986
f 6986 6987 6988
f 6986 6988 6984
f 6987 6981 6989
f 6987 6989 6988
f 6988 6989 6990
f 6988 6990 6984
f 6989 6981 6991
f 6989 6991 6990
f 6990 6991 6992
f 6990 6992 6984
f 6991 6981 6993
f 6991 6993 6992
f 6992 6993 6994
f 6992 6994 6984
f 6993 6981 6995
f 6993 6995 6994
f 6994 6995 6996
f 6994 6996 6984
f 6995 6981 6997
f 6995 6997 6996
f 6996 6997 6998
f 6996 6998 6984
f 6997 6981 6999
f 6997 6999 6998
f 6998 6999 7000
f 6998 7000 6984
f 6999 6981 7001
f 6999 7001 7000
f 7000 7001 7002
f 7000 7002 6984
f 7001 6981 7003
f 7001 7003 7002
f 7002 7003 7004
f 7002 7004 6984
f 7003 6981 7005
f 7003 7005 7004
f 7004 7005 7006
f 7004 7006 6984
f 7005 6981 7007
f 7005 7007 7006
f 7006 7007 7008
f 7006 7008 6984
f 7007 6981 7009
f 7007 7009 7008
f 7008 7009 7010
f 7008 7010 6984
f 7009 6981 7011
f 7009 7011 7010
f 7010 7011 7012
f 7010 7012 6984
f 7011 6981 7013
f 7011 7013 7012
f 7012 7013 7014
f 7012 7014 6984
f 7013 6981 7015
f 7013 7015 7014
f 7014 7015 7016
f 7014 7016 6984
f 7015 6981 7017
f 7015 7017 7016
f 7016 7017 7018
f 7016 7018 6984
f 7017 6981 7019
f 7017 7019 7018
f 7018 7019 7020
f 7018 7020 6984
f 7019 6981 7021
f 7019 7021 7020
f 7020 7021 7022
f 7020 7022 6984
f 7021 6981 7023
f 7021 7023 7022
f 7022 7023 7024
f 7022 7024 6984
f 7023 6981 7025
f 7023 7025 7024
f 7024 7025 7026
f 7024 7026 6984
f 7025 6981 7027
f 7025 7027 7026
f 7026 7027 7028
f 7026 7028 6984
f 7027 6981 7029
f 7027 7029 7028
f 7028 7029 7030
f 7028 7030 6984
f 7029 6981 6982
f 7029 6982 7030
f 7030 6982 6983
f 7030 6983 6984

o geometry_547
v 7.66250000 3.33000000 3.11000000
v 7.66250000 3.33000000 3.27000000
v 7.66250000 4.03000000 3.11000000
v 7.66250000 4.03000000 3.27000000
v 8.23750000 3.33000000 3.11000000
v 8.23750000 3.33000000 3.27000000
v 8.23750000 4.03000000 3.11000000
v 8.23750000 4.03000000 3.27000000
f 7032 7034 7031
f 7035 7032 7031
f 7031 7034 7033
f 7033 7035 7031
f 7032 7038 7034
f 7036 7032 7035
f 7036 7038 7032
f 7034 7038 7033
f 7037 7035 7033
f 7033 7038 7037
f 7037 7036 7035
f 7038 7036 7037

o geometry_548
v 11.25000000 3.68000000 0.10000000
v 11.48000000 3.68000000 0.10000000
v 11.48000000 3.68000000 3.35000000
v 11.25000000 3.68000000 3.35000000
v 11.47216294 3.73952838 0.10000000
v 11.47216294 3.73952838 3.35000000
v 11.44918584 3.79500000 0.10000000
v 11.44918584 3.79500000 3.35000000
v 11.41263456 3.84263456 0.10000000
v 11.41263456 3.84263456 3.35000000
v 11.36500000 3.87918584 0.10000000
v 11.36500000 3.87918584 3.35000000
v 11.30952838 3.90216294 0.10000000
v 11.30952838 3.90216294 3.35000000
v 11.25000000 3.91000000 0.10000000
v 11.25000000 3.91000000 3.35000000
v 11.19047162 3.90216294 0.10000000
v 11.19047162 3.90216294 3.35000000
v 11.13500000 3.87918584 0.10000000
v 11.13500000 3.87918584 3.35000000
v 11.08736544 3.84263456 0.10000000
v 11.08736544 3.84263456 3.35000000
v 11.05081416 3.79500000 0.10000000
v 11.05081416 3.79500000 3.35000000
v 11.02783706 3.73952838 0.10000000
v 11.02783706 3.73952838 3.35000000
v 11.02000000 3.68000000 0.10000000
v 11.02000000 3.68000000 3.35000000
v 11.02783706 3.62047162 0.10000000
v 11.02783706 3.62047162 3.35000000
v 11.05081416 3.56500000 0.10000000
v 11.05081416 3.56500000 3.35000000
v 11.08736544 3.51736544 0.10000000
v 11.08736544 3.51736544 3.35000000
v 11.13500000 3.48081416 0.10000000
v 11.13500000 3.48081416 3.35000000
v 11.19047162 3.45783706 0.10000000
v 11.19047162 3.45783706 3.35000000
v 11.25000000 3.45000000 0.10000000
v 11.25000000 3.45000000 3.35000000
v 11.30952838 3.45783706 0.10000000
v 11.30952838 3.45783706 3.35000000
v 11.36500000 3.48081416 0.10000000
v 11.36500000 3.48081416 3.35000000
v 11.41263456 3.51736544 0.10000000
v 11.41263456 3.51736544 3.35000000
v 11.44918584 3.56500000 0.10000000
v 11.44918584 3.56500000 3.35000000
v 11.47216294 3.62047162 0.10000000
v 11.47216294 3.62047162 3.35000000
f 7040 7039 7043
f 7040 7043 7041
f 7041 7043 7044
f 7041 7044 7042
f 7043 7039 7045
f 7043 7045 7044
f 7044 7045 7046
f 7044 7046 7042
f 7045 7039 7047
f 7045 7047 7046
f 7046 7047 7048
f 7046 7048 7042
f 7047 7039 7049
f 7047 7049 7048
f 7048 7049 7050
f 7048 7050 7042
f 7049 7039 7051
f 7049 7051 7050
f 7050 7051 7052
f 7050 7052 7042
f 7051 7039 7053
f 7051 7053 7052
f 7052 7053 7054
f 7052 7054 7042
f 7053 7039 7055
f 7053 7055 7054
f 7054 7055 7056
f 7054 7056 7042
f 7055 7039 7057
f 7055 7057 7056
f 7056 7057 7058
f 7056 7058 7042
f 7057 7039 7059
f 7057 7059 7058
f 7058 7059 7060
f 7058 7060 7042
f 7059 7039 7061
f 7059 7061 7060
f 7060 7061 7062
f 7060 7062 7042
f 7061 7039 7063
f 7061 7063 7062
f 7062 7063 7064
f 7062 7064 7042
f 7063 7039 7065
f 7063 7065 7064
f 7064 7065 7066
f 7064 7066 7042
f 7065 7039 7067
f 7065 7067 7066
f 7066 7067 7068
f 7066 7068 7042
f 7067 7039 7069
f 7067 7069 7068
f 7068 7069 7070
f 7068 7070 7042
f 7069 7039 7071
f 7069 7071 7070
f 7070 7071 7072
f 7070 7072 7042
f 7071 7039 7073
f 7071 7073 7072
f 7072 7073 7074
f 7072 7074 7042
f 7073 7039 7075
f 7073 7075 7074
f 7074 7075 7076
f 7074 7076 7042
f 7075 7039 7077
f 7075 7077 7076
f 7076 7077 7078
f 7076 7078 7042
f 7077 7039 7079
f 7077 7079 7078
f 7078 7079 7080
f 7078 7080 7042
f 7079 7039 7081
f 7079 7081 7080
f 7080 7081 7082
f 7080 7082 7042
f 7081 7039 7083
f 7081 7083 7082
f 7082 7083 7084
f 7082 7084 7042
f 7083 7039 7085
f 7083 7085 7084
f 7084 7085 7086
f 7084 7086 7042
f 7085 7039 7087
f 7085 7087 7086
f 7086 7087 7088
f 7086 7088 7042
f 7087 7039 7040
f 7087 7040 7088
f 7088 7040 7041
f 7088 7041 7042

o geometry_549
v 11.25000000 3.68000000 0.10000000
v 11.54440000 3.68000000 0.10000000
v 11.54440000 3.68000000 0.26000000
v 11.25000000 3.68000000 0.26000000
v 11.53436856 3.75619633 0.10000000
v 11.53436856 3.75619633 0.26000000
v 11.50495788 3.82720000 0.10000000
v 11.50495788 3.82720000 0.26000000
v 11.45817224 3.88817224 0.10000000
v 11.45817224 3.88817224 0.26000000
v 11.39720000 3.93495788 0.10000000
v 11.39720000 3.93495788 0.26000000
v 11.32619633 3.96436856 0.10000000
v 11.32619633 3.96436856 0.26000000
v 11.25000000 3.97440000 0.10000000
v 11.25000000 3.97440000 0.26000000
v 11.17380367 3.96436856 0.10000000
v 11.17380367 3.96436856 0.26000000
v 11.10280000 3.93495788 0.10000000
v 11.10280000 3.93495788 0.26000000
v 11.04182776 3.88817224 0.10000000
v 11.04182776 3.88817224 0.26000000
v 10.99504212 3.82720000 0.10000000
v 10.99504212 3.82720000 0.26000000
v 10.96563144 3.75619633 0.10000000
v 10.96563144 3.75619633 0.26000000
v 10.95560000 3.68000000 0.10000000
v 10.95560000 3.68000000 0.26000000
v 10.96563144 3.60380367 0.10000000
v 10.96563144 3.60380367 0.26000000
v 10.99504212 3.53280000 0.10000000
v 10.99504212 3.53280000 0.26000000
v 11.04182776 3.47182776 0.10000000
v 11.04182776 3.47182776 0.26000000
v 11.10280000 3.42504212 0.10000000
v 11.10280000 3.42504212 0.26000000
v 11.17380367 3.39563144 0.10000000
v 11.17380367 3.39563144 0.26000000
v 11.25000000 3.38560000 0.10000000
v 11.25000000 3.38560000 0.26000000
v 11.32619633 3.39563144 0.10000000
v 11.32619633 3.39563144 0.26000000
v 11.39720000 3.42504212 0.10000000
v 11.39720000 3.42504212 0.26000000
v 11.45817224 3.47182776 0.10000000
v 11.45817224 3.47182776 0.26000000
v 11.50495788 3.53280000 0.10000000
v 11.50495788 3.53280000 0.26000000
v 11.53436856 3.60380367 0.10000000
v 11.53436856 3.60380367 0.26000000
f 7090 7089 7093
f 7090 7093 7091
f 7091 7093 7094
f 7091 7094 7092
f 7093 7089 7095
f 7093 7095 7094
f 7094 7095 7096
f 7094 7096 7092
f 7095 7089 7097
f 7095 7097 7096
f 7096 7097 7098
f 7096 7098 7092
f 7097 7089 7099
f 7097 7099 7098
f 7098 7099 7100
f 7098 7100 7092
f 7099 7089 7101
f 7099 7101 7100
f 7100 7101 7102
f 7100 7102 7092
f 7101 7089 7103
f 7101 7103 7102
f 7102 7103 7104
f 7102 7104 7092
f 7103 7089 7105
f 7103 7105 7104
f 7104 7105 7106
f 7104 7106 7092
f 7105 7089 7107
f 7105 7107 7106
f 7106 7107 7108
f 7106 7108 7092
f 7107 7089 7109
f 7107 7109 7108
f 7108 7109 7110
f 7108 7110 7092
f 7109 7089 7111
f 7109 7111 7110
f 7110 7111 7112
f 7110 7112 7092
f 7111 7089 7113
f 7111 7113 7112
f 7112 7113 7114
f 7112 7114 7092
f 7113 7089 7115
f 7113 7115 7114
f 7114 7115 7116
f 7114 7116 7092
f 7115 7089 7117
f 7115 7117 7116
f 7116 7117 7118
f 7116 7118 7092
f 7117 7089 7119
f 7117 7119 7118
f 7118 7119 7120
f 7118 7120 7092
f 7119 7089 7121
f 7119 7121 7120
f 7120 7121 7122
f 7120 7122 7092
f 7121 7089 7123
f 7121 7123 7122
f 7122 7123 7124
f 7122 7124 7092
f 7123 7089 7125
f 7123 7125 7124
f 7124 7125 7126
f 7124 7126 7092
f 7125 7089 7127
f 7125 7127 7126
f 7126 7127 7128
f 7126 7128 7092
f 7127 7089 7129
f 7127 7129 7128
f 7128 7129 7130
f 7128 7130 7092
f 7129 7089 7131
f 7129 7131 7130
f 7130 7131 7132
f 7130 7132 7092
f 7131 7089 7133
f 7131 7133 7132
f 7132 7133 7134
f 7132 7134 7092
f 7133 7089 7135
f 7133 7135 7134
f 7134 7135 7136
f 7134 7136 7092
f 7135 7089 7137
f 7135 7137 7136
f 7136 7137 7138
f 7136 7138 7092
f 7137 7089 7090
f 7137 7090 7138
f 7138 7090 7091
f 7138 7091 7092

o geometry_550
v 11.25000000 3.68000000 3.18000000
v 11.53060000 3.68000000 3.18000000
v 11.53060000 3.68000000 3.36000000
v 11.25000000 3.68000000 3.36000000
v 11.52103879 3.75262462 3.18000000
v 11.52103879 3.75262462 3.36000000
v 11.49300673 3.82030000 3.18000000
v 11.49300673 3.82030000 3.36000000
v 11.44841416 3.87841416 3.18000000
v 11.44841416 3.87841416 3.36000000
v 11.39030000 3.92300673 3.18000000
v 11.39030000 3.92300673 3.36000000
v 11.32262462 3.95103879 3.18000000
v 11.32262462 3.95103879 3.36000000
v 11.25000000 3.96060000 3.18000000
v 11.25000000 3.96060000 3.36000000
v 11.17737538 3.95103879 3.18000000
v 11.17737538 3.95103879 3.36000000
v 11.10970000 3.92300673 3.18000000
v 11.10970000 3.92300673 3.36000000
v 11.05158584 3.87841416 3.18000000
v 11.05158584 3.87841416 3.36000000
v 11.00699327 3.82030000 3.18000000
v 11.00699327 3.82030000 3.36000000
v 10.97896121 3.75262462 3.18000000
v 10.97896121 3.75262462 3.36000000
v 10.96940000 3.68000000 3.18000000
v 10.96940000 3.68000000 3.36000000
v 10.97896121 3.60737538 3.18000000
v 10.97896121 3.60737538 3.36000000
v 11.00699327 3.53970000 3.18000000
v 11.00699327 3.53970000 3.36000000
v 11.05158584 3.48158584 3.18000000
v 11.05158584 3.48158584 3.36000000
v 11.10970000 3.43699327 3.18000000
v 11.10970000 3.43699327 3.36000000
v 11.17737538 3.40896121 3.18000000
v 11.17737538 3.40896121 3.36000000
v 11.25000000 3.39940000 3.18000000
v 11.25000000 3.39940000 3.36000000
v 11.32262462 3.40896121 3.18000000
v 11.32262462 3.40896121 3.36000000
v 11.39030000 3.43699327 3.18000000
v 11.39030000 3.43699327 3.36000000
v 11.44841416 3.48158584 3.18000000
v 11.44841416 3.48158584 3.36000000
v 11.49300673 3.53970000 3.18000000
v 11.49300673 3.53970000 3.36000000
v 11.52103879 3.60737538 3.18000000
v 11.52103879 3.60737538 3.36000000
f 7140 7139 7143
f 7140 7143 7141
f 7141 7143 7144
f 7141 7144 7142
f 7143 7139 7145
f 7143 7145 7144
f 7144 7145 7146
f 7144 7146 7142
f 7145 7139 7147
f 7145 7147 7146
f 7146 7147 7148
f 7146 7148 7142
f 7147 7139 7149
f 7147 7149 7148
f 7148 7149 7150
f 7148 7150 7142
f 7149 7139 7151
f 7149 7151 7150
f 7150 7151 7152
f 7150 7152 7142
f 7151 7139 7153
f 7151 7153 7152
f 7152 7153 7154
f 7152 7154 7142
f 7153 7139 7155
f 7153 7155 7154
f 7154 7155 7156
f 7154 7156 7142
f 7155 7139 7157
f 7155 7157 7156
f 7156 7157 7158
f 7156 7158 7142
f 7157 7139 7159
f 7157 7159 7158
f 7158 7159 7160
f 7158 7160 7142
f 7159 7139 7161
f 7159 7161 7160
f 7160 7161 7162
f 7160 7162 7142
f 7161 7139 7163
f 7161 7163 7162
f 7162 7163 7164
f 7162 7164 7142
f 7163 7139 7165
f 7163 7165 7164
f 7164 7165 7166
f 7164 7166 7142
f 7165 7139 7167
f 7165 7167 7166
f 7166 7167 7168
f 7166 7168 7142
f 7167 7139 7169
f 7167 7169 7168
f 7168 7169 7170
f 7168 7170 7142
f 7169 7139 7171
f 7169 7171 7170
f 7170 7171 7172
f 7170 7172 7142
f 7171 7139 7173
f 7171 7173 7172
f 7172 7173 7174
f 7172 7174 7142
f 7173 7139 7175
f 7173 7175 7174
f 7174 7175 7176
f 7174 7176 7142
f 7175 7139 7177
f 7175 7177 7176
f 7176 7177 7178
f 7176 7178 7142
f 7177 7139 7179
f 7177 7179 7178
f 7178 7179 7180
f 7178 7180 7142
f 7179 7139 7181
f 7179 7181 7180
f 7180 7181 7182
f 7180 7182 7142
f 7181 7139 7183
f 7181 7183 7182
f 7182 7183 7184
f 7182 7184 7142
f 7183 7139 7185
f 7183 7185 7184
f 7184 7185 7186
f 7184 7186 7142
f 7185 7139 7187
f 7185 7187 7186
f 7186 7187 7188
f 7186 7188 7142
f 7187 7139 7140
f 7187 7140 7188
f 7188 7140 7141
f 7188 7141 7142

o geometry_551
v 10.96250000 3.33000000 3.11000000
v 10.96250000 3.33000000 3.27000000
v 10.96250000 4.03000000 3.11000000
v 10.96250000 4.03000000 3.27000000
v 11.53750000 3.33000000 3.11000000
v 11.53750000 3.33000000 3.27000000
v 11.53750000 4.03000000 3.11000000
v 11.53750000 4.03000000 3.27000000
f 7190 7192 7189
f 7193 7190 7189
f 7189 7192 7191
f 7191 7193 7189
f 7190 7196 7192
f 7194 7190 7193
f 7194 7196 7190
f 7192 7196 7191
f 7195 7193 7191
f 7191 7196 7195
f 7195 7194 7193
f 7196 7194 7195

o geometry_552
v 9.10000000 3.06500000 0.17500000
v 9.10000000 3.06500000 0.72500000
v 9.10000000 3.61500000 0.17500000
v 9.10000000 3.61500000 0.72500000
v 10.10000000 3.06500000 0.17500000
v 10.10000000 3.06500000 0.72500000
v 10.10000000 3.61500000 0.17500000
v 10.10000000 3.61500000 0.72500000
f 7198 7200 7197
f 7201 7198 7197
f 7197 7200 7199
f 7199 7201 7197
f 7198 7204 7200
f 7202 7198 7201
f 7202 7204 7198
f 7200 7204 7199
f 7203 7201 7199
f 7199 7204 7203
f 7203 7202 7201
f 7204 7202 7203

o geometry_553
v 10.29000000 3.34000000 0.35000000
v 10.29000000 3.34000000 0.04000000
v 10.35000000 3.34000000 0.04000000
v 10.35000000 3.34000000 0.35000000
v 10.29000000 3.44602624 0.05869529
v 10.35000000 3.44602624 0.05869529
v 10.29000000 3.53926416 0.11252622
v 10.35000000 3.53926416 0.11252622
v 10.29000000 3.60846788 0.19500000
v 10.35000000 3.60846788 0.19500000
v 10.29000000 3.64529040 0.29616906
v 10.35000000 3.64529040 0.29616906
v 10.29000000 3.64529040 0.40383094
v 10.35000000 3.64529040 0.40383094
v 10.29000000 3.60846788 0.50500000
v 10.35000000 3.60846788 0.50500000
v 10.29000000 3.53926416 0.58747378
v 10.35000000 3.53926416 0.58747378
v 10.29000000 3.44602624 0.64130471
v 10.35000000 3.44602624 0.64130471
v 10.29000000 3.34000000 0.66000000
v 10.35000000 3.34000000 0.66000000
v 10.29000000 3.23397376 0.64130471
v 10.35000000 3.23397376 0.64130471
v 10.29000000 3.14073584 0.58747378
v 10.35000000 3.14073584 0.58747378
v 10.29000000 3.07153212 0.50500000
v 10.35000000 3.07153212 0.50500000
v 10.29000000 3.03470960 0.40383094
v 10.35000000 3.03470960 0.40383094
v 10.29000000 3.03470960 0.29616906
v 10.35000000 3.03470960 0.29616906
v 10.29000000 3.07153212 0.19500000
v 10.35000000 3.07153212 0.19500000
v 10.29000000 3.14073584 0.11252622
v 10.35000000 3.14073584 0.11252622
v 10.29000000 3.23397376 0.05869529
v 10.35000000 3.23397376 0.05869529
f 7206 7205 7209
f 7206 7209 7207
f 7207 7209 7210
f 7207 7210 7208
f 7209 7205 7211
f 7209 7211 7210
f 7210 7211 7212
f 7210 7212 7208
f 7211 7205 7213
f 7211 7213 7212
f 7212 7213 7214
f 7212 7214 7208
f 7213 7205 7215
f 7213 7215 7214
f 7214 7215 7216
f 7214 7216 7208
f 7215 7205 7217
f 7215 7217 7216
f 7216 7217 7218
f 7216 7218 7208
f 7217 7205 7219
f 7217 7219 7218
f 7218 7219 7220
f 7218 7220 7208
f 7219 7205 7221
f 7219 7221 7220
f 7220 7221 7222
f 7220 7222 7208
f 7221 7205 7223
f 7221 7223 7222
f 7222 7223 7224
f 7222 7224 7208
f 7223 7205 7225
f 7223 7225 7224
f 7224 7225 7226
f 7224 7226 7208
f 7225 7205 7227
f 7225 7227 7226
f 7226 7227 7228
f 7226 7228 7208
f 7227 7205 7229
f 7227 7229 7228
f 7228 7229 7230
f 7228 7230 7208
f 7229 7205 7231
f 7229 7231 7230
f 7230 7231 7232
f 7230 7232 7208
f 7231 7205 7233
f 7231 7233 7232
f 7232 7233 7234
f 7232 7234 7208
f 7233 7205 7235
f 7233 7235 7234
f 7234 7235 7236
f 7234 7236 7208
f 7235 7205 7237
f 7235 7237 7236
f 7236 7237 7238
f 7236 7238 7208
f 7237 7205 7239
f 7237 7239 7238
f 7238 7239 7240
f 7238 7240 7208
f 7239 7205 7241
f 7239 7241 7240
f 7240 7241 7242
f 7240 7242 7208
f 7241 7205 7206
f 7241 7206 7242
f 7242 7206 7207
f 7242 7207 7208

o geometry_554
v 10.29000000 3.34000000 0.00000000
v 10.29000000 3.34000000 -0.31000000
v 10.35000000 3.34000000 -0.31000000
v 10.35000000 3.34000000 0.00000000
v 10.29000000 3.44602624 -0.29130471
v 10.35000000 3.44602624 -0.29130471
v 10.29000000 3.53926416 -0.23747378
v 10.35000000 3.53926416 -0.23747378
v 10.29000000 3.60846788 -0.15500000
v 10.35000000 3.60846788 -0.15500000
v 10.29000000 3.64529040 -0.05383094
v 10.35000000 3.64529040 -0.05383094
v 10.29000000 3.64529040 0.05383094
v 10.35000000 3.64529040 0.05383094
v 10.29000000 3.60846788 0.15500000
v 10.35000000 3.60846788 0.15500000
v 10.29000000 3.53926416 0.23747378
v 10.35000000 3.53926416 0.23747378
v 10.29000000 3.44602624 0.29130471
v 10.35000000 3.44602624 0.29130471
v 10.29000000 3.34000000 0.31000000
v 10.35000000 3.34000000 0.31000000
v 10.29000000 3.23397376 0.29130471
v 10.35000000 3.23397376 0.29130471
v 10.29000000 3.14073584 0.23747378
v 10.35000000 3.14073584 0.23747378
v 10.29000000 3.07153212 0.15500000
v 10.35000000 3.07153212 0.15500000
v 10.29000000 3.03470960 0.05383094
v 10.35000000 3.03470960 0.05383094
v 10.29000000 3.03470960 -0.05383094
v 10.35000000 3.03470960 -0.05383094
v 10.29000000 3.07153212 -0.15500000
v 10.35000000 3.07153212 -0.15500000
v 10.29000000 3.14073584 -0.23747378
v 10.35000000 3.14073584 -0.23747378
v 10.29000000 3.23397376 -0.29130471
v 10.35000000 3.23397376 -0.29130471
f 7244 7243 7247
f 7244 7247 7245
f 7245 7247 7248
f 7245 7248 7246
f 7247 7243 7249
f 7247 7249 7248
f 7248 7249 7250
f 7248 7250 7246
f 7249 7243 7251
f 7249 7251 7250
f 7250 7251 7252
f 7250 7252 7246
f 7251 7243 7253
f 7251 7253 7252
f 7252 7253 7254
f 7252 7254 7246
f 7253 7243 7255
f 7253 7255 7254
f 7254 7255 7256
f 7254 7256 7246
f 7255 7243 7257
f 7255 7257 7256
f 7256 7257 7258
f 7256 7258 7246
f 7257 7243 7259
f 7257 7259 7258
f 7258 7259 7260
f 7258 7260 7246
f 7259 7243 7261
f 7259 7261 7260
f 7260 7261 7262
f 7260 7262 7246
f 7261 7243 7263
f 7261 7263 7262
f 7262 7263 7264
f 7262 7264 7246
f 7263 7243 7265
f 7263 7265 7264
f 7264 7265 7266
f 7264 7266 7246
f 7265 7243 7267
f 7265 7267 7266
f 7266 7267 7268
f 7266 7268 7246
f 7267 7243 7269
f 7267 7269 7268
f 7268 7269 7270
f 7268 7270 7246
f 7269 7243 7271
f 7269 7271 7270
f 7270 7271 7272
f 7270 7272 7246
f 7271 7243 7273
f 7271 7273 7272
f 7272 7273 7274
f 7272 7274 7246
f 7273 7243 7275
f 7273 7275 7274
f 7274 7275 7276
f 7274 7276 7246
f 7275 7243 7277
f 7275 7277 7276
f 7276 7277 7278
f 7276 7278 7246
f 7277 7243 7279
f 7277 7279 7278
f 7278 7279 7280
f 7278 7280 7246
f 7279 7243 7244
f 7279 7244 7280
f 7280 7244 7245
f 7280 7245 7246

o geometry_555
v 10.29000000 3.34000000 -0.35000000
v 10.29000000 3.34000000 -0.66000000
v 10.35000000 3.34000000 -0.66000000
v 10.35000000 3.34000000 -0.35000000
v 10.29000000 3.44602624 -0.64130471
v 10.35000000 3.44602624 -0.64130471
v 10.29000000 3.53926416 -0.58747378
v 10.35000000 3.53926416 -0.58747378
v 10.29000000 3.60846788 -0.50500000
v 10.35000000 3.60846788 -0.50500000
v 10.29000000 3.64529040 -0.40383094
v 10.35000000 3.64529040 -0.40383094
v 10.29000000 3.64529040 -0.29616906
v 10.35000000 3.64529040 -0.29616906
v 10.29000000 3.60846788 -0.19500000
v 10.35000000 3.60846788 -0.19500000
v 10.29000000 3.53926416 -0.11252622
v 10.35000000 3.53926416 -0.11252622
v 10.29000000 3.44602624 -0.05869529
v 10.35000000 3.44602624 -0.05869529
v 10.29000000 3.34000000 -0.04000000
v 10.35000000 3.34000000 -0.04000000
v 10.29000000 3.23397376 -0.05869529
v 10.35000000 3.23397376 -0.05869529
v 10.29000000 3.14073584 -0.11252622
v 10.35000000 3.14073584 -0.11252622
v 10.29000000 3.07153212 -0.19500000
v 10.35000000 3.07153212 -0.19500000
v 10.29000000 3.03470960 -0.29616906
v 10.35000000 3.03470960 -0.29616906
v 10.29000000 3.03470960 -0.40383094
v 10.35000000 3.03470960 -0.40383094
v 10.29000000 3.07153212 -0.50500000
v 10.35000000 3.07153212 -0.50500000
v 10.29000000 3.14073584 -0.58747378
v 10.35000000 3.14073584 -0.58747378
v 10.29000000 3.23397376 -0.64130471
v 10.35000000 3.23397376 -0.64130471
f 7282 7281 7285
f 7282 7285 7283
f 7283 7285 7286
f 7283 7286 7284
f 7285 7281 7287
f 7285 7287 7286
f 7286 7287 7288
f 7286 7288 7284
f 7287 7281 7289
f 7287 7289 7288
f 7288 7289 7290
f 7288 7290 7284
f 7289 7281 7291
f 7289 7291 7290
f 7290 7291 7292
f 7290 7292 7284
f 7291 7281 7293
f 7291 7293 7292
f 7292 7293 7294
f 7292 7294 7284
f 7293 7281 7295
f 7293 7295 7294
f 7294 7295 7296
f 7294 7296 7284
f 7295 7281 7297
f 7295 7297 7296
f 7296 7297 7298
f 7296 7298 7284
f 7297 7281 7299
f 7297 7299 7298
f 7298 7299 7300
f 7298 7300 7284
f 7299 7281 7301
f 7299 7301 7300
f 7300 7301 7302
f 7300 7302 7284
f 7301 7281 7303
f 7301 7303 7302
f 7302 7303 7304
f 7302 7304 7284
f 7303 7281 7305
f 7303 7305 7304
f 7304 7305 7306
f 7304 7306 7284
f 7305 7281 7307
f 7305 7307 7306
f 7306 7307 7308
f 7306 7308 7284
f 7307 7281 7309
f 7307 7309 7308
f 7308 7309 7310
f 7308 7310 7284
f 7309 7281 7311
f 7309 7311 7310
f 7310 7311 7312
f 7310 7312 7284
f 7311 7281 7313
f 7311 7313 7312
f 7312 7313 7314
f 7312 7314 7284
f 7313 7281 7315
f 7313 7315 7314
f 7314 7315 7316
f 7314 7316 7284
f 7315 7281 7317
f 7315 7317 7316
f 7316 7317 7318
f 7316 7318 7284
f 7317 7281 7282
f 7317 7282 7318
f 7318 7282 7283
f 7318 7283 7284

o geometry_556
v 9.54000000 2.98000000 0.36000000
v 9.54000000 2.98000000 0.58000000
v 9.54000000 3.06000000 0.36000000
v 9.54000000 3.06000000 0.58000000
v 9.66000000 2.98000000 0.36000000
v 9.66000000 2.98000000 0.58000000
v 9.66000000 3.06000000 0.36000000
v 9.66000000 3.06000000 0.58000000
f 7320 7322 7319
f 7323 7320 7319
f 7319 7322 7321
f 7321 7323 7319
f 7320 7326 7322
f 7324 7320 7323
f 7324 7326 7320
f 7322 7326 7321
f 7325 7323 7321
f 7321 7326 7325
f 7325 7324 7323
f 7326 7324 7325

o geometry_557
v 7.61000000 3.34000000 2.63000000
v 7.61000000 3.34000000 2.81000000
v 7.61000000 3.42000000 2.63000000
v 7.61000000 3.42000000 2.81000000
v 8.03000000 3.34000000 2.63000000
v 8.03000000 3.34000000 2.81000000
v 8.03000000 3.42000000 2.63000000
v 8.03000000 3.42000000 2.81000000
f 7328 7330 7327
f 7331 7328 7327
f 7327 7330 7329
f 7329 7331 7327
f 7328 7334 7330
f 7332 7328 7331
f 7332 7334 7328
f 7330 7334 7329
f 7333 7331 7329
f 7329 7334 7333
f 7333 7332 7331
f 7334 7332 7333

o geometry_558
v 7.70450000 3.27000000 2.76000000
v 7.70450000 3.27000000 2.84000000
v 7.70450000 3.37000000 2.76000000
v 7.70450000 3.37000000 2.84000000
v 7.93550000 3.27000000 2.76000000
v 7.93550000 3.27000000 2.84000000
v 7.93550000 3.37000000 2.76000000
v 7.93550000 3.37000000 2.84000000
f 7336 7338 7335
f 7339 7336 7335
f 7335 7338 7337
f 7337 7339 7335
f 7336 7342 7338
f 7340 7336 7339
f 7340 7342 7336
f 7338 7342 7337
f 7341 7339 7337
f 7337 7342 7341
f 7341 7340 7339
f 7342 7340 7341

o geometry_559
v 8.03000000 3.34000000 2.63000000
v 8.03000000 3.34000000 2.81000000
v 8.03000000 3.42000000 2.63000000
v 8.03000000 3.42000000 2.81000000
v 8.45000000 3.34000000 2.63000000
v 8.45000000 3.34000000 2.81000000
v 8.45000000 3.42000000 2.63000000
v 8.45000000 3.42000000 2.81000000
f 7344 7346 7343
f 7347 7344 7343
f 7343 7346 7345
f 7345 7347 7343
f 7344 7350 7346
f 7348 7344 7347
f 7348 7350 7344
f 7346 7350 7345
f 7349 7347 7345
f 7345 7350 7349
f 7349 7348 7347
f 7350 7348 7349

o geometry_560
v 8.12450000 3.27000000 2.60000000
v 8.12450000 3.27000000 2.68000000
v 8.12450000 3.37000000 2.60000000
v 8.12450000 3.37000000 2.68000000
v 8.35550000 3.27000000 2.60000000
v 8.35550000 3.27000000 2.68000000
v 8.35550000 3.37000000 2.60000000
v 8.35550000 3.37000000 2.68000000
f 7352 7354 7351
f 7355 7352 7351
f 7351 7354 7353
f 7353 7355 7351
f 7352 7358 7354
f 7356 7352 7355
f 7356 7358 7352
f 7354 7358 7353
f 7357 7355 7353
f 7353 7358 7357
f 7357 7356 7355
f 7358 7356 7357

o geometry_561
v 8.45000000 3.34000000 2.63000000
v 8.45000000 3.34000000 2.81000000
v 8.45000000 3.42000000 2.63000000
v 8.45000000 3.42000000 2.81000000
v 8.87000000 3.34000000 2.63000000
v 8.87000000 3.34000000 2.81000000
v 8.87000000 3.42000000 2.63000000
v 8.87000000 3.42000000 2.81000000
f 7360 7362 7359
f 7363 7360 7359
f 7359 7362 7361
f 7361 7363 7359
f 7360 7366 7362
f 7364 7360 7363
f 7364 7366 7360
f 7362 7366 7361
f 7365 7363 7361
f 7361 7366 7365
f 7365 7364 7363
f 7366 7364 7365

o geometry_562
v 8.54450000 3.27000000 2.76000000
v 8.54450000 3.27000000 2.84000000
v 8.54450000 3.37000000 2.76000000
v 8.54450000 3.37000000 2.84000000
v 8.77550000 3.27000000 2.76000000
v 8.77550000 3.27000000 2.84000000
v 8.77550000 3.37000000 2.76000000
v 8.77550000 3.37000000 2.84000000
f 7368 7370 7367
f 7371 7368 7367
f 7367 7370 7369
f 7369 7371 7367
f 7368 7374 7370
f 7372 7368 7371
f 7372 7374 7368
f 7370 7374 7369
f 7373 7371 7369
f 7369 7374 7373
f 7373 7372 7371
f 7374 7372 7373

o geometry_563
v 8.87000000 3.34000000 2.63000000
v 8.87000000 3.34000000 2.81000000
v 8.87000000 3.42000000 2.63000000
v 8.87000000 3.42000000 2.81000000
v 9.29000000 3.34000000 2.63000000
v 9.29000000 3.34000000 2.81000000
v 9.29000000 3.42000000 2.63000000
v 9.29000000 3.42000000 2.81000000
f 7376 7378 7375
f 7379 7376 7375
f 7375 7378 7377
f 7377 7379 7375
f 7376 7382 7378
f 7380 7376 7379
f 7380 7382 7376
f 7378 7382 7377
f 7381 7379 7377
f 7377 7382 7381
f 7381 7380 7379
f 7382 7380 7381

o geometry_564
v 8.96450000 3.27000000 2.60000000
v 8.96450000 3.27000000 2.68000000
v 8.96450000 3.37000000 2.60000000
v 8.96450000 3.37000000 2.68000000
v 9.19550000 3.27000000 2.60000000
v 9.19550000 3.27000000 2.68000000
v 9.19550000 3.37000000 2.60000000
v 9.19550000 3.37000000 2.68000000
f 7384 7386 7383
f 7387 7384 7383
f 7383 7386 7385
f 7385 7387 7383
f 7384 7390 7386
f 7388 7384 7387
f 7388 7390 7384
f 7386 7390 7385
f 7389 7387 7385
f 7385 7390 7389
f 7389 7388 7387
f 7390 7388 7389

o geometry_565
v 9.29000000 3.34000000 2.63000000
v 9.29000000 3.34000000 2.81000000
v 9.29000000 3.42000000 2.63000000
v 9.29000000 3.42000000 2.81000000
v 9.71000000 3.34000000 2.63000000
v 9.71000000 3.34000000 2.81000000
v 9.71000000 3.42000000 2.63000000
v 9.71000000 3.42000000 2.81000000
f 7392 7394 7391
f 7395 7392 7391
f 7391 7394 7393
f 7393 7395 7391
f 7392 7398 7394
f 7396 7392 7395
f 7396 7398 7392
f 7394 7398 7393
f 7397 7395 7393
f 7393 7398 7397
f 7397 7396 7395
f 7398 7396 7397

o geometry_566
v 9.38450000 3.27000000 2.76000000
v 9.38450000 3.27000000 2.84000000
v 9.38450000 3.37000000 2.76000000
v 9.38450000 3.37000000 2.84000000
v 9.61550000 3.27000000 2.76000000
v 9.61550000 3.27000000 2.84000000
v 9.61550000 3.37000000 2.76000000
v 9.61550000 3.37000000 2.84000000
f 7400 7402 7399
f 7403 7400 7399
f 7399 7402 7401
f 7401 7403 7399
f 7400 7406 7402
f 7404 7400 7403
f 7404 7406 7400
f 7402 7406 7401
f 7405 7403 7401
f 7401 7406 7405
f 7405 7404 7403
f 7406 7404 7405

o geometry_567
v 9.71000000 3.34000000 2.63000000
v 9.71000000 3.34000000 2.81000000
v 9.71000000 3.42000000 2.63000000
v 9.71000000 3.42000000 2.81000000
v 10.13000000 3.34000000 2.63000000
v 10.13000000 3.34000000 2.81000000
v 10.13000000 3.42000000 2.63000000
v 10.13000000 3.42000000 2.81000000
f 7408 7410 7407
f 7411 7408 7407
f 7407 7410 7409
f 7409 7411 7407
f 7408 7414 7410
f 7412 7408 7411
f 7412 7414 7408
f 7410 7414 7409
f 7413 7411 7409
f 7409 7414 7413
f 7413 7412 7411
f 7414 7412 7413

o geometry_568
v 9.80450000 3.27000000 2.60000000
v 9.80450000 3.27000000 2.68000000
v 9.80450000 3.37000000 2.60000000
v 9.80450000 3.37000000 2.68000000
v 10.03550000 3.27000000 2.60000000
v 10.03550000 3.27000000 2.68000000
v 10.03550000 3.37000000 2.60000000
v 10.03550000 3.37000000 2.68000000
f 7416 7418 7415
f 7419 7416 7415
f 7415 7418 7417
f 7417 7419 7415
f 7416 7422 7418
f 7420 7416 7419
f 7420 7422 7416
f 7418 7422 7417
f 7421 7419 7417
f 7417 7422 7421
f 7421 7420 7419
f 7422 7420 7421

o geometry_569
v 10.13000000 3.34000000 2.63000000
v 10.13000000 3.34000000 2.81000000
v 10.13000000 3.42000000 2.63000000
v 10.13000000 3.42000000 2.81000000
v 10.55000000 3.34000000 2.63000000
v 10.55000000 3.34000000 2.81000000
v 10.55000000 3.42000000 2.63000000
v 10.55000000 3.42000000 2.81000000
f 7424 7426 7423
f 7427 7424 7423
f 7423 7426 7425
f 7425 7427 7423
f 7424 7430 7426
f 7428 7424 7427
f 7428 7430 7424
f 7426 7430 7425
f 7429 7427 7425
f 7425 7430 7429
f 7429 7428 7427
f 7430 7428 7429

o geometry_570
v 10.22450000 3.27000000 2.76000000
v 10.22450000 3.27000000 2.84000000
v 10.22450000 3.37000000 2.76000000
v 10.22450000 3.37000000 2.84000000
v 10.45550000 3.27000000 2.76000000
v 10.45550000 3.27000000 2.84000000
v 10.45550000 3.37000000 2.76000000
v 10.45550000 3.37000000 2.84000000
f 7432 7434 7431
f 7435 7432 7431
f 7431 7434 7433
f 7433 7435 7431
f 7432 7438 7434
f 7436 7432 7435
f 7436 7438 7432
f 7434 7438 7433
f 7437 7435 7433
f 7433 7438 7437
f 7437 7436 7435
f 7438 7436 7437

o geometry_571
v 10.55000000 3.34000000 2.63000000
v 10.55000000 3.34000000 2.81000000
v 10.55000000 3.42000000 2.63000000
v 10.55000000 3.42000000 2.81000000
v 10.97000000 3.34000000 2.63000000
v 10.97000000 3.34000000 2.81000000
v 10.97000000 3.42000000 2.63000000
v 10.97000000 3.42000000 2.81000000
f 7440 7442 7439
f 7443 7440 7439
f 7439 7442 7441
f 7441 7443 7439
f 7440 7446 7442
f 7444 7440 7443
f 7444 7446 7440
f 7442 7446 7441
f 7445 7443 7441
f 7441 7446 7445
f 7445 7444 7443
f 7446 7444 7445

o geometry_572
v 10.64450000 3.27000000 2.60000000
v 10.64450000 3.27000000 2.68000000
v 10.64450000 3.37000000 2.60000000
v 10.64450000 3.37000000 2.68000000
v 10.87550000 3.27000000 2.60000000
v 10.87550000 3.27000000 2.68000000
v 10.87550000 3.37000000 2.60000000
v 10.87550000 3.37000000 2.68000000
f 7448 7450 7447
f 7451 7448 7447
f 7447 7450 7449
f 7449 7451 7447
f 7448 7454 7450
f 7452 7448 7451
f 7452 7454 7448
f 7450 7454 7449
f 7453 7451 7449
f 7449 7454 7453
f 7453 7452 7451
f 7454 7452 7453

o geometry_573
v 10.97000000 3.34000000 2.63000000
v 10.97000000 3.34000000 2.81000000
v 10.97000000 3.42000000 2.63000000
v 10.97000000 3.42000000 2.81000000
v 11.39000000 3.34000000 2.63000000
v 11.39000000 3.34000000 2.81000000
v 11.39000000 3.42000000 2.63000000
v 11.39000000 3.42000000 2.81000000
f 7456 7458 7455
f 7459 7456 7455
f 7455 7458 7457
f 7457 7459 7455
f 7456 7462 7458
f 7460 7456 7459
f 7460 7462 7456
f 7458 7462 7457
f 7461 7459 7457
f 7457 7462 7461
f 7461 7460 7459
f 7462 7460 7461

o geometry_574
v 11.06450000 3.27000000 2.76000000
v 11.06450000 3.27000000 2.84000000
v 11.06450000 3.37000000 2.76000000
v 11.06450000 3.37000000 2.84000000
v 11.29550000 3.27000000 2.76000000
v 11.29550000 3.27000000 2.84000000
v 11.29550000 3.37000000 2.76000000
v 11.29550000 3.37000000 2.84000000
f 7464 7466 7463
f 7467 7464 7463
f 7463 7466 7465
f 7465 7467 7463
f 7464 7470 7466
f 7468 7464 7467
f 7468 7470 7464
f 7466 7470 7465
f 7469 7467 7465
f 7465 7470 7469
f 7469 7468 7467
f 7470 7468 7469

o geometry_575
v 8.55000000 3.28000000 1.53000000
v 8.59500000 3.28000000 1.53000000
v 8.59500000 3.28000000 1.87000000
v 8.55000000 3.28000000 1.87000000
v 8.58897114 3.30250000 1.53000000
v 8.58897114 3.30250000 1.87000000
v 8.57250000 3.31897114 1.53000000
v 8.57250000 3.31897114 1.87000000
v 8.55000000 3.32500000 1.53000000
v 8.55000000 3.32500000 1.87000000
v 8.52750000 3.31897114 1.53000000
v 8.52750000 3.31897114 1.87000000
v 8.51102886 3.30250000 1.53000000
v 8.51102886 3.30250000 1.87000000
v 8.50500000 3.28000000 1.53000000
v 8.50500000 3.28000000 1.87000000
v 8.51102886 3.25750000 1.53000000
v 8.51102886 3.25750000 1.87000000
v 8.52750000 3.24102886 1.53000000
v 8.52750000 3.24102886 1.87000000
v 8.55000000 3.23500000 1.53000000
v 8.55000000 3.23500000 1.87000000
v 8.57250000 3.24102886 1.53000000
v 8.57250000 3.24102886 1.87000000
v 8.58897114 3.25750000 1.53000000
v 8.58897114 3.25750000 1.87000000
f 7472 7471 7475
f 7472 7475 7473
f 7473 7475 7476
f 7473 7476 7474
f 7475 7471 7477
f 7475 7477 7476
f 7476 7477 7478
f 7476 7478 7474
f 7477 7471 7479
f 7477 7479 7478
f 7478 7479 7480
f 7478 7480 7474
f 7479 7471 7481
f 7479 7481 7480
f 7480 7481 7482
f 7480 7482 7474
f 7481 7471 7483
f 7481 7483 7482
f 7482 7483 7484
f 7482 7484 7474
f 7483 7471 7485
f 7483 7485 7484
f 7484 7485 7486
f 7484 7486 7474
f 7485 7471 7487
f 7485 7487 7486
f 7486 7487 7488
f 7486 7488 7474
f 7487 7471 7489
f 7487 7489 7488
f 7488 7489 7490
f 7488 7490 7474
f 7489 7471 7491
f 7489 7491 7490
f 7490 7491 7492
f 7490 7492 7474
f 7491 7471 7493
f 7491 7493 7492
f 7492 7493 7494
f 7492 7494 7474
f 7493 7471 7495
f 7493 7495 7494
f 7494 7495 7496
f 7494 7496 7474
f 7495 7471 7472
f 7495 7472 7496
f 7496 7472 7473
f 7496 7473 7474

o geometry_576
v 8.46000000 3.30000000 1.54000000
v 8.46000000 3.30000000 1.78000000
v 8.46000000 3.36000000 1.54000000
v 8.46000000 3.36000000 1.78000000
v 8.64000000 3.30000000 1.54000000
v 8.64000000 3.30000000 1.78000000
v 8.64000000 3.36000000 1.54000000
v 8.64000000 3.36000000 1.78000000
f 7498 7500 7497
f 7501 7498 7497
f 7497 7500 7499
f 7499 7501 7497
f 7498 7504 7500
f 7502 7498 7501
f 7502 7504 7498
f 7500 7504 7499
f 7503 7501 7499
f 7499 7504 7503
f 7503 7502 7501
f 7504 7502 7503

o geometry_577
v 8.55000000 3.27000000 1.93000000
v 8.65000000 3.27000000 1.93000000
v 8.55000000 3.27000000 2.13000000
v 8.63660254 3.32000000 1.93000000
v 8.60000000 3.35660254 1.93000000
v 8.55000000 3.37000000 1.93000000
v 8.50000000 3.35660254 1.93000000
v 8.46339746 3.32000000 1.93000000
v 8.45000000 3.27000000 1.93000000
v 8.46339746 3.22000000 1.93000000
v 8.50000000 3.18339746 1.93000000
v 8.55000000 3.17000000 1.93000000
v 8.60000000 3.18339746 1.93000000
v 8.63660254 3.22000000 1.93000000
f 7506 7505 7508
f 7506 7508 7507
f 7508 7505 7509
f 7508 7509 7507
f 7509 7505 7510
f 7509 7510 7507
f 7510 7505 7511
f 7510 7511 7507
f 7511 7505 7512
f 7511 7512 7507
f 7512 7505 7513
f 7512 7513 7507
f 7513 7505 7514
f 7513 7514 7507
f 7514 7505 7515
f 7514 7515 7507
f 7515 7505 7516
f 7515 7516 7507
f 7516 7505 7517
f 7516 7517 7507
f 7517 7505 7518
f 7517 7518 7507
f 7518 7505 7506
f 7518 7506 7507

o geometry_578
v 10.65588994 3.72457733 0.15782079
v 10.91118624 3.72457733 0.15782079
v 10.65588994 3.43542267 0.15782079
v 10.91118624 3.43542267 0.15782079
v 10.78353809 3.49064629 0.40058014
v 10.78353809 3.66935371 0.40058014
v 10.78353809 3.49064629 -0.08493856
v 10.78353809 3.66935371 -0.08493856
v 10.99007714 3.58000000 0.00778726
v 10.99007714 3.58000000 0.30785432
v 10.57699904 3.58000000 0.00778726
v 10.57699904 3.58000000 0.30785432
v 10.78353809 3.74996085 0.15782079
v 10.78353809 3.41003915 0.15782079
v 10.70850839 3.44249878 0.30051116
v 10.85856779 3.44249878 0.30051116
v 10.70850839 3.71750122 0.30051116
v 10.85856779 3.71750122 0.30051116
v 10.78353809 3.58000000 0.44320153
v 10.70850839 3.44249878 0.01513042
v 10.85856779 3.44249878 0.01513042
v 10.70850839 3.71750122 0.01513042
v 10.85856779 3.71750122 0.01513042
v 10.78353809 3.58000000 -0.12755995
v 10.97996840 3.66498043 0.06963329
v 10.97996840 3.49501957 0.06963329
v 10.90493870 3.52747921 -0.07305708
v 10.90493870 3.63252079 -0.07305708
v 10.97996840 3.66498043 0.24600829
v 10.97996840 3.49501957 0.24600829
v 10.90493870 3.52747921 0.38869866
v 10.90493870 3.63252079 0.38869866
v 11.02633931 3.58000000 0.15782079
v 10.58710778 3.66498043 0.06963329
v 10.58710778 3.49501957 0.06963329
v 10.66213748 3.52747921 -0.07305708
v 10.66213748 3.63252079 -0.07305708
v 10.58710778 3.66498043 0.24600829
v 10.58710778 3.49501957 0.24600829
v 10.66213748 3.52747921 0.38869866
v 10.66213748 3.63252079 0.38869866
v 10.54073688 3.58000000 0.15782079
f 7519 7556 7535
f 7556 7530 7559
f 7535 7559 7524
f 7556 7559 7535
f 7519 7535 7531
f 7535 7524 7536
f 7531 7536 7520
f 7535 7536 7531
f 7519 7531 7540
f 7531 7520 7541
f 7540 7541 7526
f 7531 7541 7540
f 7519 7540 7552
f 7540 7526 7555
f 7552 7555 7529
f 7540 7555 7552
f 7519 7552 7556
f 7552 7529 7560
f 7556 7560 7530
f 7552 7560 7556
f 7520 7536 7547
f 7536 7524 7550
f 7547 7550 7528
f 7536 7550 7547
f 7524 7559 7537
f 7559 7530 7558
f 7537 7558 7523
f 7559 7558 7537
f 7530 7560 7557
f 7560 7529 7553
f 7557 7553 7521
f 7560 7553 7557
f 7529 7555 7554
f 7555 7526 7542
f 7554 7542 7525
f 7555 7542 7554
f 7526 7541 7546
f 7541 7520 7543
f 7546 7543 7527
f 7541 7543 7546
f 7522 7548 7534
f 7548 7528 7549
f 7534 7549 7523
f 7548 7549 7534
f 7522 7534 7532
f 7534 7523 7533
f 7532 7533 7521
f 7534 7533 7532
f 7522 7532 7539
f 7532 7521 7538
f 7539 7538 7525
f 7532 7538 7539
f 7522 7539 7544
f 7539 7525 7545
f 7544 7545 7527
f 7539 7545 7544
f 7522 7544 7548
f 7544 7527 7551
f 7548 7551 7528
f 7544 7551 7548
f 7523 7549 7537
f 7549 7528 7550
f 7537 7550 7524
f 7549 7550 7537
f 7521 7533 7557
f 7533 7523 7558
f 7557 7558 7530
f 7533 7558 7557
f 7525 7538 7554
f 7538 7521 7553
f 7554 7553 7529
f 7538 7553 7554
f 7527 7545 7546
f 7545 7525 7542
f 7546 7542 7526
f 7545 7542 7546
f 7528 7551 7547
f 7551 7527 7543
f 7547 7543 7520
f 7551 7543 7547

o geometry_579
v 10.90176965 3.66758667 0.09560971
v 11.05643119 3.66758667 0.09560971
v 10.90176965 3.49241333 0.09560971
v 11.05643119 3.49241333 0.09560971
v 10.97910042 3.52586846 0.17072357
v 10.97910042 3.63413154 0.17072357
v 10.97910042 3.52586846 0.02049586
v 10.97910042 3.63413154 0.02049586
v 11.10422423 3.58000000 0.04918680
v 11.10422423 3.58000000 0.14203263
v 10.85397660 3.58000000 0.04918680
v 10.85397660 3.58000000 0.14203263
v 10.97910042 3.68296431 0.09560971
v 10.97910042 3.47703569 0.09560971
v 10.93364653 3.49670013 0.13976053
v 11.02455431 3.49670013 0.13976053
v 10.93364653 3.66329987 0.13976053
v 11.02455431 3.66329987 0.13976053
v 10.97910042 3.58000000 0.18391134
v 10.93364653 3.49670013 0.05145890
v 11.02455431 3.49670013 0.05145890
v 10.93364653 3.66329987 0.05145890
v 11.02455431 3.66329987 0.05145890
v 10.97910042 3.58000000 0.00730808
v 11.09810024 3.63148215 0.06832301
v 11.09810024 3.52851785 0.06832301
v 11.05264635 3.54818228 0.02417219
v 11.05264635 3.61181772 0.02417219
v 11.09810024 3.63148215 0.12289642
v 11.09810024 3.52851785 0.12289642
v 11.05264635 3.54818228 0.16704723
v 11.05264635 3.61181772 0.16704723
v 11.12619229 3.58000000 0.09560971
v 10.86010060 3.63148215 0.06832301
v 10.86010060 3.52851785 0.06832301
v 10.90555449 3.54818228 0.02417219
v 10.90555449 3.61181772 0.02417219
v 10.86010060 3.63148215 0.12289642
v 10.86010060 3.52851785 0.12289642
v 10.90555449 3.54818228 0.16704723
v 10.90555449 3.61181772 0.16704723
v 10.83200855 3.58000000 0.09560971
f 7561 7598 7577
f 7598 7572 7601
f 7577 7601 7566
f 7598 7601 7577
f 7561 7577 7573
f 7577 7566 7578
f 7573 7578 7562
f 7577 7578 7573
f 7561 7573 7582
f 7573 7562 7583
f 7582 7583 7568
f 7573 7583 7582
f 7561 7582 7594
f 7582 7568 7597
f 7594 7597 7571
f 7582 7597 7594
f 7561 7594 7598
f 7594 7571 7602
f 7598 7602 7572
f 7594 7602 7598
f 7562 7578 7589
f 7578 7566 7592
f 7589 7592 7570
f 7578 7592 7589
f 7566 7601 7579
f 7601 7572 7600
f 7579 7600 7565
f 7601 7600 7579
f 7572 7602 7599
f 7602 7571 7595
f 7599 7595 7563
f 7602 7595 7599
f 7571 7597 7596
f 7597 7568 7584
f 7596 7584 7567
f 7597 7584 7596
f 7568 7583 7588
f 7583 7562 7585
f 7588 7585 7569
f 7583 7585 7588
f 7564 7590 7576
f 7590 7570 7591
f 7576 7591 7565
f 7590 7591 7576
f 7564 7576 7574
f 7576 7565 7575
f 7574 7575 7563
f 7576 7575 7574
f 7564 7574 7581
f 7574 7563 7580
f 7581 7580 7567
f 7574 7580 7581
f 7564 7581 7586
f 7581 7567 7587
f 7586 7587 7569
f 7581 7587 7586
f 7564 7586 7590
f 7586 7569 7593
f 7590 7593 7570
f 7586 7593 7590
f 7565 7591 7579
f 7591 7570 7592
f 7579 7592 7566
f 7591 7592 7579
f 7563 7575 7599
f 7575 7565 7600
f 7599 7600 7572
f 7575 7600 7599
f 7567 7580 7596
f 7580 7563 7595
f 7596 7595 7571
f 7580 7595 7596
f 7569 7587 7588
f 7587 7567 7584
f 7588 7584 7568
f 7587 7584 7588
f 7570 7593 7589
f 7593 7569 7585
f 7589 7585 7562
f 7593 7585 7589

o geometry_580
v 10.56340239 3.68994835 0.12001975
v 10.75755043 3.68994835 0.12001975
v 10.56340239 3.47005165 0.12001975
v 10.75755043 3.47005165 0.12001975
v 10.66047641 3.51204818 0.29779232
v 10.66047641 3.64795182 0.29779232
v 10.66047641 3.51204818 -0.05775282
v 10.66047641 3.64795182 -0.05775282
v 10.81754548 3.58000000 0.01015026
v 10.81754548 3.58000000 0.22988924
v 10.50340734 3.58000000 0.01015026
v 10.50340734 3.58000000 0.22988924
v 10.66047641 3.70925204 0.12001975
v 10.66047641 3.45074796 0.12001975
v 10.60341773 3.47543291 0.22451184
v 10.71753509 3.47543291 0.22451184
v 10.60341773 3.68456709 0.22451184
v 10.71753509 3.68456709 0.22451184
v 10.66047641 3.58000000 0.32900394
v 10.60341773 3.47543291 0.01552765
v 10.71753509 3.47543291 0.01552765
v 10.60341773 3.68456709 0.01552765
v 10.71753509 3.68456709 0.01552765
v 10.66047641 3.58000000 -0.08896444
v 10.80985797 3.64462602 0.05544008
v 10.80985797 3.51537398 0.05544008
v 10.75279929 3.54005892 -0.04905201
v 10.75279929 3.61994108 -0.04905201
v 10.80985797 3.64462602 0.18459941
v 10.80985797 3.51537398 0.18459941
v 10.75279929 3.54005892 0.28909151
v 10.75279929 3.61994108 0.28909151
v 10.84512218 3.58000000 0.12001975
v 10.51109485 3.64462602 0.05544008
v 10.51109485 3.51537398 0.05544008
v 10.56815353 3.54005892 -0.04905201
v 10.56815353 3.61994108 -0.04905201
v 10.51109485 3.64462602 0.18459941
v 10.51109485 3.51537398 0.18459941
v 10.56815353 3.54005892 0.28909151
v 10.56815353 3.61994108 0.28909151
v 10.47583064 3.58000000 0.12001975
f 7603 7640 7619
f 7640 7614 7643
f 7619 7643 7608
f 7640 7643 7619
f 7603 7619 7615
f 7619 7608 7620
f 7615 7620 7604
f 7619 7620 7615
f 7603 7615 7624
f 7615 7604 7625
f 7624 7625 7610
f 7615 7625 7624
f 7603 7624 7636
f 7624 7610 7639
f 7636 7639 7613
f 7624 7639 7636
f 7603 7636 7640
f 7636 7613 7644
f 7640 7644 7614
f 7636 7644 7640
f 7604 7620 7631
f 7620 7608 7634
f 7631 7634 7612
f 7620 7634 7631
f 7608 7643 7621
f 7643 7614 7642
f 7621 7642 7607
f 7643 7642 7621
f 7614 7644 7641
f 7644 7613 7637
f 7641 7637 7605
f 7644 7637 7641
f 7613 7639 7638
f 7639 7610 7626
f 7638 7626 7609
f 7639 7626 7638
f 7610 7625 7630
f 7625 7604 7627
f 7630 7627 7611
f 7625 7627 7630
f 7606 7632 7618
f 7632 7612 7633
f 7618 7633 7607
f 7632 7633 7618
f 7606 7618 7616
f 7618 7607 7617
f 7616 7617 7605
f 7618 7617 7616
f 7606 7616 7623
f 7616 7605 7622
f 7623 7622 7609
f 7616 7622 7623
f 7606 7623 7628
f 7623 7609 7629
f 7628 7629 7611
f 7623 7629 7628
f 7606 7628 7632
f 7628 7611 7635
f 7632 7635 7612
f 7628 7635 7632
f 7607 7633 7621
f 7633 7612 7634
f 7621 7634 7608
f 7633 7634 7621
f 7605 7617 7641
f 7617 7607 7642
f 7641 7642 7614
f 7617 7642 7641
f 7609 7622 7638
f 7622 7605 7637
f 7638 7637 7613
f 7622 7637 7638
f 7611 7629 7630
f 7629 7609 7626
f 7630 7626 7610
f 7629 7626 7630
f 7612 7635 7631
f 7635 7611 7627
f 7631 7627 7604
f 7635 7627 7631

o geometry_581
v 11.00665436 3.72209069 0.15510636
v 11.25755971 3.72209069 0.15510636
v 11.00665436 3.43790931 0.15510636
v 11.25755971 3.43790931 0.15510636
v 11.13210703 3.49218313 0.31564624
v 11.13210703 3.66781687 0.31564624
v 11.13210703 3.49218313 -0.00543351
v 11.13210703 3.66781687 -0.00543351
v 11.33509373 3.58000000 0.05588726
v 11.33509373 3.58000000 0.25432546
v 10.92912034 3.58000000 0.05588726
v 10.92912034 3.58000000 0.25432546
v 11.13210703 3.74703762 0.15510636
v 11.13210703 3.41296238 0.15510636
v 11.05836780 3.44486373 0.24946933
v 11.20584626 3.44486373 0.24946933
v 11.05836780 3.71513627 0.24946933
v 11.20584626 3.71513627 0.24946933
v 11.13210703 3.58000000 0.34383230
v 11.05836780 3.44486373 0.06074339
v 11.20584626 3.44486373 0.06074339
v 11.05836780 3.71513627 0.06074339
v 11.20584626 3.71513627 0.06074339
v 11.13210703 3.58000000 -0.03361958
v 11.32515885 3.66351881 0.09678684
v 11.32515885 3.49648119 0.09678684
v 11.25141962 3.52838254 0.00242387
v 11.25141962 3.63161746 0.00242387
v 11.32515885 3.66351881 0.21342588
v 11.32515885 3.49648119 0.21342588
v 11.25141962 3.52838254 0.30778885
v 11.25141962 3.63161746 0.30778885
v 11.37073220 3.58000000 0.15510636
v 10.93905521 3.66351881 0.09678684
v 10.93905521 3.49648119 0.09678684
v 11.01279445 3.52838254 0.00242387
v 11.01279445 3.63161746 0.00242387
v 10.93905521 3.66351881 0.21342588
v 10.93905521 3.49648119 0.21342588
v 11.01279445 3.52838254 0.30778885
v 11.01279445 3.63161746 0.30778885
v 10.89348186 3.58000000 0.15510636
f 7645 7682 7661
f 7682 7656 7685
f 7661 7685 7650
f 7682 7685 7661
f 7645 7661 7657
f 7661 7650 7662
f 7657 7662 7646
f 7661 7662 7657
f 7645 7657 7666
f 7657 7646 7667
f 7666 7667 7652
f 7657 7667 7666
f 7645 7666 7678
f 7666 7652 7681
f 7678 7681 7655
f 7666 7681 7678
f 7645 7678 7682
f 7678 7655 7686
f 7682 7686 7656
f 7678 7686 7682
f 7646 7662 7673
f 7662 7650 7676
f 7673 7676 7654
f 7662 7676 7673
f 7650 7685 7663
f 7685 7656 7684
f 7663 7684 7649
f 7685 7684 7663
f 7656 7686 7683
f 7686 7655 7679
f 7683 7679 7647
f 7686 7679 7683
f 7655 7681 7680
f 7681 7652 7668
f 7680 7668 7651
f 7681 7668 7680
f 7652 7667 7672
f 7667 7646 7669
f 7672 7669 7653
f 7667 7669 7672
f 7648 7674 7660
f 7674 7654 7675
f 7660 7675 7649
f 7674 7675 7660
f 7648 7660 7658
f 7660 7649 7659
f 7658 7659 7647
f 7660 7659 7658
f 7648 7658 7665
f 7658 7647 7664
f 7665 7664 7651
f 7658 7664 7665
f 7648 7665 7670
f 7665 7651 7671
f 7670 7671 7653
f 7665 7671 7670
f 7648 7670 7674
f 7670 7653 7677
f 7674 7677 7654
f 7670 7677 7674
f 7649 7675 7663
f 7675 7654 7676
f 7663 7676 7650
f 7675 7676 7663
f 7647 7659 7683
f 7659 7649 7684
f 7683 7684 7656
f 7659 7684 7683
f 7651 7664 7680
f 7664 7647 7679
f 7680 7679 7655
f 7664 7679 7680
f 7653 7671 7672
f 7671 7651 7668
f 7672 7668 7652
f 7671 7668 7672
f 7654 7677 7673
f 7677 7653 7669
f 7673 7669 7646
f 7677 7669 7673

o geometry_582
v 10.72049814 3.71776964 0.15038951
v 10.96377334 3.71776964 0.15038951
v 10.72049814 3.44223036 0.15038951
v 10.96377334 3.44223036 0.15038951
v 10.84213574 3.49485368 0.32551529
v 10.84213574 3.66514632 0.32551529
v 10.84213574 3.49485368 -0.02473628
v 10.84213574 3.66514632 -0.02473628
v 11.03894952 3.58000000 0.04215582
v 11.03894952 3.58000000 0.25862319
v 10.64532197 3.58000000 0.04215582
v 10.64532197 3.58000000 0.25862319
v 10.84213574 3.74195793 0.15038951
v 10.84213574 3.41804207 0.15038951
v 10.77063895 3.44897328 0.25332586
v 10.91363253 3.44897328 0.25332586
v 10.77063895 3.71102672 0.25332586
v 10.91363253 3.71102672 0.25332586
v 10.84213574 3.58000000 0.35626221
v 10.77063895 3.44897328 0.04745315
v 10.91363253 3.44897328 0.04745315
v 10.77063895 3.71102672 0.04745315
v 10.91363253 3.71102672 0.04745315
v 10.84213574 3.58000000 -0.05548320
v 11.02931677 3.66097896 0.08677134
v 11.02931677 3.49902104 0.08677134
v 10.95781998 3.52995225 -0.01616501
v 10.95781998 3.63004775 -0.01616501
v 11.02931677 3.66097896 0.21400767
v 11.02931677 3.49902104 0.21400767
v 10.95781998 3.52995225 0.31694402
v 10.95781998 3.63004775 0.31694402
v 11.07350421 3.58000000 0.15038951
v 10.65495472 3.66097896 0.08677134
v 10.65495472 3.49902104 0.08677134
v 10.72645151 3.52995225 -0.01616501
v 10.72645151 3.63004775 -0.01616501
v 10.65495472 3.66097896 0.21400767
v 10.65495472 3.49902104 0.21400767
v 10.72645151 3.52995225 0.31694402
v 10.72645151 3.63004775 0.31694402
v 10.61076727 3.58000000 0.15038951
f 7687 7724 7703
f 7724 7698 7727
f 7703 7727 7692
f 7724 7727 7703
f 7687 7703 7699
f 7703 7692 7704
f 7699 7704 7688
f 7703 7704 7699
f 7687 7699 7708
f 7699 7688 7709
f 7708 7709 7694
f 7699 7709 7708
f 7687 7708 7720
f 7708 7694 7723
f 7720 7723 7697
f 7708 7723 7720
f 7687 7720 7724
f 7720 7697 7728
f 7724 7728 7698
f 7720 7728 7724
f 7688 7704 7715
f 7704 7692 7718
f 7715 7718 7696
f 7704 7718 7715
f 7692 7727 7705
f 7727 7698 7726
f 7705 7726 7691
f 7727 7726 7705
f 7698 7728 7725
f 7728 7697 7721
f 7725 7721 7689
f 7728 7721 7725
f 7697 7723 7722
f 7723 7694 7710
f 7722 7710 7693
f 7723 7710 7722
f 7694 7709 7714
f 7709 7688 7711
f 7714 7711 7695
f 7709 7711 7714
f 7690 7716 7702
f 7716 7696 7717
f 7702 7717 7691
f 7716 7717 7702
f 7690 7702 7700
f 7702 7691 7701
f 7700 7701 7689
f 7702 7701 7700
f 7690 7700 7707
f 7700 7689 7706
f 7707 7706 7693
f 7700 7706 7707
f 7690 7707 7712
f 7707 7693 7713
f 7712 7713 7695
f 7707 7713 7712
f 7690 7712 7716
f 7712 7695 7719
f 7716 7719 7696
f 7712 7719 7716
f 7691 7717 7705
f 7717 7696 7718
f 7705 7718 7692
f 7717 7718 7705
f 7689 7701 7725
f 7701 7691 7726
f 7725 7726 7698
f 7701 7726 7725
f 7693 7706 7722
f 7706 7689 7721
f 7722 7721 7697
f 7706 7721 7722
f 7695 7713 7714
f 7713 7693 7710
f 7714 7710 7694
f 7713 7710 7714
f 7696 7719 7715
f 7719 7695 7711
f 7715 7711 7688
f 7719 7711 7715

o geometry_583
v 10.74185992 3.71264923 0.14480005
v 10.97609344 3.71264923 0.14480005
v 10.74185992 3.44735077 0.14480005
v 10.97609344 3.44735077 0.14480005
v 10.85897668 3.49801827 0.28409869
v 10.85897668 3.66198173 0.28409869
v 10.85897668 3.49801827 0.00550142
v 10.85897668 3.66198173 0.00550142
v 11.04847558 3.58000000 0.05870876
v 11.04847558 3.58000000 0.23089134
v 10.66947779 3.58000000 0.05870876
v 10.66947779 3.58000000 0.23089134
v 10.85897668 3.73593852 0.14480005
v 10.85897668 3.42406148 0.14480005
v 10.79013718 3.45384309 0.22667774
v 10.92781619 3.45384309 0.22667774
v 10.79013718 3.70615691 0.22667774
v 10.92781619 3.70615691 0.22667774
v 10.85897668 3.58000000 0.30855542
v 10.79013718 3.45384309 0.06292237
v 10.92781619 3.45384309 0.06292237
v 10.79013718 3.70615691 0.06292237
v 10.92781619 3.70615691 0.06292237
v 10.85897668 3.58000000 -0.01895531
v 11.03920084 3.65796926 0.09419686
v 11.03920084 3.50203074 0.09419686
v 10.97036134 3.53181235 0.01231918
v 10.97036134 3.62818765 0.01231918
v 11.03920084 3.65796926 0.19540324
v 11.03920084 3.50203074 0.19540324
v 10.97036134 3.53181235 0.27728093
v 10.97036134 3.62818765 0.27728093
v 11.08174600 3.58000000 0.14480005
v 10.67875252 3.65796926 0.09419686
v 10.67875252 3.50203074 0.09419686
v 10.74759203 3.53181235 0.01231918
v 10.74759203 3.62818765 0.01231918
v 10.67875252 3.65796926 0.19540324
v 10.67875252 3.50203074 0.19540324
v 10.74759203 3.53181235 0.27728093
v 10.74759203 3.62818765 0.27728093
v 10.63620737 3.58000000 0.14480005
f 7729 7766 7745
f 7766 7740 7769
f 7745 7769 7734
f 7766 7769 7745
f 7729 7745 7741
f 7745 7734 7746
f 7741 7746 7730
f 7745 7746 7741
f 7729 7741 7750
f 7741 7730 7751
f 7750 7751 7736
f 7741 7751 7750
f 7729 7750 7762
f 7750 7736 7765
f 7762 7765 7739
f 7750 7765 7762
f 7729 7762 7766
f 7762 7739 7770
f 7766 7770 7740
f 7762 7770 7766
f 7730 7746 7757
f 7746 7734 7760
f 7757 7760 7738
f 7746 7760 7757
f 7734 7769 7747
f 7769 7740 7768
f 7747 7768 7733
f 7769 7768 7747
f 7740 7770 7767
f 7770 7739 7763
f 7767 7763 7731
f 7770 7763 7767
f 7739 7765 7764
f 7765 7736 7752
f 7764 7752 7735
f 7765 7752 7764
f 7736 7751 7756
f 7751 7730 7753
f 7756 7753 7737
f 7751 7753 7756
f 7732 7758 7744
f 7758 7738 7759
f 7744 7759 7733
f 7758 7759 7744
f 7732 7744 7742
f 7744 7733 7743
f 7742 7743 7731
f 7744 7743 7742
f 7732 7742 7749
f 7742 7731 7748
f 7749 7748 7735
f 7742 7748 7749
f 7732 7749 7754
f 7749 7735 7755
f 7754 7755 7737
f 7749 7755 7754
f 7732 7754 7758
f 7754 7737 7761
f 7758 7761 7738
f 7754 7761 7758
f 7733 7759 7747
f 7759 7738 7760
f 7747 7760 7734
f 7759 7760 7747
f 7731 7743 7767
f 7743 7733 7768
f 7767 7768 7740
f 7743 7768 7767
f 7735 7748 7764
f 7748 7731 7763
f 7764 7763 7739
f 7748 7763 7764
f 7737 7755 7756
f 7755 7735 7752
f 7756 7752 7736
f 7755 7752 7756
f 7738 7761 7757
f 7761 7737 7753
f 7757 7753 7730
f 7761 7753 7757

o geometry_584
v 11.00493855 3.72584036 0.15919951
v 11.26246513 3.72584036 0.15919951
v 11.00493855 3.43415964 0.15919951
v 11.26246513 3.43415964 0.15919951
v 11.13370184 3.48986570 0.32292923
v 11.13370184 3.67013430 0.32292923
v 11.13370184 3.48986570 -0.00453020
v 11.13370184 3.67013430 -0.00453020
v 11.34204522 3.58000000 0.05800899
v 11.34204522 3.58000000 0.26039004
v 10.92535846 3.58000000 0.05800899
v 10.92535846 3.58000000 0.26039004
v 11.13370184 3.75144563 0.15919951
v 11.13370184 3.40855437 0.15919951
v 11.05801668 3.44129757 0.25543742
v 11.20938700 3.44129757 0.25543742
v 11.05801668 3.71870243 0.25543742
v 11.20938700 3.71870243 0.25543742
v 11.13370184 3.58000000 0.35167534
v 11.05801668 3.44129757 0.06296160
v 11.20938700 3.44129757 0.06296160
v 11.05801668 3.71870243 0.06296160
v 11.20938700 3.71870243 0.06296160
v 11.13370184 3.58000000 -0.03327631
v 11.33184817 3.66572282 0.09972121
v 11.33184817 3.49427718 0.09972121
v 11.25616301 3.52702039 0.00348330
v 11.25616301 3.63297961 0.00348330
v 11.33184817 3.66572282 0.21867781
v 11.33184817 3.49427718 0.21867781
v 11.25616301 3.52702039 0.31491572
v 11.25616301 3.63297961 0.31491572
v 11.37862417 3.58000000 0.15919951
v 10.93555551 3.66572282 0.09972121
v 10.93555551 3.49427718 0.09972121
v 11.01124068 3.52702039 0.00348330
v 11.01124068 3.63297961 0.00348330
v 10.93555551 3.66572282 0.21867781
v 10.93555551 3.49427718 0.21867781
v 11.01124068 3.52702039 0.31491572
v 11.01124068 3.63297961 0.31491572
v 10.88877951 3.58000000 0.15919951
f 7771 7808 7787
f 7808 7782 7811
f 7787 7811 7776
f 7808 7811 7787
f 7771 7787 7783
f 7787 7776 7788
f 7783 7788 7772
f 7787 7788 7783
f 7771 7783 7792
f 7783 7772 7793
f 7792 7793 7778
f 7783 7793 7792
f 7771 7792 7804
f 7792 7778 7807
f 7804 7807 7781
f 7792 7807 7804
f 7771 7804 7808
f 7804 7781 7812
f 7808 7812 7782
f 7804 7812 7808
f 7772 7788 7799
f 7788 7776 7802
f 7799 7802 7780
f 7788 7802 7799
f 7776 7811 7789
f 7811 7782 7810
f 7789 7810 7775
f 7811 7810 7789
f 7782 7812 7809
f 7812 7781 7805
f 7809 7805 7773
f 7812 7805 7809
f 7781 7807 7806
f 7807 7778 7794
f 7806 7794 7777
f 7807 7794 7806
f 7778 7793 7798
f 7793 7772 7795
f 7798 7795 7779
f 7793 7795 7798
f 7774 7800 7786
f 7800 7780 7801
f 7786 7801 7775
f 7800 7801 7786
f 7774 7786 7784
f 7786 7775 7785
f 7784 7785 7773
f 7786 7785 7784
f 7774 7784 7791
f 7784 7773 7790
f 7791 7790 7777
f 7784 7790 7791
f 7774 7791 7796
f 7791 7777 7797
f 7796 7797 7779
f 7791 7797 7796
f 7774 7796 7800
f 7796 7779 7803
f 7800 7803 7780
f 7796 7803 7800
f 7775 7801 7789
f 7801 7780 7802
f 7789 7802 7776
f 7801 7802 7789
f 7773 7785 7809
f 7785 7775 7810
f 7809 7810 7782
f 7785 7810 7809
f 7777 7790 7806
f 7790 7773 7805
f 7806 7805 7781
f 7790 7805 7806
f 7779 7797 7798
f 7797 7777 7794
f 7798 7794 7778
f 7797 7794 7798
f 7780 7803 7799
f 7803 7779 7795
f 7799 7795 7772
f 7803 7795 7799

o geometry_585
v 10.50167918 3.71303917 0.14522572
v 10.73660126 3.71303917 0.14522572
v 10.50167918 3.44696083 0.14522572
v 10.73660126 3.44696083 0.14522572
v 10.61914022 3.49777727 0.37158191
v 10.61914022 3.66222273 0.37158191
v 10.61914022 3.49777727 -0.08113048
v 10.61914022 3.66222273 -0.08113048
v 10.80919618 3.58000000 0.00532989
v 10.80919618 3.58000000 0.28512154
v 10.42908426 3.58000000 0.00532989
v 10.42908426 3.58000000 0.28512154
v 10.61914022 3.73639693 0.14522572
v 10.61914022 3.42360307 0.14522572
v 10.55009835 3.45347223 0.27827455
v 10.68818209 3.45347223 0.27827455
v 10.55009835 3.70652777 0.27827455
v 10.68818209 3.70652777 0.27827455
v 10.61914022 3.58000000 0.41132338
v 10.55009835 3.45347223 0.01217688
v 10.68818209 3.45347223 0.01217688
v 10.55009835 3.70652777 0.01217688
v 10.68818209 3.70652777 0.01217688
v 10.61914022 3.58000000 -0.12087195
v 10.79989418 3.65819846 0.06299701
v 10.79989418 3.50180154 0.06299701
v 10.73085231 3.53167069 -0.07005182
v 10.73085231 3.62832931 -0.07005182
v 10.79989418 3.65819846 0.22745442
v 10.79989418 3.50180154 0.22745442
v 10.73085231 3.53167069 0.36050325
v 10.73085231 3.62832931 0.36050325
v 10.84256440 3.58000000 0.14522572
v 10.43838626 3.65819846 0.06299701
v 10.43838626 3.50180154 0.06299701
v 10.50742813 3.53167069 -0.07005182
v 10.50742813 3.62832931 -0.07005182
v 10.43838626 3.65819846 0.22745442
v 10.43838626 3.50180154 0.22745442
v 10.50742813 3.53167069 0.36050325
v 10.50742813 3.62832931 0.36050325
v 10.39571604 3.58000000 0.14522572
f 7813 7850 7829
f 7850 7824 7853
f 7829 7853 7818
f 7850 7853 7829
f 7813 7829 7825
f 7829 7818 7830
f 7825 7830 7814
f 7829 7830 7825
f 7813 7825 7834
f 7825 7814 7835
f 7834 7835 7820
f 7825 7835 7834
f 7813 7834 7846
f 7834 7820 7849
f 7846 7849 7823
f 7834 7849 7846
f 7813 7846 7850
f 7846 7823 7854
f 7850 7854 7824
f 7846 7854 7850
f 7814 7830 7841
f 7830 7818 7844
f 7841 7844 7822
f 7830 7844 7841
f 7818 7853 7831
f 7853 7824 7852
f 7831 7852 7817
f 7853 7852 7831
f 7824 7854 7851
f 7854 7823 7847
f 7851 7847 7815
f 7854 7847 7851
f 7823 7849 7848
f 7849 7820 7836
f 7848 7836 7819
f 7849 7836 7848
f 7820 7835 7840
f 7835 7814 7837
f 7840 7837 7821
f 7835 7837 7840
f 7816 7842 7828
f 7842 7822 7843
f 7828 7843 7817
f 7842 7843 7828
f 7816 7828 7826
f 7828 7817 7827
f 7826 7827 7815
f 7828 7827 7826
f 7816 7826 7833
f 7826 7815 7832
f 7833 7832 7819
f 7826 7832 7833
f 7816 7833 7838
f 7833 7819 7839
f 7838 7839 7821
f 7833 7839 7838
f 7816 7838 7842
f 7838 7821 7845
f 7842 7845 7822
f 7838 7845 7842
f 7817 7843 7831
f 7843 7822 7844
f 7831 7844 7818
f 7843 7844 7831
f 7815 7827 7851
f 7827 7817 7852
f 7851 7852 7824
f 7827 7852 7851
f 7819 7832 7848
f 7832 7815 7847
f 7848 7847 7823
f 7832 7847 7848
f 7821 7839 7840
f 7839 7819 7836
f 7840 7836 7820
f 7839 7836 7840
f 7822 7845 7841
f 7845 7821 7837
f 7841 7837 7814
f 7845 7837 7841

o geometry_586
v 7.60000000 3.70500000 0.00000000
v 7.60000000 3.70500000 0.18000000
v 7.60000000 4.25500000 0.00000000
v 7.60000000 4.25500000 0.18000000
v 11.60000000 3.70500000 0.00000000
v 11.60000000 3.70500000 0.18000000
v 11.60000000 4.25500000 0.00000000
v 11.60000000 4.25500000 0.18000000
f 7856 7858 7855
f 7859 7856 7855
f 7855 7858 7857
f 7857 7859 7855
f 7856 7862 7858
f 7860 7856 7859
f 7860 7862 7856
f 7858 7862 7857
f 7861 7859 7857
f 7857 7862 7861
f 7861 7860 7859
f 7862 7860 7861

o geometry_587
v 7.60000000 3.67000000 3.25000000
v 7.60000000 3.67000000 3.50000000
v 7.60000000 4.29000000 3.25000000
v 7.60000000 4.29000000 3.50000000
v 11.60000000 3.67000000 3.25000000
v 11.60000000 3.67000000 3.50000000
v 11.60000000 4.29000000 3.25000000
v 11.60000000 4.29000000 3.50000000
f 7864 7866 7863
f 7867 7864 7863
f 7863 7866 7865
f 7865 7867 7863
f 7864 7870 7866
f 7868 7864 7867
f 7868 7870 7864
f 7866 7870 7865
f 7869 7867 7865
f 7865 7870 7869
f 7869 7868 7867
f 7870 7868 7869

o geometry_588
v -1.99405813 7.53365023 0.02004672
v -1.99405813 7.53365023 0.49504672
v -1.98790138 8.01361075 0.02004672
v -1.98790138 8.01361075 0.49504672
v -1.50200036 7.52733830 0.02004672
v -1.50200036 7.52733830 0.49504672
v -1.49584361 8.00729882 0.02004672
v -1.49584361 8.00729882 0.49504672
f 7872 7874 7871
f 7875 7872 7871
f 7871 7874 7873
f 7873 7875 7871
f 7872 7878 7874
f 7876 7872 7875
f 7876 7878 7872
f 7874 7878 7873
f 7877 7875 7873
f 7873 7878 7877
f 7877 7876 7875
f 7878 7876 7877

o geometry_589
v -1.48084820 7.52397138 -0.00960005
v -1.48084820 7.52397138 0.46539995
v -1.48095527 8.00397137 -0.00960005
v -1.48095527 8.00397137 0.46539995
v -0.96118355 7.52408730 -0.00960005
v -0.96118355 7.52408730 0.46539995
v -0.96129062 8.00408729 -0.00960005
v -0.96129062 8.00408729 0.46539995
f 7880 7882 7879
f 7883 7880 7879
f 7879 7882 7881
f 7881 7883 7879
f 7880 7886 7882
f 7884 7880 7883
f 7884 7886 7880
f 7882 7886 7881
f 7885 7883 7881
f 7881 7886 7885
f 7885 7884 7883
f 7886 7884 7885

o geometry_590
v -0.94616673 7.52480126 -0.00900723
v -0.94616673 7.52480126 0.46599277
v -0.94027314 8.00476508 -0.00900723
v -0.94027314 8.00476508 0.46599277
v -0.49132658 7.51921618 -0.00900723
v -0.49132658 7.51921618 0.46599277
v -0.48543300 7.99918000 -0.00900723
v -0.48543300 7.99918000 0.46599277
f 7888 7890 7887
f 7891 7888 7887
f 7887 7890 7889
f 7889 7891 7887
f 7888 7894 7890
f 7892 7888 7891
f 7892 7894 7888
f 7890 7894 7889
f 7893 7891 7889
f 7889 7894 7893
f 7893 7892 7891
f 7894 7892 7893

o geometry_591
v -0.47234659 7.51229993 -0.00630990
v -0.47234659 7.51229993 0.46869010
v -0.46836128 7.99228338 -0.00630990
v -0.46836128 7.99228338 0.46869010
v 0.03282349 7.50810549 -0.00630990
v 0.03282349 7.50810549 0.46869010
v 0.03680880 7.98808894 -0.00630990
v 0.03680880 7.98808894 0.46869010
f 7896 7898 7895
f 7899 7896 7895
f 7895 7898 7897
f 7897 7899 7895
f 7896 7902 7898
f 7900 7896 7899
f 7900 7902 7896
f 7898 7902 7897
f 7901 7899 7897
f 7897 7902 7901
f 7901 7900 7899
f 7902 7900 7901

o geometry_592
v 0.05208223 7.50739370 0.01635515
v 0.05208223 7.50739370 0.49135515
v 0.05357003 7.98739140 0.01635515
v 0.05357003 7.98739140 0.49135515
v 0.58364599 7.50574607 0.01635515
v 0.58364599 7.50574607 0.49135515
v 0.58513379 7.98574376 0.01635515
v 0.58513379 7.98574376 0.49135515
f 7904 7906 7903
f 7907 7904 7903
f 7903 7906 7905
f 7905 7907 7903
f 7904 7910 7906
f 7908 7904 7907
f 7908 7910 7904
f 7906 7910 7905
f 7909 7907 7905
f 7905 7910 7909
f 7909 7908 7907
f 7910 7908 7909

o geometry_593
v 0.60088211 7.53542795 0.03042342
v 0.60088211 7.53542795 0.50542342
v 0.60391172 8.01541838 0.03042342
v 0.60391172 8.01541838 0.50542342
v 1.17778378 7.53178665 0.03042342
v 1.17778378 7.53178665 0.50542342
v 1.18081339 8.01177709 0.03042342
v 1.18081339 8.01177709 0.50542342
f 7912 7914 7911
f 7915 7912 7911
f 7911 7914 7913
f 7913 7915 7911
f 7912 7918 7914
f 7916 7912 7915
f 7916 7918 7912
f 7914 7918 7913
f 7917 7915 7913
f 7913 7918 7917
f 7917 7916 7915
f 7918 7916 7917

o geometry_594
v 1.19959095 7.52925428 0.00292409
v 1.19959095 7.52925428 0.47792409
v 1.19503880 8.00923269 0.00292409
v 1.19503880 8.00923269 0.47792409
v 1.66832303 7.53369977 0.00292409
v 1.66832303 7.53369977 0.47792409
v 1.66377088 8.01367818 0.00292409
v 1.66377088 8.01367818 0.47792409
f 7920 7922 7919
f 7923 7920 7919
f 7919 7922 7921
f 7921 7923 7919
f 7920 7926 7922
f 7924 7920 7923
f 7924 7926 7920
f 7922 7926 7921
f 7925 7923 7921
f 7921 7926 7925
f 7925 7924 7923
f 7926 7924 7925

o geometry_595
v 1.68313988 7.51814125 0.01944567
v 1.68313988 7.51814125 0.49444567
v 1.68497735 7.99813773 0.01944567
v 1.68497735 7.99813773 0.49444567
v 1.99008014 7.51696626 0.01944567
v 1.99008014 7.51696626 0.49444567
v 1.99191761 7.99696274 0.01944567
v 1.99191761 7.99696274 0.49444567
f 7928 7930 7927
f 7931 7928 7927
f 7927 7930 7929
f 7929 7931 7927
f 7928 7934 7930
f 7932 7928 7931
f 7932 7934 7928
f 7930 7934 7929
f 7933 7931 7929
f 7929 7934 7933
f 7933 7932 7931
f 7934 7932 7933

o geometry_596
v -1.99310431 7.53601903 0.49048006
v -1.99310431 7.53601903 0.96548006
v -1.98887017 8.01600036 0.49048006
v -1.98887017 8.01600036 0.96548006
v -1.33712136 7.53023230 0.49048006
v -1.33712136 7.53023230 0.96548006
v -1.33288722 8.01021363 0.49048006
v -1.33288722 8.01021363 0.96548006
f 7936 7938 7935
f 7939 7936 7935
f 7935 7938 7937
f 7937 7939 7935
f 7936 7942 7938
f 7940 7936 7939
f 7940 7942 7936
f 7938 7942 7937
f 7941 7939 7937
f 7937 7942 7941
f 7941 7940 7939
f 7942 7940 7941

o geometry_597
v -1.31637436 7.52130342 0.50320736
v -1.31637436 7.52130342 0.97820736
v -1.31760645 8.00130184 0.50320736
v -1.31760645 8.00130184 0.97820736
v -0.63881160 7.52304263 0.50320736
v -0.63881160 7.52304263 0.97820736
v -0.64004369 8.00304105 0.50320736
v -0.64004369 8.00304105 0.97820736
f 7944 7946 7943
f 7947 7944 7943
f 7943 7946 7945
f 7945 7947 7943
f 7944 7950 7946
f 7948 7944 7947
f 7948 7950 7944
f 7946 7950 7945
f 7949 7947 7945
f 7945 7950 7949
f 7949 7948 7947
f 7950 7948 7949

o geometry_598
v -0.61998807 7.52409901 0.52721897
v -0.61998807 7.52409901 1.00221897
v -0.62285357 8.00409046 0.52721897
v -0.62285357 8.00409046 1.00221897
v 0.02064298 7.52792352 0.52721897
v 0.02064298 7.52792352 1.00221897
v 0.01777747 8.00791497 0.52721897
v 0.01777747 8.00791497 1.00221897
f 7952 7954 7951
f 7955 7952 7951
f 7951 7954 7953
f 7953 7955 7951
f 7952 7958 7954
f 7956 7952 7955
f 7956 7958 7952
f 7954 7958 7953
f 7957 7955 7953
f 7953 7958 7957
f 7957 7956 7955
f 7958 7956 7957

o geometry_599
v 0.03993607 7.51436881 0.51375983
v 0.03993607 7.51436881 0.98875983
v 0.03453421 7.99433842 0.51375983
v 0.03453421 7.99433842 0.98875983
v 0.64656334 7.52119616 0.51375983
v 0.64656334 7.52119616 0.98875983
v 0.64116147 8.00116576 0.51375983
v 0.64116147 8.00116576 0.98875983
f 7960 7962 7959
f 7963 7960 7959
f 7959 7962 7961
f 7961 7963 7959
f 7960 7966 7962
f 7964 7960 7963
f 7964 7966 7960
f 7962 7966 7961
f 7965 7963 7961
f 7961 7966 7965
f 7965 7964 7963
f 7966 7964 7965

o geometry_600
v 0.65915425 7.53030497 0.53650874
v 0.65915425 7.53030497 1.01150874
v 0.66465398 8.01027347 0.53650874
v 0.66465398 8.01027347 1.01150874
v 1.34464411 7.52245027 0.53650874
v 1.34464411 7.52245027 1.01150874
v 1.35014384 8.00241876 0.53650874
v 1.35014384 8.00241876 1.01150874
f 7968 7970 7967
f 7971 7968 7967
f 7967 7970 7969
f 7969 7971 7967
f 7968 7974 7970
f 7972 7968 7971
f 7972 7974 7968
f 7970 7974 7969
f 7973 7971 7969
f 7969 7974 7973
f 7973 7972 7971
f 7974 7972 7973

o geometry_601
v 1.36533703 7.51238935 0.49509923
v 1.36533703 7.51238935 0.97009923
v 1.36549596 7.99238933 0.49509923
v 1.36549596 7.99238933 0.97009923
v 1.99092052 7.51218222 0.49509923
v 1.99092052 7.51218222 0.97009923
v 1.99107945 7.99218219 0.49509923
v 1.99107945 7.99218219 0.97009923
f 7976 7978 7975
f 7979 7976 7975
f 7975 7978 7977
f 7977 7979 7975
f 7976 7982 7978
f 7980 7976 7979
f 7980 7982 7976
f 7978 7982 7977
f 7981 7979 7977
f 7977 7982 7981
f 7981 7980 7979
f 7982 7980 7981

o geometry_602
v -1.99047353 7.51432604 1.02572854
v -1.99047353 7.51432604 1.50072854
v -1.99152510 7.99432488 1.02572854
v -1.99152510 7.99432488 1.50072854
v -1.41710372 7.51558216 1.02572854
v -1.41710372 7.51558216 1.50072854
v -1.41815530 7.99558101 1.02572854
v -1.41815530 7.99558101 1.50072854
f 7984 7986 7983
f 7987 7984 7983
f 7983 7986 7985
f 7985 7987 7983
f 7984 7990 7986
f 7988 7984 7987
f 7988 7990 7984
f 7986 7990 7985
f 7989 7987 7985
f 7985 7990 7989
f 7989 7988 7987
f 7990 7988 7989

o geometry_603
v -1.39894794 7.52458454 1.02226477
v -1.39894794 7.52458454 1.49726477
v -1.40030686 8.00458262 1.02226477
v -1.40030686 8.00458262 1.49726477
v -0.68968564 7.52659253 1.02226477
v -0.68968564 7.52659253 1.49726477
v -0.69104456 8.00659061 1.02226477
v -0.69104456 8.00659061 1.49726477
f 7992 7994 7991
f 7995 7992 7991
f 7991 7994 7993
f 7993 7995 7991
f 7992 7998 7994
f 7996 7992 7995
f 7996 7998 7992
f 7994 7998 7993
f 7997 7995 7993
f 7993 7998 7997
f 7997 7996 7995
f 7998 7996 7997

o geometry_604
v -0.66913265 7.51692476 1.02949839
v -0.66913265 7.51692476 1.50449839
v -0.67553587 7.99688205 1.02949839
v -0.67553587 7.99688205 1.50449839
v -0.00795852 7.52574563 1.02949839
v -0.00795852 7.52574563 1.50449839
v -0.01436173 8.00570292 1.02949839
v -0.01436173 8.00570292 1.50449839
f 8000 8002 7999
f 8003 8000 7999
f 7999 8002 8001
f 8001 8003 7999
f 8000 8006 8002
f 8004 8000 8003
f 8004 8006 8000
f 8002 8006 8001
f 8005 8003 8001
f 8001 8006 8005
f 8005 8004 8003
f 8006 8004 8005

o geometry_605
v 0.00832591 7.51313329 0.99053347
v 0.00832591 7.51313329 1.46553347
v 0.00542444 7.99312452 0.99053347
v 0.00542444 7.99312452 1.46553347
v 0.65235512 7.51702634 0.99053347
v 0.65235512 7.51702634 1.46553347
v 0.64945366 7.99701757 0.99053347
v 0.64945366 7.99701757 1.46553347
f 8008 8010 8007
f 8011 8008 8007
f 8007 8010 8009
f 8009 8011 8007
f 8008 8014 8010
f 8012 8008 8011
f 8012 8014 8008
f 8010 8014 8009
f 8013 8011 8009
f 8009 8014 8013
f 8013 8012 8011
f 8014 8012 8013

o geometry_606
v 0.66736639 7.50738391 1.02859624
v 0.66736639 7.50738391 1.50359624
v 0.67046819 7.98737388 1.02859624
v 0.67046819 7.98737388 1.50359624
v 1.33951079 7.50304036 1.02859624
v 1.33951079 7.50304036 1.50359624
v 1.34261260 7.98303034 1.02859624
v 1.34261260 7.98303034 1.50359624
f 8016 8018 8015
f 8019 8016 8015
f 8015 8018 8017
f 8017 8019 8015
f 8016 8022 8018
f 8020 8016 8019
f 8020 8022 8016
f 8018 8022 8017
f 8021 8019 8017
f 8017 8022 8021
f 8021 8020 8019
f 8022 8020 8021

o geometry_607
v 1.35879313 7.51530238 0.98862815
v 1.35879313 7.51530238 1.46362815
v 1.35934471 7.99530206 0.98862815
v 1.35934471 7.99530206 1.46362815
v 1.98848382 7.51457878 0.98862815
v 1.98848382 7.51457878 1.46362815
v 1.98903541 7.99457846 0.98862815
v 1.98903541 7.99457846 1.46362815
f 8024 8026 8023
f 8027 8024 8023
f 8023 8026 8025
f 8025 8027 8023
f 8024 8030 8026
f 8028 8024 8027
f 8028 8030 8024
f 8026 8030 8025
f 8029 8027 8025
f 8025 8030 8029
f 8029 8028 8027
f 8030 8028 8029

o geometry_608
v -1.98905912 7.52910373 1.49044772
v -1.98905912 7.52910373 1.96544772
v -1.99292164 8.00908819 1.49044772
v -1.99292164 8.00908819 1.96544772
v -1.39477050 7.53388607 1.49044772
v -1.39477050 7.53388607 1.96544772
v -1.39863302 8.01387052 1.49044772
v -1.39863302 8.01387052 1.96544772
f 8032 8034 8031
f 8035 8032 8031
f 8031 8034 8033
f 8033 8035 8031
f 8032 8038 8034
f 8036 8032 8035
f 8036 8038 8032
f 8034 8038 8033
f 8037 8035 8033
f 8033 8038 8037
f 8037 8036 8035
f 8038 8036 8037

o geometry_609
v -1.37599970 7.52431048 1.50704749
v -1.37599970 7.52431048 1.98204749
v -1.38134807 8.00428068 1.50704749
v -1.38134807 8.00428068 1.98204749
v -0.78801842 7.53086243 1.50704749
v -0.78801842 7.53086243 1.98204749
v -0.79336679 8.01083263 1.50704749
v -0.79336679 8.01083263 1.98204749
f 8040 8042 8039
f 8043 8040 8039
f 8039 8042 8041
f 8041 8043 8039
f 8040 8046 8042
f 8044 8040 8043
f 8044 8046 8040
f 8042 8046 8041
f 8045 8043 8041
f 8041 8046 8045
f 8045 8044 8043
f 8046 8044 8045

o geometry_610
v -0.76989487 7.51820434 1.51497200
v -0.76989487 7.51820434 1.98997200
v -0.77541547 7.99817260 1.51497200
v -0.77541547 7.99817260 1.98997200
v -0.18983877 7.52487616 1.51497200
v -0.18983877 7.52487616 1.98997200
v -0.19535938 8.00484441 1.51497200
v -0.19535938 8.00484441 1.98997200
f 8048 8050 8047
f 8051 8048 8047
f 8047 8050 8049
f 8049 8051 8047
f 8048 8054 8050
f 8052 8048 8051
f 8052 8054 8048
f 8050 8054 8049
f 8053 8051 8049
f 8049 8054 8053
f 8053 8052 8051
f 8054 8052 8053

o geometry_611
v -0.17518863 7.50997080 1.50142105
v -0.17518863 7.50997080 1.97642105
v -0.17396890 7.98996925 1.50142105
v -0.17396890 7.98996925 1.97642105
v 0.52494209 7.50819169 1.50142105
v 0.52494209 7.50819169 1.97642105
v 0.52616182 7.98819014 1.50142105
v 0.52616182 7.98819014 1.97642105
f 8056 8058 8055
f 8059 8056 8055
f 8055 8058 8057
f 8057 8059 8055
f 8056 8062 8058
f 8060 8056 8059
f 8060 8062 8056
f 8058 8062 8057
f 8061 8059 8057
f 8057 8062 8061
f 8061 8060 8059
f 8062 8060 8061

o geometry_612
v 0.54105690 7.51176150 1.53538656
v 0.54105690 7.51176150 2.01038656
v 0.54608355 7.99173518 1.53538656
v 0.54608355 7.99173518 2.01038656
v 1.16632293 7.50521325 1.53538656
v 1.16632293 7.50521325 2.01038656
v 1.17134958 7.98518693 1.53538656
v 1.17134958 7.98518693 2.01038656
f 8064 8066 8063
f 8067 8064 8063
f 8063 8066 8065
f 8065 8067 8063
f 8064 8070 8066
f 8068 8064 8067
f 8068 8070 8064
f 8066 8070 8065
f 8069 8067 8065
f 8065 8070 8069
f 8069 8068 8067
f 8070 8068 8069

o geometry_613
v 1.18674516 7.52817567 1.49916680
v 1.18674516 7.52817567 1.97416680
v 1.18696170 8.00817562 1.49916680
v 1.18696170 8.00817562 1.97416680
v 1.78238048 7.52790697 1.49916680
v 1.78238048 7.52790697 1.97416680
v 1.78259702 8.00790692 1.49916680
v 1.78259702 8.00790692 1.97416680
f 8072 8074 8071
f 8075 8072 8071
f 8071 8074 8073
f 8073 8075 8071
f 8072 8078 8074
f 8076 8072 8075
f 8076 8078 8072
f 8074 8078 8073
f 8077 8075 8073
f 8073 8078 8077
f 8077 8076 8075
f 8078 8076 8077

o geometry_614
v 1.79990547 7.52734993 1.48770468
v 1.79990547 7.52734993 1.96270468
v 1.80107264 8.00734852 1.48770468
v 1.80107264 8.00734852 1.96270468
v 1.99041613 7.52688669 1.48770468
v 1.99041613 7.52688669 1.96270468
v 1.99158330 8.00688527 1.48770468
v 1.99158330 8.00688527 1.96270468
f 8080 8082 8079
f 8083 8080 8079
f 8079 8082 8081
f 8081 8083 8079
f 8080 8086 8082
f 8084 8080 8083
f 8084 8086 8080
f 8082 8086 8081
f 8085 8083 8081
f 8081 8086 8085
f 8085 8084 8083
f 8086 8084 8085

o geometry_615
v -1.98962333 7.51622209 2.03515490
v -1.98962333 7.51622209 2.51015490
v -1.99236643 7.99621425 2.03515490
v -1.99236643 7.99621425 2.51015490
v -1.36262987 7.51980528 2.03515490
v -1.36262987 7.51980528 2.51015490
v -1.36537296 7.99979744 2.03515490
v -1.36537296 7.99979744 2.51015490
f 8088 8090 8087
f 8091 8088 8087
f 8087 8090 8089
f 8089 8091 8087
f 8088 8094 8090
f 8092 8088 8091
f 8092 8094 8088
f 8090 8094 8089
f 8093 8091 8089
f 8089 8094 8093
f 8093 8092 8091
f 8094 8092 8093

o geometry_616
v -1.34917832 7.52084727 2.02131000
v -1.34917832 7.52084727 2.49631000
v -1.34275601 8.00080431 2.02131000
v -1.34275601 8.00080431 2.49631000
v -0.69846922 7.51214013 2.02131000
v -0.69846922 7.51214013 2.49631000
v -0.69204691 7.99209716 2.02131000
v -0.69204691 7.99209716 2.49631000
f 8096 8098 8095
f 8099 8096 8095
f 8095 8098 8097
f 8097 8099 8095
f 8096 8102 8098
f 8100 8096 8099
f 8100 8102 8096
f 8098 8102 8097
f 8101 8099 8097
f 8097 8102 8101
f 8101 8100 8099
f 8102 8100 8101

o geometry_617
v -0.67507004 7.50842401 2.03122566
v -0.67507004 7.50842401 2.50622566
v -0.67935936 7.98840484 2.03122566
v -0.67935936 7.98840484 2.50622566
v 0.03807560 7.51479699 2.03122566
v 0.03807560 7.51479699 2.50622566
v 0.03378628 7.99477782 2.03122566
v 0.03378628 7.99477782 2.50622566
f 8104 8106 8103
f 8107 8104 8103
f 8103 8106 8105
f 8105 8107 8103
f 8104 8110 8106
f 8108 8104 8107
f 8108 8110 8104
f 8106 8110 8105
f 8109 8107 8105
f 8105 8110 8109
f 8109 8108 8107
f 8110 8108 8109

o geometry_618
v 0.05491462 7.52176202 1.99267685
v 0.05491462 7.52176202 2.46767685
v 0.05298085 8.00175812 1.99267685
v 0.05298085 8.00175812 2.46767685
v 0.68567107 7.52430315 1.99267685
v 0.68567107 7.52430315 2.46767685
v 0.68373731 8.00429925 1.99267685
v 0.68373731 8.00429925 2.46767685
f 8112 8114 8111
f 8115 8112 8111
f 8111 8114 8113
f 8113 8115 8111
f 8112 8118 8114
f 8116 8112 8115
f 8116 8118 8112
f 8114 8118 8113
f 8117 8115 8113
f 8113 8118 8117
f 8117 8116 8115
f 8118 8116 8117

o geometry_619
v 0.70029018 7.53591519 1.99793816
v 0.70029018 7.53591519 2.47293816
v 0.70515293 8.01589056 1.99793816
v 0.70515293 8.01589056 2.47293816
v 1.27737584 7.53006859 1.99793816
v 1.27737584 7.53006859 2.47293816
v 1.28223859 8.01004396 1.99793816
v 1.28223859 8.01004396 2.47293816
f 8120 8122 8119
f 8123 8120 8119
f 8119 8122 8121
f 8121 8123 8119
f 8120 8126 8122
f 8124 8120 8123
f 8124 8126 8120
f 8122 8126 8121
f 8125 8123 8121
f 8121 8126 8125
f 8125 8124 8123
f 8126 8124 8125

o geometry_620
v 1.29532820 7.53669086 1.98751166
v 1.29532820 7.53669086 2.46251166
v 1.30034989 8.01666459 1.98751166
v 1.30034989 8.01666459 2.46251166
v 1.91755287 7.53018087 1.98751166
v 1.91755287 7.53018087 2.46251166
v 1.92257456 8.01015461 1.98751166
v 1.92257456 8.01015461 2.46251166
f 8128 8130 8127
f 8131 8128 8127
f 8127 8130 8129
f 8129 8131 8127
f 8128 8134 8130
f 8132 8128 8131
f 8132 8134 8128
f 8130 8134 8129
f 8133 8131 8129
f 8129 8134 8133
f 8133 8132 8131
f 8134 8132 8133

o geometry_621
v 1.94077754 7.52380970 1.98877504
v 1.94077754 7.52380970 2.46377504
v 1.93538727 8.00377943 1.98877504
v 1.93538727 8.00377943 2.46377504
v 1.99369347 7.52440397 1.98877504
v 1.99369347 7.52440397 2.46377504
v 1.98830320 8.00437370 1.98877504
v 1.98830320 8.00437370 2.46377504
f 8136 8138 8135
f 8139 8136 8135
f 8135 8138 8137
f 8137 8139 8135
f 8136 8142 8138
f 8140 8136 8139
f 8140 8142 8136
f 8138 8142 8137
f 8141 8139 8137
f 8137 8142 8141
f 8141 8140 8139
f 8142 8140 8141

o geometry_622
v -1.99209530 7.53207237 2.50011289
v -1.99209530 7.53207237 2.97511289
v -1.98989771 8.01206734 2.50011289
v -1.98989771 8.01206734 2.97511289
v -1.32531608 7.52901963 2.50011289
v -1.32531608 7.52901963 2.97511289
v -1.32311849 8.00901460 2.50011289
v -1.32311849 8.00901460 2.97511289
f 8144 8146 8143
f 8147 8144 8143
f 8143 8146 8145
f 8145 8147 8143
f 8144 8150 8146
f 8148 8144 8147
f 8148 8150 8144
f 8146 8150 8145
f 8149 8147 8145
f 8145 8150 8149
f 8149 8148 8147
f 8150 8148 8149

o geometry_623
v -1.30262932 7.52670962 2.52994685
v -1.30262932 7.52670962 3.00494685
v -1.30972974 8.00665710 2.52994685
v -1.30972974 8.00665710 3.00494685
v -0.67652128 7.53597236 2.52994685
v -0.67652128 7.53597236 3.00494685
v -0.68362170 8.01591984 2.52994685
v -0.68362170 8.01591984 3.00494685
f 8152 8154 8151
f 8155 8152 8151
f 8151 8154 8153
f 8153 8155 8151
f 8152 8158 8154
f 8156 8152 8155
f 8156 8158 8152
f 8154 8158 8153
f 8157 8155 8153
f 8153 8158 8157
f 8157 8156 8155
f 8158 8156 8157

o geometry_624
v -0.66487853 7.52433721 2.49179423
v -0.66487853 7.52433721 2.96679423
v -0.65915016 8.00430303 2.49179423
v -0.65915016 8.00430303 2.96679423
v -0.02220101 7.51666689 2.49179423
v -0.02220101 7.51666689 2.96679423
v -0.01647265 7.99663271 2.49179423
v -0.01647265 7.99663271 2.96679423
f 8160 8162 8159
f 8163 8160 8159
f 8159 8162 8161
f 8161 8163 8159
f 8160 8166 8162
f 8164 8160 8163
f 8164 8166 8160
f 8162 8166 8161
f 8165 8163 8161
f 8161 8166 8165
f 8165 8164 8163
f 8166 8164 8165

o geometry_625
v -0.00373548 7.53023184 2.52894277
v -0.00373548 7.53023184 3.00394277
v 0.00113972 8.01020708 2.52894277
v 0.00113972 8.01020708 3.00394277
v 0.61891072 7.52390750 2.52894277
v 0.61891072 7.52390750 3.00394277
v 0.62378592 8.00388275 2.52894277
v 0.62378592 8.00388275 3.00394277
f 8168 8170 8167
f 8171 8168 8167
f 8167 8170 8169
f 8169 8171 8167
f 8168 8174 8170
f 8172 8168 8171
f 8172 8174 8168
f 8170 8174 8169
f 8173 8171 8169
f 8169 8174 8173
f 8173 8172 8171
f 8174 8172 8173

o geometry_626
v 0.63683600 7.50950940 2.51391287
v 0.63683600 7.50950940 2.98891287
v 0.64192483 7.98948243 2.51391287
v 0.64192483 7.98948243 2.98891287
v 1.20755698 7.50345844 2.51391287
v 1.20755698 7.50345844 2.98891287
v 1.21264581 7.98343146 2.51391287
v 1.21264581 7.98343146 2.98891287
f 8176 8178 8175
f 8179 8176 8175
f 8175 8178 8177
f 8177 8179 8175
f 8176 8182 8178
f 8180 8176 8179
f 8180 8182 8176
f 8178 8182 8177
f 8181 8179 8177
f 8177 8182 8181
f 8181 8180 8179
f 8182 8180 8181

o geometry_627
v 1.23159628 7.52951043 2.51390547
v 1.23159628 7.52951043 2.98890547
v 1.22470610 8.00946098 2.51390547
v 1.22470610 8.00946098 2.98890547
v 1.88679429 7.53891647 2.51390547
v 1.88679429 7.53891647 2.98890547
v 1.87990411 8.01886702 2.51390547
v 1.87990411 8.01886702 2.98890547
f 8184 8186 8183
f 8187 8184 8183
f 8183 8186 8185
f 8185 8187 8183
f 8184 8190 8186
f 8188 8184 8187
f 8188 8190 8184
f 8186 8190 8185
f 8189 8187 8185
f 8185 8190 8189
f 8189 8188 8187
f 8190 8188 8189

o geometry_628
v 1.90042355 7.51429520 2.50055576
v 1.90042355 7.51429520 2.97555576
v 1.90234307 7.99429137 2.50055576
v 1.90234307 7.99429137 2.97555576
v 1.99003988 7.51393683 2.50055576
v 1.99003988 7.51393683 2.97555576
v 1.99195940 7.99393299 2.50055576
v 1.99195940 7.99393299 2.97555576
f 8192 8194 8191
f 8195 8192 8191
f 8191 8194 8193
f 8193 8195 8191
f 8192 8198 8194
f 8196 8192 8195
f 8196 8198 8192
f 8194 8198 8193
f 8197 8195 8193
f 8193 8198 8197
f 8197 8196 8195
f 8198 8196 8197

o geometry_629
v -1.98898256 7.50987578 3.01412962
v -1.98898256 7.50987578 3.48912962
v -1.99300091 7.98985896 3.01412962
v -1.99300091 7.98985896 3.48912962
v -1.51728363 7.51382477 3.01412962
v -1.51728363 7.51382477 3.48912962
v -1.52130197 7.99380795 3.01412962
v -1.52130197 7.99380795 3.48912962
f 8200 8202 8199
f 8203 8200 8199
f 8199 8202 8201
f 8201 8203 8199
f 8200 8206 8202
f 8204 8200 8203
f 8204 8206 8200
f 8202 8206 8201
f 8205 8203 8201
f 8201 8206 8205
f 8205 8204 8203
f 8206 8204 8205

o geometry_630
v -1.49776711 7.52474929 3.02807556
v -1.49776711 7.52474929 3.50307556
v -1.50474980 8.00469850 3.02807556
v -1.50474980 8.00469850 3.50307556
v -1.00496282 7.53191900 3.02807556
v -1.00496282 7.53191900 3.50307556
v -1.01194551 8.01186821 3.02807556
v -1.01194551 8.01186821 3.50307556
f 8208 8210 8207
f 8211 8208 8207
f 8207 8210 8209
f 8209 8211 8207
f 8208 8214 8210
f 8212 8208 8211
f 8212 8214 8208
f 8210 8214 8209
f 8213 8211 8209
f 8209 8214 8213
f 8213 8212 8211
f 8214 8212 8213

o geometry_631
v -0.98869375 7.50880591 3.02841665
v -0.98869375 7.50880591 3.50341665
v -0.99214790 7.98879348 3.02841665
v -0.99214790 7.98879348 3.50341665
v -0.42786653 7.51284180 3.02841665
v -0.42786653 7.51284180 3.50341665
v -0.43132067 7.99282937 3.02841665
v -0.43132067 7.99282937 3.50341665
f 8216 8218 8215
f 8219 8216 8215
f 8215 8218 8217
f 8217 8219 8215
f 8216 8222 8218
f 8220 8216 8219
f 8220 8222 8216
f 8218 8222 8217
f 8221 8219 8217
f 8217 8222 8221
f 8221 8220 8219
f 8222 8220 8221

o geometry_632
v -0.41495364 7.52288233 3.00527813
v -0.41495364 7.52288233 3.48027813
v -0.40817118 8.00283441 3.00527813
v -0.40817118 8.00283441 3.48027813
v 0.06447463 7.51610727 3.00527813
v 0.06447463 7.51610727 3.48027813
v 0.07125709 7.99605935 3.00527813
v 0.07125709 7.99605935 3.48027813
f 8224 8226 8223
f 8227 8224 8223
f 8223 8226 8225
f 8225 8227 8223
f 8224 8230 8226
f 8228 8224 8227
f 8228 8230 8224
f 8226 8230 8225
f 8229 8227 8225
f 8225 8230 8229
f 8229 8228 8227
f 8230 8228 8229

o geometry_633
v 0.08727972 7.52531144 3.00045872
v 0.08727972 7.52531144 3.47545872
v 0.08450742 8.00530344 3.00045872
v 0.08450742 8.00530344 3.47545872
v 0.54090398 7.52793145 3.00045872
v 0.54090398 7.52793145 3.47545872
v 0.53813168 8.00792344 3.00045872
v 0.53813168 8.00792344 3.47545872
f 8232 8234 8231
f 8235 8232 8231
f 8231 8234 8233
f 8233 8235 8231
f 8232 8238 8234
f 8236 8232 8235
f 8236 8238 8232
f 8234 8238 8233
f 8237 8235 8233
f 8233 8238 8237
f 8237 8236 8235
f 8238 8236 8237

o geometry_634
v 0.56106614 7.51740450 3.03435106
v 0.56106614 7.51740450 3.50935106
v 0.55403864 7.99735305 3.03435106
v 0.55403864 7.99735305 3.50935106
v 1.13535154 7.52581329 3.03435106
v 1.13535154 7.52581329 3.50935106
v 1.12832404 8.00576184 3.03435106
v 1.12832404 8.00576184 3.50935106
f 8240 8242 8239
f 8243 8240 8239
f 8239 8242 8241
f 8241 8243 8239
f 8240 8246 8242
f 8244 8240 8243
f 8244 8246 8240
f 8242 8246 8241
f 8245 8243 8241
f 8241 8246 8245
f 8245 8244 8243
f 8246 8244 8245

o geometry_635
v 1.14791152 7.52642143 2.99852312
v 1.14791152 7.52642143 3.47352312
v 1.15184490 8.00640531 2.99852312
v 1.15184490 8.00640531 3.47352312
v 1.72204233 7.52171654 2.99852312
v 1.72204233 7.52171654 3.47352312
v 1.72597570 8.00170042 2.99852312
v 1.72597570 8.00170042 3.47352312
f 8248 8250 8247
f 8251 8248 8247
f 8247 8250 8249
f 8249 8251 8247
f 8248 8254 8250
f 8252 8248 8251
f 8252 8254 8248
f 8250 8254 8249
f 8253 8251 8249
f 8249 8254 8253
f 8253 8252 8251
f 8254 8252 8253

o geometry_636
v 1.74490978 7.52739110 3.01870332
v 1.74490978 7.52739110 3.49370332
v 1.73914548 8.00735649 3.01870332
v 1.73914548 8.00735649 3.49370332
v 1.99387317 7.53038111 3.01870332
v 1.99387317 7.53038111 3.49370332
v 1.98810887 8.01034650 3.01870332
v 1.98810887 8.01034650 3.49370332
f 8256 8258 8255
f 8259 8256 8255
f 8255 8258 8257
f 8257 8259 8255
f 8256 8262 8258
f 8260 8256 8259
f 8260 8262 8256
f 8258 8262 8257
f 8261 8259 8257
f 8257 8262 8261
f 8261 8260 8259
f 8262 8260 8261

o geometry_637
v 0.49938285 7.29550018 0.12035116
v 0.49938285 7.29550018 0.29420980
v 0.56939755 7.56660522 0.12035116
v 0.56939755 7.56660522 0.29420980
v 0.73986221 7.23339478 0.12035116
v 0.73986221 7.23339478 0.29420980
v 0.80987690 7.50449982 0.12035116
v 0.80987690 7.50449982 0.29420980
f 8264 8266 8263
f 8267 8264 8263
f 8263 8266 8265
f 8265 8267 8263
f 8264 8270 8266
f 8268 8264 8267
f 8268 8270 8264
f 8266 8270 8265
f 8269 8267 8265
f 8265 8270 8269
f 8269 8268 8267
f 8270 8268 8269

o geometry_638
v -1.48296652 7.29262476 0.36738346
v -1.48296652 7.29262476 0.51459376
v -1.40924513 7.56274539 0.36738346
v -1.40924513 7.56274539 0.51459376
v -1.28008622 7.23725461 0.36738346
v -1.28008622 7.23725461 0.51459376
v -1.20636482 7.50737524 0.36738346
v -1.20636482 7.50737524 0.51459376
f 8272 8274 8271
f 8275 8272 8271
f 8271 8274 8273
f 8273 8275 8271
f 8272 8278 8274
f 8276 8272 8275
f 8276 8278 8272
f 8274 8278 8273
f 8277 8275 8273
f 8273 8278 8277
f 8277 8276 8275
f 8278 8276 8277

o geometry_639
v 0.24959543 7.31812869 0.50417122
v 0.24959543 7.31812869 0.70790923
v 0.34523626 7.58128801 0.50417122
v 0.34523626 7.58128801 0.70790923
v 0.52314418 7.21871199 0.50417122
v 0.52314418 7.21871199 0.70790923
v 0.61878502 7.48187131 0.50417122
v 0.61878502 7.48187131 0.70790923
f 8280 8282 8279
f 8283 8280 8279
f 8279 8282 8281
f 8281 8283 8279
f 8280 8286 8282
f 8284 8280 8283
f 8284 8286 8280
f 8282 8286 8281
f 8285 8283 8281
f 8281 8286 8285
f 8285 8284 8283
f 8286 8284 8285

o geometry_640
v -0.91299165 7.23675290 1.18977452
v -0.91299165 7.23675290 1.45186195
v -0.94955495 7.51435536 1.18977452
v -0.94955495 7.51435536 1.45186195
v -0.54178698 7.28564464 1.18977452
v -0.54178698 7.28564464 1.45186195
v -0.57835028 7.56324710 1.18977452
v -0.57835028 7.56324710 1.45186195
f 8288 8290 8287
f 8291 8288 8287
f 8287 8290 8289
f 8289 8291 8287
f 8288 8294 8290
f 8292 8288 8291
f 8292 8294 8288
f 8290 8294 8289
f 8293 8291 8289
f 8289 8294 8293
f 8293 8292 8291
f 8294 8292 8293

o geometry_641
v -1.18585168 7.27796879 0.98125124
v -1.18585168 7.27796879 1.14156576
v -1.14548981 7.55504444 0.98125124
v -1.14548981 7.55504444 1.14156576
v -0.95922284 7.24495556 0.98125124
v -0.95922284 7.24495556 1.14156576
v -0.91886097 7.52203121 0.98125124
v -0.91886097 7.52203121 1.14156576
f 8296 8298 8295
f 8299 8296 8295
f 8295 8298 8297
f 8297 8299 8295
f 8296 8302 8298
f 8300 8296 8299
f 8300 8302 8296
f 8298 8302 8297
f 8301 8299 8297
f 8297 8302 8301
f 8301 8300 8299
f 8302 8300 8301

o geometry_642
v 1.42793561 7.22528910 0.82851998
v 1.42793561 7.22528910 1.07147942
v 1.36641137 7.49844614 0.82851998
v 1.36641137 7.49844614 1.07147942
v 1.76653807 7.30155386 0.82851998
v 1.76653807 7.30155386 1.07147942
v 1.70501384 7.57471090 0.82851998
v 1.70501384 7.57471090 1.07147942
f 8304 8306 8303
f 8307 8304 8303
f 8303 8306 8305
f 8305 8307 8303
f 8304 8310 8306
f 8308 8304 8307
f 8308 8310 8304
f 8306 8310 8305
f 8309 8307 8305
f 8305 8310 8309
f 8309 8308 8307
f 8310 8308 8309

o geometry_643
v 0.91732022 7.34770712 1.03294984
v 0.91732022 7.34770712 1.20704994
v 1.06640323 7.58471821 1.03294984
v 1.06640323 7.58471821 1.20704994
v 1.12784906 7.21528179 1.03294984
v 1.12784906 7.21528179 1.20704994
v 1.27693207 7.45229288 1.03294984
v 1.27693207 7.45229288 1.20704994
f 8312 8314 8311
f 8315 8312 8311
f 8311 8314 8313
f 8313 8315 8311
f 8312 8318 8314
f 8316 8312 8315
f 8316 8318 8312
f 8314 8318 8313
f 8317 8315 8313
f 8313 8318 8317
f 8317 8316 8315
f 8318 8316 8317

o geometry_644
v -0.62446189 7.21765939 0.39952290
v -0.62446189 7.21765939 0.56982929
v -0.76637143 7.45903396 0.39952290
v -0.76637143 7.45903396 0.56982929
v -0.41472906 7.34096604 0.39952290
v -0.41472906 7.34096604 0.56982929
v -0.55663861 7.58234061 0.39952290
v -0.55663861 7.58234061 0.56982929
f 8320 8322 8319
f 8323 8320 8319
f 8319 8322 8321
f 8321 8323 8319
f 8320 8326 8322
f 8324 8320 8323
f 8324 8326 8320
f 8322 8326 8321
f 8325 8323 8321
f 8321 8326 8325
f 8325 8324 8323
f 8326 8324 8325

o geometry_645
v 1.00004755 7.28461994 0.41152629
v 1.00004755 7.28461994 0.67516841
v 1.03502363 7.56242684 0.41152629
v 1.03502363 7.56242684 0.67516841
v 1.37372918 7.23757316 0.41152629
v 1.37372918 7.23757316 0.67516841
v 1.40870526 7.51538006 0.41152629
v 1.40870526 7.51538006 0.67516841
f 8328 8330 8327
f 8331 8328 8327
f 8327 8330 8329
f 8329 8331 8327
f 8328 8334 8330
f 8332 8328 8331
f 8332 8334 8328
f 8330 8334 8329
f 8333 8331 8329
f 8329 8334 8333
f 8333 8332 8331
f 8334 8332 8333

o geometry_646
v 1.16085696 7.30526112 0.63275240
v 1.16085696 7.30526112 0.81437723
v 1.24468448 7.57241827 0.63275240
v 1.24468448 7.57241827 0.81437723
v 1.40842009 7.22758173 0.63275240
v 1.40842009 7.22758173 0.81437723
v 1.49224762 7.49473888 0.63275240
v 1.49224762 7.49473888 0.81437723
f 8336 8338 8335
f 8339 8336 8335
f 8335 8338 8337
f 8337 8339 8335
f 8336 8342 8338
f 8340 8336 8339
f 8340 8342 8336
f 8338 8342 8337
f 8341 8339 8337
f 8337 8342 8341
f 8341 8340 8339
f 8342 8340 8341

o geometry_647
v -1.70000000 7.68000000 0.10000000
v -1.47000000 7.68000000 0.10000000
v -1.47000000 7.68000000 3.35000000
v -1.70000000 7.68000000 3.35000000
v -1.47783706 7.73952838 0.10000000
v -1.47783706 7.73952838 3.35000000
v -1.50081416 7.79500000 0.10000000
v -1.50081416 7.79500000 3.35000000
v -1.53736544 7.84263456 0.10000000
v -1.53736544 7.84263456 3.35000000
v -1.58500000 7.87918584 0.10000000
v -1.58500000 7.87918584 3.35000000
v -1.64047162 7.90216294 0.10000000
v -1.64047162 7.90216294 3.35000000
v -1.70000000 7.91000000 0.10000000
v -1.70000000 7.91000000 3.35000000
v -1.75952838 7.90216294 0.10000000
v -1.75952838 7.90216294 3.35000000
v -1.81500000 7.87918584 0.10000000
v -1.81500000 7.87918584 3.35000000
v -1.86263456 7.84263456 0.10000000
v -1.86263456 7.84263456 3.35000000
v -1.89918584 7.79500000 0.10000000
v -1.89918584 7.79500000 3.35000000
v -1.92216294 7.73952838 0.10000000
v -1.92216294 7.73952838 3.35000000
v -1.93000000 7.68000000 0.10000000
v -1.93000000 7.68000000 3.35000000
v -1.92216294 7.62047162 0.10000000
v -1.92216294 7.62047162 3.35000000
v -1.89918584 7.56500000 0.10000000
v -1.89918584 7.56500000 3.35000000
v -1.86263456 7.51736544 0.10000000
v -1.86263456 7.51736544 3.35000000
v -1.81500000 7.48081416 0.10000000
v -1.81500000 7.48081416 3.35000000
v -1.75952838 7.45783706 0.10000000
v -1.75952838 7.45783706 3.35000000
v -1.70000000 7.45000000 0.10000000
v -1.70000000 7.45000000 3.35000000
v -1.64047162 7.45783706 0.10000000
v -1.64047162 7.45783706 3.35000000
v -1.58500000 7.48081416 0.10000000
v -1.58500000 7.48081416 3.35000000
v -1.53736544 7.51736544 0.10000000
v -1.53736544 7.51736544 3.35000000
v -1.50081416 7.56500000 0.10000000
v -1.50081416 7.56500000 3.35000000
v -1.47783706 7.62047162 0.10000000
v -1.47783706 7.62047162 3.35000000
f 8344 8343 8347
f 8344 8347 8345
f 8345 8347 8348
f 8345 8348 8346
f 8347 8343 8349
f 8347 8349 8348
f 8348 8349 8350
f 8348 8350 8346
f 8349 8343 8351
f 8349 8351 8350
f 8350 8351 8352
f 8350 8352 8346
f 8351 8343 8353
f 8351 8353 8352
f 8352 8353 8354
f 8352 8354 8346
f 8353 8343 8355
f 8353 8355 8354
f 8354 8355 8356
f 8354 8356 8346
f 8355 8343 8357
f 8355 8357 8356
f 8356 8357 8358
f 8356 8358 8346
f 8357 8343 8359
f 8357 8359 8358
f 8358 8359 8360
f 8358 8360 8346
f 8359 8343 8361
f 8359 8361 8360
f 8360 8361 8362
f 8360 8362 8346
f 8361 8343 8363
f 8361 8363 8362
f 8362 8363 8364
f 8362 8364 8346
f 8363 8343 8365
f 8363 8365 8364
f 8364 8365 8366
f 8364 8366 8346
f 8365 8343 8367
f 8365 8367 8366
f 8366 8367 8368
f 8366 8368 8346
f 8367 8343 8369
f 8367 8369 8368
f 8368 8369 8370
f 8368 8370 8346
f 8369 8343 8371
f 8369 8371 8370
f 8370 8371 8372
f 8370 8372 8346
f 8371 8343 8373
f 8371 8373 8372
f 8372 8373 8374
f 8372 8374 8346
f 8373 8343 8375
f 8373 8375 8374
f 8374 8375 8376
f 8374 8376 8346
f 8375 8343 8377
f 8375 8377 8376
f 8376 8377 8378
f 8376 8378 8346
f 8377 8343 8379
f 8377 8379 8378
f 8378 8379 8380
f 8378 8380 8346
f 8379 8343 8381
f 8379 8381 8380
f 8380 8381 8382
f 8380 8382 8346
f 8381 8343 8383
f 8381 8383 8382
f 8382 8383 8384
f 8382 8384 8346
f 8383 8343 8385
f 8383 8385 8384
f 8384 8385 8386
f 8384 8386 8346
f 8385 8343 8387
f 8385 8387 8386
f 8386 8387 8388
f 8386 8388 8346
f 8387 8343 8389
f 8387 8389 8388
f 8388 8389 8390
f 8388 8390 8346
f 8389 8343 8391
f 8389 8391 8390
f 8390 8391 8392
f 8390 8392 8346
f 8391 8343 8344
f 8391 8344 8392
f 8392 8344 8345
f 8392 8345 8346

o geometry_648
v -1.70000000 7.68000000 0.10000000
v -1.40560000 7.68000000 0.10000000
v -1.40560000 7.68000000 0.26000000
v -1.70000000 7.68000000 0.26000000
v -1.41563144 7.75619633 0.10000000
v -1.41563144 7.75619633 0.26000000
v -1.44504212 7.82720000 0.10000000
v -1.44504212 7.82720000 0.26000000
v -1.49182776 7.88817224 0.10000000
v -1.49182776 7.88817224 0.26000000
v -1.55280000 7.93495788 0.10000000
v -1.55280000 7.93495788 0.26000000
v -1.62380367 7.96436856 0.10000000
v -1.62380367 7.96436856 0.26000000
v -1.70000000 7.97440000 0.10000000
v -1.70000000 7.97440000 0.26000000
v -1.77619633 7.96436856 0.10000000
v -1.77619633 7.96436856 0.26000000
v -1.84720000 7.93495788 0.10000000
v -1.84720000 7.93495788 0.26000000
v -1.90817224 7.88817224 0.10000000
v -1.90817224 7.88817224 0.26000000
v -1.95495788 7.82720000 0.10000000
v -1.95495788 7.82720000 0.26000000
v -1.98436856 7.75619633 0.10000000
v -1.98436856 7.75619633 0.26000000
v -1.99440000 7.68000000 0.10000000
v -1.99440000 7.68000000 0.26000000
v -1.98436856 7.60380367 0.10000000
v -1.98436856 7.60380367 0.26000000
v -1.95495788 7.53280000 0.10000000
v -1.95495788 7.53280000 0.26000000
v -1.90817224 7.47182776 0.10000000
v -1.90817224 7.47182776 0.26000000
v -1.84720000 7.42504212 0.10000000
v -1.84720000 7.42504212 0.26000000
v -1.77619633 7.39563144 0.10000000
v -1.77619633 7.39563144 0.26000000
v -1.70000000 7.38560000 0.10000000
v -1.70000000 7.38560000 0.26000000
v -1.62380367 7.39563144 0.10000000
v -1.62380367 7.39563144 0.26000000
v -1.55280000 7.42504212 0.10000000
v -1.55280000 7.42504212 0.26000000
v -1.49182776 7.47182776 0.10000000
v -1.49182776 7.47182776 0.26000000
v -1.44504212 7.53280000 0.10000000
v -1.44504212 7.53280000 0.26000000
v -1.41563144 7.60380367 0.10000000
v -1.41563144 7.60380367 0.26000000
f 8394 8393 8397
f 8394 8397 8395
f 8395 8397 8398
f 8395 8398 8396
f 8397 8393 8399
f 8397 8399 8398
f 8398 8399 8400
f 8398 8400 8396
f 8399 8393 8401
f 8399 8401 8400
f 8400 8401 8402
f 8400 8402 8396
f 8401 8393 8403
f 8401 8403 8402
f 8402 8403 8404
f 8402 8404 8396
f 8403 8393 8405
f 8403 8405 8404
f 8404 8405 8406
f 8404 8406 8396
f 8405 8393 8407
f 8405 8407 8406
f 8406 8407 8408
f 8406 8408 8396
f 8407 8393 8409
f 8407 8409 8408
f 8408 8409 8410
f 8408 8410 8396
f 8409 8393 8411
f 8409 8411 8410
f 8410 8411 8412
f 8410 8412 8396
f 8411 8393 8413
f 8411 8413 8412
f 8412 8413 8414
f 8412 8414 8396
f 8413 8393 8415
f 8413 8415 8414
f 8414 8415 8416
f 8414 8416 8396
f 8415 8393 8417
f 8415 8417 8416
f 8416 8417 8418
f 8416 8418 8396
f 8417 8393 8419
f 8417 8419 8418
f 8418 8419 8420
f 8418 8420 8396
f 8419 8393 8421
f 8419 8421 8420
f 8420 8421 8422
f 8420 8422 8396
f 8421 8393 8423
f 8421 8423 8422
f 8422 8423 8424
f 8422 8424 8396
f 8423 8393 8425
f 8423 8425 8424
f 8424 8425 8426
f 8424 8426 8396
f 8425 8393 8427
f 8425 8427 8426
f 8426 8427 8428
f 8426 8428 8396
f 8427 8393 8429
f 8427 8429 8428
f 8428 8429 8430
f 8428 8430 8396
f 8429 8393 8431
f 8429 8431 8430
f 8430 8431 8432
f 8430 8432 8396
f 8431 8393 8433
f 8431 8433 8432
f 8432 8433 8434
f 8432 8434 8396
f 8433 8393 8435
f 8433 8435 8434
f 8434 8435 8436
f 8434 8436 8396
f 8435 8393 8437
f 8435 8437 8436
f 8436 8437 8438
f 8436 8438 8396
f 8437 8393 8439
f 8437 8439 8438
f 8438 8439 8440
f 8438 8440 8396
f 8439 8393 8441
f 8439 8441 8440
f 8440 8441 8442
f 8440 8442 8396
f 8441 8393 8394
f 8441 8394 8442
f 8442 8394 8395
f 8442 8395 8396

o geometry_649
v -1.70000000 7.68000000 3.18000000
v -1.41940000 7.68000000 3.18000000
v -1.41940000 7.68000000 3.36000000
v -1.70000000 7.68000000 3.36000000
v -1.42896121 7.75262462 3.18000000
v -1.42896121 7.75262462 3.36000000
v -1.45699327 7.82030000 3.18000000
v -1.45699327 7.82030000 3.36000000
v -1.50158584 7.87841416 3.18000000
v -1.50158584 7.87841416 3.36000000
v -1.55970000 7.92300673 3.18000000
v -1.55970000 7.92300673 3.36000000
v -1.62737538 7.95103879 3.18000000
v -1.62737538 7.95103879 3.36000000
v -1.70000000 7.96060000 3.18000000
v -1.70000000 7.96060000 3.36000000
v -1.77262462 7.95103879 3.18000000
v -1.77262462 7.95103879 3.36000000
v -1.84030000 7.92300673 3.18000000
v -1.84030000 7.92300673 3.36000000
v -1.89841416 7.87841416 3.18000000
v -1.89841416 7.87841416 3.36000000
v -1.94300673 7.82030000 3.18000000
v -1.94300673 7.82030000 3.36000000
v -1.97103879 7.75262462 3.18000000
v -1.97103879 7.75262462 3.36000000
v -1.98060000 7.68000000 3.18000000
v -1.98060000 7.68000000 3.36000000
v -1.97103879 7.60737538 3.18000000
v -1.97103879 7.60737538 3.36000000
v -1.94300673 7.53970000 3.18000000
v -1.94300673 7.53970000 3.36000000
v -1.89841416 7.48158584 3.18000000
v -1.89841416 7.48158584 3.36000000
v -1.84030000 7.43699327 3.18000000
v -1.84030000 7.43699327 3.36000000
v -1.77262462 7.40896121 3.18000000
v -1.77262462 7.40896121 3.36000000
v -1.70000000 7.39940000 3.18000000
v -1.70000000 7.39940000 3.36000000
v -1.62737538 7.40896121 3.18000000
v -1.62737538 7.40896121 3.36000000
v -1.55970000 7.43699327 3.18000000
v -1.55970000 7.43699327 3.36000000
v -1.50158584 7.48158584 3.18000000
v -1.50158584 7.48158584 3.36000000
v -1.45699327 7.53970000 3.18000000
v -1.45699327 7.53970000 3.36000000
v -1.42896121 7.60737538 3.18000000
v -1.42896121 7.60737538 3.36000000
f 8444 8443 8447
f 8444 8447 8445
f 8445 8447 8448
f 8445 8448 8446
f 8447 8443 8449
f 8447 8449 8448
f 8448 8449 8450
f 8448 8450 8446
f 8449 8443 8451
f 8449 8451 8450
f 8450 8451 8452
f 8450 8452 8446
f 8451 8443 8453
f 8451 8453 8452
f 8452 8453 8454
f 8452 8454 8446
f 8453 8443 8455
f 8453 8455 8454
f 8454 8455 8456
f 8454 8456 8446
f 8455 8443 8457
f 8455 8457 8456
f 8456 8457 8458
f 8456 8458 8446
f 8457 8443 8459
f 8457 8459 8458
f 8458 8459 8460
f 8458 8460 8446
f 8459 8443 8461
f 8459 8461 8460
f 8460 8461 8462
f 8460 8462 8446
f 8461 8443 8463
f 8461 8463 8462
f 8462 8463 8464
f 8462 8464 8446
f 8463 8443 8465
f 8463 8465 8464
f 8464 8465 8466
f 8464 8466 8446
f 8465 8443 8467
f 8465 8467 8466
f 8466 8467 8468
f 8466 8468 8446
f 8467 8443 8469
f 8467 8469 8468
f 8468 8469 8470
f 8468 8470 8446
f 8469 8443 8471
f 8469 8471 8470
f 8470 8471 8472
f 8470 8472 8446
f 8471 8443 8473
f 8471 8473 8472
f 8472 8473 8474
f 8472 8474 8446
f 8473 8443 8475
f 8473 8475 8474
f 8474 8475 8476
f 8474 8476 8446
f 8475 8443 8477
f 8475 8477 8476
f 8476 8477 8478
f 8476 8478 8446
f 8477 8443 8479
f 8477 8479 8478
f 8478 8479 8480
f 8478 8480 8446
f 8479 8443 8481
f 8479 8481 8480
f 8480 8481 8482
f 8480 8482 8446
f 8481 8443 8483
f 8481 8483 8482
f 8482 8483 8484
f 8482 8484 8446
f 8483 8443 8485
f 8483 8485 8484
f 8484 8485 8486
f 8484 8486 8446
f 8485 8443 8487
f 8485 8487 8486
f 8486 8487 8488
f 8486 8488 8446
f 8487 8443 8489
f 8487 8489 8488
f 8488 8489 8490
f 8488 8490 8446
f 8489 8443 8491
f 8489 8491 8490
f 8490 8491 8492
f 8490 8492 8446
f 8491 8443 8444
f 8491 8444 8492
f 8492 8444 8445
f 8492 8445 8446

o geometry_650
v -1.98750000 7.33000000 3.11000000
v -1.98750000 7.33000000 3.27000000
v -1.98750000 8.03000000 3.11000000
v -1.98750000 8.03000000 3.27000000
v -1.41250000 7.33000000 3.11000000
v -1.41250000 7.33000000 3.27000000
v -1.41250000 8.03000000 3.11000000
v -1.41250000 8.03000000 3.27000000
f 8494 8496 8493
f 8497 8494 8493
f 8493 8496 8495
f 8495 8497 8493
f 8494 8500 8496
f 8498 8494 8497
f 8498 8500 8494
f 8496 8500 8495
f 8499 8497 8495
f 8495 8500 8499
f 8499 8498 8497
f 8500 8498 8499

o geometry_651
v 1.70000000 7.68000000 0.10000000
v 1.93000000 7.68000000 0.10000000
v 1.93000000 7.68000000 3.35000000
v 1.70000000 7.68000000 3.35000000
v 1.92216294 7.73952838 0.10000000
v 1.92216294 7.73952838 3.35000000
v 1.89918584 7.79500000 0.10000000
v 1.89918584 7.79500000 3.35000000
v 1.86263456 7.84263456 0.10000000
v 1.86263456 7.84263456 3.35000000
v 1.81500000 7.87918584 0.10000000
v 1.81500000 7.87918584 3.35000000
v 1.75952838 7.90216294 0.10000000
v 1.75952838 7.90216294 3.35000000
v 1.70000000 7.91000000 0.10000000
v 1.70000000 7.91000000 3.35000000
v 1.64047162 7.90216294 0.10000000
v 1.64047162 7.90216294 3.35000000
v 1.58500000 7.87918584 0.10000000
v 1.58500000 7.87918584 3.35000000
v 1.53736544 7.84263456 0.10000000
v 1.53736544 7.84263456 3.35000000
v 1.50081416 7.79500000 0.10000000
v 1.50081416 7.79500000 3.35000000
v 1.47783706 7.73952838 0.10000000
v 1.47783706 7.73952838 3.35000000
v 1.47000000 7.68000000 0.10000000
v 1.47000000 7.68000000 3.35000000
v 1.47783706 7.62047162 0.10000000
v 1.47783706 7.62047162 3.35000000
v 1.50081416 7.56500000 0.10000000
v 1.50081416 7.56500000 3.35000000
v 1.53736544 7.51736544 0.10000000
v 1.53736544 7.51736544 3.35000000
v 1.58500000 7.48081416 0.10000000
v 1.58500000 7.48081416 3.35000000
v 1.64047162 7.45783706 0.10000000
v 1.64047162 7.45783706 3.35000000
v 1.70000000 7.45000000 0.10000000
v 1.70000000 7.45000000 3.35000000
v 1.75952838 7.45783706 0.10000000
v 1.75952838 7.45783706 3.35000000
v 1.81500000 7.48081416 0.10000000
v 1.81500000 7.48081416 3.35000000
v 1.86263456 7.51736544 0.10000000
v 1.86263456 7.51736544 3.35000000
v 1.89918584 7.56500000 0.10000000
v 1.89918584 7.56500000 3.35000000
v 1.92216294 7.62047162 0.10000000
v 1.92216294 7.62047162 3.35000000
f 8502 8501 8505
f 8502 8505 8503
f 8503 8505 8506
f 8503 8506 8504
f 8505 8501 8507
f 8505 8507 8506
f 8506 8507 8508
f 8506 8508 8504
f 8507 8501 8509
f 8507 8509 8508
f 8508 8509 8510
f 8508 8510 8504
f 8509 8501 8511
f 8509 8511 8510
f 8510 8511 8512
f 8510 8512 8504
f 8511 8501 8513
f 8511 8513 8512
f 8512 8513 8514
f 8512 8514 8504
f 8513 8501 8515
f 8513 8515 8514
f 8514 8515 8516
f 8514 8516 8504
f 8515 8501 8517
f 8515 8517 8516
f 8516 8517 8518
f 8516 8518 8504
f 8517 8501 8519
f 8517 8519 8518
f 8518 8519 8520
f 8518 8520 8504
f 8519 8501 8521
f 8519 8521 8520
f 8520 8521 8522
f 8520 8522 8504
f 8521 8501 8523
f 8521 8523 8522
f 8522 8523 8524
f 8522 8524 8504
f 8523 8501 8525
f 8523 8525 8524
f 8524 8525 8526
f 8524 8526 8504
f 8525 8501 8527
f 8525 8527 8526
f 8526 8527 8528
f 8526 8528 8504
f 8527 8501 8529
f 8527 8529 8528
f 8528 8529 8530
f 8528 8530 8504
f 8529 8501 8531
f 8529 8531 8530
f 8530 8531 8532
f 8530 8532 8504
f 8531 8501 8533
f 8531 8533 8532
f 8532 8533 8534
f 8532 8534 8504
f 8533 8501 8535
f 8533 8535 8534
f 8534 8535 8536
f 8534 8536 8504
f 8535 8501 8537
f 8535 8537 8536
f 8536 8537 8538
f 8536 8538 8504
f 8537 8501 8539
f 8537 8539 8538
f 8538 8539 8540
f 8538 8540 8504
f 8539 8501 8541
f 8539 8541 8540
f 8540 8541 8542
f 8540 8542 8504
f 8541 8501 8543
f 8541 8543 8542
f 8542 8543 8544
f 8542 8544 8504
f 8543 8501 8545
f 8543 8545 8544
f 8544 8545 8546
f 8544 8546 8504
f 8545 8501 8547
f 8545 8547 8546
f 8546 8547 8548
f 8546 8548 8504
f 8547 8501 8549
f 8547 8549 8548
f 8548 8549 8550
f 8548 8550 8504
f 8549 8501 8502
f 8549 8502 8550
f 8550 8502 8503
f 8550 8503 8504

o geometry_652
v 1.70000000 7.68000000 0.10000000
v 1.99440000 7.68000000 0.10000000
v 1.99440000 7.68000000 0.26000000
v 1.70000000 7.68000000 0.26000000
v 1.98436856 7.75619633 0.10000000
v 1.98436856 7.75619633 0.26000000
v 1.95495788 7.82720000 0.10000000
v 1.95495788 7.82720000 0.26000000
v 1.90817224 7.88817224 0.10000000
v 1.90817224 7.88817224 0.26000000
v 1.84720000 7.93495788 0.10000000
v 1.84720000 7.93495788 0.26000000
v 1.77619633 7.96436856 0.10000000
v 1.77619633 7.96436856 0.26000000
v 1.70000000 7.97440000 0.10000000
v 1.70000000 7.97440000 0.26000000
v 1.62380367 7.96436856 0.10000000
v 1.62380367 7.96436856 0.26000000
v 1.55280000 7.93495788 0.10000000
v 1.55280000 7.93495788 0.26000000
v 1.49182776 7.88817224 0.10000000
v 1.49182776 7.88817224 0.26000000
v 1.44504212 7.82720000 0.10000000
v 1.44504212 7.82720000 0.26000000
v 1.41563144 7.75619633 0.10000000
v 1.41563144 7.75619633 0.26000000
v 1.40560000 7.68000000 0.10000000
v 1.40560000 7.68000000 0.26000000
v 1.41563144 7.60380367 0.10000000
v 1.41563144 7.60380367 0.26000000
v 1.44504212 7.53280000 0.10000000
v 1.44504212 7.53280000 0.26000000
v 1.49182776 7.47182776 0.10000000
v 1.49182776 7.47182776 0.26000000
v 1.55280000 7.42504212 0.10000000
v 1.55280000 7.42504212 0.26000000
v 1.62380367 7.39563144 0.10000000
v 1.62380367 7.39563144 0.26000000
v 1.70000000 7.38560000 0.10000000
v 1.70000000 7.38560000 0.26000000
v 1.77619633 7.39563144 0.10000000
v 1.77619633 7.39563144 0.26000000
v 1.84720000 7.42504212 0.10000000
v 1.84720000 7.42504212 0.26000000
v 1.90817224 7.47182776 0.10000000
v 1.90817224 7.47182776 0.26000000
v 1.95495788 7.53280000 0.10000000
v 1.95495788 7.53280000 0.26000000
v 1.98436856 7.60380367 0.10000000
v 1.98436856 7.60380367 0.26000000
f 8552 8551 8555
f 8552 8555 8553
f 8553 8555 8556
f 8553 8556 8554
f 8555 8551 8557
f 8555 8557 8556
f 8556 8557 8558
f 8556 8558 8554
f 8557 8551 8559
f 8557 8559 8558
f 8558 8559 8560
f 8558 8560 8554
f 8559 8551 8561
f 8559 8561 8560
f 8560 8561 8562
f 8560 8562 8554
f 8561 8551 8563
f 8561 8563 8562
f 8562 8563 8564
f 8562 8564 8554
f 8563 8551 8565
f 8563 8565 8564
f 8564 8565 8566
f 8564 8566 8554
f 8565 8551 8567
f 8565 8567 8566
f 8566 8567 8568
f 8566 8568 8554
f 8567 8551 8569
f 8567 8569 8568
f 8568 8569 8570
f 8568 8570 8554
f 8569 8551 8571
f 8569 8571 8570
f 8570 8571 8572
f 8570 8572 8554
f 8571 8551 8573
f 8571 8573 8572
f 8572 8573 8574
f 8572 8574 8554
f 8573 8551 8575
f 8573 8575 8574
f 8574 8575 8576
f 8574 8576 8554
f 8575 8551 8577
f 8575 8577 8576
f 8576 8577 8578
f 8576 8578 8554
f 8577 8551 8579
f 8577 8579 8578
f 8578 8579 8580
f 8578 8580 8554
f 8579 8551 8581
f 8579 8581 8580
f 8580 8581 8582
f 8580 8582 8554
f 8581 8551 8583
f 8581 8583 8582
f 8582 8583 8584
f 8582 8584 8554
f 8583 8551 8585
f 8583 8585 8584
f 8584 8585 8586
f 8584 8586 8554
f 8585 8551 8587
f 8585 8587 8586
f 8586 8587 8588
f 8586 8588 8554
f 8587 8551 8589
f 8587 8589 8588
f 8588 8589 8590
f 8588 8590 8554
f 8589 8551 8591
f 8589 8591 8590
f 8590 8591 8592
f 8590 8592 8554
f 8591 8551 8593
f 8591 8593 8592
f 8592 8593 8594
f 8592 8594 8554
f 8593 8551 8595
f 8593 8595 8594
f 8594 8595 8596
f 8594 8596 8554
f 8595 8551 8597
f 8595 8597 8596
f 8596 8597 8598
f 8596 8598 8554
f 8597 8551 8599
f 8597 8599 8598
f 8598 8599 8600
f 8598 8600 8554
f 8599 8551 8552
f 8599 8552 8600
f 8600 8552 8553
f 8600 8553 8554

o geometry_653
v 1.70000000 7.68000000 3.18000000
v 1.98060000 7.68000000 3.18000000
v 1.98060000 7.68000000 3.36000000
v 1.70000000 7.68000000 3.36000000
v 1.97103879 7.75262462 3.18000000
v 1.97103879 7.75262462 3.36000000
v 1.94300673 7.82030000 3.18000000
v 1.94300673 7.82030000 3.36000000
v 1.89841416 7.87841416 3.18000000
v 1.89841416 7.87841416 3.36000000
v 1.84030000 7.92300673 3.18000000
v 1.84030000 7.92300673 3.36000000
v 1.77262462 7.95103879 3.18000000
v 1.77262462 7.95103879 3.36000000
v 1.70000000 7.96060000 3.18000000
v 1.70000000 7.96060000 3.36000000
v 1.62737538 7.95103879 3.18000000
v 1.62737538 7.95103879 3.36000000
v 1.55970000 7.92300673 3.18000000
v 1.55970000 7.92300673 3.36000000
v 1.50158584 7.87841416 3.18000000
v 1.50158584 7.87841416 3.36000000
v 1.45699327 7.82030000 3.18000000
v 1.45699327 7.82030000 3.36000000
v 1.42896121 7.75262462 3.18000000
v 1.42896121 7.75262462 3.36000000
v 1.41940000 7.68000000 3.18000000
v 1.41940000 7.68000000 3.36000000
v 1.42896121 7.60737538 3.18000000
v 1.42896121 7.60737538 3.36000000
v 1.45699327 7.53970000 3.18000000
v 1.45699327 7.53970000 3.36000000
v 1.50158584 7.48158584 3.18000000
v 1.50158584 7.48158584 3.36000000
v 1.55970000 7.43699327 3.18000000
v 1.55970000 7.43699327 3.36000000
v 1.62737538 7.40896121 3.18000000
v 1.62737538 7.40896121 3.36000000
v 1.70000000 7.39940000 3.18000000
v 1.70000000 7.39940000 3.36000000
v 1.77262462 7.40896121 3.18000000
v 1.77262462 7.40896121 3.36000000
v 1.84030000 7.43699327 3.18000000
v 1.84030000 7.43699327 3.36000000
v 1.89841416 7.48158584 3.18000000
v 1.89841416 7.48158584 3.36000000
v 1.94300673 7.53970000 3.18000000
v 1.94300673 7.53970000 3.36000000
v 1.97103879 7.60737538 3.18000000
v 1.97103879 7.60737538 3.36000000
f 8602 8601 8605
f 8602 8605 8603
f 8603 8605 8606
f 8603 8606 8604
f 8605 8601 8607
f 8605 8607 8606
f 8606 8607 8608
f 8606 8608 8604
f 8607 8601 8609
f 8607 8609 8608
f 8608 8609 8610
f 8608 8610 8604
f 8609 8601 8611
f 8609 8611 8610
f 8610 8611 8612
f 8610 8612 8604
f 8611 8601 8613
f 8611 8613 8612
f 8612 8613 8614
f 8612 8614 8604
f 8613 8601 8615
f 8613 8615 8614
f 8614 8615 8616
f 8614 8616 8604
f 8615 8601 8617
f 8615 8617 8616
f 8616 8617 8618
f 8616 8618 8604
f 8617 8601 8619
f 8617 8619 8618
f 8618 8619 8620
f 8618 8620 8604
f 8619 8601 8621
f 8619 8621 8620
f 8620 8621 8622
f 8620 8622 8604
f 8621 8601 8623
f 8621 8623 8622
f 8622 8623 8624
f 8622 8624 8604
f 8623 8601 8625
f 8623 8625 8624
f 8624 8625 8626
f 8624 8626 8604
f 8625 8601 8627
f 8625 8627 8626
f 8626 8627 8628
f 8626 8628 8604
f 8627 8601 8629
f 8627 8629 8628
f 8628 8629 8630
f 8628 8630 8604
f 8629 8601 8631
f 8629 8631 8630
f 8630 8631 8632
f 8630 8632 8604
f 8631 8601 8633
f 8631 8633 8632
f 8632 8633 8634
f 8632 8634 8604
f 8633 8601 8635
f 8633 8635 8634
f 8634 8635 8636
f 8634 8636 8604
f 8635 8601 8637
f 8635 8637 8636
f 8636 8637 8638
f 8636 8638 8604
f 8637 8601 8639
f 8637 8639 8638
f 8638 8639 8640
f 8638 8640 8604
f 8639 8601 8641
f 8639 8641 8640
f 8640 8641 8642
f 8640 8642 8604
f 8641 8601 8643
f 8641 8643 8642
f 8642 8643 8644
f 8642 8644 8604
f 8643 8601 8645
f 8643 8645 8644
f 8644 8645 8646
f 8644 8646 8604
f 8645 8601 8647
f 8645 8647 8646
f 8646 8647 8648
f 8646 8648 8604
f 8647 8601 8649
f 8647 8649 8648
f 8648 8649 8650
f 8648 8650 8604
f 8649 8601 8602
f 8649 8602 8650
f 8650 8602 8603
f 8650 8603 8604

o geometry_654
v 1.41250000 7.33000000 3.11000000
v 1.41250000 7.33000000 3.27000000
v 1.41250000 8.03000000 3.11000000
v 1.41250000 8.03000000 3.27000000
v 1.98750000 7.33000000 3.11000000
v 1.98750000 7.33000000 3.27000000
v 1.98750000 8.03000000 3.11000000
v 1.98750000 8.03000000 3.27000000
f 8652 8654 8651
f 8655 8652 8651
f 8651 8654 8653
f 8653 8655 8651
f 8652 8658 8654
f 8656 8652 8655
f 8656 8658 8652
f 8654 8658 8653
f 8657 8655 8653
f 8653 8658 8657
f 8657 8656 8655
f 8658 8656 8657

o geometry_655
v -1.99000000 7.34000000 2.63000000
v -1.99000000 7.34000000 2.81000000
v -1.99000000 7.42000000 2.63000000
v -1.99000000 7.42000000 2.81000000
v -1.57000000 7.34000000 2.63000000
v -1.57000000 7.34000000 2.81000000
v -1.57000000 7.42000000 2.63000000
v -1.57000000 7.42000000 2.81000000
f 8660 8662 8659
f 8663 8660 8659
f 8659 8662 8661
f 8661 8663 8659
f 8660 8666 8662
f 8664 8660 8663
f 8664 8666 8660
f 8662 8666 8661
f 8665 8663 8661
f 8661 8666 8665
f 8665 8664 8663
f 8666 8664 8665

o geometry_656
v -1.89550000 7.27000000 2.76000000
v -1.89550000 7.27000000 2.84000000
v -1.89550000 7.37000000 2.76000000
v -1.89550000 7.37000000 2.84000000
v -1.66450000 7.27000000 2.76000000
v -1.66450000 7.27000000 2.84000000
v -1.66450000 7.37000000 2.76000000
v -1.66450000 7.37000000 2.84000000
f 8668 8670 8667
f 8671 8668 8667
f 8667 8670 8669
f 8669 8671 8667
f 8668 8674 8670
f 8672 8668 8671
f 8672 8674 8668
f 8670 8674 8669
f 8673 8671 8669
f 8669 8674 8673
f 8673 8672 8671
f 8674 8672 8673

o geometry_657
v -1.57000000 7.34000000 2.63000000
v -1.57000000 7.34000000 2.81000000
v -1.57000000 7.42000000 2.63000000
v -1.57000000 7.42000000 2.81000000
v -1.15000000 7.34000000 2.63000000
v -1.15000000 7.34000000 2.81000000
v -1.15000000 7.42000000 2.63000000
v -1.15000000 7.42000000 2.81000000
f 8676 8678 8675
f 8679 8676 8675
f 8675 8678 8677
f 8677 8679 8675
f 8676 8682 8678
f 8680 8676 8679
f 8680 8682 8676
f 8678 8682 8677
f 8681 8679 8677
f 8677 8682 8681
f 8681 8680 8679
f 8682 8680 8681

o geometry_658
v -1.47550000 7.27000000 2.60000000
v -1.47550000 7.27000000 2.68000000
v -1.47550000 7.37000000 2.60000000
v -1.47550000 7.37000000 2.68000000
v -1.24450000 7.27000000 2.60000000
v -1.24450000 7.27000000 2.68000000
v -1.24450000 7.37000000 2.60000000
v -1.24450000 7.37000000 2.68000000
f 8684 8686 8683
f 8687 8684 8683
f 8683 8686 8685
f 8685 8687 8683
f 8684 8690 8686
f 8688 8684 8687
f 8688 8690 8684
f 8686 8690 8685
f 8689 8687 8685
f 8685 8690 8689
f 8689 8688 8687
f 8690 8688 8689

o geometry_659
v -1.15000000 7.34000000 2.63000000
v -1.15000000 7.34000000 2.81000000
v -1.15000000 7.42000000 2.63000000
v -1.15000000 7.42000000 2.81000000
v -0.73000000 7.34000000 2.63000000
v -0.73000000 7.34000000 2.81000000
v -0.73000000 7.42000000 2.63000000
v -0.73000000 7.42000000 2.81000000
f 8692 8694 8691
f 8695 8692 8691
f 8691 8694 8693
f 8693 8695 8691
f 8692 8698 8694
f 8696 8692 8695
f 8696 8698 8692
f 8694 8698 8693
f 8697 8695 8693
f 8693 8698 8697
f 8697 8696 8695
f 8698 8696 8697

o geometry_660
v -1.05550000 7.27000000 2.76000000
v -1.05550000 7.27000000 2.84000000
v -1.05550000 7.37000000 2.76000000
v -1.05550000 7.37000000 2.84000000
v -0.82450000 7.27000000 2.76000000
v -0.82450000 7.27000000 2.84000000
v -0.82450000 7.37000000 2.76000000
v -0.82450000 7.37000000 2.84000000
f 8700 8702 8699
f 8703 8700 8699
f 8699 8702 8701
f 8701 8703 8699
f 8700 8706 8702
f 8704 8700 8703
f 8704 8706 8700
f 8702 8706 8701
f 8705 8703 8701
f 8701 8706 8705
f 8705 8704 8703
f 8706 8704 8705

o geometry_661
v -0.73000000 7.34000000 2.63000000
v -0.73000000 7.34000000 2.81000000
v -0.73000000 7.42000000 2.63000000
v -0.73000000 7.42000000 2.81000000
v -0.31000000 7.34000000 2.63000000
v -0.31000000 7.34000000 2.81000000
v -0.31000000 7.42000000 2.63000000
v -0.31000000 7.42000000 2.81000000
f 8708 8710 8707
f 8711 8708 8707
f 8707 8710 8709
f 8709 8711 8707
f 8708 8714 8710
f 8712 8708 8711
f 8712 8714 8708
f 8710 8714 8709
f 8713 8711 8709
f 8709 8714 8713
f 8713 8712 8711
f 8714 8712 8713

o geometry_662
v -0.63550000 7.27000000 2.60000000
v -0.63550000 7.27000000 2.68000000
v -0.63550000 7.37000000 2.60000000
v -0.63550000 7.37000000 2.68000000
v -0.40450000 7.27000000 2.60000000
v -0.40450000 7.27000000 2.68000000
v -0.40450000 7.37000000 2.60000000
v -0.40450000 7.37000000 2.68000000
f 8716 8718 8715
f 8719 8716 8715
f 8715 8718 8717
f 8717 8719 8715
f 8716 8722 8718
f 8720 8716 8719
f 8720 8722 8716
f 8718 8722 8717
f 8721 8719 8717
f 8717 8722 8721
f 8721 8720 8719
f 8722 8720 8721

o geometry_663
v -0.31000000 7.34000000 2.63000000
v -0.31000000 7.34000000 2.81000000
v -0.31000000 7.42000000 2.63000000
v -0.31000000 7.42000000 2.81000000
v 0.11000000 7.34000000 2.63000000
v 0.11000000 7.34000000 2.81000000
v 0.11000000 7.42000000 2.63000000
v 0.11000000 7.42000000 2.81000000
f 8724 8726 8723
f 8727 8724 8723
f 8723 8726 8725
f 8725 8727 8723
f 8724 8730 8726
f 8728 8724 8727
f 8728 8730 8724
f 8726 8730 8725
f 8729 8727 8725
f 8725 8730 8729
f 8729 8728 8727
f 8730 8728 8729

o geometry_664
v -0.21550000 7.27000000 2.76000000
v -0.21550000 7.27000000 2.84000000
v -0.21550000 7.37000000 2.76000000
v -0.21550000 7.37000000 2.84000000
v 0.01550000 7.27000000 2.76000000
v 0.01550000 7.27000000 2.84000000
v 0.01550000 7.37000000 2.76000000
v 0.01550000 7.37000000 2.84000000
f 8732 8734 8731
f 8735 8732 8731
f 8731 8734 8733
f 8733 8735 8731
f 8732 8738 8734
f 8736 8732 8735
f 8736 8738 8732
f 8734 8738 8733
f 8737 8735 8733
f 8733 8738 8737
f 8737 8736 8735
f 8738 8736 8737

o geometry_665
v 0.11000000 7.34000000 2.63000000
v 0.11000000 7.34000000 2.81000000
v 0.11000000 7.42000000 2.63000000
v 0.11000000 7.42000000 2.81000000
v 0.53000000 7.34000000 2.63000000
v 0.53000000 7.34000000 2.81000000
v 0.53000000 7.42000000 2.63000000
v 0.53000000 7.42000000 2.81000000
f 8740 8742 8739
f 8743 8740 8739
f 8739 8742 8741
f 8741 8743 8739
f 8740 8746 8742
f 8744 8740 8743
f 8744 8746 8740
f 8742 8746 8741
f 8745 8743 8741
f 8741 8746 8745
f 8745 8744 8743
f 8746 8744 8745

o geometry_666
v 0.20450000 7.27000000 2.60000000
v 0.20450000 7.27000000 2.68000000
v 0.20450000 7.37000000 2.60000000
v 0.20450000 7.37000000 2.68000000
v 0.43550000 7.27000000 2.60000000
v 0.43550000 7.27000000 2.68000000
v 0.43550000 7.37000000 2.60000000
v 0.43550000 7.37000000 2.68000000
f 8748 8750 8747
f 8751 8748 8747
f 8747 8750 8749
f 8749 8751 8747
f 8748 8754 8750
f 8752 8748 8751
f 8752 8754 8748
f 8750 8754 8749
f 8753 8751 8749
f 8749 8754 8753
f 8753 8752 8751
f 8754 8752 8753

o geometry_667
v 0.53000000 7.34000000 2.63000000
v 0.53000000 7.34000000 2.81000000
v 0.53000000 7.42000000 2.63000000
v 0.53000000 7.42000000 2.81000000
v 0.95000000 7.34000000 2.63000000
v 0.95000000 7.34000000 2.81000000
v 0.95000000 7.42000000 2.63000000
v 0.95000000 7.42000000 2.81000000
f 8756 8758 8755
f 8759 8756 8755
f 8755 8758 8757
f 8757 8759 8755
f 8756 8762 8758
f 8760 8756 8759
f 8760 8762 8756
f 8758 8762 8757
f 8761 8759 8757
f 8757 8762 8761
f 8761 8760 8759
f 8762 8760 8761

o geometry_668
v 0.62450000 7.27000000 2.76000000
v 0.62450000 7.27000000 2.84000000
v 0.62450000 7.37000000 2.76000000
v 0.62450000 7.37000000 2.84000000
v 0.85550000 7.27000000 2.76000000
v 0.85550000 7.27000000 2.84000000
v 0.85550000 7.37000000 2.76000000
v 0.85550000 7.37000000 2.84000000
f 8764 8766 8763
f 8767 8764 8763
f 8763 8766 8765
f 8765 8767 8763
f 8764 8770 8766
f 8768 8764 8767
f 8768 8770 8764
f 8766 8770 8765
f 8769 8767 8765
f 8765 8770 8769
f 8769 8768 8767
f 8770 8768 8769

o geometry_669
v 0.95000000 7.34000000 2.63000000
v 0.95000000 7.34000000 2.81000000
v 0.95000000 7.42000000 2.63000000
v 0.95000000 7.42000000 2.81000000
v 1.37000000 7.34000000 2.63000000
v 1.37000000 7.34000000 2.81000000
v 1.37000000 7.42000000 2.63000000
v 1.37000000 7.42000000 2.81000000
f 8772 8774 8771
f 8775 8772 8771
f 8771 8774 8773
f 8773 8775 8771
f 8772 8778 8774
f 8776 8772 8775
f 8776 8778 8772
f 8774 8778 8773
f 8777 8775 8773
f 8773 8778 8777
f 8777 8776 8775
f 8778 8776 8777

o geometry_670
v 1.04450000 7.27000000 2.60000000
v 1.04450000 7.27000000 2.68000000
v 1.04450000 7.37000000 2.60000000
v 1.04450000 7.37000000 2.68000000
v 1.27550000 7.27000000 2.60000000
v 1.27550000 7.27000000 2.68000000
v 1.27550000 7.37000000 2.60000000
v 1.27550000 7.37000000 2.68000000
f 8780 8782 8779
f 8783 8780 8779
f 8779 8782 8781
f 8781 8783 8779
f 8780 8786 8782
f 8784 8780 8783
f 8784 8786 8780
f 8782 8786 8781
f 8785 8783 8781
f 8781 8786 8785
f 8785 8784 8783
f 8786 8784 8785

o geometry_671
v 1.37000000 7.34000000 2.63000000
v 1.37000000 7.34000000 2.81000000
v 1.37000000 7.42000000 2.63000000
v 1.37000000 7.42000000 2.81000000
v 1.79000000 7.34000000 2.63000000
v 1.79000000 7.34000000 2.81000000
v 1.79000000 7.42000000 2.63000000
v 1.79000000 7.42000000 2.81000000
f 8788 8790 8787
f 8791 8788 8787
f 8787 8790 8789
f 8789 8791 8787
f 8788 8794 8790
f 8792 8788 8791
f 8792 8794 8788
f 8790 8794 8789
f 8793 8791 8789
f 8789 8794 8793
f 8793 8792 8791
f 8794 8792 8793

o geometry_672
v 1.46450000 7.27000000 2.76000000
v 1.46450000 7.27000000 2.84000000
v 1.46450000 7.37000000 2.76000000
v 1.46450000 7.37000000 2.84000000
v 1.69550000 7.27000000 2.76000000
v 1.69550000 7.27000000 2.84000000
v 1.69550000 7.37000000 2.76000000
v 1.69550000 7.37000000 2.84000000
f 8796 8798 8795
f 8799 8796 8795
f 8795 8798 8797
f 8797 8799 8795
f 8796 8802 8798
f 8800 8796 8799
f 8800 8802 8796
f 8798 8802 8797
f 8801 8799 8797
f 8797 8802 8801
f 8801 8800 8799
f 8802 8800 8801

o geometry_673
v 0.08281000 7.67425460 0.10288843
v 0.24924584 7.67425460 0.10288843
v 0.08281000 7.48574540 0.10288843
v 0.24924584 7.48574540 0.10288843
v 0.16602792 7.52174745 0.19789632
v 0.16602792 7.63825255 0.19789632
v 0.16602792 7.52174745 0.00788055
v 0.16602792 7.63825255 0.00788055
v 0.30067735 7.58000000 0.04417033
v 0.30067735 7.58000000 0.16160654
v 0.03137849 7.58000000 0.04417033
v 0.03137849 7.58000000 0.16160654
v 0.16602792 7.69080293 0.10288843
v 0.16602792 7.46919707 0.10288843
v 0.11711365 7.49035855 0.15873267
v 0.21494219 7.49035855 0.15873267
v 0.11711365 7.66964145 0.15873267
v 0.21494219 7.66964145 0.15873267
v 0.16602792 7.58000000 0.21457690
v 0.11711365 7.49035855 0.04704420
v 0.21494219 7.49035855 0.04704420
v 0.11711365 7.66964145 0.04704420
v 0.21494219 7.66964145 0.04704420
v 0.16602792 7.58000000 -0.00880004
v 0.29408714 7.63540146 0.06837480
v 0.29408714 7.52459854 0.06837480
v 0.24517287 7.54576001 0.01253056
v 0.24517287 7.61423999 0.01253056
v 0.29408714 7.63540146 0.13740207
v 0.29408714 7.52459854 0.13740207
v 0.24517287 7.54576001 0.19324630
v 0.24517287 7.61423999 0.19324630
v 0.32431782 7.58000000 0.10288843
v 0.03796870 7.63540146 0.06837480
v 0.03796870 7.52459854 0.06837480
v 0.08688297 7.54576001 0.01253056
v 0.08688297 7.61423999 0.01253056
v 0.03796870 7.63540146 0.13740207
v 0.03796870 7.52459854 0.13740207
v 0.08688297 7.54576001 0.19324630
v 0.08688297 7.61423999 0.19324630
v 0.00773802 7.58000000 0.10288843
f 8803 8840 8819
f 8840 8814 8843
f 8819 8843 8808
f 8840 8843 8819
f 8803 8819 8815
f 8819 8808 8820
f 8815 8820 8804
f 8819 8820 8815
f 8803 8815 8824
f 8815 8804 8825
f 8824 8825 8810
f 8815 8825 8824
f 8803 8824 8836
f 8824 8810 8839
f 8836 8839 8813
f 8824 8839 8836
f 8803 8836 8840
f 8836 8813 8844
f 8840 8844 8814
f 8836 8844 8840
f 8804 8820 8831
f 8820 8808 8834
f 8831 8834 8812
f 8820 8834 8831
f 8808 8843 8821
f 8843 8814 8842
f 8821 8842 8807
f 8843 8842 8821
f 8814 8844 8841
f 8844 8813 8837
f 8841 8837 8805
f 8844 8837 8841
f 8813 8839 8838
f 8839 8810 8826
f 8838 8826 8809
f 8839 8826 8838
f 8810 8825 8830
f 8825 8804 8827
f 8830 8827 8811
f 8825 8827 8830
f 8806 8832 8818
f 8832 8812 8833
f 8818 8833 8807
f 8832 8833 8818
f 8806 8818 8816
f 8818 8807 8817
f 8816 8817 8805
f 8818 8817 8816
f 8806 8816 8823
f 8816 8805 8822
f 8823 8822 8809
f 8816 8822 8823
f 8806 8823 8828
f 8823 8809 8829
f 8828 8829 8811
f 8823 8829 8828
f 8806 8828 8832
f 8828 8811 8835
f 8832 8835 8812
f 8828 8835 8832
f 8807 8833 8821
f 8833 8812 8834
f 8821 8834 8808
f 8833 8834 8821
f 8805 8817 8841
f 8817 8807 8842
f 8841 8842 8814
f 8817 8842 8841
f 8809 8822 8838
f 8822 8805 8837
f 8838 8837 8813
f 8822 8837 8838
f 8811 8829 8830
f 8829 8809 8826
f 8830 8826 8810
f 8829 8826 8830
f 8812 8835 8831
f 8835 8811 8827
f 8831 8827 8804
f 8835 8827 8831

o geometry_674
v -0.20717006 7.64730942 0.07347505
v -0.08831432 7.64730942 0.07347505
v -0.20717006 7.51269058 0.07347505
v -0.08831432 7.51269058 0.07347505
v -0.14774219 7.53840049 0.16723874
v -0.14774219 7.62159951 0.16723874
v -0.14774219 7.53840049 -0.02028865
v -0.14774219 7.62159951 -0.02028865
v -0.05158587 7.58000000 0.01552589
v -0.05158587 7.58000000 0.13142420
v -0.24389851 7.58000000 0.01552589
v -0.24389851 7.58000000 0.13142420
v -0.14774219 7.65912697 0.07347505
v -0.14774219 7.50087303 0.07347505
v -0.18267302 7.51598493 0.12858797
v -0.11281136 7.51598493 0.12858797
v -0.18267302 7.64401507 0.12858797
v -0.11281136 7.64401507 0.12858797
v -0.14774219 7.58000000 0.18370088
v -0.18267302 7.51598493 0.01836213
v -0.11281136 7.51598493 0.01836213
v -0.18267302 7.64401507 0.01836213
v -0.11281136 7.64401507 0.01836213
v -0.14774219 7.58000000 -0.03675079
v -0.05629210 7.61956349 0.03941339
v -0.05629210 7.54043651 0.03941339
v -0.09122293 7.55554842 -0.01569953
v -0.09122293 7.60445158 -0.01569953
v -0.05629210 7.61956349 0.10753670
v -0.05629210 7.54043651 0.10753670
v -0.09122293 7.55554842 0.16264962
v -0.09122293 7.60445158 0.16264962
v -0.03470366 7.58000000 0.07347505
v -0.23919228 7.61956349 0.03941339
v -0.23919228 7.54043651 0.03941339
v -0.20426146 7.55554842 -0.01569953
v -0.20426146 7.60445158 -0.01569953
v -0.23919228 7.61956349 0.10753670
v -0.23919228 7.54043651 0.10753670
v -0.20426146 7.55554842 0.16264962
v -0.20426146 7.60445158 0.16264962
v -0.26078072 7.58000000 0.07347505
f 8845 8882 8861
f 8882 8856 8885
f 8861 8885 8850
f 8882 8885 8861
f 8845 8861 8857
f 8861 8850 8862
f 8857 8862 8846
f 8861 8862 8857
f 8845 8857 8866
f 8857 8846 8867
f 8866 8867 8852
f 8857 8867 8866
f 8845 8866 8878
f 8866 8852 8881
f 8878 8881 8855
f 8866 8881 8878
f 8845 8878 8882
f 8878 8855 8886
f 8882 8886 8856
f 8878 8886 8882
f 8846 8862 8873
f 8862 8850 8876
f 8873 8876 8854
f 8862 8876 8873
f 8850 8885 8863
f 8885 8856 8884
f 8863 8884 8849
f 8885 8884 8863
f 8856 8886 8883
f 8886 8855 8879
f 8883 8879 8847
f 8886 8879 8883
f 8855 8881 8880
f 8881 8852 8868
f 8880 8868 8851
f 8881 8868 8880
f 8852 8867 8872
f 8867 8846 8869
f 8872 8869 8853
f 8867 8869 8872
f 8848 8874 8860
f 8874 8854 8875
f 8860 8875 8849
f 8874 8875 8860
f 8848 8860 8858
f 8860 8849 8859
f 8858 8859 8847
f 8860 8859 8858
f 8848 8858 8865
f 8858 8847 8864
f 8865 8864 8851
f 8858 8864 8865
f 8848 8865 8870
f 8865 8851 8871
f 8870 8871 8853
f 8865 8871 8870
f 8848 8870 8874
f 8870 8853 8877
f 8874 8877 8854
f 8870 8877 8874
f 8849 8875 8863
f 8875 8854 8876
f 8863 8876 8850
f 8875 8876 8863
f 8847 8859 8883
f 8859 8849 8884
f 8883 8884 8856
f 8859 8884 8883
f 8851 8864 8880
f 8864 8847 8879
f 8880 8879 8855
f 8864 8879 8880
f 8853 8871 8872
f 8871 8851 8868
f 8872 8868 8852
f 8871 8868 8872
f 8854 8877 8873
f 8877 8853 8869
f 8873 8869 8846
f 8877 8869 8873

o geometry_675
v -0.56681642 7.64576200 0.07178587
v -0.45069313 7.64576200 0.07178587
v -0.56681642 7.51423800 0.07178587
v -0.45069313 7.51423800 0.07178587
v -0.50875478 7.53935685 0.16152329
v -0.50875478 7.62064315 0.16152329
v -0.50875478 7.53935685 -0.01795154
v -0.50875478 7.62064315 -0.01795154
v -0.41480907 7.58000000 0.01632510
v -0.41480907 7.58000000 0.12724665
v -0.60270049 7.58000000 0.01632510
v -0.60270049 7.58000000 0.12724665
v -0.50875478 7.65730786 0.07178587
v -0.50875478 7.50269214 0.07178587
v -0.54288255 7.51745662 0.12453220
v -0.47462700 7.51745662 0.12453220
v -0.54288255 7.64254338 0.12453220
v -0.47462700 7.64254338 0.12453220
v -0.50875478 7.58000000 0.17727853
v -0.54288255 7.51745662 0.01903955
v -0.47462700 7.51745662 0.01903955
v -0.54288255 7.64254338 0.01903955
v -0.47462700 7.64254338 0.01903955
v -0.50875478 7.58000000 -0.03370678
v -0.41940710 7.61865393 0.03918685
v -0.41940710 7.54134607 0.03918685
v -0.45353487 7.55611056 -0.01355948
v -0.45353487 7.60388944 -0.01355948
v -0.41940710 7.61865393 0.10438490
v -0.41940710 7.54134607 0.10438490
v -0.45353487 7.55611056 0.15713123
v -0.45353487 7.60388944 0.15713123
v -0.39831497 7.58000000 0.07178587
v -0.59810246 7.61865393 0.03918685
v -0.59810246 7.54134607 0.03918685
v -0.56397468 7.55611056 -0.01355948
v -0.56397468 7.60388944 -0.01355948
v -0.59810246 7.61865393 0.10438490
v -0.59810246 7.54134607 0.10438490
v -0.56397468 7.55611056 0.15713123
v -0.56397468 7.60388944 0.15713123
v -0.61919458 7.58000000 0.07178587
f 8887 8924 8903
f 8924 8898 8927
f 8903 8927 8892
f 8924 8927 8903
f 8887 8903 8899
f 8903 8892 8904
f 8899 8904 8888
f 8903 8904 8899
f 8887 8899 8908
f 8899 8888 8909
f 8908 8909 8894
f 8899 8909 8908
f 8887 8908 8920
f 8908 8894 8923
f 8920 8923 8897
f 8908 8923 8920
f 8887 8920 8924
f 8920 8897 8928
f 8924 8928 8898
f 8920 8928 8924
f 8888 8904 8915
f 8904 8892 8918
f 8915 8918 8896
f 8904 8918 8915
f 8892 8927 8905
f 8927 8898 8926
f 8905 8926 8891
f 8927 8926 8905
f 8898 8928 8925
f 8928 8897 8921
f 8925 8921 8889
f 8928 8921 8925
f 8897 8923 8922
f 8923 8894 8910
f 8922 8910 8893
f 8923 8910 8922
f 8894 8909 8914
f 8909 8888 8911
f 8914 8911 8895
f 8909 8911 8914
f 8890 8916 8902
f 8916 8896 8917
f 8902 8917 8891
f 8916 8917 8902
f 8890 8902 8900
f 8902 8891 8901
f 8900 8901 8889
f 8902 8901 8900
f 8890 8900 8907
f 8900 8889 8906
f 8907 8906 8893
f 8900 8906 8907
f 8890 8907 8912
f 8907 8893 8913
f 8912 8913 8895
f 8907 8913 8912
f 8890 8912 8916
f 8912 8895 8919
f 8916 8919 8896
f 8912 8919 8916
f 8891 8917 8905
f 8917 8896 8918
f 8905 8918 8892
f 8917 8918 8905
f 8889 8901 8925
f 8901 8891 8926
f 8925 8926 8898
f 8901 8926 8925
f 8893 8906 8922
f 8906 8889 8921
f 8922 8921 8897
f 8906 8921 8922
f 8895 8913 8914
f 8913 8893 8910
f 8914 8910 8894
f 8913 8910 8914
f 8896 8919 8915
f 8919 8895 8911
f 8915 8911 8888
f 8919 8911 8915

o geometry_676
v -0.54382538 7.68602457 0.11573654
v -0.35660599 7.68602457 0.11573654
v -0.54382538 7.47397543 0.11573654
v -0.35660599 7.47397543 0.11573654
v -0.45021569 7.51447321 0.21402114
v -0.45021569 7.64552679 0.21402114
v -0.45021569 7.51447321 0.01745195
v -0.45021569 7.64552679 0.01745195
v -0.29875202 7.58000000 0.05499333
v -0.29875202 7.58000000 0.17647976
v -0.60167936 7.58000000 0.05499333
v -0.60167936 7.58000000 0.17647976
v -0.45021569 7.70463936 0.11573654
v -0.45021569 7.45536064 0.11573654
v -0.50523808 7.47916464 0.17350678
v -0.39519329 7.47916464 0.17350678
v -0.50523808 7.68083536 0.17350678
v -0.39519329 7.68083536 0.17350678
v -0.45021569 7.58000000 0.23127701
v -0.50523808 7.47916464 0.05796631
v -0.39519329 7.47916464 0.05796631
v -0.50523808 7.68083536 0.05796631
v -0.39519329 7.68083536 0.05796631
v -0.45021569 7.58000000 0.00019608
v -0.30616517 7.64231968 0.08003258
v -0.30616517 7.51768032 0.08003258
v -0.36118757 7.54148432 0.02226234
v -0.36118757 7.61851568 0.02226234
v -0.30616517 7.64231968 0.15144051
v -0.30616517 7.51768032 0.15144051
v -0.36118757 7.54148432 0.20921075
v -0.36118757 7.61851568 0.20921075
v -0.27215946 7.58000000 0.11573654
v -0.59426620 7.64231968 0.08003258
v -0.59426620 7.51768032 0.08003258
v -0.53924380 7.54148432 0.02226234
v -0.53924380 7.61851568 0.02226234
v -0.59426620 7.64231968 0.15144051
v -0.59426620 7.51768032 0.15144051
v -0.53924380 7.54148432 0.20921075
v -0.53924380 7.61851568 0.20921075
v -0.62827191 7.58000000 0.11573654
f 8929 8966 8945
f 8966 8940 8969
f 8945 8969 8934
f 8966 8969 8945
f 8929 8945 8941
f 8945 8934 8946
f 8941 8946 8930
f 8945 8946 8941
f 8929 8941 8950
f 8941 8930 8951
f 8950 8951 8936
f 8941 8951 8950
f 8929 8950 8962
f 8950 8936 8965
f 8962 8965 8939
f 8950 8965 8962
f 8929 8962 8966
f 8962 8939 8970
f 8966 8970 8940
f 8962 8970 8966
f 8930 8946 8957
f 8946 8934 8960
f 8957 8960 8938
f 8946 8960 8957
f 8934 8969 8947
f 8969 8940 8968
f 8947 8968 8933
f 8969 8968 8947
f 8940 8970 8967
f 8970 8939 8963
f 8967 8963 8931
f 8970 8963 8967
f 8939 8965 8964
f 8965 8936 8952
f 8964 8952 8935
f 8965 8952 8964
f 8936 8951 8956
f 8951 8930 8953
f 8956 8953 8937
f 8951 8953 8956
f 8932 8958 8944
f 8958 8938 8959
f 8944 8959 8933
f 8958 8959 8944
f 8932 8944 8942
f 8944 8933 8943
f 8942 8943 8931
f 8944 8943 8942
f 8932 8942 8949
f 8942 8931 8948
f 8949 8948 8935
f 8942 8948 8949
f 8932 8949 8954
f 8949 8935 8955
f 8954 8955 8937
f 8949 8955 8954
f 8932 8954 8958
f 8954 8937 8961
f 8958 8961 8938
f 8954 8961 8958
f 8933 8959 8947
f 8959 8938 8960
f 8947 8960 8934
f 8959 8960 8947
f 8931 8943 8967
f 8943 8933 8968
f 8967 8968 8940
f 8943 8968 8967
f 8935 8948 8964
f 8948 8931 8963
f 8964 8963 8939
f 8948 8963 8964
f 8937 8955 8956
f 8955 8935 8952
f 8956 8952 8936
f 8955 8952 8956
f 8938 8961 8957
f 8961 8937 8953
f 8957 8953 8930
f 8961 8953 8957

o geometry_677
v -0.50656388 7.68504637 0.11466875
v -0.32107180 7.68504637 0.11466875
v -0.50656388 7.47495363 0.11466875
v -0.32107180 7.47495363 0.11466875
v -0.41381784 7.51507777 0.29156631
v -0.41381784 7.64492223 0.29156631
v -0.41381784 7.51507777 -0.06222882
v -0.41381784 7.64492223 -0.06222882
v -0.26375160 7.58000000 0.00534004
v -0.26375160 7.58000000 0.22399745
v -0.56388409 7.58000000 0.00534004
v -0.56388409 7.58000000 0.22399745
v -0.41381784 7.70348942 0.11466875
v -0.41381784 7.45651058 0.11466875
v -0.46833260 7.48009496 0.21864653
v -0.35930309 7.48009496 0.21864653
v -0.46833260 7.67990504 0.21864653
v -0.35930309 7.67990504 0.21864653
v -0.41381784 7.58000000 0.32262431
v -0.46833260 7.48009496 0.01069097
v -0.35930309 7.48009496 0.01069097
v -0.46833260 7.67990504 0.01069097
v -0.35930309 7.67990504 0.01069097
v -0.41381784 7.58000000 -0.09328681
v -0.27109636 7.64174471 0.05040694
v -0.27109636 7.51825529 0.05040694
v -0.32561112 7.54183967 -0.05357084
v -0.32561112 7.61816033 -0.05357084
v -0.27109636 7.64174471 0.17893055
v -0.27109636 7.51825529 0.17893055
v -0.32561112 7.54183967 0.28290833
v -0.32561112 7.61816033 0.28290833
v -0.23740439 7.58000000 0.11466875
v -0.55653933 7.64174471 0.05040694
v -0.55653933 7.51825529 0.05040694
v -0.50202457 7.54183967 -0.05357084
v -0.50202457 7.61816033 -0.05357084
v -0.55653933 7.64174471 0.17893055
v -0.55653933 7.51825529 0.17893055
v -0.50202457 7.54183967 0.28290833
v -0.50202457 7.61816033 0.28290833
v -0.59023130 7.58000000 0.11466875
f 8971 9008 8987
f 9008 8982 9011
f 8987 9011 8976
f 9008 9011 8987
f 8971 8987 8983
f 8987 8976 8988
f 8983 8988 8972
f 8987 8988 8983
f 8971 8983 8992
f 8983 8972 8993
f 8992 8993 8978
f 8983 8993 8992
f 8971 8992 9004
f 8992 8978 9007
f 9004 9007 8981
f 8992 9007 9004
f 8971 9004 9008
f 9004 8981 9012
f 9008 9012 8982
f 9004 9012 9008
f 8972 8988 8999
f 8988 8976 9002
f 8999 9002 8980
f 8988 9002 8999
f 8976 9011 8989
f 9011 8982 9010
f 8989 9010 8975
f 9011 9010 8989
f 8982 9012 9009
f 9012 8981 9005
f 9009 9005 8973
f 9012 9005 9009
f 8981 9007 9006
f 9007 8978 8994
f 9006 8994 8977
f 9007 8994 9006
f 8978 8993 8998
f 8993 8972 8995
f 8998 8995 8979
f 8993 8995 8998
f 8974 9000 8986
f 9000 8980 9001
f 8986 9001 8975
f 9000 9001 8986
f 8974 8986 8984
f 8986 8975 8985
f 8984 8985 8973
f 8986 8985 8984
f 8974 8984 8991
f 8984 8973 8990
f 8991 8990 8977
f 8984 8990 8991
f 8974 8991 8996
f 8991 8977 8997
f 8996 8997 8979
f 8991 8997 8996
f 8974 8996 9000
f 8996 8979 9003
f 9000 9003 8980
f 8996 9003 9000
f 8975 9001 8989
f 9001 8980 9002
f 8989 9002 8976
f 9001 9002 8989
f 8973 8985 9009
f 8985 8975 9010
f 9009 9010 8982
f 8985 9010 9009
f 8977 8990 9006
f 8990 8973 9005
f 9006 9005 8981
f 8990 9005 9006
f 8979 8997 8998
f 8997 8977 8994
f 8998 8994 8978
f 8997 8994 8998
f 8980 9003 8999
f 9003 8979 8995
f 8999 8995 8972
f 9003 8995 8999

o geometry_678
v 0.41878127 7.66347276 0.09111896
v 0.56617841 7.66347276 0.09111896
v 0.41878127 7.49652724 0.09111896
v 0.56617841 7.49652724 0.09111896
v 0.49247984 7.52841100 0.21504062
v 0.49247984 7.63158900 0.21504062
v 0.49247984 7.52841100 -0.03280270
v 0.49247984 7.63158900 -0.03280270
v 0.61172663 7.58000000 0.01453116
v 0.61172663 7.58000000 0.16770675
v 0.37323304 7.58000000 0.01453116
v 0.37323304 7.58000000 0.16770675
v 0.49247984 7.67812811 0.09111896
v 0.49247984 7.48187189 0.09111896
v 0.44916090 7.50061269 0.16395828
v 0.53579877 7.50061269 0.16395828
v 0.44916090 7.65938731 0.16395828
v 0.53579877 7.65938731 0.16395828
v 0.49247984 7.58000000 0.23679760
v 0.44916090 7.50061269 0.01827964
v 0.53579877 7.50061269 0.01827964
v 0.44916090 7.65938731 0.01827964
v 0.53579877 7.65938731 0.01827964
v 0.49247984 7.58000000 -0.05455969
v 0.60589028 7.62906405 0.04610178
v 0.60589028 7.53093595 0.04610178
v 0.56257134 7.54967675 -0.02673754
v 0.56257134 7.61032325 -0.02673754
v 0.60589028 7.62906405 0.13613614
v 0.60589028 7.53093595 0.13613614
v 0.56257134 7.54967675 0.20897546
v 0.56257134 7.61032325 0.20897546
v 0.63266285 7.58000000 0.09111896
v 0.37906940 7.62906405 0.04610178
v 0.37906940 7.53093595 0.04610178
v 0.42238833 7.54967675 -0.02673754
v 0.42238833 7.61032325 -0.02673754
v 0.37906940 7.62906405 0.13613614
v 0.37906940 7.53093595 0.13613614
v 0.42238833 7.54967675 0.20897546
v 0.42238833 7.61032325 0.20897546
v 0.35229682 7.58000000 0.09111896
f 9013 9050 9029
f 9050 9024 9053
f 9029 9053 9018
f 9050 9053 9029
f 9013 9029 9025
f 9029 9018 9030
f 9025 9030 9014
f 9029 9030 9025
f 9013 9025 9034
f 9025 9014 9035
f 9034 9035 9020
f 9025 9035 9034
f 9013 9034 9046
f 9034 9020 9049
f 9046 9049 9023
f 9034 9049 9046
f 9013 9046 9050
f 9046 9023 9054
f 9050 9054 9024
f 9046 9054 9050
f 9014 9030 9041
f 9030 9018 9044
f 9041 9044 9022
f 9030 9044 9041
f 9018 9053 9031
f 9053 9024 9052
f 9031 9052 9017
f 9053 9052 9031
f 9024 9054 9051
f 9054 9023 9047
f 9051 9047 9015
f 9054 9047 9051
f 9023 9049 9048
f 9049 9020 9036
f 9048 9036 9019
f 9049 9036 9048
f 9020 9035 9040
f 9035 9014 9037
f 9040 9037 9021
f 9035 9037 9040
f 9016 9042 9028
f 9042 9022 9043
f 9028 9043 9017
f 9042 9043 9028
f 9016 9028 9026
f 9028 9017 9027
f 9026 9027 9015
f 9028 9027 9026
f 9016 9026 9033
f 9026 9015 9032
f 9033 9032 9019
f 9026 9032 9033
f 9016 9033 9038
f 9033 9019 9039
f 9038 9039 9021
f 9033 9039 9038
f 9016 9038 9042
f 9038 9021 9045
f 9042 9045 9022
f 9038 9045 9042
f 9017 9043 9031
f 9043 9022 9044
f 9031 9044 9018
f 9043 9044 9031
f 9015 9027 9051
f 9027 9017 9052
f 9051 9052 9024
f 9027 9052 9051
f 9019 9032 9048
f 9032 9015 9047
f 9048 9047 9023
f 9032 9047 9048
f 9021 9039 9040
f 9039 9019 9036
f 9040 9036 9020
f 9039 9036 9040
f 9022 9045 9041
f 9045 9021 9037
f 9041 9037 9014
f 9045 9037 9041

o geometry_679
v 0.41669533 7.70140061 0.13252104
v 0.63106590 7.70140061 0.13252104
v 0.41669533 7.45859939 0.13252104
v 0.63106590 7.45859939 0.13252104
v 0.52388062 7.50497030 0.28473596
v 0.52388062 7.65502970 0.28473596
v 0.52388062 7.50497030 -0.01969387
v 0.52388062 7.65502970 -0.01969387
v 0.69731005 7.58000000 0.03844706
v 0.69731005 7.58000000 0.22659503
v 0.35045118 7.58000000 0.03844706
v 0.35045118 7.58000000 0.22659503
v 0.52388062 7.72271497 0.13252104
v 0.52388062 7.43728503 0.13252104
v 0.46087869 7.46454116 0.22199073
v 0.58688255 7.46454116 0.22199073
v 0.46087869 7.69545884 0.22199073
v 0.58688255 7.69545884 0.22199073
v 0.52388062 7.58000000 0.31146041
v 0.46087869 7.46454116 0.04305136
v 0.58688255 7.46454116 0.04305136
v 0.46087869 7.69545884 0.04305136
v 0.58688255 7.69545884 0.04305136
v 0.52388062 7.58000000 -0.04641832
v 0.68882181 7.65135749 0.07722574
v 0.68882181 7.50864251 0.07722574
v 0.62581988 7.53589865 -0.01224394
v 0.62581988 7.62410135 -0.01224394
v 0.68882181 7.65135749 0.18781635
v 0.68882181 7.50864251 0.18781635
v 0.62581988 7.53589865 0.27728603
v 0.62581988 7.62410135 0.27728603
v 0.72775915 7.58000000 0.13252104
v 0.35893942 7.65135749 0.07722574
v 0.35893942 7.50864251 0.07722574
v 0.42194135 7.53589865 -0.01224394
v 0.42194135 7.62410135 -0.01224394
v 0.35893942 7.65135749 0.18781635
v 0.35893942 7.50864251 0.18781635
v 0.42194135 7.53589865 0.27728603
v 0.42194135 7.62410135 0.27728603
v 0.32000209 7.58000000 0.13252104
f 9055 9092 9071
f 9092 9066 9095
f 9071 9095 9060
f 9092 9095 9071
f 9055 9071 9067
f 9071 9060 9072
f 9067 9072 9056
f 9071 9072 9067
f 9055 9067 9076
f 9067 9056 9077
f 9076 9077 9062
f 9067 9077 9076
f 9055 9076 9088
f 9076 9062 9091
f 9088 9091 9065
f 9076 9091 9088
f 9055 9088 9092
f 9088 9065 9096
f 9092 9096 9066
f 9088 9096 9092
f 9056 9072 9083
f 9072 9060 9086
f 9083 9086 9064
f 9072 9086 9083
f 9060 9095 9073
f 9095 9066 9094
f 9073 9094 9059
f 9095 9094 9073
f 9066 9096 9093
f 9096 9065 9089
f 9093 9089 9057
f 9096 9089 9093
f 9065 9091 9090
f 9091 9062 9078
f 9090 9078 9061
f 9091 9078 9090
f 9062 9077 9082
f 9077 9056 9079
f 9082 9079 9063
f 9077 9079 9082
f 9058 9084 9070
f 9084 9064 9085
f 9070 9085 9059
f 9084 9085 9070
f 9058 9070 9068
f 9070 9059 9069
f 9068 9069 9057
f 9070 9069 9068
f 9058 9068 9075
f 9068 9057 9074
f 9075 9074 9061
f 9068 9074 9075
f 9058 9075 9080
f 9075 9061 9081
f 9080 9081 9063
f 9075 9081 9080
f 9058 9080 9084
f 9080 9063 9087
f 9084 9087 9064
f 9080 9087 9084
f 9059 9085 9073
f 9085 9064 9086
f 9073 9086 9060
f 9085 9086 9073
f 9057 9069 9093
f 9069 9059 9094
f 9093 9094 9066
f 9069 9094 9093
f 9061 9074 9090
f 9074 9057 9089
f 9090 9089 9065
f 9074 9089 9090
f 9063 9081 9082
f 9081 9061 9078
f 9082 9078 9062
f 9081 9078 9082
f 9064 9087 9083
f 9087 9063 9079
f 9083 9079 9056
f 9087 9079 9083

o geometry_680
v -0.28841109 7.64453838 0.07045017
v -0.17444848 7.64453838 0.07045017
v -0.28841109 7.51546162 0.07045017
v -0.17444848 7.51546162 0.07045017
v -0.23142979 7.54011309 0.18117295
v -0.23142979 7.61988691 0.18117295
v -0.23142979 7.54011309 -0.04027260
v -0.23142979 7.61988691 -0.04027260
v -0.13923210 7.58000000 0.00201973
v -0.13923210 7.58000000 0.13888061
v -0.32362747 7.58000000 0.00201973
v -0.32362747 7.58000000 0.13888061
v -0.23142979 7.65586942 0.07045017
v -0.23142979 7.50413058 0.07045017
v -0.26492256 7.51862035 0.13553139
v -0.19793701 7.51862035 0.13553139
v -0.26492256 7.64137965 0.13553139
v -0.19793701 7.64137965 0.13553139
v -0.23142979 7.58000000 0.20061261
v -0.26492256 7.51862035 0.00536896
v -0.19793701 7.51862035 0.00536896
v -0.26492256 7.64137965 0.00536896
v -0.19793701 7.64137965 0.00536896
v -0.23142979 7.58000000 -0.05971226
v -0.14374457 7.61793471 0.03022777
v -0.14374457 7.54206529 0.03022777
v -0.17723734 7.55655506 -0.03485345
v -0.17723734 7.60344494 -0.03485345
v -0.14374457 7.61793471 0.11067258
v -0.14374457 7.54206529 0.11067258
v -0.17723734 7.55655506 0.17575379
v -0.17723734 7.60344494 0.17575379
v -0.12304490 7.58000000 0.07045017
v -0.31911500 7.61793471 0.03022777
v -0.31911500 7.54206529 0.03022777
v -0.28562223 7.55655506 -0.03485345
v -0.28562223 7.60344494 -0.03485345
v -0.31911500 7.61793471 0.11067258
v -0.31911500 7.54206529 0.11067258
v -0.28562223 7.55655506 0.17575379
v -0.28562223 7.60344494 0.17575379
v -0.33981467 7.58000000 0.07045017
f 9097 9134 9113
f 9134 9108 9137
f 9113 9137 9102
f 9134 9137 9113
f 9097 9113 9109
f 9113 9102 9114
f 9109 9114 9098
f 9113 9114 9109
f 9097 9109 9118
f 9109 9098 9119
f 9118 9119 9104
f 9109 9119 9118
f 9097 9118 9130
f 9118 9104 9133
f 9130 9133 9107
f 9118 9133 9130
f 9097 9130 9134
f 9130 9107 9138
f 9134 9138 9108
f 9130 9138 9134
f 9098 9114 9125
f 9114 9102 9128
f 9125 9128 9106
f 9114 9128 9125
f 9102 9137 9115
f 9137 9108 9136
f 9115 9136 9101
f 9137 9136 9115
f 9108 9138 9135
f 9138 9107 9131
f 9135 9131 9099
f 9138 9131 9135
f 9107 9133 9132
f 9133 9104 9120
f 9132 9120 9103
f 9133 9120 9132
f 9104 9119 9124
f 9119 9098 9121
f 9124 9121 9105
f 9119 9121 9124
f 9100 9126 9112
f 9126 9106 9127
f 9112 9127 9101
f 9126 9127 9112
f 9100 9112 9110
f 9112 9101 9111
f 9110 9111 9099
f 9112 9111 9110
f 9100 9110 9117
f 9110 9099 9116
f 9117 9116 9103
f 9110 9116 9117
f 9100 9117 9122
f 9117 9103 9123
f 9122 9123 9105
f 9117 9123 9122
f 9100 9122 9126
f 9122 9105 9129
f 9126 9129 9106
f 9122 9129 9126
f 9101 9127 9115
f 9127 9106 9128
f 9115 9128 9102
f 9127 9128 9115
f 9099 9111 9135
f 9111 9101 9136
f 9135 9136 9108
f 9111 9136 9135
f 9103 9116 9132
f 9116 9099 9131
f 9132 9131 9107
f 9116 9131 9132
f 9105 9123 9124
f 9123 9103 9120
f 9124 9120 9104
f 9123 9120 9124
f 9106 9129 9125
f 9129 9105 9121
f 9125 9121 9098
f 9129 9121 9125

o geometry_681
v -0.27689419 7.65500711 0.08187784
v -0.14444579 7.65500711 0.08187784
v -0.27689419 7.50499289 0.08187784
v -0.14444579 7.50499289 0.08187784
v -0.21066999 7.53364306 0.15500490
v -0.21066999 7.62635694 0.15500490
v -0.21066999 7.53364306 0.00875079
v -0.21066999 7.62635694 0.00875079
v -0.10351699 7.58000000 0.03668284
v -0.10351699 7.58000000 0.12707285
v -0.31782300 7.58000000 0.03668284
v -0.31782300 7.58000000 0.12707285
v -0.21066999 7.66817614 0.08187784
v -0.21066999 7.49182386 0.08187784
v -0.24959560 7.50866400 0.12486085
v -0.17174439 7.50866400 0.12486085
v -0.24959560 7.65133600 0.12486085
v -0.17174439 7.65133600 0.12486085
v -0.21066999 7.58000000 0.16784386
v -0.24959560 7.50866400 0.03889484
v -0.17174439 7.50866400 0.03889484
v -0.24959560 7.65133600 0.03889484
v -0.17174439 7.65133600 0.03889484
v -0.21066999 7.58000000 -0.00408817
v -0.10876143 7.62408807 0.05531289
v -0.10876143 7.53591193 0.05531289
v -0.14768704 7.55275207 0.01232988
v -0.14768704 7.60724793 0.01232988
v -0.10876143 7.62408807 0.10844280
v -0.10876143 7.53591193 0.10844280
v -0.14768704 7.55275207 0.15142581
v -0.14768704 7.60724793 0.15142581
v -0.08470408 7.58000000 0.08187784
v -0.31257856 7.62408807 0.05531289
v -0.31257856 7.53591193 0.05531289
v -0.27365295 7.55275207 0.01232988
v -0.27365295 7.60724793 0.01232988
v -0.31257856 7.62408807 0.10844280
v -0.31257856 7.53591193 0.10844280
v -0.27365295 7.55275207 0.15142581
v -0.27365295 7.60724793 0.15142581
v -0.33663591 7.58000000 0.08187784
f 9139 9176 9155
f 9176 9150 9179
f 9155 9179 9144
f 9176 9179 9155
f 9139 9155 9151
f 9155 9144 9156
f 9151 9156 9140
f 9155 9156 9151
f 9139 9151 9160
f 9151 9140 9161
f 9160 9161 9146
f 9151 9161 9160
f 9139 9160 9172
f 9160 9146 9175
f 9172 9175 9149
f 9160 9175 9172
f 9139 9172 9176
f 9172 9149 9180
f 9176 9180 9150
f 9172 9180 9176
f 9140 9156 9167
f 9156 9144 9170
f 9167 9170 9148
f 9156 9170 9167
f 9144 9179 9157
f 9179 9150 9178
f 9157 9178 9143
f 9179 9178 9157
f 9150 9180 9177
f 9180 9149 9173
f 9177 9173 9141
f 9180 9173 9177
f 9149 9175 9174
f 9175 9146 9162
f 9174 9162 9145
f 9175 9162 9174
f 9146 9161 9166
f 9161 9140 9163
f 9166 9163 9147
f 9161 9163 9166
f 9142 9168 9154
f 9168 9148 9169
f 9154 9169 9143
f 9168 9169 9154
f 9142 9154 9152
f 9154 9143 9153
f 9152 9153 9141
f 9154 9153 9152
f 9142 9152 9159
f 9152 9141 9158
f 9159 9158 9145
f 9152 9158 9159
f 9142 9159 9164
f 9159 9145 9165
f 9164 9165 9147
f 9159 9165 9164
f 9142 9164 9168
f 9164 9147 9171
f 9168 9171 9148
f 9164 9171 9168
f 9143 9169 9157
f 9169 9148 9170
f 9157 9170 9144
f 9169 9170 9157
f 9141 9153 9177
f 9153 9143 9178
f 9177 9178 9150
f 9153 9178 9177
f 9145 9158 9174
f 9158 9141 9173
f 9174 9173 9149
f 9158 9173 9174
f 9147 9165 9166
f 9165 9145 9162
f 9166 9162 9146
f 9165 9162 9166
f 9148 9171 9167
f 9171 9147 9163
f 9167 9163 9140
f 9171 9163 9167

o geometry_682
v -0.04004427 7.72701961 0.16048678
v 0.21956463 7.72701961 0.16048678
v -0.04004427 7.43298039 0.16048678
v 0.21956463 7.43298039 0.16048678
v 0.08976018 7.48913688 0.31307392
v 0.08976018 7.67086312 0.31307392
v 0.08976018 7.48913688 0.00789965
v 0.08976018 7.67086312 0.00789965
v 0.29978820 7.58000000 0.06618275
v 0.29978820 7.58000000 0.25479082
v -0.12026784 7.58000000 0.06618275
v -0.12026784 7.58000000 0.25479082
v 0.08976018 7.75283192 0.16048678
v 0.08976018 7.40716808 0.16048678
v 0.01346304 7.44017604 0.25017525
v 0.16605732 7.44017604 0.25017525
v 0.01346304 7.71982396 0.25017525
v 0.16605732 7.71982396 0.25017525
v 0.08976018 7.58000000 0.33986372
v 0.01346304 7.44017604 0.07079832
v 0.16605732 7.44017604 0.07079832
v 0.01346304 7.71982396 0.07079832
v 0.16605732 7.71982396 0.07079832
v 0.08976018 7.58000000 -0.01889015
v 0.28950870 7.66641596 0.10505626
v 0.28950870 7.49358404 0.10505626
v 0.21321155 7.52659200 0.01536780
v 0.21321155 7.63340800 0.01536780
v 0.28950870 7.66641596 0.21591731
v 0.28950870 7.49358404 0.21591731
v 0.21321155 7.52659200 0.30560577
v 0.21321155 7.63340800 0.30560577
v 0.33666292 7.58000000 0.16048678
v -0.10998834 7.66641596 0.10505626
v -0.10998834 7.49358404 0.10505626
v -0.03369119 7.52659200 0.01536780
v -0.03369119 7.63340800 0.01536780
v -0.10998834 7.66641596 0.21591731
v -0.10998834 7.49358404 0.21591731
v -0.03369119 7.52659200 0.30560577
v -0.03369119 7.63340800 0.30560577
v -0.15714256 7.58000000 0.16048678
f 9181 9218 9197
f 9218 9192 9221
f 9197 9221 9186
f 9218 9221 9197
f 9181 9197 9193
f 9197 9186 9198
f 9193 9198 9182
f 9197 9198 9193
f 9181 9193 9202
f 9193 9182 9203
f 9202 9203 9188
f 9193 9203 9202
f 9181 9202 9214
f 9202 9188 9217
f 9214 9217 9191
f 9202 9217 9214
f 9181 9214 9218
f 9214 9191 9222
f 9218 9222 9192
f 9214 9222 9218
f 9182 9198 9209
f 9198 9186 9212
f 9209 9212 9190
f 9198 9212 9209
f 9186 9221 9199
f 9221 9192 9220
f 9199 9220 9185
f 9221 9220 9199
f 9192 9222 9219
f 9222 9191 9215
f 9219 9215 9183
f 9222 9215 9219
f 9191 9217 9216
f 9217 9188 9204
f 9216 9204 9187
f 9217 9204 9216
f 9188 9203 9208
f 9203 9182 9205
f 9208 9205 9189
f 9203 9205 9208
f 9184 9210 9196
f 9210 9190 9211
f 9196 9211 9185
f 9210 9211 9196
f 9184 9196 9194
f 9196 9185 9195
f 9194 9195 9183
f 9196 9195 9194
f 9184 9194 9201
f 9194 9183 9200
f 9201 9200 9187
f 9194 9200 9201
f 9184 9201 9206
f 9201 9187 9207
f 9206 9207 9189
f 9201 9207 9206
f 9184 9206 9210
f 9206 9189 9213
f 9210 9213 9190
f 9206 9213 9210
f 9185 9211 9199
f 9211 9190 9212
f 9199 9212 9186
f 9211 9212 9199
f 9183 9195 9219
f 9195 9185 9220
f 9219 9220 9192
f 9195 9220 9219
f 9187 9200 9216
f 9200 9183 9215
f 9216 9215 9191
f 9200 9215 9216
f 9189 9207 9208
f 9207 9187 9204
f 9208 9204 9188
f 9207 9204 9208
f 9190 9213 9209
f 9213 9189 9205
f 9209 9205 9182
f 9213 9205 9209

o geometry_683
v -0.06051560 7.70802558 0.13975288
v 0.16555343 7.70802558 0.13975288
v -0.06051560 7.45197442 0.13975288
v 0.16555343 7.45197442 0.13975288
v 0.05251891 7.50087584 0.29716550
v 0.05251891 7.65912416 0.29716550
v 0.05251891 7.50087584 -0.01765975
v 0.05251891 7.65912416 -0.01765975
v 0.23541260 7.58000000 0.04246652
v 0.23541260 7.58000000 0.23703923
v -0.13037478 7.58000000 0.04246652
v -0.13037478 7.58000000 0.23703923
v 0.05251891 7.73050310 0.13975288
v 0.05251891 7.42949690 0.13975288
v -0.01392111 7.45824044 0.23227769
v 0.11895893 7.45824044 0.23227769
v -0.01392111 7.70175956 0.23227769
v 0.11895893 7.70175956 0.23227769
v 0.05251891 7.58000000 0.32480251
v -0.01392111 7.45824044 0.04722806
v 0.11895893 7.45824044 0.04722806
v -0.01392111 7.70175956 0.04722806
v 0.11895893 7.70175956 0.04722806
v 0.05251891 7.58000000 -0.04529676
v 0.22646115 7.65525155 0.08256939
v 0.22646115 7.50474845 0.08256939
v 0.16002112 7.53349199 -0.00995543
v 0.16002112 7.62650801 -0.00995543
v 0.22646115 7.65525155 0.19693636
v 0.22646115 7.50474845 0.19693636
v 0.16002112 7.53349199 0.28946118
v 0.16002112 7.62650801 0.28946118
v 0.26752334 7.58000000 0.13975288
v -0.12142332 7.65525155 0.08256939
v -0.12142332 7.50474845 0.08256939
v -0.05498330 7.53349199 -0.00995543
v -0.05498330 7.62650801 -0.00995543
v -0.12142332 7.65525155 0.19693636
v -0.12142332 7.50474845 0.19693636
v -0.05498330 7.53349199 0.28946118
v -0.05498330 7.62650801 0.28946118
v -0.16248551 7.58000000 0.13975288
f 9223 9260 9239
f 9260 9234 9263
f 9239 9263 9228
f 9260 9263 9239
f 9223 9239 9235
f 9239 9228 9240
f 9235 9240 9224
f 9239 9240 9235
f 9223 9235 9244
f 9235 9224 9245
f 9244 9245 9230
f 9235 9245 9244
f 9223 9244 9256
f 9244 9230 9259
f 9256 9259 9233
f 9244 9259 9256
f 9223 9256 9260
f 9256 9233 9264
f 9260 9264 9234
f 9256 9264 9260
f 9224 9240 9251
f 9240 9228 9254
f 9251 9254 9232
f 9240 9254 9251
f 9228 9263 9241
f 9263 9234 9262
f 9241 9262 9227
f 9263 9262 9241
f 9234 9264 9261
f 9264 9233 9257
f 9261 9257 9225
f 9264 9257 9261
f 9233 9259 9258
f 9259 9230 9246
f 9258 9246 9229
f 9259 9246 9258
f 9230 9245 9250
f 9245 9224 9247
f 9250 9247 9231
f 9245 9247 9250
f 9226 9252 9238
f 9252 9232 9253
f 9238 9253 9227
f 9252 9253 9238
f 9226 9238 9236
f 9238 9227 9237
f 9236 9237 9225
f 9238 9237 9236
f 9226 9236 9243
f 9236 9225 9242
f 9243 9242 9229
f 9236 9242 9243
f 9226 9243 9248
f 9243 9229 9249
f 9248 9249 9231
f 9243 9249 9248
f 9226 9248 9252
f 9248 9231 9255
f 9252 9255 9232
f 9248 9255 9252
f 9227 9253 9241
f 9253 9232 9254
f 9241 9254 9228
f 9253 9254 9241
f 9225 9237 9261
f 9237 9227 9262
f 9261 9262 9234
f 9237 9262 9261
f 9229 9242 9258
f 9242 9225 9257
f 9258 9257 9233
f 9242 9257 9258
f 9231 9249 9250
f 9249 9229 9246
f 9250 9246 9230
f 9249 9246 9250
f 9232 9255 9251
f 9255 9231 9247
f 9251 9247 9224
f 9255 9247 9251

o geometry_684
v -0.38196035 7.64627540 0.07234631
v -0.26493048 7.64627540 0.07234631
v -0.38196035 7.51372460 0.07234631
v -0.26493048 7.51372460 0.07234631
v -0.32344542 7.53903955 0.13310389
v -0.32344542 7.62096045 0.13310389
v -0.32344542 7.53903955 0.01158873
v -0.32344542 7.62096045 0.01158873
v -0.22876627 7.58000000 0.03479606
v -0.22876627 7.58000000 0.10989656
v -0.41812457 7.58000000 0.03479606
v -0.41812457 7.58000000 0.10989656
v -0.32344542 7.65791141 0.07234631
v -0.32344542 7.50208859 0.07234631
v -0.35783963 7.51696834 0.10805872
v -0.28905120 7.51696834 0.10805872
v -0.35783963 7.64303166 0.10805872
v -0.28905120 7.64303166 0.10805872
v -0.32344542 7.58000000 0.14377113
v -0.35783963 7.51696834 0.03663390
v -0.28905120 7.51696834 0.03663390
v -0.35783963 7.64303166 0.03663390
v -0.28905120 7.64303166 0.03663390
v -0.32344542 7.58000000 0.00092149
v -0.23340019 7.61895571 0.05027483
v -0.23340019 7.54104429 0.05027483
v -0.26779441 7.55592405 0.01456242
v -0.26779441 7.60407595 0.01456242
v -0.23340019 7.61895571 0.09441779
v -0.23340019 7.54104429 0.09441779
v -0.26779441 7.55592405 0.13013020
v -0.26779441 7.60407595 0.13013020
v -0.21214340 7.58000000 0.07234631
v -0.41349064 7.61895571 0.05027483
v -0.41349064 7.54104429 0.05027483
v -0.37909642 7.55592405 0.01456242
v -0.37909642 7.60407595 0.01456242
v -0.41349064 7.61895571 0.09441779
v -0.41349064 7.54104429 0.09441779
v -0.37909642 7.55592405 0.13013020
v -0.37909642 7.60407595 0.13013020
v -0.43474743 7.58000000 0.07234631
f 9265 9302 9281
f 9302 9276 9305
f 9281 9305 9270
f 9302 9305 9281
f 9265 9281 9277
f 9281 9270 9282
f 9277 9282 9266
f 9281 9282 9277
f 9265 9277 9286
f 9277 9266 9287
f 9286 9287 9272
f 9277 9287 9286
f 9265 9286 9298
f 9286 9272 9301
f 9298 9301 9275
f 9286 9301 9298
f 9265 9298 9302
f 9298 9275 9306
f 9302 9306 9276
f 9298 9306 9302
f 9266 9282 9293
f 9282 9270 9296
f 9293 9296 9274
f 9282 9296 9293
f 9270 9305 9283
f 9305 9276 9304
f 9283 9304 9269
f 9305 9304 9283
f 9276 9306 9303
f 9306 9275 9299
f 9303 9299 9267
f 9306 9299 9303
f 9275 9301 9300
f 9301 9272 9288
f 9300 9288 9271
f 9301 9288 9300
f 9272 9287 9292
f 9287 9266 9289
f 9292 9289 9273
f 9287 9289 9292
f 9268 9294 9280
f 9294 9274 9295
f 9280 9295 9269
f 9294 9295 9280
f 9268 9280 9278
f 9280 9269 9279
f 9278 9279 9267
f 9280 9279 9278
f 9268 9278 9285
f 9278 9267 9284
f 9285 9284 9271
f 9278 9284 9285
f 9268 9285 9290
f 9285 9271 9291
f 9290 9291 9273
f 9285 9291 9290
f 9268 9290 9294
f 9290 9273 9297
f 9294 9297 9274
f 9290 9297 9294
f 9269 9295 9283
f 9295 9274 9296
f 9283 9296 9270
f 9295 9296 9283
f 9267 9279 9303
f 9279 9269 9304
f 9303 9304 9276
f 9279 9304 9303
f 9271 9284 9300
f 9284 9267 9299
f 9300 9299 9275
f 9284 9299 9300
f 9273 9291 9292
f 9291 9271 9288
f 9292 9288 9272
f 9291 9288 9292
f 9274 9297 9293
f 9297 9273 9289
f 9293 9289 9266
f 9297 9289 9293

o geometry_685
v -2.00000000 7.70500000 0.00000000
v -2.00000000 7.70500000 0.18000000
v -2.00000000 8.25500000 0.00000000
v -2.00000000 8.25500000 0.18000000
v 2.00000000 7.70500000 0.00000000
v 2.00000000 7.70500000 0.18000000
v 2.00000000 8.25500000 0.00000000
v 2.00000000 8.25500000 0.18000000
f 9308 9310 9307
f 9311 9308 9307
f 9307 9310 9309
f 9309 9311 9307
f 9308 9314 9310
f 9312 9308 9311
f 9312 9314 9308
f 9310 9314 9309
f 9313 9311 9309
f 9309 9314 9313
f 9313 9312 9311
f 9314 9312 9313

o geometry_686
v -2.00000000 7.67000000 3.25000000
v -2.00000000 7.67000000 3.50000000
v -2.00000000 8.29000000 3.25000000
v -2.00000000 8.29000000 3.50000000
v 2.00000000 7.67000000 3.25000000
v 2.00000000 7.67000000 3.50000000
v 2.00000000 8.29000000 3.25000000
v 2.00000000 8.29000000 3.50000000
f 9316 9318 9315
f 9319 9316 9315
f 9315 9318 9317
f 9317 9319 9315
f 9316 9322 9318
f 9320 9316 9319
f 9320 9322 9316
f 9318 9322 9317
f 9321 9319 9317
f 9317 9322 9321
f 9321 9320 9319
f 9322 9320 9321

o geometry_687
v 2.80974939 7.51792461 0.00599776
v 2.80974939 7.51792461 0.48099776
v 2.80825295 7.99792228 0.00599776
v 2.80825295 7.99792228 0.48099776
v 3.29068246 7.51942397 0.00599776
v 3.29068246 7.51942397 0.48099776
v 3.28918601 7.99942164 0.00599776
v 3.28918601 7.99942164 0.48099776
f 9324 9326 9323
f 9327 9324 9323
f 9323 9326 9325
f 9325 9327 9323
f 9324 9330 9326
f 9328 9324 9327
f 9328 9330 9324
f 9326 9330 9325
f 9329 9327 9325
f 9325 9330 9329
f 9329 9328 9327
f 9330 9328 9329

o geometry_688
v 4.80710903 7.52309104 -0.00078345
v 4.80710903 7.52309104 0.47421655
v 4.79997201 8.00303798 -0.00078345
v 4.79997201 8.00303798 0.47421655
v 5.36591823 7.53140078 -0.00078345
v 5.36591823 7.53140078 0.47421655
v 5.35878121 8.01134772 -0.00078345
v 5.35878121 8.01134772 0.47421655
f 9332 9334 9331
f 9335 9332 9331
f 9331 9334 9333
f 9333 9335 9331
f 9332 9338 9334
f 9336 9332 9335
f 9336 9338 9332
f 9334 9338 9333
f 9337 9335 9333
f 9333 9338 9337
f 9337 9336 9335
f 9338 9336 9337

o geometry_689
v 5.38138412 7.50884201 0.01131766
v 5.38138412 7.50884201 0.48631766
v 5.37938155 7.98883783 0.01131766
v 5.37938155 7.98883783 0.48631766
v 5.89251393 7.51097448 0.01131766
v 5.89251393 7.51097448 0.48631766
v 5.89051136 7.99097030 0.01131766
v 5.89051136 7.99097030 0.48631766
f 9340 9342 9339
f 9343 9340 9339
f 9339 9342 9341
f 9341 9343 9339
f 9340 9346 9342
f 9344 9340 9343
f 9344 9346 9340
f 9342 9346 9341
f 9345 9343 9341
f 9341 9346 9345
f 9345 9344 9343
f 9346 9344 9345

o geometry_690
v 5.90968183 7.51579096 0.03090227
v 5.90968183 7.51579096 0.50590227
v 5.90934802 7.99579084 0.03090227
v 5.90934802 7.99579084 0.50590227
v 6.37926185 7.51611752 0.03090227
v 6.37926185 7.51611752 0.50590227
v 6.37892804 7.99611740 0.03090227
v 6.37892804 7.99611740 0.50590227
f 9348 9350 9347
f 9351 9348 9347
f 9347 9350 9349
f 9349 9351 9347
f 9348 9354 9350
f 9352 9348 9351
f 9352 9354 9348
f 9350 9354 9349
f 9353 9351 9349
f 9349 9354 9353
f 9353 9352 9351
f 9354 9352 9353

o geometry_691
v 6.39896015 7.51333910 -0.00929843
v 6.39896015 7.51333910 0.46570157
v 6.39524167 7.99332470 -0.00929843
v 6.39524167 7.99332470 0.46570157
v 6.79285333 7.51639061 -0.00929843
v 6.79285333 7.51639061 0.46570157
v 6.78913485 7.99637621 -0.00929843
v 6.78913485 7.99637621 0.46570157
f 9356 9358 9355
f 9359 9356 9355
f 9355 9358 9357
f 9357 9359 9355
f 9356 9362 9358
f 9360 9356 9359
f 9360 9362 9356
f 9358 9362 9357
f 9361 9359 9357
f 9357 9362 9361
f 9361 9360 9359
f 9362 9360 9361

o geometry_692
v 2.81165168 7.52234101 0.48905059
v 2.81165168 7.52234101 0.96405059
v 2.80638819 8.00231215 0.48905059
v 2.80638819 8.00231215 0.96405059
v 3.47466549 7.52961179 0.48905059
v 3.47466549 7.52961179 0.96405059
v 3.46940201 8.00958293 0.48905059
v 3.46940201 8.00958293 0.96405059
f 9364 9366 9363
f 9367 9364 9363
f 9363 9366 9365
f 9365 9367 9363
f 9364 9370 9366
f 9368 9364 9367
f 9368 9370 9364
f 9366 9370 9365
f 9369 9367 9365
f 9365 9370 9369
f 9369 9368 9367
f 9370 9368 9369

o geometry_693
v 4.85292980 7.51469564 0.53355493
v 4.85292980 7.51469564 1.00855493
v 4.85444232 7.99469326 0.53355493
v 4.85444232 7.99469326 1.00855493
v 5.56273335 7.51245897 0.53355493
v 5.56273335 7.51245897 1.00855493
v 5.56424588 7.99245659 0.53355493
v 5.56424588 7.99245659 1.00855493
f 9372 9374 9371
f 9375 9372 9371
f 9371 9374 9373
f 9373 9375 9371
f 9372 9378 9374
f 9376 9372 9375
f 9376 9378 9372
f 9374 9378 9373
f 9377 9375 9373
f 9373 9378 9377
f 9377 9376 9375
f 9378 9376 9377

o geometry_694
v 5.58424167 7.51771507 0.53427934
v 5.58424167 7.51771507 1.00927934
v 5.57878611 7.99768406 0.53427934
v 5.57878611 7.99768406 1.00927934
v 6.28134432 7.52563868 0.53427934
v 6.28134432 7.52563868 1.00927934
v 6.27588876 8.00560767 0.53427934
v 6.27588876 8.00560767 1.00927934
f 9380 9382 9379
f 9383 9380 9379
f 9379 9382 9381
f 9381 9383 9379
f 9380 9386 9382
f 9384 9380 9383
f 9384 9386 9380
f 9382 9386 9381
f 9385 9383 9381
f 9381 9386 9385
f 9385 9384 9383
f 9386 9384 9385

o geometry_695
v 6.30001450 7.52749272 0.49834935
v 6.30001450 7.52749272 0.97334935
v 6.29331180 8.00744592 0.49834935
v 6.29331180 8.00744592 0.97334935
v 6.79432725 7.53439595 0.49834935
v 6.79432725 7.53439595 0.97334935
v 6.78762455 8.01434915 0.49834935
v 6.78762455 8.01434915 0.97334935
f 9388 9390 9387
f 9391 9388 9387
f 9387 9390 9389
f 9389 9391 9387
f 9388 9394 9390
f 9392 9388 9391
f 9392 9394 9388
f 9390 9394 9389
f 9393 9391 9389
f 9389 9394 9393
f 9393 9392 9391
f 9394 9392 9393

o geometry_696
v 2.80905216 7.51613126 1.00255131
v 2.80905216 7.51613126 1.47755131
v 2.80894786 7.99613124 1.00255131
v 2.80894786 7.99613124 1.47755131
v 3.44692845 7.51626986 1.00255131
v 3.44692845 7.51626986 1.47755131
v 3.44682415 7.99626985 1.00255131
v 3.44682415 7.99626985 1.47755131
f 9396 9398 9395
f 9399 9396 9395
f 9395 9398 9397
f 9397 9399 9395
f 9396 9402 9398
f 9400 9396 9399
f 9400 9402 9396
f 9398 9402 9397
f 9401 9399 9397
f 9397 9402 9401
f 9401 9400 9399
f 9402 9400 9401

o geometry_697
v 4.75591772 7.51566875 1.03271009
v 4.75591772 7.51566875 1.50771009
v 4.75329719 7.99566159 1.03271009
v 4.75329719 7.99566159 1.50771009
v 5.41798240 7.51928330 1.03271009
v 5.41798240 7.51928330 1.50771009
v 5.41536187 7.99927615 1.03271009
v 5.41536187 7.99927615 1.50771009
f 9404 9406 9403
f 9407 9404 9403
f 9403 9406 9405
f 9405 9407 9403
f 9404 9410 9406
f 9408 9404 9407
f 9408 9410 9404
f 9406 9410 9405
f 9409 9407 9405
f 9405 9410 9409
f 9409 9408 9407
f 9410 9408 9409

o geometry_698
v 5.43591497 7.50746666 1.03704948
v 5.43591497 7.50746666 1.51204948
v 5.43344864 7.98746033 1.03704948
v 5.43344864 7.98746033 1.51204948
v 6.15385915 7.51115564 1.03704948
v 6.15385915 7.51115564 1.51204948
v 6.15139282 7.99114930 1.03704948
v 6.15139282 7.99114930 1.51204948
f 9412 9414 9411
f 9415 9412 9411
f 9411 9414 9413
f 9413 9415 9411
f 9412 9418 9414
f 9416 9412 9415
f 9416 9418 9412
f 9414 9418 9413
f 9417 9415 9413
f 9413 9418 9417
f 9417 9416 9415
f 9418 9416 9417

o geometry_699
v 6.17356634 7.50559582 1.03573165
v 6.17356634 7.50559582 1.51073165
v 6.16773886 7.98556045 1.03573165
v 6.16773886 7.98556045 1.51073165
v 6.76702629 7.51280130 1.03573165
v 6.76702629 7.51280130 1.51073165
v 6.76119881 7.99276593 1.03573165
v 6.76119881 7.99276593 1.51073165
f 9420 9422 9419
f 9423 9420 9419
f 9419 9422 9421
f 9421 9423 9419
f 9420 9426 9422
f 9424 9420 9423
f 9424 9426 9420
f 9422 9426 9421
f 9425 9423 9421
f 9421 9426 9425
f 9425 9424 9423
f 9426 9424 9425

o geometry_700
v 6.78452217 7.51355327 0.99805625
v 6.78452217 7.51355327 1.47305625
v 6.77974710 7.99352952 0.99805625
v 6.77974710 7.99352952 1.47305625
v 6.79338732 7.51364146 0.99805625
v 6.79338732 7.51364146 1.47305625
v 6.78861224 7.99361771 0.99805625
v 6.78861224 7.99361771 1.47305625
f 9428 9430 9427
f 9431 9428 9427
f 9427 9430 9429
f 9429 9431 9427
f 9428 9434 9430
f 9432 9428 9431
f 9432 9434 9428
f 9430 9434 9429
f 9433 9431 9429
f 9429 9434 9433
f 9433 9432 9431
f 9434 9432 9433

o geometry_701
v 2.81156695 7.52295978 1.49067303
v 2.81156695 7.52295978 1.96567303
v 2.80647027 8.00293273 1.49067303
v 2.80647027 8.00293273 1.96567303
v 3.47172874 7.52996983 1.49067303
v 3.47172874 7.52996983 1.96567303
v 3.46663206 8.00994277 1.49067303
v 3.46663206 8.00994277 1.96567303
f 9436 9438 9435
f 9439 9436 9435
f 9435 9438 9437
f 9437 9439 9435
f 9436 9442 9438
f 9440 9436 9439
f 9440 9442 9436
f 9438 9442 9437
f 9441 9439 9437
f 9437 9442 9441
f 9441 9440 9439
f 9442 9440 9441

o geometry_702
v 4.83094936 7.52484589 1.49503827
v 4.83094936 7.52484589 1.97003827
v 4.83391731 8.00483671 1.49503827
v 4.83391731 8.00483671 1.97003827
v 5.52803278 7.52053558 1.49503827
v 5.52803278 7.52053558 1.97003827
v 5.53100073 8.00052640 1.49503827
v 5.53100073 8.00052640 1.97003827
f 9444 9446 9443
f 9447 9444 9443
f 9443 9446 9445
f 9445 9447 9443
f 9444 9450 9446
f 9448 9444 9447
f 9448 9450 9444
f 9446 9450 9445
f 9449 9447 9445
f 9445 9450 9449
f 9449 9448 9447
f 9450 9448 9449

o geometry_703
v 5.54835009 7.50762968 1.48970950
v 5.54835009 7.50762968 1.96470950
v 5.54670082 7.98762685 1.48970950
v 5.54670082 7.98762685 1.96470950
v 6.24027469 7.51000713 1.48970950
v 6.24027469 7.51000713 1.96470950
v 6.23862542 7.99000430 1.48970950
v 6.23862542 7.99000430 1.96470950
f 9452 9454 9451
f 9455 9452 9451
f 9451 9454 9453
f 9453 9455 9451
f 9452 9458 9454
f 9456 9452 9455
f 9456 9458 9452
f 9454 9458 9453
f 9457 9455 9453
f 9453 9458 9457
f 9457 9456 9455
f 9458 9456 9457

o geometry_704
v 6.26021197 7.51041405 1.50404771
v 6.26021197 7.51041405 1.97904771
v 6.25472706 7.99038271 1.50404771
v 6.25472706 7.99038271 1.97904771
v 6.79372504 7.51651086 1.50404771
v 6.79372504 7.51651086 1.97904771
v 6.78824012 7.99647952 1.50404771
v 6.78824012 7.99647952 1.97904771
f 9460 9462 9459
f 9463 9460 9459
f 9459 9462 9461
f 9461 9463 9459
f 9460 9466 9462
f 9464 9460 9463
f 9464 9466 9460
f 9462 9466 9461
f 9465 9463 9461
f 9461 9466 9465
f 9465 9464 9463
f 9466 9464 9465

o geometry_705
v 2.80763555 7.52191499 2.03742545
v 2.80763555 7.52191499 2.51242545
v 2.81037629 8.00190717 2.03742545
v 2.81037629 8.00190717 2.51242545
v 3.53397702 7.51776761 2.03742545
v 3.53397702 7.51776761 2.51242545
v 3.53671776 7.99775979 2.03742545
v 3.53671776 7.99775979 2.51242545
f 9468 9470 9467
f 9471 9468 9467
f 9467 9470 9469
f 9469 9471 9467
f 9468 9474 9470
f 9472 9468 9471
f 9472 9474 9468
f 9470 9474 9469
f 9473 9471 9469
f 9469 9474 9473
f 9473 9472 9471
f 9474 9472 9473

o geometry_706
v 3.55118645 7.51964749 1.98906889
v 3.55118645 7.51964749 2.46406889
v 3.55554405 7.99962771 1.98906889
v 3.55554405 7.99962771 2.46406889
v 4.13067031 7.51438652 1.98906889
v 4.13067031 7.51438652 2.46406889
v 4.13502791 7.99436674 1.98906889
v 4.13502791 7.99436674 2.46406889
f 9476 9478 9475
f 9479 9476 9475
f 9475 9478 9477
f 9477 9479 9475
f 9476 9482 9478
f 9480 9476 9479
f 9480 9482 9476
f 9478 9482 9477
f 9481 9479 9477
f 9477 9482 9481
f 9481 9480 9479
f 9482 9480 9481

o geometry_707
v 4.14759652 7.52105502 1.99530995
v 4.14759652 7.52105502 2.47030995
v 4.15418524 8.00100980 1.99530995
v 4.15418524 8.00100980 2.47030995
v 4.78082648 7.51236217 1.99530995
v 4.78082648 7.51236217 2.47030995
v 4.78741520 7.99231695 1.99530995
v 4.78741520 7.99231695 2.47030995
f 9484 9486 9483
f 9487 9484 9483
f 9483 9486 9485
f 9485 9487 9483
f 9484 9490 9486
f 9488 9484 9487
f 9488 9490 9484
f 9486 9490 9485
f 9489 9487 9485
f 9485 9490 9489
f 9489 9488 9487
f 9490 9488 9489

o geometry_708
v 4.80503162 7.52138957 2.03543297
v 4.80503162 7.52138957 2.51043297
v 4.79931985 8.00135558 2.03543297
v 4.79931985 8.00135558 2.51043297
v 5.51299558 7.52981459 2.03543297
v 5.51299558 7.52981459 2.51043297
v 5.50728382 8.00978060 2.03543297
v 5.50728382 8.00978060 2.51043297
f 9492 9494 9491
f 9495 9492 9491
f 9491 9494 9493
f 9493 9495 9491
f 9492 9498 9494
f 9496 9492 9495
f 9496 9498 9492
f 9494 9498 9493
f 9497 9495 9493
f 9493 9498 9497
f 9497 9496 9495
f 9498 9496 9497

o geometry_709
v 5.52920369 7.51983368 2.01350365
v 5.52920369 7.51983368 2.48850365
v 5.52713170 7.99982920 2.01350365
v 5.52713170 7.99982920 2.48850365
v 6.15758858 7.52254622 2.01350365
v 6.15758858 7.52254622 2.48850365
v 6.15551659 8.00254175 2.01350365
v 6.15551659 8.00254175 2.48850365
f 9500 9502 9499
f 9503 9500 9499
f 9499 9502 9501
f 9501 9503 9499
f 9500 9506 9502
f 9504 9500 9503
f 9504 9506 9500
f 9502 9506 9501
f 9505 9503 9501
f 9501 9506 9505
f 9505 9504 9503
f 9506 9504 9505

o geometry_710
v 6.17775482 7.51416898 2.01850631
v 6.17775482 7.51416898 2.49350631
v 6.17141006 7.99412704 2.01850631
v 6.17141006 7.99412704 2.49350631
v 6.79414545 7.52231730 2.01850631
v 6.79414545 7.52231730 2.49350631
v 6.78780069 8.00227536 2.01850631
v 6.78780069 8.00227536 2.49350631
f 9508 9510 9507
f 9511 9508 9507
f 9507 9510 9509
f 9509 9511 9507
f 9508 9514 9510
f 9512 9508 9511
f 9512 9514 9508
f 9510 9514 9509
f 9513 9511 9509
f 9509 9514 9513
f 9513 9512 9511
f 9514 9512 9513

o geometry_711
v 2.80712105 7.52462732 2.52351556
v 2.80712105 7.52462732 2.99851556
v 2.81089906 8.00461245 2.52351556
v 2.81089906 8.00461245 2.99851556
v 3.45649280 7.51951605 2.52351556
v 3.45649280 7.51951605 2.99851556
v 3.46027080 7.99950119 2.52351556
v 3.46027080 7.99950119 2.99851556
f 9516 9518 9515
f 9519 9516 9515
f 9515 9518 9517
f 9517 9519 9515
f 9516 9522 9518
f 9520 9516 9519
f 9520 9522 9516
f 9518 9522 9517
f 9521 9519 9517
f 9517 9522 9521
f 9521 9520 9519
f 9522 9520 9521

o geometry_712
v 3.47674088 7.50521889 2.51355636
v 3.47674088 7.50521889 2.98855636
v 3.47604348 7.98521838 2.51355636
v 3.47604348 7.98521838 2.98855636
v 4.09266685 7.50611378 2.51355636
v 4.09266685 7.50611378 2.98855636
v 4.09196945 7.98611327 2.51355636
v 4.09196945 7.98611327 2.98855636
f 9524 9526 9523
f 9527 9524 9523
f 9523 9526 9525
f 9525 9527 9523
f 9524 9530 9526
f 9528 9524 9527
f 9528 9530 9524
f 9526 9530 9525
f 9529 9527 9525
f 9525 9530 9529
f 9529 9528 9527
f 9530 9528 9529

o geometry_713
v 4.10689246 7.52666378 2.51649826
v 4.10689246 7.52666378 2.99149826
v 4.11380346 8.00661402 2.51649826
v 4.11380346 8.00661402 2.99149826
v 4.67569533 7.51847335 2.51649826
v 4.67569533 7.51847335 2.99149826
v 4.68260633 7.99842360 2.51649826
v 4.68260633 7.99842360 2.99149826
f 9532 9534 9531
f 9535 9532 9531
f 9531 9534 9533
f 9533 9535 9531
f 9532 9538 9534
f 9536 9532 9535
f 9536 9538 9532
f 9534 9538 9533
f 9537 9535 9533
f 9533 9538 9537
f 9537 9536 9535
f 9538 9536 9537

o geometry_714
v 4.69809960 7.51476216 2.49050403
v 4.69809960 7.51476216 2.96550403
v 4.69626589 7.99475866 2.49050403
v 4.69626589 7.99475866 2.96550403
v 5.36516190 7.51731051 2.49050403
v 5.36516190 7.51731051 2.96550403
v 5.36332819 7.99730701 2.49050403
v 5.36332819 7.99730701 2.96550403
f 9540 9542 9539
f 9543 9540 9539
f 9539 9542 9541
f 9541 9543 9539
f 9540 9546 9542
f 9544 9540 9543
f 9544 9546 9540
f 9542 9546 9541
f 9545 9543 9541
f 9541 9546 9545
f 9545 9544 9543
f 9546 9544 9545

o geometry_715
v 5.38374371 7.51263089 2.50512885
v 5.38374371 7.51263089 2.98012885
v 5.38076364 7.99262164 2.50512885
v 5.38076364 7.99262164 2.98012885
v 6.02649701 7.51662148 2.50512885
v 6.02649701 7.51662148 2.98012885
v 6.02351695 7.99661223 2.50512885
v 6.02351695 7.99661223 2.98012885
f 9548 9550 9547
f 9551 9548 9547
f 9547 9550 9549
f 9549 9551 9547
f 9548 9554 9550
f 9552 9548 9551
f 9552 9554 9548
f 9550 9554 9549
f 9553 9551 9549
f 9549 9554 9553
f 9553 9552 9551
f 9554 9552 9553

o geometry_716
v 6.04428530 7.53252417 2.49052884
v 6.04428530 7.53252417 2.96552884
v 6.04175062 8.01251748 2.49052884
v 6.04175062 8.01251748 2.96552884
v 6.73120630 7.53615157 2.49052884
v 6.73120630 7.53615157 2.96552884
v 6.72867162 8.01614488 2.49052884
v 6.72867162 8.01614488 2.96552884
f 9556 9558 9555
f 9559 9556 9555
f 9555 9558 9557
f 9557 9559 9555
f 9556 9562 9558
f 9560 9556 9559
f 9560 9562 9556
f 9558 9562 9557
f 9561 9559 9557
f 9557 9562 9561
f 9561 9560 9559
f 9562 9560 9561

o geometry_717
v 6.74861107 7.52740741 2.51031561
v 6.74861107 7.52740741 2.98531561
v 6.74727659 8.00740555 2.51031561
v 6.74727659 8.00740555 2.98531561
v 6.79166715 7.52752711 2.51031561
v 6.79166715 7.52752711 2.98531561
v 6.79033268 8.00752526 2.51031561
v 6.79033268 8.00752526 2.98531561
f 9564 9566 9563
f 9567 9564 9563
f 9563 9566 9565
f 9565 9567 9563
f 9564 9570 9566
f 9568 9564 9567
f 9568 9570 9564
f 9566 9570 9565
f 9569 9567 9565
f 9565 9570 9569
f 9569 9568 9567
f 9570 9568 9569

o geometry_718
v 2.80805980 7.52504806 3.00313353
v 2.80805980 7.52504806 3.47813353
v 2.80994398 8.00504436 3.00313353
v 2.80994398 8.00504436 3.47813353
v 3.29965932 7.52311833 3.00313353
v 3.29965932 7.52311833 3.47813353
v 3.30154350 8.00311464 3.00313353
v 3.30154350 8.00311464 3.47813353
f 9572 9574 9571
f 9575 9572 9571
f 9571 9574 9573
f 9573 9575 9571
f 9572 9578 9574
f 9576 9572 9575
f 9576 9578 9572
f 9574 9578 9573
f 9577 9575 9573
f 9573 9578 9577
f 9577 9576 9575
f 9578 9576 9577

o geometry_719
v 3.32057244 7.52384183 3.00635802
v 3.32057244 7.52384183 3.48135802
v 3.31665175 8.00382582 3.00635802
v 3.31665175 8.00382582 3.48135802
v 3.84798565 7.52814994 3.00635802
v 3.84798565 7.52814994 3.48135802
v 3.84406495 8.00813393 3.00635802
v 3.84406495 8.00813393 3.48135802
f 9580 9582 9579
f 9583 9580 9579
f 9579 9582 9581
f 9581 9583 9579
f 9580 9586 9582
f 9584 9580 9583
f 9584 9586 9580
f 9582 9586 9581
f 9585 9583 9581
f 9581 9586 9585
f 9585 9584 9583
f 9586 9584 9585

o geometry_720
v 3.86266991 7.51921851 3.02425866
v 3.86266991 7.51921851 3.49925866
v 3.86540565 7.99921072 3.02425866
v 3.86540565 7.99921072 3.49925866
v 4.31616230 7.51663380 3.02425866
v 4.31616230 7.51663380 3.49925866
v 4.31889804 7.99662601 3.02425866
v 4.31889804 7.99662601 3.49925866
f 9588 9590 9587
f 9591 9588 9587
f 9587 9590 9589
f 9589 9591 9587
f 9588 9594 9590
f 9592 9588 9591
f 9592 9594 9588
f 9590 9594 9589
f 9593 9591 9589
f 9589 9594 9593
f 9593 9592 9591
f 9594 9592 9593

o geometry_721
v 4.33329366 7.51314203 2.99943476
v 4.33329366 7.51314203 3.47443476
v 4.33779511 7.99312093 2.99943476
v 4.33779511 7.99312093 3.47443476
v 4.81220251 7.50865061 2.99943476
v 4.81220251 7.50865061 3.47443476
v 4.81670397 7.98862951 2.99943476
v 4.81670397 7.98862951 3.47443476
f 9596 9598 9595
f 9599 9596 9595
f 9595 9598 9597
f 9597 9599 9595
f 9596 9602 9598
f 9600 9596 9599
f 9600 9602 9596
f 9598 9602 9597
f 9601 9599 9597
f 9597 9602 9601
f 9601 9600 9599
f 9602 9600 9601

o geometry_722
v 4.83118555 7.51541425 2.99259208
v 4.83118555 7.51541425 3.46759208
v 4.83374922 7.99540741 2.99259208
v 4.83374922 7.99540741 3.46759208
v 5.33775878 7.51270861 2.99259208
v 5.33775878 7.51270861 3.46759208
v 5.34032246 7.99270176 2.99259208
v 5.34032246 7.99270176 3.46759208
f 9604 9606 9603
f 9607 9604 9603
f 9603 9606 9605
f 9605 9607 9603
f 9604 9610 9606
f 9608 9604 9607
f 9608 9610 9604
f 9606 9610 9605
f 9609 9607 9605
f 9605 9610 9609
f 9609 9608 9607
f 9610 9608 9609

o geometry_723
v 5.35961807 7.50737628 3.00942154
v 5.35961807 7.50737628 3.48442154
v 5.35449846 7.98734898 3.00942154
v 5.35449846 7.98734898 3.48442154
v 5.85297798 7.51263869 3.00942154
v 5.85297798 7.51263869 3.48442154
v 5.84785837 7.99261138 3.00942154
v 5.84785837 7.99261138 3.48442154
f 9612 9614 9611
f 9615 9612 9611
f 9611 9614 9613
f 9613 9615 9611
f 9612 9618 9614
f 9616 9612 9615
f 9616 9618 9612
f 9614 9618 9613
f 9617 9615 9613
f 9613 9618 9617
f 9617 9616 9615
f 9618 9616 9617

o geometry_724
v 5.87121915 7.52218963 3.02001162
v 5.87121915 7.52218963 3.49501162
v 5.86567674 8.00215763 3.02001162
v 5.86567674 8.00215763 3.49501162
v 6.34319463 7.52763975 3.02001162
v 6.34319463 7.52763975 3.49501162
v 6.33765222 8.00760775 3.02001162
v 6.33765222 8.00760775 3.49501162
f 9620 9622 9619
f 9623 9620 9619
f 9619 9622 9621
f 9621 9623 9619
f 9620 9626 9622
f 9624 9620 9623
f 9624 9626 9620
f 9622 9626 9621
f 9625 9623 9621
f 9621 9626 9625
f 9625 9624 9623
f 9626 9624 9625

o geometry_725
v 6.35865256 7.52805702 2.99354597
v 6.35865256 7.52805702 3.46854597
v 6.35822593 8.00805683 2.99354597
v 6.35822593 8.00805683 3.46854597
v 6.79121323 7.52844150 2.99354597
v 6.79121323 7.52844150 3.46854597
v 6.79078660 8.00844131 2.99354597
v 6.79078660 8.00844131 3.46854597
f 9628 9630 9627
f 9631 9628 9627
f 9627 9630 9629
f 9629 9631 9627
f 9628 9634 9630
f 9632 9628 9631
f 9632 9634 9628
f 9630 9634 9629
f 9633 9631 9629
f 9629 9634 9633
f 9633 9632 9631
f 9634 9632 9633

o geometry_726
v 3.75000000 7.40000000 0.02000000
v 3.75000000 7.40000000 1.98000000
v 3.75000000 7.52000000 0.02000000
v 3.75000000 7.52000000 1.98000000
v 4.61000000 7.40000000 0.02000000
v 4.61000000 7.40000000 1.98000000
v 4.61000000 7.52000000 0.02000000
v 4.61000000 7.52000000 1.98000000
f 9636 9638 9635
f 9639 9636 9635
f 9635 9638 9637
f 9637 9639 9635
f 9636 9642 9638
f 9640 9636 9639
f 9640 9642 9636
f 9638 9642 9637
f 9641 9639 9637
f 9637 9642 9641
f 9641 9640 9639
f 9642 9640 9641

o geometry_727
v 3.50000000 7.36000000 0.00000000
v 3.50000000 7.36000000 2.00000000
v 3.50000000 8.02000000 0.00000000
v 3.50000000 8.02000000 2.00000000
v 3.72000000 7.36000000 0.00000000
v 3.72000000 7.36000000 2.00000000
v 3.72000000 8.02000000 0.00000000
v 3.72000000 8.02000000 2.00000000
f 9644 9646 9643
f 9647 9644 9643
f 9643 9646 9645
f 9645 9647 9643
f 9644 9650 9646
f 9648 9644 9647
f 9648 9650 9644
f 9646 9650 9645
f 9649 9647 9645
f 9645 9650 9649
f 9649 9648 9647
f 9650 9648 9649

o geometry_728
v 4.64000000 7.36000000 0.00000000
v 4.64000000 7.36000000 2.00000000
v 4.64000000 8.02000000 0.00000000
v 4.64000000 8.02000000 2.00000000
v 4.86000000 7.36000000 0.00000000
v 4.86000000 7.36000000 2.00000000
v 4.86000000 8.02000000 0.00000000
v 4.86000000 8.02000000 2.00000000
f 9652 9654 9651
f 9655 9652 9651
f 9651 9654 9653
f 9653 9655 9651
f 9652 9658 9654
f 9656 9652 9655
f 9656 9658 9652
f 9654 9658 9653
f 9657 9655 9653
f 9653 9658 9657
f 9657 9656 9655
f 9658 9656 9657

o geometry_729
v 3.50000000 7.36000000 1.90000000
v 3.50000000 7.36000000 2.14000000
v 3.50000000 8.02000000 1.90000000
v 3.50000000 8.02000000 2.14000000
v 4.86000000 7.36000000 1.90000000
v 4.86000000 7.36000000 2.14000000
v 4.86000000 8.02000000 1.90000000
v 4.86000000 8.02000000 2.14000000
f 9660 9662 9659
f 9663 9660 9659
f 9659 9662 9661
f 9661 9663 9659
f 9660 9666 9662
f 9664 9660 9663
f 9664 9666 9660
f 9662 9666 9661
f 9665 9663 9661
f 9661 9666 9665
f 9665 9664 9663
f 9666 9664 9665

o geometry_730
v 2.80974939 7.51792461 0.00599776
v 2.80974939 7.51792461 0.48099776
v 2.80825295 7.99792228 0.00599776
v 2.80825295 7.99792228 0.48099776
v 3.29068246 7.51942397 0.00599776
v 3.29068246 7.51942397 0.48099776
v 3.28918601 7.99942164 0.00599776
v 3.28918601 7.99942164 0.48099776
f 9668 9670 9667
f 9671 9668 9667
f 9667 9670 9669
f 9669 9671 9667
f 9668 9674 9670
f 9672 9668 9671
f 9672 9674 9668
f 9670 9674 9669
f 9673 9671 9669
f 9669 9674 9673
f 9673 9672 9671
f 9674 9672 9673

o geometry_731
v 3.31037875 7.53035680 -0.01184160
v 3.31037875 7.53035680 0.46315840
v 3.30551928 8.01033220 -0.01184160
v 3.30551928 8.01033220 0.46315840
v 3.84169516 7.53573607 -0.01184160
v 3.84169516 7.53573607 0.46315840
v 3.83683569 8.01571147 -0.01184160
v 3.83683569 8.01571147 0.46315840
f 9676 9678 9675
f 9679 9676 9675
f 9675 9678 9677
f 9677 9679 9675
f 9676 9682 9678
f 9680 9676 9679
f 9680 9682 9676
f 9678 9682 9677
f 9681 9679 9677
f 9677 9682 9681
f 9681 9680 9679
f 9682 9680 9681

o geometry_732
v 3.85706503 7.52818593 0.03728224
v 3.85706503 7.52818593 0.51228224
v 3.85749324 8.00818574 0.03728224
v 3.85749324 8.00818574 0.51228224
v 4.34078086 7.52775441 0.03728224
v 4.34078086 7.52775441 0.51228224
v 4.34120907 8.00775422 0.03728224
v 4.34120907 8.00775422 0.51228224
f 9684 9686 9683
f 9687 9684 9683
f 9683 9686 9685
f 9685 9687 9683
f 9684 9690 9686
f 9688 9684 9687
f 9688 9690 9684
f 9686 9690 9685
f 9689 9687 9685
f 9685 9690 9689
f 9689 9688 9687
f 9690 9688 9689

o geometry_733
v 4.35649489 7.52365075 0.01945341
v 4.35649489 7.52365075 0.49445341
v 4.36152592 8.00362439 0.01945341
v 4.36152592 8.00362439 0.49445341
v 4.91520419 7.51779442 0.01945341
v 4.91520419 7.51779442 0.49445341
v 4.92023522 7.99776806 0.01945341
v 4.92023522 7.99776806 0.49445341
f 9692 9694 9691
f 9695 9692 9691
f 9691 9694 9693
f 9693 9695 9691
f 9692 9698 9694
f 9696 9692 9695
f 9696 9698 9692
f 9694 9698 9693
f 9697 9695 9693
f 9693 9698 9697
f 9697 9696 9695
f 9698 9696 9697

o geometry_734
v 6.06399610 7.51617044 0.02107057
v 6.06399610 7.51617044 0.49607057
v 6.07027386 7.99612939 0.02107057
v 6.07027386 7.99612939 0.49607057
v 6.58196535 7.50939550 0.02107057
v 6.58196535 7.50939550 0.49607057
v 6.58824312 7.98935445 0.02107057
v 6.58824312 7.98935445 0.49607057
f 9700 9702 9699
f 9703 9700 9699
f 9699 9702 9701
f 9701 9703 9699
f 9700 9706 9702
f 9704 9700 9703
f 9704 9706 9700
f 9702 9706 9701
f 9705 9703 9701
f 9701 9706 9705
f 9705 9704 9703
f 9706 9704 9705

o geometry_735
v 6.59975908 7.51861238 0.00256338
v 6.59975908 7.51861238 0.47756338
v 6.60651229 7.99856487 0.00256338
v 6.60651229 7.99856487 0.47756338
v 6.78761410 7.51596915 0.00256338
v 6.78761410 7.51596915 0.47756338
v 6.79436731 7.99592164 0.00256338
v 6.79436731 7.99592164 0.47756338
f 9708 9710 9707
f 9711 9708 9707
f 9707 9710 9709
f 9709 9711 9707
f 9708 9714 9710
f 9712 9708 9711
f 9712 9714 9708
f 9710 9714 9709
f 9713 9711 9709
f 9709 9714 9713
f 9713 9712 9711
f 9714 9712 9713

o geometry_736
v 2.81175024 7.51681212 0.52344120
v 2.81175024 7.51681212 0.99844120
v 2.80629545 7.99678112 0.52344120
v 2.80629545 7.99678112 0.99844120
v 3.51935272 7.52485393 0.52344120
v 3.51935272 7.52485393 0.99844120
v 3.51389793 8.00482294 0.52344120
v 3.51389793 8.00482294 0.99844120
f 9716 9718 9715
f 9719 9716 9715
f 9715 9718 9717
f 9717 9719 9715
f 9716 9722 9718
f 9720 9716 9719
f 9720 9722 9716
f 9718 9722 9717
f 9721 9719 9717
f 9717 9722 9721
f 9721 9720 9719
f 9722 9720 9721

o geometry_737
v 3.53682861 7.50429384 0.50724817
v 3.53682861 7.50429384 0.98224817
v 3.53249558 7.98427428 0.50724817
v 3.53249558 7.98427428 0.98224817
v 4.21984682 7.51045980 0.50724817
v 4.21984682 7.51045980 0.98224817
v 4.21551379 7.99044024 0.50724817
v 4.21551379 7.99044024 0.98224817
f 9724 9726 9723
f 9727 9724 9723
f 9723 9726 9725
f 9725 9727 9723
f 9724 9730 9726
f 9728 9724 9727
f 9728 9730 9724
f 9726 9730 9725
f 9729 9727 9725
f 9725 9730 9729
f 9729 9728 9727
f 9730 9728 9729

o geometry_738
v 4.23281927 7.51080972 0.53144333
v 4.23281927 7.51080972 1.00644333
v 4.23861578 7.99077472 0.53144333
v 4.23861578 7.99077472 1.00644333
v 4.87202357 7.50309008 0.53144333
v 4.87202357 7.50309008 1.00644333
v 4.87782009 7.98305508 0.53144333
v 4.87782009 7.98305508 1.00644333
f 9732 9734 9731
f 9735 9732 9731
f 9731 9734 9733
f 9733 9735 9731
f 9732 9738 9734
f 9736 9732 9735
f 9736 9738 9732
f 9734 9738 9733
f 9737 9735 9733
f 9733 9738 9737
f 9737 9736 9735
f 9738 9736 9737

o geometry_739
v 6.11887383 7.52392118 0.51883241
v 6.11887383 7.52392118 0.99383241
v 6.12173903 8.00391263 0.51883241
v 6.12173903 8.00391263 0.99383241
v 6.78956142 7.51991766 0.51883241
v 6.78956142 7.51991766 0.99383241
v 6.79242663 7.99990911 0.51883241
v 6.79242663 7.99990911 0.99383241
f 9740 9742 9739
f 9743 9740 9739
f 9739 9742 9741
f 9741 9743 9739
f 9740 9746 9742
f 9744 9740 9743
f 9744 9746 9740
f 9742 9746 9741
f 9745 9743 9741
f 9741 9746 9745
f 9745 9744 9743
f 9746 9744 9745

o geometry_740
v 2.80961359 7.52259605 1.00504552
v 2.80961359 7.52259605 1.48004552
v 2.80838852 8.00259449 1.00504552
v 2.80838852 8.00259449 1.48004552
v 3.45903846 7.52425353 1.00504552
v 3.45903846 7.52425353 1.48004552
v 3.45781339 8.00425197 1.00504552
v 3.45781339 8.00425197 1.48004552
f 9748 9750 9747
f 9751 9748 9747
f 9747 9750 9749
f 9749 9751 9747
f 9748 9754 9750
f 9752 9748 9751
f 9752 9754 9748
f 9750 9754 9749
f 9753 9751 9749
f 9749 9754 9753
f 9753 9752 9751
f 9754 9752 9753

o geometry_741
v 3.47954271 7.50363489 1.02159911
v 3.47954271 7.50363489 1.49659911
v 3.47336606 7.98359514 1.02159911
v 3.47336606 7.98359514 1.49659911
v 4.14142882 7.51215275 1.02159911
v 4.14142882 7.51215275 1.49659911
v 4.13525218 7.99211301 1.02159911
v 4.13525218 7.99211301 1.49659911
f 9756 9758 9755
f 9759 9756 9755
f 9755 9758 9757
f 9757 9759 9755
f 9756 9762 9758
f 9760 9756 9759
f 9760 9762 9756
f 9758 9762 9757
f 9761 9759 9757
f 9757 9762 9761
f 9761 9760 9759
f 9762 9760 9761

o geometry_742
v 4.15396029 7.50885112 1.02106368
v 4.15396029 7.50885112 1.49606368
v 4.15881158 7.98882660 1.02106368
v 4.15881158 7.98882660 1.49606368
v 4.86008932 7.50171402 1.02106368
v 4.86008932 7.50171402 1.49606368
v 4.86494060 7.98168950 1.02106368
v 4.86494060 7.98168950 1.49606368
f 9764 9766 9763
f 9767 9764 9763
f 9763 9766 9765
f 9765 9767 9763
f 9764 9770 9766
f 9768 9764 9767
f 9768 9770 9764
f 9766 9770 9765
f 9769 9767 9765
f 9765 9770 9769
f 9769 9768 9767
f 9770 9768 9769

o geometry_743
v 6.34506791 7.51985907 1.02319085
v 6.34506791 7.51985907 1.49819085
v 6.34922765 7.99984104 1.02319085
v 6.34922765 7.99984104 1.49819085
v 6.78891179 7.51601251 1.02319085
v 6.78891179 7.51601251 1.49819085
v 6.79307154 7.99599448 1.02319085
v 6.79307154 7.99599448 1.49819085
f 9772 9774 9771
f 9775 9772 9771
f 9771 9774 9773
f 9773 9775 9771
f 9772 9778 9774
f 9776 9772 9775
f 9776 9778 9772
f 9774 9778 9773
f 9777 9775 9773
f 9773 9778 9777
f 9777 9776 9775
f 9778 9776 9777

o geometry_744
v 2.80588711 7.52241213 1.50174787
v 2.80588711 7.52241213 1.97674787
v 2.81217310 8.00237097 1.50174787
v 2.81217310 8.00237097 1.97674787
v 3.50796319 7.51321709 1.50174787
v 3.50796319 7.51321709 1.97674787
v 3.51424918 7.99317593 1.50174787
v 3.51424918 7.99317593 1.97674787
f 9780 9782 9779
f 9783 9780 9779
f 9779 9782 9781
f 9781 9783 9779
f 9780 9786 9782
f 9784 9780 9783
f 9784 9786 9780
f 9782 9786 9781
f 9785 9783 9781
f 9781 9786 9785
f 9785 9784 9783
f 9786 9784 9785

o geometry_745
v 3.53131489 7.50213337 1.49192590
v 3.53131489 7.50213337 1.96692590
v 3.52698638 7.98211386 1.49192590
v 3.52698638 7.98211386 1.96692590
v 4.23705185 7.50849778 1.49192590
v 4.23705185 7.50849778 1.96692590
v 4.23272334 7.98847827 1.49192590
v 4.23272334 7.98847827 1.96692590
f 9788 9790 9787
f 9791 9788 9787
f 9787 9790 9789
f 9789 9791 9787
f 9788 9794 9790
f 9792 9788 9791
f 9792 9794 9788
f 9790 9794 9789
f 9793 9791 9789
f 9789 9794 9793
f 9793 9792 9791
f 9794 9792 9793

o geometry_746
v 4.25484753 7.52792987 1.50219456
v 4.25484753 7.52792987 1.97719456
v 4.25097696 8.00791426 1.50219456
v 4.25097696 8.00791426 1.97719456
v 4.88852697 7.53303982 1.50219456
v 4.88852697 7.53303982 1.97719456
v 4.88465641 8.01302421 1.50219456
v 4.88465641 8.01302421 1.97719456
f 9796 9798 9795
f 9799 9796 9795
f 9795 9798 9797
f 9797 9799 9795
f 9796 9802 9798
f 9800 9796 9799
f 9800 9802 9796
f 9798 9802 9797
f 9801 9799 9797
f 9797 9802 9801
f 9801 9800 9799
f 9802 9800 9801

o geometry_747
v 6.22239404 7.53509360 1.52342202
v 6.22239404 7.53509360 1.99842202
v 6.22482829 8.01508743 1.52342202
v 6.22482829 8.01508743 1.99842202
v 6.78977923 7.53221615 1.52342202
v 6.78977923 7.53221615 1.99842202
v 6.79221348 8.01220998 1.52342202
v 6.79221348 8.01220998 1.99842202
f 9804 9806 9803
f 9807 9804 9803
f 9803 9806 9805
f 9805 9807 9803
f 9804 9810 9806
f 9808 9804 9807
f 9808 9810 9804
f 9806 9810 9805
f 9809 9807 9805
f 9805 9810 9809
f 9809 9808 9807
f 9810 9808 9809

o geometry_748
v 2.81262884 7.50029774 2.01277102
v 2.81262884 7.50029774 2.48777102
v 2.80545058 7.98024407 2.01277102
v 2.80545058 7.98024407 2.48777102
v 3.52269654 7.51091779 2.01277102
v 3.52269654 7.51091779 2.48777102
v 3.51551827 7.99086411 2.01277102
v 3.51551827 7.99086411 2.48777102
f 9812 9814 9811
f 9815 9812 9811
f 9811 9814 9813
f 9813 9815 9811
f 9812 9818 9814
f 9816 9812 9815
f 9816 9818 9812
f 9814 9818 9813
f 9817 9815 9813
f 9813 9818 9817
f 9817 9816 9815
f 9818 9816 9817

o geometry_749
v 3.53380365 7.53705381 2.01748814
v 3.53380365 7.53705381 2.49248814
v 3.54055158 8.01700638 2.01748814
v 3.54055158 8.01700638 2.49248814
v 4.15106402 7.52837538 2.01748814
v 4.15106402 7.52837538 2.49248814
v 4.15781196 8.00832795 2.01748814
v 4.15781196 8.00832795 2.49248814
f 9820 9822 9819
f 9823 9820 9819
f 9819 9822 9821
f 9821 9823 9819
f 9820 9826 9822
f 9824 9820 9823
f 9824 9826 9820
f 9822 9826 9821
f 9825 9823 9821
f 9821 9826 9825
f 9825 9824 9823
f 9826 9824 9825

o geometry_750
v 4.17000910 7.52586407 2.01802336
v 4.17000910 7.52586407 2.49302336
v 4.17495975 8.00583853 2.01802336
v 4.17495975 8.00583853 2.49302336
v 4.76905228 7.51968530 2.01802336
v 4.76905228 7.51968530 2.49302336
v 4.77400293 7.99965977 2.01802336
v 4.77400293 7.99965977 2.49302336
f 9828 9830 9827
f 9831 9828 9827
f 9827 9830 9829
f 9829 9831 9827
f 9828 9834 9830
f 9832 9828 9831
f 9832 9834 9828
f 9830 9834 9829
f 9833 9831 9829
f 9829 9834 9833
f 9833 9832 9831
f 9834 9832 9833

o geometry_751
v 4.79287294 7.50504113 2.00319153
v 4.79287294 7.50504113 2.47819153
v 4.78626846 7.98499569 2.00319153
v 4.78626846 7.98499569 2.47819153
v 5.36671444 7.51293756 2.00319153
v 5.36671444 7.51293756 2.47819153
v 5.36010995 7.99289213 2.00319153
v 5.36010995 7.99289213 2.47819153
f 9836 9838 9835
f 9839 9836 9835
f 9835 9838 9837
f 9837 9839 9835
f 9836 9842 9838
f 9840 9836 9839
f 9840 9842 9836
f 9838 9842 9837
f 9841 9839 9837
f 9837 9842 9841
f 9841 9840 9839
f 9842 9840 9841

o geometry_752
v 5.38158395 7.52345177 2.01052048
v 5.38158395 7.52345177 2.48552048
v 5.38129490 8.00345169 2.01052048
v 5.38129490 8.00345169 2.48552048
v 6.09429101 7.52388096 2.01052048
v 6.09429101 7.52388096 2.48552048
v 6.09400196 8.00388087 2.01052048
v 6.09400196 8.00388087 2.48552048
f 9844 9846 9843
f 9847 9844 9843
f 9843 9846 9845
f 9845 9847 9843
f 9844 9850 9846
f 9848 9844 9847
f 9848 9850 9844
f 9846 9850 9845
f 9849 9847 9845
f 9845 9850 9849
f 9849 9848 9847
f 9850 9848 9849

o geometry_753
v 6.11301364 7.51592185 2.01546305
v 6.11301364 7.51592185 2.49046305
v 6.11128382 7.99591873 2.01546305
v 6.11128382 7.99591873 2.49046305
v 6.78464119 7.51834226 2.01546305
v 6.78464119 7.51834226 2.49046305
v 6.78291138 7.99833914 2.01546305
v 6.78291138 7.99833914 2.49046305
f 9852 9854 9851
f 9855 9852 9851
f 9851 9854 9853
f 9853 9855 9851
f 9852 9858 9854
f 9856 9852 9855
f 9856 9858 9852
f 9854 9858 9853
f 9857 9855 9853
f 9853 9858 9857
f 9857 9856 9855
f 9858 9856 9857

o geometry_754
v 2.81059409 7.51741559 2.50905958
v 2.81059409 7.51741559 2.98405958
v 2.80742163 7.99740510 2.50905958
v 2.80742163 7.99740510 2.98405958
v 3.53042932 7.52217329 2.50905958
v 3.53042932 7.52217329 2.98405958
v 3.52725686 8.00216281 2.50905958
v 3.52725686 8.00216281 2.98405958
f 9860 9862 9859
f 9863 9860 9859
f 9859 9862 9861
f 9861 9863 9859
f 9860 9866 9862
f 9864 9860 9863
f 9864 9866 9860
f 9862 9866 9861
f 9865 9863 9861
f 9861 9866 9865
f 9865 9864 9863
f 9866 9864 9865

o geometry_755
v 3.54700313 7.52577552 2.53638987
v 3.54700313 7.52577552 3.01138987
v 3.54669890 8.00577542 2.53638987
v 3.54669890 8.00577542 3.01138987
v 4.15261880 7.52615937 2.53638987
v 4.15261880 7.52615937 3.01138987
v 4.15231456 8.00615927 2.53638987
v 4.15231456 8.00615927 3.01138987
f 9868 9870 9867
f 9871 9868 9867
f 9867 9870 9869
f 9869 9871 9867
f 9868 9874 9870
f 9872 9868 9871
f 9872 9874 9868
f 9870 9874 9869
f 9873 9871 9869
f 9869 9874 9873
f 9873 9872 9871
f 9874 9872 9873

o geometry_756
v 4.17104344 7.53386997 2.50826052
v 4.17104344 7.53386997 2.98326052
v 4.16989194 8.01386858 2.50826052
v 4.16989194 8.01386858 2.98326052
v 4.82716150 7.53544397 2.50826052
v 4.82716150 7.53544397 2.98326052
v 4.82601000 8.01544259 2.50826052
v 4.82601000 8.01544259 2.98326052
f 9876 9878 9875
f 9879 9876 9875
f 9875 9878 9877
f 9877 9879 9875
f 9876 9882 9878
f 9880 9876 9879
f 9880 9882 9876
f 9878 9882 9877
f 9881 9879 9877
f 9877 9882 9881
f 9881 9880 9879
f 9882 9880 9881

o geometry_757
v 4.84144420 7.52030987 2.51910903
v 4.84144420 7.52030987 2.99410903
v 4.84777885 8.00026807 2.51910903
v 4.84777885 8.00026807 2.99410903
v 5.41165313 7.51278405 2.51910903
v 5.41165313 7.51278405 2.99410903
v 5.41798779 7.99274225 2.51910903
v 5.41798779 7.99274225 2.99410903
f 9884 9886 9883
f 9887 9884 9883
f 9883 9886 9885
f 9885 9887 9883
f 9884 9890 9886
f 9888 9884 9887
f 9888 9890 9884
f 9886 9890 9885
f 9889 9887 9885
f 9885 9890 9889
f 9889 9888 9887
f 9890 9888 9889

o geometry_758
v 5.43178712 7.52249409 2.52146407
v 5.43178712 7.52249409 2.99646407
v 5.43391000 8.00248940 2.52146407
v 5.43391000 8.00248940 2.99646407
v 6.10072350 7.51953558 2.52146407
v 6.10072350 7.51953558 2.99646407
v 6.10284639 7.99953088 2.52146407
v 6.10284639 7.99953088 2.99646407
f 9892 9894 9891
f 9895 9892 9891
f 9891 9894 9893
f 9893 9895 9891
f 9892 9898 9894
f 9896 9892 9895
f 9896 9898 9892
f 9894 9898 9893
f 9897 9895 9893
f 9893 9898 9897
f 9897 9896 9895
f 9898 9896 9897

o geometry_759
v 6.11665362 7.51730389 2.48860912
v 6.11665362 7.51730389 2.96360912
v 6.12298113 7.99726218 2.48860912
v 6.12298113 7.99726218 2.96360912
v 6.78780708 7.50845576 2.48860912
v 6.78780708 7.50845576 2.96360912
v 6.79413459 7.98841406 2.48860912
v 6.79413459 7.98841406 2.96360912
f 9900 9902 9899
f 9903 9900 9899
f 9899 9902 9901
f 9901 9903 9899
f 9900 9906 9902
f 9904 9900 9903
f 9904 9906 9900
f 9902 9906 9901
f 9905 9903 9901
f 9901 9906 9905
f 9905 9904 9903
f 9906 9904 9905

o geometry_760
v 2.80868568 7.50645352 3.00005611
v 2.80868568 7.50645352 3.47505611
v 2.80931478 7.98645311 3.00005611
v 2.80931478 7.98645311 3.47505611
v 3.34656786 7.50574855 3.00005611
v 3.34656786 7.50574855 3.47505611
v 3.34719696 7.98574814 3.00005611
v 3.34719696 7.98574814 3.47505611
f 9908 9910 9907
f 9911 9908 9907
f 9907 9910 9909
f 9909 9911 9907
f 9908 9914 9910
f 9912 9908 9911
f 9912 9914 9908
f 9910 9914 9909
f 9913 9911 9909
f 9909 9914 9913
f 9913 9912 9911
f 9914 9912 9913

o geometry_761
v 3.36353804 7.52688399 3.00569775
v 3.36353804 7.52688399 3.48069775
v 3.36623557 8.00687641 3.00569775
v 3.36623557 8.00687641 3.48069775
v 3.89057706 7.52392206 3.00569775
v 3.89057706 7.52392206 3.48069775
v 3.89327459 8.00391448 3.00569775
v 3.89327459 8.00391448 3.48069775
f 9916 9918 9915
f 9919 9916 9915
f 9915 9918 9917
f 9917 9919 9915
f 9916 9922 9918
f 9920 9916 9919
f 9920 9922 9916
f 9918 9922 9917
f 9921 9919 9917
f 9917 9922 9921
f 9921 9920 9919
f 9922 9920 9921

o geometry_762
v 3.90904723 7.51805058 3.00252020
v 3.90904723 7.51805058 3.47752020
v 3.91081612 7.99804732 3.00252020
v 3.91081612 7.99804732 3.47752020
v 4.40703387 7.51621539 3.00252020
v 4.40703387 7.51621539 3.47752020
v 4.40880275 7.99621213 3.00252020
v 4.40880275 7.99621213 3.47752020
f 9924 9926 9923
f 9927 9924 9923
f 9923 9926 9925
f 9925 9927 9923
f 9924 9930 9926
f 9928 9924 9927
f 9928 9930 9924
f 9926 9930 9925
f 9929 9927 9925
f 9925 9930 9929
f 9929 9928 9927
f 9930 9928 9929

o geometry_763
v 4.42762008 7.53225678 3.01596290
v 4.42762008 7.53225678 3.49096290
v 4.42423362 8.01224483 3.01596290
v 4.42423362 8.01224483 3.49096290
v 4.97800193 7.53613989 3.01596290
v 4.97800193 7.53613989 3.49096290
v 4.97461546 8.01612795 3.01596290
v 4.97461546 8.01612795 3.49096290
f 9932 9934 9931
f 9935 9932 9931
f 9931 9934 9933
f 9933 9935 9931
f 9932 9938 9934
f 9936 9932 9935
f 9936 9938 9932
f 9934 9938 9933
f 9937 9935 9933
f 9933 9938 9937
f 9937 9936 9935
f 9938 9936 9937

o geometry_764
v 4.99244170 7.53025299 3.02769038
v 4.99244170 7.53025299 3.50269038
v 4.99620445 8.01023825 3.02769038
v 4.99620445 8.01023825 3.50269038
v 5.48272881 7.52640948 3.02769038
v 5.48272881 7.52640948 3.50269038
v 5.48649156 8.00639474 3.02769038
v 5.48649156 8.00639474 3.50269038
f 9940 9942 9939
f 9943 9940 9939
f 9939 9942 9941
f 9941 9943 9939
f 9940 9946 9942
f 9944 9940 9943
f 9944 9946 9940
f 9942 9946 9941
f 9945 9943 9941
f 9941 9946 9945
f 9945 9944 9943
f 9946 9944 9945

o geometry_765
v 5.49976796 7.52479309 3.02240332
v 5.49976796 7.52479309 3.49740332
v 5.50550131 8.00475885 3.02240332
v 5.50550131 8.00475885 3.49740332
v 5.97409539 7.51912710 3.02240332
v 5.97409539 7.51912710 3.49740332
v 5.97982873 7.99909285 3.02240332
v 5.97982873 7.99909285 3.49740332
f 9948 9950 9947
f 9951 9948 9947
f 9947 9950 9949
f 9949 9951 9947
f 9948 9954 9950
f 9952 9948 9951
f 9952 9954 9948
f 9950 9954 9949
f 9953 9951 9949
f 9949 9954 9953
f 9953 9952 9951
f 9954 9952 9953

o geometry_766
v 5.99453610 7.52544205 3.02917694
v 5.99453610 7.52544205 3.50417694
v 5.99542270 8.00544123 3.02917694
v 5.99542270 8.00544123 3.50417694
v 6.48639084 7.52453355 3.02917694
v 6.48639084 7.52453355 3.50417694
v 6.48727744 8.00453273 3.02917694
v 6.48727744 8.00453273 3.50417694
f 9956 9958 9955
f 9959 9956 9955
f 9955 9958 9957
f 9957 9959 9955
f 9956 9962 9958
f 9960 9956 9959
f 9960 9962 9956
f 9958 9962 9957
f 9961 9959 9957
f 9957 9962 9961
f 9961 9960 9959
f 9962 9960 9961

o geometry_767
v 6.50591768 7.52927904 3.00433551
v 6.50591768 7.52927904 3.47933551
v 6.50375434 8.00927417 3.00433551
v 6.50375434 8.00927417 3.47933551
v 6.79208022 7.53056878 3.00433551
v 6.79208022 7.53056878 3.47933551
v 6.78991688 8.01056390 3.00433551
v 6.78991688 8.01056390 3.47933551
f 9964 9966 9963
f 9967 9964 9963
f 9963 9966 9965
f 9965 9967 9963
f 9964 9970 9966
f 9968 9964 9967
f 9968 9970 9964
f 9966 9970 9965
f 9969 9967 9965
f 9965 9970 9969
f 9969 9968 9967
f 9970 9968 9969

o geometry_768
v 4.99000000 7.40000000 0.02000000
v 4.99000000 7.40000000 1.98000000
v 4.99000000 7.52000000 0.02000000
v 4.99000000 7.52000000 1.98000000
v 5.85000000 7.40000000 0.02000000
v 5.85000000 7.40000000 1.98000000
v 5.85000000 7.52000000 0.02000000
v 5.85000000 7.52000000 1.98000000
f 9972 9974 9971
f 9975 9972 9971
f 9971 9974 9973
f 9973 9975 9971
f 9972 9978 9974
f 9976 9972 9975
f 9976 9978 9972
f 9974 9978 9973
f 9977 9975 9973
f 9973 9978 9977
f 9977 9976 9975
f 9978 9976 9977

o geometry_769
v 4.74000000 7.36000000 0.00000000
v 4.74000000 7.36000000 2.00000000
v 4.74000000 8.02000000 0.00000000
v 4.74000000 8.02000000 2.00000000
v 4.96000000 7.36000000 0.00000000
v 4.96000000 7.36000000 2.00000000
v 4.96000000 8.02000000 0.00000000
v 4.96000000 8.02000000 2.00000000
f 9980 9982 9979
f 9983 9980 9979
f 9979 9982 9981
f 9981 9983 9979
f 9980 9986 9982
f 9984 9980 9983
f 9984 9986 9980
f 9982 9986 9981
f 9985 9983 9981
f 9981 9986 9985
f 9985 9984 9983
f 9986 9984 9985

o geometry_770
v 5.88000000 7.36000000 0.00000000
v 5.88000000 7.36000000 2.00000000
v 5.88000000 8.02000000 0.00000000
v 5.88000000 8.02000000 2.00000000
v 6.10000000 7.36000000 0.00000000
v 6.10000000 7.36000000 2.00000000
v 6.10000000 8.02000000 0.00000000
v 6.10000000 8.02000000 2.00000000
f 9988 9990 9987
f 9991 9988 9987
f 9987 9990 9989
f 9989 9991 9987
f 9988 9994 9990
f 9992 9988 9991
f 9992 9994 9988
f 9990 9994 9989
f 9993 9991 9989
f 9989 9994 9993
f 9993 9992 9991
f 9994 9992 9993

o geometry_771
v 6.08549500 7.34000000 1.92681998
v 5.86709905 7.34000000 1.95333805
v 6.08549500 8.00000000 1.92681998
v 5.86709905 8.00000000 1.95333805
v 6.10458907 7.34000000 2.08407377
v 5.88619312 7.34000000 2.11059184
v 6.10458907 8.00000000 2.08407377
v 5.88619312 8.00000000 2.11059184
f 9996 9998 9995
f 9999 9996 9995
f 9995 9998 9997
f 9997 9999 9995
f 9996 10002 9998
f 10000 9996 9999
f 10000 10002 9996
f 9998 10002 9997
f 10001 9999 9997
f 9997 10002 10001
f 10001 10000 9999
f 10002 10000 10001

o geometry_772
v 6.02772478 7.34000000 2.03906086
v 5.82202121 7.34000000 2.11707394
v 6.02772478 8.00000000 2.03906086
v 5.82202121 8.00000000 2.11707394
v 6.08389731 7.34000000 2.18717563
v 5.87819373 7.34000000 2.26518871
v 6.08389731 8.00000000 2.18717563
v 5.87819373 8.00000000 2.26518871
f 10004 10006 10003
f 10007 10004 10003
f 10003 10006 10005
f 10005 10007 10003
f 10004 10010 10006
f 10008 10004 10007
f 10008 10010 10004
f 10006 10010 10005
f 10009 10007 10005
f 10005 10010 10009
f 10009 10008 10007
f 10010 10008 10009

o geometry_773
v 5.93463581 7.34000000 2.14612585
v 5.75357936 7.34000000 2.27110010
v 5.93463581 8.00000000 2.14612585
v 5.75357936 8.00000000 2.27110010
v 6.02462225 7.34000000 2.27649371
v 5.84356580 7.34000000 2.40146796
v 6.02462225 8.00000000 2.27649371
v 5.84356580 8.00000000 2.40146796
f 10012 10014 10011
f 10015 10012 10011
f 10011 10014 10013
f 10013 10015 10011
f 10012 10018 10014
f 10016 10012 10015
f 10016 10018 10012
f 10014 10018 10013
f 10017 10015 10013
f 10013 10018 10017
f 10017 10016 10015
f 10018 10016 10017

o geometry_774
v 5.81163807 7.34000000 2.24179272
v 5.66575109 7.34000000 2.40646509
v 5.81163807 8.00000000 2.24179272
v 5.66575109 8.00000000 2.40646509
v 5.93020874 7.34000000 2.34683717
v 5.78432176 7.34000000 2.51150953
v 5.93020874 8.00000000 2.34683717
v 5.78432176 8.00000000 2.51150953
f 10020 10022 10019
f 10023 10020 10019
f 10019 10022 10021
f 10021 10023 10019
f 10020 10026 10022
f 10024 10020 10023
f 10024 10026 10020
f 10022 10026 10021
f 10025 10023 10021
f 10021 10026 10025
f 10025 10024 10023
f 10026 10024 10025

o geometry_775
v 5.66587976 7.34000000 2.32050166
v 5.56364066 7.34000000 2.51530198
v 5.66587976 8.00000000 2.32050166
v 5.56364066 8.00000000 2.51530198
v 5.80614376 7.34000000 2.39411788
v 5.70390466 7.34000000 2.58891821
v 5.80614376 8.00000000 2.39411788
v 5.70390466 8.00000000 2.58891821
f 10028 10030 10027
f 10031 10028 10027
f 10027 10030 10029
f 10029 10031 10027
f 10028 10034 10030
f 10032 10028 10031
f 10032 10034 10028
f 10030 10034 10029
f 10033 10031 10029
f 10029 10034 10033
f 10033 10032 10031
f 10034 10032 10033

o geometry_776
v 5.50583180 7.34000000 2.37767839
v 5.45318236 7.34000000 2.59128559
v 5.50583180 8.00000000 2.37767839
v 5.45318236 8.00000000 2.59128559
v 5.65963750 7.34000000 2.41558809
v 5.60698805 7.34000000 2.62919529
v 5.65963750 8.00000000 2.41558809
v 5.60698805 8.00000000 2.62919529
f 10036 10038 10035
f 10039 10036 10035
f 10035 10038 10037
f 10037 10039 10035
f 10036 10042 10038
f 10040 10036 10039
f 10040 10042 10036
f 10038 10042 10037
f 10041 10039 10037
f 10037 10042 10041
f 10041 10040 10039
f 10042 10040 10041

o geometry_777
v 5.34079562 7.34000000 2.41000000
v 5.34079562 7.34000000 2.63000000
v 5.34079562 8.00000000 2.41000000
v 5.34079562 8.00000000 2.63000000
v 5.49920438 7.34000000 2.41000000
v 5.49920438 7.34000000 2.63000000
v 5.49920438 8.00000000 2.41000000
v 5.49920438 8.00000000 2.63000000
f 10044 10046 10043
f 10047 10044 10043
f 10043 10046 10045
f 10045 10047 10043
f 10044 10050 10046
f 10048 10044 10047
f 10048 10050 10044
f 10046 10050 10045
f 10049 10047 10045
f 10045 10050 10049
f 10049 10048 10047
f 10050 10048 10049

o geometry_778
v 5.18036250 7.34000000 2.41558809
v 5.23301195 7.34000000 2.62919529
v 5.18036250 8.00000000 2.41558809
v 5.23301195 8.00000000 2.62919529
v 5.33416820 7.34000000 2.37767839
v 5.38681764 7.34000000 2.59128559
v 5.33416820 8.00000000 2.37767839
v 5.38681764 8.00000000 2.59128559
f 10052 10054 10051
f 10055 10052 10051
f 10051 10054 10053
f 10053 10055 10051
f 10052 10058 10054
f 10056 10052 10055
f 10056 10058 10052
f 10054 10058 10053
f 10057 10055 10053
f 10053 10058 10057
f 10057 10056 10055
f 10058 10056 10057

o geometry_779
v 5.03385624 7.34000000 2.39411788
v 5.13609534 7.34000000 2.58891821
v 5.03385624 8.00000000 2.39411788
v 5.13609534 8.00000000 2.58891821
v 5.17412024 7.34000000 2.32050166
v 5.27635934 7.34000000 2.51530198
v 5.17412024 8.00000000 2.32050166
v 5.27635934 8.00000000 2.51530198
f 10060 10062 10059
f 10063 10060 10059
f 10059 10062 10061
f 10061 10063 10059
f 10060 10066 10062
f 10064 10060 10063
f 10064 10066 10060
f 10062 10066 10061
f 10065 10063 10061
f 10061 10066 10065
f 10065 10064 10063
f 10066 10064 10065

o geometry_780
v 4.90979126 7.34000000 2.34683717
v 5.05567824 7.34000000 2.51150953
v 4.90979126 8.00000000 2.34683717
v 5.05567824 8.00000000 2.51150953
v 5.02836193 7.34000000 2.24179272
v 5.17424891 7.34000000 2.40646509
v 5.02836193 8.00000000 2.24179272
v 5.17424891 8.00000000 2.40646509
f 10068 10070 10067
f 10071 10068 10067
f 10067 10070 10069
f 10069 10071 10067
f 10068 10074 10070
f 10072 10068 10071
f 10072 10074 10068
f 10070 10074 10069
f 10073 10071 10069
f 10069 10074 10073
f 10073 10072 10071
f 10074 10072 10073

o geometry_781
v 4.81537775 7.34000000 2.27649371
v 4.99643420 7.34000000 2.40146796
v 4.81537775 8.00000000 2.27649371
v 4.99643420 8.00000000 2.40146796
v 4.90536419 7.34000000 2.14612585
v 5.08642064 7.34000000 2.27110010
v 4.90536419 8.00000000 2.14612585
v 5.08642064 8.00000000 2.27110010
f 10076 10078 10075
f 10079 10076 10075
f 10075 10078 10077
f 10077 10079 10075
f 10076 10082 10078
f 10080 10076 10079
f 10080 10082 10076
f 10078 10082 10077
f 10081 10079 10077
f 10077 10082 10081
f 10081 10080 10079
f 10082 10080 10081

o geometry_782
v 4.75610269 7.34000000 2.18717563
v 4.96180627 7.34000000 2.26518871
v 4.75610269 8.00000000 2.18717563
v 4.96180627 8.00000000 2.26518871
v 4.81227522 7.34000000 2.03906086
v 5.01797879 7.34000000 2.11707394
v 4.81227522 8.00000000 2.03906086
v 5.01797879 8.00000000 2.11707394
f 10084 10086 10083
f 10087 10084 10083
f 10083 10086 10085
f 10085 10087 10083
f 10084 10090 10086
f 10088 10084 10087
f 10088 10090 10084
f 10086 10090 10085
f 10089 10087 10085
f 10085 10090 10089
f 10089 10088 10087
f 10090 10088 10089

o geometry_783
v 4.73541093 7.34000000 2.08407377
v 4.95380688 7.34000000 2.11059184
v 4.73541093 8.00000000 2.08407377
v 4.95380688 8.00000000 2.11059184
v 4.75450500 7.34000000 1.92681998
v 4.97290095 7.34000000 1.95333805
v 4.75450500 8.00000000 1.92681998
v 4.97290095 8.00000000 1.95333805
f 10092 10094 10091
f 10095 10092 10091
f 10091 10094 10093
f 10093 10095 10091
f 10092 10098 10094
f 10096 10092 10095
f 10096 10098 10092
f 10094 10098 10093
f 10097 10095 10093
f 10093 10098 10097
f 10097 10096 10095
f 10098 10096 10097

o geometry_784
v 4.65000000 7.32000000 0.00500000
v 4.65000000 7.32000000 2.15500000
v 4.65000000 8.04000000 0.00500000
v 4.65000000 8.04000000 2.15500000
v 4.95000000 7.32000000 0.00500000
v 4.95000000 7.32000000 2.15500000
v 4.95000000 8.04000000 0.00500000
v 4.95000000 8.04000000 2.15500000
f 10100 10102 10099
f 10103 10100 10099
f 10099 10102 10101
f 10101 10103 10099
f 10100 10106 10102
f 10104 10100 10103
f 10104 10106 10100
f 10102 10106 10101
f 10105 10103 10101
f 10101 10106 10105
f 10105 10104 10103
f 10106 10104 10105

o geometry_785
v 3.10000000 7.68000000 0.10000000
v 3.33000000 7.68000000 0.10000000
v 3.33000000 7.68000000 3.35000000
v 3.10000000 7.68000000 3.35000000
v 3.32216294 7.73952838 0.10000000
v 3.32216294 7.73952838 3.35000000
v 3.29918584 7.79500000 0.10000000
v 3.29918584 7.79500000 3.35000000
v 3.26263456 7.84263456 0.10000000
v 3.26263456 7.84263456 3.35000000
v 3.21500000 7.87918584 0.10000000
v 3.21500000 7.87918584 3.35000000
v 3.15952838 7.90216294 0.10000000
v 3.15952838 7.90216294 3.35000000
v 3.10000000 7.91000000 0.10000000
v 3.10000000 7.91000000 3.35000000
v 3.04047162 7.90216294 0.10000000
v 3.04047162 7.90216294 3.35000000
v 2.98500000 7.87918584 0.10000000
v 2.98500000 7.87918584 3.35000000
v 2.93736544 7.84263456 0.10000000
v 2.93736544 7.84263456 3.35000000
v 2.90081416 7.79500000 0.10000000
v 2.90081416 7.79500000 3.35000000
v 2.87783706 7.73952838 0.10000000
v 2.87783706 7.73952838 3.35000000
v 2.87000000 7.68000000 0.10000000
v 2.87000000 7.68000000 3.35000000
v 2.87783706 7.62047162 0.10000000
v 2.87783706 7.62047162 3.35000000
v 2.90081416 7.56500000 0.10000000
v 2.90081416 7.56500000 3.35000000
v 2.93736544 7.51736544 0.10000000
v 2.93736544 7.51736544 3.35000000
v 2.98500000 7.48081416 0.10000000
v 2.98500000 7.48081416 3.35000000
v 3.04047162 7.45783706 0.10000000
v 3.04047162 7.45783706 3.35000000
v 3.10000000 7.45000000 0.10000000
v 3.10000000 7.45000000 3.35000000
v 3.15952838 7.45783706 0.10000000
v 3.15952838 7.45783706 3.35000000
v 3.21500000 7.48081416 0.10000000
v 3.21500000 7.48081416 3.35000000
v 3.26263456 7.51736544 0.10000000
v 3.26263456 7.51736544 3.35000000
v 3.29918584 7.56500000 0.10000000
v 3.29918584 7.56500000 3.35000000
v 3.32216294 7.62047162 0.10000000
v 3.32216294 7.62047162 3.35000000
f 10108 10107 10111
f 10108 10111 10109
f 10109 10111 10112
f 10109 10112 10110
f 10111 10107 10113
f 10111 10113 10112
f 10112 10113 10114
f 10112 10114 10110
f 10113 10107 10115
f 10113 10115 10114
f 10114 10115 10116
f 10114 10116 10110
f 10115 10107 10117
f 10115 10117 10116
f 10116 10117 10118
f 10116 10118 10110
f 10117 10107 10119
f 10117 10119 10118
f 10118 10119 10120
f 10118 10120 10110
f 10119 10107 10121
f 10119 10121 10120
f 10120 10121 10122
f 10120 10122 10110
f 10121 10107 10123
f 10121 10123 10122
f 10122 10123 10124
f 10122 10124 10110
f 10123 10107 10125
f 10123 10125 10124
f 10124 10125 10126
f 10124 10126 10110
f 10125 10107 10127
f 10125 10127 10126
f 10126 10127 10128
f 10126 10128 10110
f 10127 10107 10129
f 10127 10129 10128
f 10128 10129 10130
f 10128 10130 10110
f 10129 10107 10131
f 10129 10131 10130
f 10130 10131 10132
f 10130 10132 10110
f 10131 10107 10133
f 10131 10133 10132
f 10132 10133 10134
f 10132 10134 10110
f 10133 10107 10135
f 10133 10135 10134
f 10134 10135 10136
f 10134 10136 10110
f 10135 10107 10137
f 10135 10137 10136
f 10136 10137 10138
f 10136 10138 10110
f 10137 10107 10139
f 10137 10139 10138
f 10138 10139 10140
f 10138 10140 10110
f 10139 10107 10141
f 10139 10141 10140
f 10140 10141 10142
f 10140 10142 10110
f 10141 10107 10143
f 10141 10143 10142
f 10142 10143 10144
f 10142 10144 10110
f 10143 10107 10145
f 10143 10145 10144
f 10144 10145 10146
f 10144 10146 10110
f 10145 10107 10147
f 10145 10147 10146
f 10146 10147 10148
f 10146 10148 10110
f 10147 10107 10149
f 10147 10149 10148
f 10148 10149 10150
f 10148 10150 10110
f 10149 10107 10151
f 10149 10151 10150
f 10150 10151 10152
f 10150 10152 10110
f 10151 10107 10153
f 10151 10153 10152
f 10152 10153 10154
f 10152 10154 10110
f 10153 10107 10155
f 10153 10155 10154
f 10154 10155 10156
f 10154 10156 10110
f 10155 10107 10108
f 10155 10108 10156
f 10156 10108 10109
f 10156 10109 10110

o geometry_786
v 3.10000000 7.68000000 0.10000000
v 3.39440000 7.68000000 0.10000000
v 3.39440000 7.68000000 0.26000000
v 3.10000000 7.68000000 0.26000000
v 3.38436856 7.75619633 0.10000000
v 3.38436856 7.75619633 0.26000000
v 3.35495788 7.82720000 0.10000000
v 3.35495788 7.82720000 0.26000000
v 3.30817224 7.88817224 0.10000000
v 3.30817224 7.88817224 0.26000000
v 3.24720000 7.93495788 0.10000000
v 3.24720000 7.93495788 0.26000000
v 3.17619633 7.96436856 0.10000000
v 3.17619633 7.96436856 0.26000000
v 3.10000000 7.97440000 0.10000000
v 3.10000000 7.97440000 0.26000000
v 3.02380367 7.96436856 0.10000000
v 3.02380367 7.96436856 0.26000000
v 2.95280000 7.93495788 0.10000000
v 2.95280000 7.93495788 0.26000000
v 2.89182776 7.88817224 0.10000000
v 2.89182776 7.88817224 0.26000000
v 2.84504212 7.82720000 0.10000000
v 2.84504212 7.82720000 0.26000000
v 2.81563144 7.75619633 0.10000000
v 2.81563144 7.75619633 0.26000000
v 2.80560000 7.68000000 0.10000000
v 2.80560000 7.68000000 0.26000000
v 2.81563144 7.60380367 0.10000000
v 2.81563144 7.60380367 0.26000000
v 2.84504212 7.53280000 0.10000000
v 2.84504212 7.53280000 0.26000000
v 2.89182776 7.47182776 0.10000000
v 2.89182776 7.47182776 0.26000000
v 2.95280000 7.42504212 0.10000000
v 2.95280000 7.42504212 0.26000000
v 3.02380367 7.39563144 0.10000000
v 3.02380367 7.39563144 0.26000000
v 3.10000000 7.38560000 0.10000000
v 3.10000000 7.38560000 0.26000000
v 3.17619633 7.39563144 0.10000000
v 3.17619633 7.39563144 0.26000000
v 3.24720000 7.42504212 0.10000000
v 3.24720000 7.42504212 0.26000000
v 3.30817224 7.47182776 0.10000000
v 3.30817224 7.47182776 0.26000000
v 3.35495788 7.53280000 0.10000000
v 3.35495788 7.53280000 0.26000000
v 3.38436856 7.60380367 0.10000000
v 3.38436856 7.60380367 0.26000000
f 10158 10157 10161
f 10158 10161 10159
f 10159 10161 10162
f 10159 10162 10160
f 10161 10157 10163
f 10161 10163 10162
f 10162 10163 10164
f 10162 10164 10160
f 10163 10157 10165
f 10163 10165 10164
f 10164 10165 10166
f 10164 10166 10160
f 10165 10157 10167
f 10165 10167 10166
f 10166 10167 10168
f 10166 10168 10160
f 10167 10157 10169
f 10167 10169 10168
f 10168 10169 10170
f 10168 10170 10160
f 10169 10157 10171
f 10169 10171 10170
f 10170 10171 10172
f 10170 10172 10160
f 10171 10157 10173
f 10171 10173 10172
f 10172 10173 10174
f 10172 10174 10160
f 10173 10157 10175
f 10173 10175 10174
f 10174 10175 10176
f 10174 10176 10160
f 10175 10157 10177
f 10175 10177 10176
f 10176 10177 10178
f 10176 10178 10160
f 10177 10157 10179
f 10177 10179 10178
f 10178 10179 10180
f 10178 10180 10160
f 10179 10157 10181
f 10179 10181 10180
f 10180 10181 10182
f 10180 10182 10160
f 10181 10157 10183
f 10181 10183 10182
f 10182 10183 10184
f 10182 10184 10160
f 10183 10157 10185
f 10183 10185 10184
f 10184 10185 10186
f 10184 10186 10160
f 10185 10157 10187
f 10185 10187 10186
f 10186 10187 10188
f 10186 10188 10160
f 10187 10157 10189
f 10187 10189 10188
f 10188 10189 10190
f 10188 10190 10160
f 10189 10157 10191
f 10189 10191 10190
f 10190 10191 10192
f 10190 10192 10160
f 10191 10157 10193
f 10191 10193 10192
f 10192 10193 10194
f 10192 10194 10160
f 10193 10157 10195
f 10193 10195 10194
f 10194 10195 10196
f 10194 10196 10160
f 10195 10157 10197
f 10195 10197 10196
f 10196 10197 10198
f 10196 10198 10160
f 10197 10157 10199
f 10197 10199 10198
f 10198 10199 10200
f 10198 10200 10160
f 10199 10157 10201
f 10199 10201 10200
f 10200 10201 10202
f 10200 10202 10160
f 10201 10157 10203
f 10201 10203 10202
f 10202 10203 10204
f 10202 10204 10160
f 10203 10157 10205
f 10203 10205 10204
f 10204 10205 10206
f 10204 10206 10160
f 10205 10157 10158
f 10205 10158 10206
f 10206 10158 10159
f 10206 10159 10160

o geometry_787
v 3.10000000 7.68000000 3.18000000
v 3.38060000 7.68000000 3.18000000
v 3.38060000 7.68000000 3.36000000
v 3.10000000 7.68000000 3.36000000
v 3.37103879 7.75262462 3.18000000
v 3.37103879 7.75262462 3.36000000
v 3.34300673 7.82030000 3.18000000
v 3.34300673 7.82030000 3.36000000
v 3.29841416 7.87841416 3.18000000
v 3.29841416 7.87841416 3.36000000
v 3.24030000 7.92300673 3.18000000
v 3.24030000 7.92300673 3.36000000
v 3.17262462 7.95103879 3.18000000
v 3.17262462 7.95103879 3.36000000
v 3.10000000 7.96060000 3.18000000
v 3.10000000 7.96060000 3.36000000
v 3.02737538 7.95103879 3.18000000
v 3.02737538 7.95103879 3.36000000
v 2.95970000 7.92300673 3.18000000
v 2.95970000 7.92300673 3.36000000
v 2.90158584 7.87841416 3.18000000
v 2.90158584 7.87841416 3.36000000
v 2.85699327 7.82030000 3.18000000
v 2.85699327 7.82030000 3.36000000
v 2.82896121 7.75262462 3.18000000
v 2.82896121 7.75262462 3.36000000
v 2.81940000 7.68000000 3.18000000
v 2.81940000 7.68000000 3.36000000
v 2.82896121 7.60737538 3.18000000
v 2.82896121 7.60737538 3.36000000
v 2.85699327 7.53970000 3.18000000
v 2.85699327 7.53970000 3.36000000
v 2.90158584 7.48158584 3.18000000
v 2.90158584 7.48158584 3.36000000
v 2.95970000 7.43699327 3.18000000
v 2.95970000 7.43699327 3.36000000
v 3.02737538 7.40896121 3.18000000
v 3.02737538 7.40896121 3.36000000
v 3.10000000 7.39940000 3.18000000
v 3.10000000 7.39940000 3.36000000
v 3.17262462 7.40896121 3.18000000
v 3.17262462 7.40896121 3.36000000
v 3.24030000 7.43699327 3.18000000
v 3.24030000 7.43699327 3.36000000
v 3.29841416 7.48158584 3.18000000
v 3.29841416 7.48158584 3.36000000
v 3.34300673 7.53970000 3.18000000
v 3.34300673 7.53970000 3.36000000
v 3.37103879 7.60737538 3.18000000
v 3.37103879 7.60737538 3.36000000
f 10208 10207 10211
f 10208 10211 10209
f 10209 10211 10212
f 10209 10212 10210
f 10211 10207 10213
f 10211 10213 10212
f 10212 10213 10214
f 10212 10214 10210
f 10213 10207 10215
f 10213 10215 10214
f 10214 10215 10216
f 10214 10216 10210
f 10215 10207 10217
f 10215 10217 10216
f 10216 10217 10218
f 10216 10218 10210
f 10217 10207 10219
f 10217 10219 10218
f 10218 10219 10220
f 10218 10220 10210
f 10219 10207 10221
f 10219 10221 10220
f 10220 10221 10222
f 10220 10222 10210
f 10221 10207 10223
f 10221 10223 10222
f 10222 10223 10224
f 10222 10224 10210
f 10223 10207 10225
f 10223 10225 10224
f 10224 10225 10226
f 10224 10226 10210
f 10225 10207 10227
f 10225 10227 10226
f 10226 10227 10228
f 10226 10228 10210
f 10227 10207 10229
f 10227 10229 10228
f 10228 10229 10230
f 10228 10230 10210
f 10229 10207 10231
f 10229 10231 10230
f 10230 10231 10232
f 10230 10232 10210
f 10231 10207 10233
f 10231 10233 10232
f 10232 10233 10234
f 10232 10234 10210
f 10233 10207 10235
f 10233 10235 10234
f 10234 10235 10236
f 10234 10236 10210
f 10235 10207 10237
f 10235 10237 10236
f 10236 10237 10238
f 10236 10238 10210
f 10237 10207 10239
f 10237 10239 10238
f 10238 10239 10240
f 10238 10240 10210
f 10239 10207 10241
f 10239 10241 10240
f 10240 10241 10242
f 10240 10242 10210
f 10241 10207 10243
f 10241 10243 10242
f 10242 10243 10244
f 10242 10244 10210
f 10243 10207 10245
f 10243 10245 10244
f 10244 10245 10246
f 10244 10246 10210
f 10245 10207 10247
f 10245 10247 10246
f 10246 10247 10248
f 10246 10248 10210
f 10247 10207 10249
f 10247 10249 10248
f 10248 10249 10250
f 10248 10250 10210
f 10249 10207 10251
f 10249 10251 10250
f 10250 10251 10252
f 10250 10252 10210
f 10251 10207 10253
f 10251 10253 10252
f 10252 10253 10254
f 10252 10254 10210
f 10253 10207 10255
f 10253 10255 10254
f 10254 10255 10256
f 10254 10256 10210
f 10255 10207 10208
f 10255 10208 10256
f 10256 10208 10209
f 10256 10209 10210

o geometry_788
v 2.81250000 7.33000000 3.11000000
v 2.81250000 7.33000000 3.27000000
v 2.81250000 8.03000000 3.11000000
v 2.81250000 8.03000000 3.27000000
v 3.38750000 7.33000000 3.11000000
v 3.38750000 7.33000000 3.27000000
v 3.38750000 8.03000000 3.11000000
v 3.38750000 8.03000000 3.27000000
f 10258 10260 10257
f 10261 10258 10257
f 10257 10260 10259
f 10259 10261 10257
f 10258 10264 10260
f 10262 10258 10261
f 10262 10264 10258
f 10260 10264 10259
f 10263 10261 10259
f 10259 10264 10263
f 10263 10262 10261
f 10264 10262 10263

o geometry_789
v 6.50000000 7.68000000 0.10000000
v 6.73000000 7.68000000 0.10000000
v 6.73000000 7.68000000 3.35000000
v 6.50000000 7.68000000 3.35000000
v 6.72216294 7.73952838 0.10000000
v 6.72216294 7.73952838 3.35000000
v 6.69918584 7.79500000 0.10000000
v 6.69918584 7.79500000 3.35000000
v 6.66263456 7.84263456 0.10000000
v 6.66263456 7.84263456 3.35000000
v 6.61500000 7.87918584 0.10000000
v 6.61500000 7.87918584 3.35000000
v 6.55952838 7.90216294 0.10000000
v 6.55952838 7.90216294 3.35000000
v 6.50000000 7.91000000 0.10000000
v 6.50000000 7.91000000 3.35000000
v 6.44047162 7.90216294 0.10000000
v 6.44047162 7.90216294 3.35000000
v 6.38500000 7.87918584 0.10000000
v 6.38500000 7.87918584 3.35000000
v 6.33736544 7.84263456 0.10000000
v 6.33736544 7.84263456 3.35000000
v 6.30081416 7.79500000 0.10000000
v 6.30081416 7.79500000 3.35000000
v 6.27783706 7.73952838 0.10000000
v 6.27783706 7.73952838 3.35000000
v 6.27000000 7.68000000 0.10000000
v 6.27000000 7.68000000 3.35000000
v 6.27783706 7.62047162 0.10000000
v 6.27783706 7.62047162 3.35000000
v 6.30081416 7.56500000 0.10000000
v 6.30081416 7.56500000 3.35000000
v 6.33736544 7.51736544 0.10000000
v 6.33736544 7.51736544 3.35000000
v 6.38500000 7.48081416 0.10000000
v 6.38500000 7.48081416 3.35000000
v 6.44047162 7.45783706 0.10000000
v 6.44047162 7.45783706 3.35000000
v 6.50000000 7.45000000 0.10000000
v 6.50000000 7.45000000 3.35000000
v 6.55952838 7.45783706 0.10000000
v 6.55952838 7.45783706 3.35000000
v 6.61500000 7.48081416 0.10000000
v 6.61500000 7.48081416 3.35000000
v 6.66263456 7.51736544 0.10000000
v 6.66263456 7.51736544 3.35000000
v 6.69918584 7.56500000 0.10000000
v 6.69918584 7.56500000 3.35000000
v 6.72216294 7.62047162 0.10000000
v 6.72216294 7.62047162 3.35000000
f 10266 10265 10269
f 10266 10269 10267
f 10267 10269 10270
f 10267 10270 10268
f 10269 10265 10271
f 10269 10271 10270
f 10270 10271 10272
f 10270 10272 10268
f 10271 10265 10273
f 10271 10273 10272
f 10272 10273 10274
f 10272 10274 10268
f 10273 10265 10275
f 10273 10275 10274
f 10274 10275 10276
f 10274 10276 10268
f 10275 10265 10277
f 10275 10277 10276
f 10276 10277 10278
f 10276 10278 10268
f 10277 10265 10279
f 10277 10279 10278
f 10278 10279 10280
f 10278 10280 10268
f 10279 10265 10281
f 10279 10281 10280
f 10280 10281 10282
f 10280 10282 10268
f 10281 10265 10283
f 10281 10283 10282
f 10282 10283 10284
f 10282 10284 10268
f 10283 10265 10285
f 10283 10285 10284
f 10284 10285 10286
f 10284 10286 10268
f 10285 10265 10287
f 10285 10287 10286
f 10286 10287 10288
f 10286 10288 10268
f 10287 10265 10289
f 10287 10289 10288
f 10288 10289 10290
f 10288 10290 10268
f 10289 10265 10291
f 10289 10291 10290
f 10290 10291 10292
f 10290 10292 10268
f 10291 10265 10293
f 10291 10293 10292
f 10292 10293 10294
f 10292 10294 10268
f 10293 10265 10295
f 10293 10295 10294
f 10294 10295 10296
f 10294 10296 10268
f 10295 10265 10297
f 10295 10297 10296
f 10296 10297 10298
f 10296 10298 10268
f 10297 10265 10299
f 10297 10299 10298
f 10298 10299 10300
f 10298 10300 10268
f 10299 10265 10301
f 10299 10301 10300
f 10300 10301 10302
f 10300 10302 10268
f 10301 10265 10303
f 10301 10303 10302
f 10302 10303 10304
f 10302 10304 10268
f 10303 10265 10305
f 10303 10305 10304
f 10304 10305 10306
f 10304 10306 10268
f 10305 10265 10307
f 10305 10307 10306
f 10306 10307 10308
f 10306 10308 10268
f 10307 10265 10309
f 10307 10309 10308
f 10308 10309 10310
f 10308 10310 10268
f 10309 10265 10311
f 10309 10311 10310
f 10310 10311 10312
f 10310 10312 10268
f 10311 10265 10313
f 10311 10313 10312
f 10312 10313 10314
f 10312 10314 10268
f 10313 10265 10266
f 10313 10266 10314
f 10314 10266 10267
f 10314 10267 10268

o geometry_790
v 6.50000000 7.68000000 0.10000000
v 6.79440000 7.68000000 0.10000000
v 6.79440000 7.68000000 0.26000000
v 6.50000000 7.68000000 0.26000000
v 6.78436856 7.75619633 0.10000000
v 6.78436856 7.75619633 0.26000000
v 6.75495788 7.82720000 0.10000000
v 6.75495788 7.82720000 0.26000000
v 6.70817224 7.88817224 0.10000000
v 6.70817224 7.88817224 0.26000000
v 6.64720000 7.93495788 0.10000000
v 6.64720000 7.93495788 0.26000000
v 6.57619633 7.96436856 0.10000000
v 6.57619633 7.96436856 0.26000000
v 6.50000000 7.97440000 0.10000000
v 6.50000000 7.97440000 0.26000000
v 6.42380367 7.96436856 0.10000000
v 6.42380367 7.96436856 0.26000000
v 6.35280000 7.93495788 0.10000000
v 6.35280000 7.93495788 0.26000000
v 6.29182776 7.88817224 0.10000000
v 6.29182776 7.88817224 0.26000000
v 6.24504212 7.82720000 0.10000000
v 6.24504212 7.82720000 0.26000000
v 6.21563144 7.75619633 0.10000000
v 6.21563144 7.75619633 0.26000000
v 6.20560000 7.68000000 0.10000000
v 6.20560000 7.68000000 0.26000000
v 6.21563144 7.60380367 0.10000000
v 6.21563144 7.60380367 0.26000000
v 6.24504212 7.53280000 0.10000000
v 6.24504212 7.53280000 0.26000000
v 6.29182776 7.47182776 0.10000000
v 6.29182776 7.47182776 0.26000000
v 6.35280000 7.42504212 0.10000000
v 6.35280000 7.42504212 0.26000000
v 6.42380367 7.39563144 0.10000000
v 6.42380367 7.39563144 0.26000000
v 6.50000000 7.38560000 0.10000000
v 6.50000000 7.38560000 0.26000000
v 6.57619633 7.39563144 0.10000000
v 6.57619633 7.39563144 0.26000000
v 6.64720000 7.42504212 0.10000000
v 6.64720000 7.42504212 0.26000000
v 6.70817224 7.47182776 0.10000000
v 6.70817224 7.47182776 0.26000000
v 6.75495788 7.53280000 0.10000000
v 6.75495788 7.53280000 0.26000000
v 6.78436856 7.60380367 0.10000000
v 6.78436856 7.60380367 0.26000000
f 10316 10315 10319
f 10316 10319 10317
f 10317 10319 10320
f 10317 10320 10318
f 10319 10315 10321
f 10319 10321 10320
f 10320 10321 10322
f 10320 10322 10318
f 10321 10315 10323
f 10321 10323 10322
f 10322 10323 10324
f 10322 10324 10318
f 10323 10315 10325
f 10323 10325 10324
f 10324 10325 10326
f 10324 10326 10318
f 10325 10315 10327
f 10325 10327 10326
f 10326 10327 10328
f 10326 10328 10318
f 10327 10315 10329
f 10327 10329 10328
f 10328 10329 10330
f 10328 10330 10318
f 10329 10315 10331
f 10329 10331 10330
f 10330 10331 10332
f 10330 10332 10318
f 10331 10315 10333
f 10331 10333 10332
f 10332 10333 10334
f 10332 10334 10318
f 10333 10315 10335
f 10333 10335 10334
f 10334 10335 10336
f 10334 10336 10318
f 10335 10315 10337
f 10335 10337 10336
f 10336 10337 10338
f 10336 10338 10318
f 10337 10315 10339
f 10337 10339 10338
f 10338 10339 10340
f 10338 10340 10318
f 10339 10315 10341
f 10339 10341 10340
f 10340 10341 10342
f 10340 10342 10318
f 10341 10315 10343
f 10341 10343 10342
f 10342 10343 10344
f 10342 10344 10318
f 10343 10315 10345
f 10343 10345 10344
f 10344 10345 10346
f 10344 10346 10318
f 10345 10315 10347
f 10345 10347 10346
f 10346 10347 10348
f 10346 10348 10318
f 10347 10315 10349
f 10347 10349 10348
f 10348 10349 10350
f 10348 10350 10318
f 10349 10315 10351
f 10349 10351 10350
f 10350 10351 10352
f 10350 10352 10318
f 10351 10315 10353
f 10351 10353 10352
f 10352 10353 10354
f 10352 10354 10318
f 10353 10315 10355
f 10353 10355 10354
f 10354 10355 10356
f 10354 10356 10318
f 10355 10315 10357
f 10355 10357 10356
f 10356 10357 10358
f 10356 10358 10318
f 10357 10315 10359
f 10357 10359 10358
f 10358 10359 10360
f 10358 10360 10318
f 10359 10315 10361
f 10359 10361 10360
f 10360 10361 10362
f 10360 10362 10318
f 10361 10315 10363
f 10361 10363 10362
f 10362 10363 10364
f 10362 10364 10318
f 10363 10315 10316
f 10363 10316 10364
f 10364 10316 10317
f 10364 10317 10318

o geometry_791
v 6.50000000 7.68000000 3.18000000
v 6.78060000 7.68000000 3.18000000
v 6.78060000 7.68000000 3.36000000
v 6.50000000 7.68000000 3.36000000
v 6.77103879 7.75262462 3.18000000
v 6.77103879 7.75262462 3.36000000
v 6.74300673 7.82030000 3.18000000
v 6.74300673 7.82030000 3.36000000
v 6.69841416 7.87841416 3.18000000
v 6.69841416 7.87841416 3.36000000
v 6.64030000 7.92300673 3.18000000
v 6.64030000 7.92300673 3.36000000
v 6.57262462 7.95103879 3.18000000
v 6.57262462 7.95103879 3.36000000
v 6.50000000 7.96060000 3.18000000
v 6.50000000 7.96060000 3.36000000
v 6.42737538 7.95103879 3.18000000
v 6.42737538 7.95103879 3.36000000
v 6.35970000 7.92300673 3.18000000
v 6.35970000 7.92300673 3.36000000
v 6.30158584 7.87841416 3.18000000
v 6.30158584 7.87841416 3.36000000
v 6.25699327 7.82030000 3.18000000
v 6.25699327 7.82030000 3.36000000
v 6.22896121 7.75262462 3.18000000
v 6.22896121 7.75262462 3.36000000
v 6.21940000 7.68000000 3.18000000
v 6.21940000 7.68000000 3.36000000
v 6.22896121 7.60737538 3.18000000
v 6.22896121 7.60737538 3.36000000
v 6.25699327 7.53970000 3.18000000
v 6.25699327 7.53970000 3.36000000
v 6.30158584 7.48158584 3.18000000
v 6.30158584 7.48158584 3.36000000
v 6.35970000 7.43699327 3.18000000
v 6.35970000 7.43699327 3.36000000
v 6.42737538 7.40896121 3.18000000
v 6.42737538 7.40896121 3.36000000
v 6.50000000 7.39940000 3.18000000
v 6.50000000 7.39940000 3.36000000
v 6.57262462 7.40896121 3.18000000
v 6.57262462 7.40896121 3.36000000
v 6.64030000 7.43699327 3.18000000
v 6.64030000 7.43699327 3.36000000
v 6.69841416 7.48158584 3.18000000
v 6.69841416 7.48158584 3.36000000
v 6.74300673 7.53970000 3.18000000
v 6.74300673 7.53970000 3.36000000
v 6.77103879 7.60737538 3.18000000
v 6.77103879 7.60737538 3.36000000
f 10366 10365 10369
f 10366 10369 10367
f 10367 10369 10370
f 10367 10370 10368
f 10369 10365 10371
f 10369 10371 10370
f 10370 10371 10372
f 10370 10372 10368
f 10371 10365 10373
f 10371 10373 10372
f 10372 10373 10374
f 10372 10374 10368
f 10373 10365 10375
f 10373 10375 10374
f 10374 10375 10376
f 10374 10376 10368
f 10375 10365 10377
f 10375 10377 10376
f 10376 10377 10378
f 10376 10378 10368
f 10377 10365 10379
f 10377 10379 10378
f 10378 10379 10380
f 10378 10380 10368
f 10379 10365 10381
f 10379 10381 10380
f 10380 10381 10382
f 10380 10382 10368
f 10381 10365 10383
f 10381 10383 10382
f 10382 10383 10384
f 10382 10384 10368
f 10383 10365 10385
f 10383 10385 10384
f 10384 10385 10386
f 10384 10386 10368
f 10385 10365 10387
f 10385 10387 10386
f 10386 10387 10388
f 10386 10388 10368
f 10387 10365 10389
f 10387 10389 10388
f 10388 10389 10390
f 10388 10390 10368
f 10389 10365 10391
f 10389 10391 10390
f 10390 10391 10392
f 10390 10392 10368
f 10391 10365 10393
f 10391 10393 10392
f 10392 10393 10394
f 10392 10394 10368
f 10393 10365 10395
f 10393 10395 10394
f 10394 10395 10396
f 10394 10396 10368
f 10395 10365 10397
f 10395 10397 10396
f 10396 10397 10398
f 10396 10398 10368
f 10397 10365 10399
f 10397 10399 10398
f 10398 10399 10400
f 10398 10400 10368
f 10399 10365 10401
f 10399 10401 10400
f 10400 10401 10402
f 10400 10402 10368
f 10401 10365 10403
f 10401 10403 10402
f 10402 10403 10404
f 10402 10404 10368
f 10403 10365 10405
f 10403 10405 10404
f 10404 10405 10406
f 10404 10406 10368
f 10405 10365 10407
f 10405 10407 10406
f 10406 10407 10408
f 10406 10408 10368
f 10407 10365 10409
f 10407 10409 10408
f 10408 10409 10410
f 10408 10410 10368
f 10409 10365 10411
f 10409 10411 10410
f 10410 10411 10412
f 10410 10412 10368
f 10411 10365 10413
f 10411 10413 10412
f 10412 10413 10414
f 10412 10414 10368
f 10413 10365 10366
f 10413 10366 10414
f 10414 10366 10367
f 10414 10367 10368

o geometry_792
v 6.21250000 7.33000000 3.11000000
v 6.21250000 7.33000000 3.27000000
v 6.21250000 8.03000000 3.11000000
v 6.21250000 8.03000000 3.27000000
v 6.78750000 7.33000000 3.11000000
v 6.78750000 7.33000000 3.27000000
v 6.78750000 8.03000000 3.11000000
v 6.78750000 8.03000000 3.27000000
f 10416 10418 10415
f 10419 10416 10415
f 10415 10418 10417
f 10417 10419 10415
f 10416 10422 10418
f 10420 10416 10419
f 10420 10422 10416
f 10418 10422 10417
f 10421 10419 10417
f 10417 10422 10421
f 10421 10420 10419
f 10422 10420 10421

o geometry_793
v 2.81000000 7.34000000 2.63000000
v 2.81000000 7.34000000 2.81000000
v 2.81000000 7.42000000 2.63000000
v 2.81000000 7.42000000 2.81000000
v 3.23000000 7.34000000 2.63000000
v 3.23000000 7.34000000 2.81000000
v 3.23000000 7.42000000 2.63000000
v 3.23000000 7.42000000 2.81000000
f 10424 10426 10423
f 10427 10424 10423
f 10423 10426 10425
f 10425 10427 10423
f 10424 10430 10426
f 10428 10424 10427
f 10428 10430 10424
f 10426 10430 10425
f 10429 10427 10425
f 10425 10430 10429
f 10429 10428 10427
f 10430 10428 10429

o geometry_794
v 2.90450000 7.27000000 2.76000000
v 2.90450000 7.27000000 2.84000000
v 2.90450000 7.37000000 2.76000000
v 2.90450000 7.37000000 2.84000000
v 3.13550000 7.27000000 2.76000000
v 3.13550000 7.27000000 2.84000000
v 3.13550000 7.37000000 2.76000000
v 3.13550000 7.37000000 2.84000000
f 10432 10434 10431
f 10435 10432 10431
f 10431 10434 10433
f 10433 10435 10431
f 10432 10438 10434
f 10436 10432 10435
f 10436 10438 10432
f 10434 10438 10433
f 10437 10435 10433
f 10433 10438 10437
f 10437 10436 10435
f 10438 10436 10437

o geometry_795
v 3.23000000 7.34000000 2.63000000
v 3.23000000 7.34000000 2.81000000
v 3.23000000 7.42000000 2.63000000
v 3.23000000 7.42000000 2.81000000
v 3.65000000 7.34000000 2.63000000
v 3.65000000 7.34000000 2.81000000
v 3.65000000 7.42000000 2.63000000
v 3.65000000 7.42000000 2.81000000
f 10440 10442 10439
f 10443 10440 10439
f 10439 10442 10441
f 10441 10443 10439
f 10440 10446 10442
f 10444 10440 10443
f 10444 10446 10440
f 10442 10446 10441
f 10445 10443 10441
f 10441 10446 10445
f 10445 10444 10443
f 10446 10444 10445

o geometry_796
v 3.32450000 7.27000000 2.60000000
v 3.32450000 7.27000000 2.68000000
v 3.32450000 7.37000000 2.60000000
v 3.32450000 7.37000000 2.68000000
v 3.55550000 7.27000000 2.60000000
v 3.55550000 7.27000000 2.68000000
v 3.55550000 7.37000000 2.60000000
v 3.55550000 7.37000000 2.68000000
f 10448 10450 10447
f 10451 10448 10447
f 10447 10450 10449
f 10449 10451 10447
f 10448 10454 10450
f 10452 10448 10451
f 10452 10454 10448
f 10450 10454 10449
f 10453 10451 10449
f 10449 10454 10453
f 10453 10452 10451
f 10454 10452 10453

o geometry_797
v 3.65000000 7.34000000 2.63000000
v 3.65000000 7.34000000 2.81000000
v 3.65000000 7.42000000 2.63000000
v 3.65000000 7.42000000 2.81000000
v 4.07000000 7.34000000 2.63000000
v 4.07000000 7.34000000 2.81000000
v 4.07000000 7.42000000 2.63000000
v 4.07000000 7.42000000 2.81000000
f 10456 10458 10455
f 10459 10456 10455
f 10455 10458 10457
f 10457 10459 10455
f 10456 10462 10458
f 10460 10456 10459
f 10460 10462 10456
f 10458 10462 10457
f 10461 10459 10457
f 10457 10462 10461
f 10461 10460 10459
f 10462 10460 10461

o geometry_798
v 3.74450000 7.27000000 2.76000000
v 3.74450000 7.27000000 2.84000000
v 3.74450000 7.37000000 2.76000000
v 3.74450000 7.37000000 2.84000000
v 3.97550000 7.27000000 2.76000000
v 3.97550000 7.27000000 2.84000000
v 3.97550000 7.37000000 2.76000000
v 3.97550000 7.37000000 2.84000000
f 10464 10466 10463
f 10467 10464 10463
f 10463 10466 10465
f 10465 10467 10463
f 10464 10470 10466
f 10468 10464 10467
f 10468 10470 10464
f 10466 10470 10465
f 10469 10467 10465
f 10465 10470 10469
f 10469 10468 10467
f 10470 10468 10469

o geometry_799
v 4.07000000 7.34000000 2.63000000
v 4.07000000 7.34000000 2.81000000
v 4.07000000 7.42000000 2.63000000
v 4.07000000 7.42000000 2.81000000
v 4.49000000 7.34000000 2.63000000
v 4.49000000 7.34000000 2.81000000
v 4.49000000 7.42000000 2.63000000
v 4.49000000 7.42000000 2.81000000
f 10472 10474 10471
f 10475 10472 10471
f 10471 10474 10473
f 10473 10475 10471
f 10472 10478 10474
f 10476 10472 10475
f 10476 10478 10472
f 10474 10478 10473
f 10477 10475 10473
f 10473 10478 10477
f 10477 10476 10475
f 10478 10476 10477

o geometry_800
v 4.16450000 7.27000000 2.60000000
v 4.16450000 7.27000000 2.68000000
v 4.16450000 7.37000000 2.60000000
v 4.16450000 7.37000000 2.68000000
v 4.39550000 7.27000000 2.60000000
v 4.39550000 7.27000000 2.68000000
v 4.39550000 7.37000000 2.60000000
v 4.39550000 7.37000000 2.68000000
f 10480 10482 10479
f 10483 10480 10479
f 10479 10482 10481
f 10481 10483 10479
f 10480 10486 10482
f 10484 10480 10483
f 10484 10486 10480
f 10482 10486 10481
f 10485 10483 10481
f 10481 10486 10485
f 10485 10484 10483
f 10486 10484 10485

o geometry_801
v 4.49000000 7.34000000 2.63000000
v 4.49000000 7.34000000 2.81000000
v 4.49000000 7.42000000 2.63000000
v 4.49000000 7.42000000 2.81000000
v 4.91000000 7.34000000 2.63000000
v 4.91000000 7.34000000 2.81000000
v 4.91000000 7.42000000 2.63000000
v 4.91000000 7.42000000 2.81000000
f 10488 10490 10487
f 10491 10488 10487
f 10487 10490 10489
f 10489 10491 10487
f 10488 10494 10490
f 10492 10488 10491
f 10492 10494 10488
f 10490 10494 10489
f 10493 10491 10489
f 10489 10494 10493
f 10493 10492 10491
f 10494 10492 10493

o geometry_802
v 4.58450000 7.27000000 2.76000000
v 4.58450000 7.27000000 2.84000000
v 4.58450000 7.37000000 2.76000000
v 4.58450000 7.37000000 2.84000000
v 4.81550000 7.27000000 2.76000000
v 4.81550000 7.27000000 2.84000000
v 4.81550000 7.37000000 2.76000000
v 4.81550000 7.37000000 2.84000000
f 10496 10498 10495
f 10499 10496 10495
f 10495 10498 10497
f 10497 10499 10495
f 10496 10502 10498
f 10500 10496 10499
f 10500 10502 10496
f 10498 10502 10497
f 10501 10499 10497
f 10497 10502 10501
f 10501 10500 10499
f 10502 10500 10501

o geometry_803
v 4.91000000 7.34000000 2.63000000
v 4.91000000 7.34000000 2.81000000
v 4.91000000 7.42000000 2.63000000
v 4.91000000 7.42000000 2.81000000
v 5.33000000 7.34000000 2.63000000
v 5.33000000 7.34000000 2.81000000
v 5.33000000 7.42000000 2.63000000
v 5.33000000 7.42000000 2.81000000
f 10504 10506 10503
f 10507 10504 10503
f 10503 10506 10505
f 10505 10507 10503
f 10504 10510 10506
f 10508 10504 10507
f 10508 10510 10504
f 10506 10510 10505
f 10509 10507 10505
f 10505 10510 10509
f 10509 10508 10507
f 10510 10508 10509

o geometry_804
v 5.00450000 7.27000000 2.60000000
v 5.00450000 7.27000000 2.68000000
v 5.00450000 7.37000000 2.60000000
v 5.00450000 7.37000000 2.68000000
v 5.23550000 7.27000000 2.60000000
v 5.23550000 7.27000000 2.68000000
v 5.23550000 7.37000000 2.60000000
v 5.23550000 7.37000000 2.68000000
f 10512 10514 10511
f 10515 10512 10511
f 10511 10514 10513
f 10513 10515 10511
f 10512 10518 10514
f 10516 10512 10515
f 10516 10518 10512
f 10514 10518 10513
f 10517 10515 10513
f 10513 10518 10517
f 10517 10516 10515
f 10518 10516 10517

o geometry_805
v 5.33000000 7.34000000 2.63000000
v 5.33000000 7.34000000 2.81000000
v 5.33000000 7.42000000 2.63000000
v 5.33000000 7.42000000 2.81000000
v 5.75000000 7.34000000 2.63000000
v 5.75000000 7.34000000 2.81000000
v 5.75000000 7.42000000 2.63000000
v 5.75000000 7.42000000 2.81000000
f 10520 10522 10519
f 10523 10520 10519
f 10519 10522 10521
f 10521 10523 10519
f 10520 10526 10522
f 10524 10520 10523
f 10524 10526 10520
f 10522 10526 10521
f 10525 10523 10521
f 10521 10526 10525
f 10525 10524 10523
f 10526 10524 10525

o geometry_806
v 5.42450000 7.27000000 2.76000000
v 5.42450000 7.27000000 2.84000000
v 5.42450000 7.37000000 2.76000000
v 5.42450000 7.37000000 2.84000000
v 5.65550000 7.27000000 2.76000000
v 5.65550000 7.27000000 2.84000000
v 5.65550000 7.37000000 2.76000000
v 5.65550000 7.37000000 2.84000000
f 10528 10530 10527
f 10531 10528 10527
f 10527 10530 10529
f 10529 10531 10527
f 10528 10534 10530
f 10532 10528 10531
f 10532 10534 10528
f 10530 10534 10529
f 10533 10531 10529
f 10529 10534 10533
f 10533 10532 10531
f 10534 10532 10533

o geometry_807
v 5.75000000 7.34000000 2.63000000
v 5.75000000 7.34000000 2.81000000
v 5.75000000 7.42000000 2.63000000
v 5.75000000 7.42000000 2.81000000
v 6.17000000 7.34000000 2.63000000
v 6.17000000 7.34000000 2.81000000
v 6.17000000 7.42000000 2.63000000
v 6.17000000 7.42000000 2.81000000
f 10536 10538 10535
f 10539 10536 10535
f 10535 10538 10537
f 10537 10539 10535
f 10536 10542 10538
f 10540 10536 10539
f 10540 10542 10536
f 10538 10542 10537
f 10541 10539 10537
f 10537 10542 10541
f 10541 10540 10539
f 10542 10540 10541

o geometry_808
v 5.84450000 7.27000000 2.60000000
v 5.84450000 7.27000000 2.68000000
v 5.84450000 7.37000000 2.60000000
v 5.84450000 7.37000000 2.68000000
v 6.07550000 7.27000000 2.60000000
v 6.07550000 7.27000000 2.68000000
v 6.07550000 7.37000000 2.60000000
v 6.07550000 7.37000000 2.68000000
f 10544 10546 10543
f 10547 10544 10543
f 10543 10546 10545
f 10545 10547 10543
f 10544 10550 10546
f 10548 10544 10547
f 10548 10550 10544
f 10546 10550 10545
f 10549 10547 10545
f 10545 10550 10549
f 10549 10548 10547
f 10550 10548 10549

o geometry_809
v 6.17000000 7.34000000 2.63000000
v 6.17000000 7.34000000 2.81000000
v 6.17000000 7.42000000 2.63000000
v 6.17000000 7.42000000 2.81000000
v 6.59000000 7.34000000 2.63000000
v 6.59000000 7.34000000 2.81000000
v 6.59000000 7.42000000 2.63000000
v 6.59000000 7.42000000 2.81000000
f 10552 10554 10551
f 10555 10552 10551
f 10551 10554 10553
f 10553 10555 10551
f 10552 10558 10554
f 10556 10552 10555
f 10556 10558 10552
f 10554 10558 10553
f 10557 10555 10553
f 10553 10558 10557
f 10557 10556 10555
f 10558 10556 10557

o geometry_810
v 6.26450000 7.27000000 2.76000000
v 6.26450000 7.27000000 2.84000000
v 6.26450000 7.37000000 2.76000000
v 6.26450000 7.37000000 2.84000000
v 6.49550000 7.27000000 2.76000000
v 6.49550000 7.27000000 2.84000000
v 6.49550000 7.37000000 2.76000000
v 6.49550000 7.37000000 2.84000000
f 10560 10562 10559
f 10563 10560 10559
f 10559 10562 10561
f 10561 10563 10559
f 10560 10566 10562
f 10564 10560 10563
f 10564 10566 10560
f 10562 10566 10561
f 10565 10563 10561
f 10561 10566 10565
f 10565 10564 10563
f 10566 10564 10565

o geometry_811
v 2.80000000 7.70500000 0.00000000
v 2.80000000 7.70500000 0.18000000
v 2.80000000 8.25500000 0.00000000
v 2.80000000 8.25500000 0.18000000
v 6.80000000 7.70500000 0.00000000
v 6.80000000 7.70500000 0.18000000
v 6.80000000 8.25500000 0.00000000
v 6.80000000 8.25500000 0.18000000
f 10568 10570 10567
f 10571 10568 10567
f 10567 10570 10569
f 10569 10571 10567
f 10568 10574 10570
f 10572 10568 10571
f 10572 10574 10568
f 10570 10574 10569
f 10573 10571 10569
f 10569 10574 10573
f 10573 10572 10571
f 10574 10572 10573

o geometry_812
v 2.80000000 7.67000000 3.25000000
v 2.80000000 7.67000000 3.50000000
v 2.80000000 8.29000000 3.25000000
v 2.80000000 8.29000000 3.50000000
v 6.80000000 7.67000000 3.25000000
v 6.80000000 7.67000000 3.50000000
v 6.80000000 8.29000000 3.25000000
v 6.80000000 8.29000000 3.50000000
f 10576 10578 10575
f 10579 10576 10575
f 10575 10578 10577
f 10577 10579 10575
f 10576 10582 10578
f 10580 10576 10579
f 10580 10582 10576
f 10578 10582 10577
f 10581 10579 10577
f 10577 10582 10581
f 10581 10580 10579
f 10582 10580 10581

o geometry_813
v 4.31493734 7.66384434 0.09152459
v 4.46299064 7.66384434 0.09152459
v 4.31493734 7.49615566 0.09152459
v 4.46299064 7.49615566 0.09152459
v 4.38896399 7.52818135 0.24407416
v 4.38896399 7.63181865 0.24407416
v 4.38896399 7.52818135 -0.06102499
v 4.38896399 7.63181865 -0.06102499
v 4.50874162 7.58000000 -0.00275624
v 4.50874162 7.58000000 0.18580541
v 4.26918635 7.58000000 -0.00275624
v 4.26918635 7.58000000 0.18580541
v 4.38896399 7.67856494 0.09152459
v 4.38896399 7.48143506 0.09152459
v 4.34545222 7.50025929 0.18119098
v 4.43247576 7.50025929 0.18119098
v 4.34545222 7.65974071 0.18119098
v 4.43247576 7.65974071 0.18119098
v 4.38896399 7.58000000 0.27085737
v 4.34545222 7.50025929 0.00185819
v 4.43247576 7.50025929 0.00185819
v 4.34545222 7.65974071 0.00185819
v 4.43247576 7.65974071 0.00185819
v 4.38896399 7.58000000 -0.08780820
v 4.50287929 7.62928247 0.03610771
v 4.50287929 7.53071753 0.03610771
v 4.45936752 7.54954176 -0.05355868
v 4.45936752 7.61045824 -0.05355868
v 4.50287929 7.62928247 0.14694146
v 4.50287929 7.53071753 0.14694146
v 4.45936752 7.54954176 0.23660786
v 4.45936752 7.61045824 0.23660786
v 4.52977104 7.58000000 0.09152459
v 4.27504869 7.62928247 0.03610771
v 4.27504869 7.53071753 0.03610771
v 4.31856046 7.54954176 -0.05355868
v 4.31856046 7.61045824 -0.05355868
v 4.27504869 7.62928247 0.14694146
v 4.27504869 7.53071753 0.14694146
v 4.31856046 7.54954176 0.23660786
v 4.31856046 7.61045824 0.23660786
v 4.24815693 7.58000000 0.09152459
f 10583 10620 10599
f 10620 10594 10623
f 10599 10623 10588
f 10620 10623 10599
f 10583 10599 10595
f 10599 10588 10600
f 10595 10600 10584
f 10599 10600 10595
f 10583 10595 10604
f 10595 10584 10605
f 10604 10605 10590
f 10595 10605 10604
f 10583 10604 10616
f 10604 10590 10619
f 10616 10619 10593
f 10604 10619 10616
f 10583 10616 10620
f 10616 10593 10624
f 10620 10624 10594
f 10616 10624 10620
f 10584 10600 10611
f 10600 10588 10614
f 10611 10614 10592
f 10600 10614 10611
f 10588 10623 10601
f 10623 10594 10622
f 10601 10622 10587
f 10623 10622 10601
f 10594 10624 10621
f 10624 10593 10617
f 10621 10617 10585
f 10624 10617 10621
f 10593 10619 10618
f 10619 10590 10606
f 10618 10606 10589
f 10619 10606 10618
f 10590 10605 10610
f 10605 10584 10607
f 10610 10607 10591
f 10605 10607 10610
f 10586 10612 10598
f 10612 10592 10613
f 10598 10613 10587
f 10612 10613 10598
f 10586 10598 10596
f 10598 10587 10597
f 10596 10597 10585
f 10598 10597 10596
f 10586 10596 10603
f 10596 10585 10602
f 10603 10602 10589
f 10596 10602 10603
f 10586 10603 10608
f 10603 10589 10609
f 10608 10609 10591
f 10603 10609 10608
f 10586 10608 10612
f 10608 10591 10615
f 10612 10615 10592
f 10608 10615 10612
f 10587 10613 10601
f 10613 10592 10614
f 10601 10614 10588
f 10613 10614 10601
f 10585 10597 10621
f 10597 10587 10622
f 10621 10622 10594
f 10597 10622 10621
f 10589 10602 10618
f 10602 10585 10617
f 10618 10617 10593
f 10602 10617 10618
f 10591 10609 10610
f 10609 10589 10606
f 10610 10606 10590
f 10609 10606 10610
f 10592 10615 10611
f 10615 10591 10607
f 10611 10607 10584
f 10615 10607 10611

o geometry_814
v 4.40291402 7.71508925 0.14746358
v 4.64145615 7.71508925 0.14746358
v 4.40291402 7.44491075 0.14746358
v 4.64145615 7.44491075 0.14746358
v 4.52218508 7.49651025 0.27476198
v 4.52218508 7.66348975 0.27476198
v 4.52218508 7.49651025 0.02016518
v 4.52218508 7.66348975 0.02016518
v 4.71516972 7.58000000 0.06878884
v 4.71516972 7.58000000 0.22613831
v 4.32920045 7.58000000 0.06878884
v 4.32920045 7.58000000 0.22613831
v 4.52218508 7.73880693 0.14746358
v 4.52218508 7.42119307 0.14746358
v 4.45207931 7.45152249 0.22228770
v 4.59229086 7.45152249 0.22228770
v 4.45207931 7.70847751 0.22228770
v 4.59229086 7.70847751 0.22228770
v 4.52218508 7.58000000 0.29711182
v 4.45207931 7.45152249 0.07263946
v 4.59229086 7.45152249 0.07263946
v 4.45207931 7.70847751 0.07263946
v 4.59229086 7.70847751 0.07263946
v 4.52218508 7.58000000 -0.00218466
v 4.70572438 7.65940347 0.10121973
v 4.70572438 7.50059653 0.10121973
v 4.63561861 7.53092596 0.02639561
v 4.63561861 7.62907404 0.02639561
v 4.70572438 7.65940347 0.19370743
v 4.70572438 7.50059653 0.19370743
v 4.63561861 7.53092596 0.26853155
v 4.63561861 7.62907404 0.26853155
v 4.74905213 7.58000000 0.14746358
v 4.33864579 7.65940347 0.10121973
v 4.33864579 7.50059653 0.10121973
v 4.40875156 7.53092596 0.02639561
v 4.40875156 7.62907404 0.02639561
v 4.33864579 7.65940347 0.19370743
v 4.33864579 7.50059653 0.19370743
v 4.40875156 7.53092596 0.26853155
v 4.40875156 7.62907404 0.26853155
v 4.29531804 7.58000000 0.14746358
f 10625 10662 10641
f 10662 10636 10665
f 10641 10665 10630
f 10662 10665 10641
f 10625 10641 10637
f 10641 10630 10642
f 10637 10642 10626
f 10641 10642 10637
f 10625 10637 10646
f 10637 10626 10647
f 10646 10647 10632
f 10637 10647 10646
f 10625 10646 10658
f 10646 10632 10661
f 10658 10661 10635
f 10646 10661 10658
f 10625 10658 10662
f 10658 10635 10666
f 10662 10666 10636
f 10658 10666 10662
f 10626 10642 10653
f 10642 10630 10656
f 10653 10656 10634
f 10642 10656 10653
f 10630 10665 10643
f 10665 10636 10664
f 10643 10664 10629
f 10665 10664 10643
f 10636 10666 10663
f 10666 10635 10659
f 10663 10659 10627
f 10666 10659 10663
f 10635 10661 10660
f 10661 10632 10648
f 10660 10648 10631
f 10661 10648 10660
f 10632 10647 10652
f 10647 10626 10649
f 10652 10649 10633
f 10647 10649 10652
f 10628 10654 10640
f 10654 10634 10655
f 10640 10655 10629
f 10654 10655 10640
f 10628 10640 10638
f 10640 10629 10639
f 10638 10639 10627
f 10640 10639 10638
f 10628 10638 10645
f 10638 10627 10644
f 10645 10644 10631
f 10638 10644 10645
f 10628 10645 10650
f 10645 10631 10651
f 10650 10651 10633
f 10645 10651 10650
f 10628 10650 10654
f 10650 10633 10657
f 10654 10657 10634
f 10650 10657 10654
f 10629 10655 10643
f 10655 10634 10656
f 10643 10656 10630
f 10655 10656 10643
f 10627 10639 10663
f 10639 10629 10664
f 10663 10664 10636
f 10639 10664 10663
f 10631 10644 10660
f 10644 10627 10659
f 10660 10659 10635
f 10644 10659 10660
f 10633 10651 10652
f 10651 10631 10648
f 10652 10648 10632
f 10651 10648 10652
f 10634 10657 10653
f 10657 10633 10649
f 10653 10649 10626
f 10657 10649 10653

o geometry_815
v 4.80893303 7.74663415 0.18189804
v 5.10317752 7.74663415 0.18189804
v 4.80893303 7.41336585 0.18189804
v 5.10317752 7.41336585 0.18189804
v 4.95605528 7.47701443 0.35962011
v 4.95605528 7.68298557 0.35962011
v 4.95605528 7.47701443 0.00417597
v 4.95605528 7.68298557 0.00417597
v 5.19410407 7.58000000 0.07205976
v 5.19410407 7.58000000 0.29173632
v 4.71800649 7.58000000 0.07205976
v 4.71800649 7.58000000 0.29173632
v 4.95605528 7.77589020 0.18189804
v 4.95605528 7.38410980 0.18189804
v 4.86957899 7.42152150 0.28636045
v 5.04253156 7.42152150 0.28636045
v 4.86957899 7.73847850 0.28636045
v 5.04253156 7.73847850 0.28636045
v 4.95605528 7.58000000 0.39082286
v 4.86957899 7.42152150 0.07743563
v 5.04253156 7.42152150 0.07743563
v 4.86957899 7.73847850 0.07743563
v 5.04253156 7.73847850 0.07743563
v 4.95605528 7.58000000 -0.02702679
v 5.18245313 7.67794510 0.11733672
v 5.18245313 7.48205490 0.11733672
v 5.09597685 7.51946660 0.01287430
v 5.09597685 7.64053340 0.01287430
v 5.18245313 7.67794510 0.24645936
v 5.18245313 7.48205490 0.24645936
v 5.09597685 7.51946660 0.35092177
v 5.09597685 7.64053340 0.35092177
v 5.23589842 7.58000000 0.18189804
v 4.72965742 7.67794510 0.11733672
v 4.72965742 7.48205490 0.11733672
v 4.81613371 7.51946660 0.01287430
v 4.81613371 7.64053340 0.01287430
v 4.72965742 7.67794510 0.24645936
v 4.72965742 7.48205490 0.24645936
v 4.81613371 7.51946660 0.35092177
v 4.81613371 7.64053340 0.35092177
v 4.67621214 7.58000000 0.18189804
f 10667 10704 10683
f 10704 10678 10707
f 10683 10707 10672
f 10704 10707 10683
f 10667 10683 10679
f 10683 10672 10684
f 10679 10684 10668
f 10683 10684 10679
f 10667 10679 10688
f 10679 10668 10689
f 10688 10689 10674
f 10679 10689 10688
f 10667 10688 10700
f 10688 10674 10703
f 10700 10703 10677
f 10688 10703 10700
f 10667 10700 10704
f 10700 10677 10708
f 10704 10708 10678
f 10700 10708 10704
f 10668 10684 10695
f 10684 10672 10698
f 10695 10698 10676
f 10684 10698 10695
f 10672 10707 10685
f 10707 10678 10706
f 10685 10706 10671
f 10707 10706 10685
f 10678 10708 10705
f 10708 10677 10701
f 10705 10701 10669
f 10708 10701 10705
f 10677 10703 10702
f 10703 10674 10690
f 10702 10690 10673
f 10703 10690 10702
f 10674 10689 10694
f 10689 10668 10691
f 10694 10691 10675
f 10689 10691 10694
f 10670 10696 10682
f 10696 10676 10697
f 10682 10697 10671
f 10696 10697 10682
f 10670 10682 10680
f 10682 10671 10681
f 10680 10681 10669
f 10682 10681 10680
f 10670 10680 10687
f 10680 10669 10686
f 10687 10686 10673
f 10680 10686 10687
f 10670 10687 10692
f 10687 10673 10693
f 10692 10693 10675
f 10687 10693 10692
f 10670 10692 10696
f 10692 10675 10699
f 10696 10699 10676
f 10692 10699 10696
f 10671 10697 10685
f 10697 10676 10698
f 10685 10698 10672
f 10697 10698 10685
f 10669 10681 10705
f 10681 10671 10706
f 10705 10706 10678
f 10681 10706 10705
f 10673 10686 10702
f 10686 10669 10701
f 10702 10701 10677
f 10686 10701 10702
f 10675 10693 10694
f 10693 10673 10690
f 10694 10690 10674
f 10693 10690 10694
f 10676 10699 10695
f 10699 10675 10691
f 10695 10691 10668
f 10699 10691 10695

o geometry_816
v 4.69845929 7.68875643 0.11871865
v 4.89050264 7.68875643 0.11871865
v 4.69845929 7.47124357 0.11871865
v 4.89050264 7.47124357 0.11871865
v 4.79448096 7.51278483 0.26121952
v 4.79448096 7.64721517 0.26121952
v 4.79448096 7.51278483 -0.02378222
v 4.79448096 7.64721517 -0.02378222
v 4.94984730 7.58000000 0.03064827
v 4.94984730 7.58000000 0.20678903
v 4.63911463 7.58000000 0.03064827
v 4.63911463 7.58000000 0.20678903
v 4.79448096 7.70785085 0.11871865
v 4.79448096 7.45214915 0.11871865
v 4.73804084 7.47656649 0.20247856
v 4.85092109 7.47656649 0.20247856
v 4.73804084 7.68343351 0.20247856
v 4.85092109 7.68343351 0.20247856
v 4.79448096 7.58000000 0.28623846
v 4.73804084 7.47656649 0.03495874
v 4.85092109 7.47656649 0.03495874
v 4.73804084 7.68343351 0.03495874
v 4.85092109 7.68343351 0.03495874
v 4.79448096 7.58000000 -0.04880116
v 4.94224313 7.64392543 0.06695218
v 4.94224313 7.51607457 0.06695218
v 4.88580300 7.54049191 -0.01680773
v 4.88580300 7.61950809 -0.01680773
v 4.94224313 7.64392543 0.17048512
v 4.94224313 7.51607457 0.17048512
v 4.88580300 7.54049191 0.25424503
v 4.88580300 7.61950809 0.25424503
v 4.97712504 7.58000000 0.11871865
v 4.64671880 7.64392543 0.06695218
v 4.64671880 7.51607457 0.06695218
v 4.70315892 7.54049191 -0.01680773
v 4.70315892 7.61950809 -0.01680773
v 4.64671880 7.64392543 0.17048512
v 4.64671880 7.51607457 0.17048512
v 4.70315892 7.54049191 0.25424503
v 4.70315892 7.61950809 0.25424503
v 4.61183689 7.58000000 0.11871865
f 10709 10746 10725
f 10746 10720 10749
f 10725 10749 10714
f 10746 10749 10725
f 10709 10725 10721
f 10725 10714 10726
f 10721 10726 10710
f 10725 10726 10721
f 10709 10721 10730
f 10721 10710 10731
f 10730 10731 10716
f 10721 10731 10730
f 10709 10730 10742
f 10730 10716 10745
f 10742 10745 10719
f 10730 10745 10742
f 10709 10742 10746
f 10742 10719 10750
f 10746 10750 10720
f 10742 10750 10746
f 10710 10726 10737
f 10726 10714 10740
f 10737 10740 10718
f 10726 10740 10737
f 10714 10749 10727
f 10749 10720 10748
f 10727 10748 10713
f 10749 10748 10727
f 10720 10750 10747
f 10750 10719 10743
f 10747 10743 10711
f 10750 10743 10747
f 10719 10745 10744
f 10745 10716 10732
f 10744 10732 10715
f 10745 10732 10744
f 10716 10731 10736
f 10731 10710 10733
f 10736 10733 10717
f 10731 10733 10736
f 10712 10738 10724
f 10738 10718 10739
f 10724 10739 10713
f 10738 10739 10724
f 10712 10724 10722
f 10724 10713 10723
f 10722 10723 10711
f 10724 10723 10722
f 10712 10722 10729
f 10722 10711 10728
f 10729 10728 10715
f 10722 10728 10729
f 10712 10729 10734
f 10729 10715 10735
f 10734 10735 10717
f 10729 10735 10734
f 10712 10734 10738
f 10734 10717 10741
f 10738 10741 10718
f 10734 10741 10738
f 10713 10739 10727
f 10739 10718 10740
f 10727 10740 10714
f 10739 10740 10727
f 10711 10723 10747
f 10723 10713 10748
f 10747 10748 10720
f 10723 10748 10747
f 10715 10728 10744
f 10728 10711 10743
f 10744 10743 10719
f 10728 10743 10744
f 10717 10735 10736
f 10735 10715 10732
f 10736 10732 10716
f 10735 10732 10736
f 10718 10741 10737
f 10741 10717 10733
f 10737 10733 10710
f 10741 10733 10737

o geometry_817
v 4.27775796 7.66014924 0.08749101
v 4.41928641 7.66014924 0.08749101
v 4.27775796 7.49985076 0.08749101
v 4.41928641 7.49985076 0.08749101
v 4.34852219 7.53046504 0.22275601
v 4.34852219 7.62953496 0.22275601
v 4.34852219 7.53046504 -0.04777399
v 4.34852219 7.62953496 -0.04777399
v 4.46302110 7.58000000 0.00389264
v 4.46302110 7.58000000 0.17108938
v 4.23402327 7.58000000 0.00389264
v 4.23402327 7.58000000 0.17108938
v 4.34852219 7.67422109 0.08749101
v 4.34852219 7.48577891 0.08749101
v 4.30692802 7.50377354 0.16699778
v 4.39011635 7.50377354 0.16699778
v 4.30692802 7.65622646 0.16699778
v 4.39011635 7.65622646 0.16699778
v 4.34852219 7.58000000 0.24650456
v 4.30692802 7.50377354 0.00798423
v 4.39011635 7.50377354 0.00798423
v 4.30692802 7.65622646 0.00798423
v 4.39011635 7.65622646 0.00798423
v 4.34852219 7.58000000 -0.07152254
v 4.45741713 7.62711054 0.03835312
v 4.45741713 7.53288946 0.03835312
v 4.41582296 7.55088408 -0.04115365
v 4.41582296 7.60911592 -0.04115365
v 4.45741713 7.62711054 0.13662890
v 4.45741713 7.53288946 0.13662890
v 4.41582296 7.55088408 0.21613567
v 4.41582296 7.60911592 0.21613567
v 4.48312374 7.58000000 0.08749101
v 4.23962724 7.62711054 0.03835312
v 4.23962724 7.53288946 0.03835312
v 4.28122141 7.55088408 -0.04115365
v 4.28122141 7.60911592 -0.04115365
v 4.23962724 7.62711054 0.13662890
v 4.23962724 7.53288946 0.13662890
v 4.28122141 7.55088408 0.21613567
v 4.28122141 7.60911592 0.21613567
v 4.21392063 7.58000000 0.08749101
f 10751 10788 10767
f 10788 10762 10791
f 10767 10791 10756
f 10788 10791 10767
f 10751 10767 10763
f 10767 10756 10768
f 10763 10768 10752
f 10767 10768 10763
f 10751 10763 10772
f 10763 10752 10773
f 10772 10773 10758
f 10763 10773 10772
f 10751 10772 10784
f 10772 10758 10787
f 10784 10787 10761
f 10772 10787 10784
f 10751 10784 10788
f 10784 10761 10792
f 10788 10792 10762
f 10784 10792 10788
f 10752 10768 10779
f 10768 10756 10782
f 10779 10782 10760
f 10768 10782 10779
f 10756 10791 10769
f 10791 10762 10790
f 10769 10790 10755
f 10791 10790 10769
f 10762 10792 10789
f 10792 10761 10785
f 10789 10785 10753
f 10792 10785 10789
f 10761 10787 10786
f 10787 10758 10774
f 10786 10774 10757
f 10787 10774 10786
f 10758 10773 10778
f 10773 10752 10775
f 10778 10775 10759
f 10773 10775 10778
f 10754 10780 10766
f 10780 10760 10781
f 10766 10781 10755
f 10780 10781 10766
f 10754 10766 10764
f 10766 10755 10765
f 10764 10765 10753
f 10766 10765 10764
f 10754 10764 10771
f 10764 10753 10770
f 10771 10770 10757
f 10764 10770 10771
f 10754 10771 10776
f 10771 10757 10777
f 10776 10777 10759
f 10771 10777 10776
f 10754 10776 10780
f 10776 10759 10783
f 10780 10783 10760
f 10776 10783 10780
f 10755 10781 10769
f 10781 10760 10782
f 10769 10782 10756
f 10781 10782 10769
f 10753 10765 10789
f 10765 10755 10790
f 10789 10790 10762
f 10765 10790 10789
f 10757 10770 10786
f 10770 10753 10785
f 10786 10785 10761
f 10770 10785 10786
f 10759 10777 10778
f 10777 10757 10774
f 10778 10774 10758
f 10777 10774 10778
f 10760 10783 10779
f 10783 10759 10775
f 10779 10775 10752
f 10783 10775 10779

o geometry_818
v 4.46870999 7.66464575 0.09239941
v 4.61817843 7.66464575 0.09239941
v 4.46870999 7.49535425 0.09239941
v 4.61817843 7.49535425 0.09239941
v 4.54344421 7.52768605 0.16664509
v 4.54344421 7.63231395 0.16664509
v 4.54344421 7.52768605 0.01815372
v 4.54344421 7.63231395 0.01815372
v 4.66436671 7.58000000 0.04651305
v 4.66436671 7.58000000 0.13828576
v 4.42252170 7.58000000 0.04651305
v 4.42252170 7.58000000 0.13828576
v 4.54344421 7.67950705 0.09239941
v 4.54344421 7.48049295 0.09239941
v 4.49951654 7.49949710 0.13603992
v 4.58737188 7.49949710 0.13603992
v 4.49951654 7.66050290 0.13603992
v 4.58737188 7.66050290 0.13603992
v 4.54344421 7.58000000 0.17968044
v 4.49951654 7.49949710 0.04875889
v 4.58737188 7.49949710 0.04875889
v 4.49951654 7.66050290 0.04875889
v 4.58737188 7.66050290 0.04875889
v 4.54344421 7.58000000 0.00511837
v 4.65844835 7.62975353 0.06542808
v 4.65844835 7.53024647 0.06542808
v 4.61452067 7.54925063 0.02178757
v 4.61452067 7.61074937 0.02178757
v 4.65844835 7.62975353 0.11937073
v 4.65844835 7.53024647 0.11937073
v 4.61452067 7.54925063 0.16301125
v 4.61452067 7.61074937 0.16301125
v 4.68559714 7.58000000 0.09239941
v 4.42844007 7.62975353 0.06542808
v 4.42844007 7.53024647 0.06542808
v 4.47236774 7.54925063 0.02178757
v 4.47236774 7.61074937 0.02178757
v 4.42844007 7.62975353 0.11937073
v 4.42844007 7.53024647 0.11937073
v 4.47236774 7.54925063 0.16301125
v 4.47236774 7.61074937 0.16301125
v 4.40129127 7.58000000 0.09239941
f 10793 10830 10809
f 10830 10804 10833
f 10809 10833 10798
f 10830 10833 10809
f 10793 10809 10805
f 10809 10798 10810
f 10805 10810 10794
f 10809 10810 10805
f 10793 10805 10814
f 10805 10794 10815
f 10814 10815 10800
f 10805 10815 10814
f 10793 10814 10826
f 10814 10800 10829
f 10826 10829 10803
f 10814 10829 10826
f 10793 10826 10830
f 10826 10803 10834
f 10830 10834 10804
f 10826 10834 10830
f 10794 10810 10821
f 10810 10798 10824
f 10821 10824 10802
f 10810 10824 10821
f 10798 10833 10811
f 10833 10804 10832
f 10811 10832 10797
f 10833 10832 10811
f 10804 10834 10831
f 10834 10803 10827
f 10831 10827 10795
f 10834 10827 10831
f 10803 10829 10828
f 10829 10800 10816
f 10828 10816 10799
f 10829 10816 10828
f 10800 10815 10820
f 10815 10794 10817
f 10820 10817 10801
f 10815 10817 10820
f 10796 10822 10808
f 10822 10802 10823
f 10808 10823 10797
f 10822 10823 10808
f 10796 10808 10806
f 10808 10797 10807
f 10806 10807 10795
f 10808 10807 10806
f 10796 10806 10813
f 10806 10795 10812
f 10813 10812 10799
f 10806 10812 10813
f 10796 10813 10818
f 10813 10799 10819
f 10818 10819 10801
f 10813 10819 10818
f 10796 10818 10822
f 10818 10801 10825
f 10822 10825 10802
f 10818 10825 10822
f 10797 10823 10811
f 10823 10802 10824
f 10811 10824 10798
f 10823 10824 10811
f 10795 10807 10831
f 10807 10797 10832
f 10831 10832 10804
f 10807 10832 10831
f 10799 10812 10828
f 10812 10795 10827
f 10828 10827 10803
f 10812 10827 10828
f 10801 10819 10820
f 10819 10799 10816
f 10820 10816 10800
f 10819 10816 10820
f 10802 10825 10821
f 10825 10801 10817
f 10821 10817 10794
f 10825 10817 10821

o geometry_819
v 7.61165462 7.52100996 -0.00557303
v 7.61165462 7.52100996 0.46942697
v 7.60637623 8.00098094 -0.00557303
v 7.60637623 8.00098094 0.46942697
v 8.12181472 7.52662035 -0.00557303
v 8.12181472 7.52662035 0.46942697
v 8.11653634 8.00659132 -0.00557303
v 8.11653634 8.00659132 0.46942697
f 10836 10838 10835
f 10839 10836 10835
f 10835 10838 10837
f 10837 10839 10835
f 10836 10842 10838
f 10840 10836 10839
f 10840 10842 10836
f 10838 10842 10837
f 10841 10839 10837
f 10837 10842 10841
f 10841 10840 10839
f 10842 10840 10841

o geometry_820
v 8.13419073 7.52277020 0.03241490
v 8.13419073 7.52277020 0.50741490
v 8.14022684 8.00273225 0.03241490
v 8.14022684 8.00273225 0.50741490
v 8.58499163 7.51710083 0.03241490
v 8.58499163 7.51710083 0.50741490
v 8.59102774 7.99706287 0.03241490
v 8.59102774 7.99706287 0.50741490
f 10844 10846 10843
f 10847 10844 10843
f 10843 10846 10845
f 10845 10847 10843
f 10844 10850 10846
f 10848 10844 10847
f 10848 10850 10844
f 10846 10850 10845
f 10849 10847 10845
f 10845 10850 10849
f 10849 10848 10847
f 10850 10848 10849

o geometry_821
v 8.60515818 7.51744945 -0.01045521
v 8.60515818 7.51744945 0.46454479
v 8.60690029 7.99744629 -0.01045521
v 8.60690029 7.99744629 0.46454479
v 9.12720990 7.51555470 -0.01045521
v 9.12720990 7.51555470 0.46454479
v 9.12895201 7.99555154 -0.01045521
v 9.12895201 7.99555154 0.46454479
f 10852 10854 10851
f 10855 10852 10851
f 10851 10854 10853
f 10853 10855 10851
f 10852 10858 10854
f 10856 10852 10855
f 10856 10858 10852
f 10854 10858 10853
f 10857 10855 10853
f 10853 10858 10857
f 10857 10856 10855
f 10858 10856 10857

o geometry_822
v 9.14362857 7.52423651 0.02375327
v 9.14362857 7.52423651 0.49875327
v 9.14856542 8.00421113 0.02375327
v 9.14856542 8.00421113 0.49875327
v 9.68505238 7.51866762 0.02375327
v 9.68505238 7.51866762 0.49875327
v 9.68998923 7.99864223 0.02375327
v 9.68998923 7.99864223 0.49875327
f 10860 10862 10859
f 10863 10860 10859
f 10859 10862 10861
f 10861 10863 10859
f 10860 10866 10862
f 10864 10860 10863
f 10864 10866 10860
f 10862 10866 10861
f 10865 10863 10861
f 10861 10866 10865
f 10865 10864 10863
f 10866 10864 10865

o geometry_823
v 9.70860606 7.52863350 0.01281345
v 9.70860606 7.52863350 0.48781345
v 9.70250307 8.00859470 0.01281345
v 9.70250307 8.00859470 0.48781345
v 10.18950877 7.53474845 0.01281345
v 10.18950877 7.53474845 0.48781345
v 10.18340578 8.01470965 0.01281345
v 10.18340578 8.01470965 0.48781345
f 10868 10870 10867
f 10871 10868 10867
f 10867 10870 10869
f 10869 10871 10867
f 10868 10874 10870
f 10872 10868 10871
f 10872 10874 10868
f 10870 10874 10869
f 10873 10871 10869
f 10869 10874 10873
f 10873 10872 10871
f 10874 10872 10873

o geometry_824
v 10.20625576 7.50983579 0.00668324
v 10.20625576 7.50983579 0.48168324
v 10.20271202 7.98982271 0.00668324
v 10.20271202 7.98982271 0.48168324
v 10.73299710 7.51372472 0.00668324
v 10.73299710 7.51372472 0.48168324
v 10.72945336 7.99371164 0.00668324
v 10.72945336 7.99371164 0.48168324
f 10876 10878 10875
f 10879 10876 10875
f 10875 10878 10877
f 10877 10879 10875
f 10876 10882 10878
f 10880 10876 10879
f 10880 10882 10876
f 10878 10882 10877
f 10881 10879 10877
f 10877 10882 10881
f 10881 10880 10879
f 10882 10880 10881

o geometry_825
v 10.75086279 7.52470191 0.02121180
v 10.75086279 7.52470191 0.49621180
v 10.74761265 8.00469090 0.02121180
v 10.74761265 8.00469090 0.49621180
v 11.21406920 7.52783841 0.02121180
v 11.21406920 7.52783841 0.49621180
v 11.21081906 8.00782741 0.02121180
v 11.21081906 8.00782741 0.49621180
f 10884 10886 10883
f 10887 10884 10883
f 10883 10886 10885
f 10885 10887 10883
f 10884 10890 10886
f 10888 10884 10887
f 10888 10890 10884
f 10886 10890 10885
f 10889 10887 10885
f 10885 10890 10889
f 10889 10888 10887
f 10890 10888 10889

o geometry_826
v 11.22836750 7.53394669 0.00083668
v 11.22836750 7.53394669 0.47583668
v 11.23254503 8.01392851 0.00083668
v 11.23254503 8.01392851 0.47583668
v 11.58890441 7.53080875 0.00083668
v 11.58890441 7.53080875 0.47583668
v 11.59308194 8.01079057 0.00083668
v 11.59308194 8.01079057 0.47583668
f 10892 10894 10891
f 10895 10892 10891
f 10891 10894 10893
f 10893 10895 10891
f 10892 10898 10894
f 10896 10892 10895
f 10896 10898 10892
f 10894 10898 10893
f 10897 10895 10893
f 10893 10898 10897
f 10897 10896 10895
f 10898 10896 10897

o geometry_827
v 7.61180260 7.50717972 0.49747416
v 7.61180260 7.50717972 0.97247416
v 7.60623857 7.98714747 0.49747416
v 7.60623857 7.98714747 0.97247416
v 8.22445390 7.51428189 0.49747416
v 8.22445390 7.51428189 0.97247416
v 8.21888987 7.99424964 0.49747416
v 8.21888987 7.99424964 0.97247416
f 10900 10902 10899
f 10903 10900 10899
f 10899 10902 10901
f 10901 10903 10899
f 10900 10906 10902
f 10904 10900 10903
f 10904 10906 10900
f 10902 10906 10901
f 10905 10903 10901
f 10901 10906 10905
f 10905 10904 10903
f 10906 10904 10905

o geometry_828
v 8.23963280 7.53344458 0.50644082
v 8.23963280 7.53344458 0.98144082
v 8.23975215 8.01344457 0.50644082
v 8.23975215 8.01344457 0.98144082
v 8.94953092 7.53326807 0.50644082
v 8.94953092 7.53326807 0.98144082
v 8.94965028 8.01326805 0.50644082
v 8.94965028 8.01326805 0.98144082
f 10908 10910 10907
f 10911 10908 10907
f 10907 10910 10909
f 10909 10911 10907
f 10908 10914 10910
f 10912 10908 10911
f 10912 10914 10908
f 10910 10914 10909
f 10913 10911 10909
f 10909 10914 10913
f 10913 10912 10911
f 10914 10912 10913

o geometry_829
v 8.96481674 7.52559617 0.53282053
v 8.96481674 7.52559617 1.00782053
v 8.97040314 8.00556366 0.53282053
v 8.97040314 8.00556366 1.00782053
v 9.53559409 7.51895282 0.53282053
v 9.53559409 7.51895282 1.00782053
v 9.54118050 7.99892031 0.53282053
v 9.54118050 7.99892031 1.00782053
f 10916 10918 10915
f 10919 10916 10915
f 10915 10918 10917
f 10917 10919 10915
f 10916 10922 10918
f 10920 10916 10919
f 10920 10922 10916
f 10918 10922 10917
f 10921 10919 10917
f 10917 10922 10921
f 10921 10920 10919
f 10922 10920 10921

o geometry_830
v 9.55927609 7.52744285 0.51643501
v 9.55927609 7.52744285 0.99143501
v 9.55358385 8.00740909 0.51643501
v 9.55358385 8.00740909 0.99143501
v 10.22321681 7.53531696 0.51643501
v 10.22321681 7.53531696 0.99143501
v 10.21752458 8.01528321 0.51643501
v 10.21752458 8.01528321 0.99143501
f 10924 10926 10923
f 10927 10924 10923
f 10923 10926 10925
f 10925 10927 10923
f 10924 10930 10926
f 10928 10924 10927
f 10928 10930 10924
f 10926 10930 10925
f 10929 10927 10925
f 10925 10930 10929
f 10929 10928 10927
f 10930 10928 10929

o geometry_831
v 10.23868059 7.53439467 0.49167518
v 10.23868059 7.53439467 0.96667518
v 10.23810791 8.01439433 0.49167518
v 10.23810791 8.01439433 0.96667518
v 10.83867631 7.53511052 0.49167518
v 10.83867631 7.53511052 0.96667518
v 10.83810363 8.01511017 0.49167518
v 10.83810363 8.01511017 0.96667518
f 10932 10934 10931
f 10935 10932 10931
f 10931 10934 10933
f 10933 10935 10931
f 10932 10938 10934
f 10936 10932 10935
f 10936 10938 10932
f 10934 10938 10933
f 10937 10935 10933
f 10933 10938 10937
f 10937 10936 10935
f 10938 10936 10937

o geometry_832
v 10.85944349 7.52887624 0.51233708
v 10.85944349 7.52887624 0.98733708
v 10.85338231 8.00883797 0.51233708
v 10.85338231 8.00883797 0.98733708
v 11.42923609 7.53607184 0.51233708
v 11.42923609 7.53607184 0.98733708
v 11.42317492 8.01603357 0.51233708
v 11.42317492 8.01603357 0.98733708
f 10940 10942 10939
f 10943 10940 10939
f 10939 10942 10941
f 10941 10943 10939
f 10940 10946 10942
f 10944 10940 10943
f 10944 10946 10940
f 10942 10946 10941
f 10945 10943 10941
f 10941 10946 10945
f 10945 10944 10943
f 10946 10944 10945

o geometry_833
v 11.44130636 7.52396891 0.51943588
v 11.44130636 7.52396891 0.99443588
v 11.44716100 8.00393320 0.51943588
v 11.44716100 8.00393320 0.99443588
v 11.58806722 7.52217871 0.51943588
v 11.58806722 7.52217871 0.99443588
v 11.59392186 8.00214300 0.51943588
v 11.59392186 8.00214300 0.99443588
f 10948 10950 10947
f 10951 10948 10947
f 10947 10950 10949
f 10949 10951 10947
f 10948 10954 10950
f 10952 10948 10951
f 10952 10954 10948
f 10950 10954 10949
f 10953 10951 10949
f 10949 10954 10953
f 10953 10952 10951
f 10954 10952 10953

o geometry_834
v 7.61233109 7.52530038 1.01794442
v 7.61233109 7.52530038 1.49294442
v 7.60573141 8.00525500 1.01794442
v 7.60573141 8.00525500 1.49294442
v 8.27348612 7.53439168 1.01794442
v 8.27348612 7.53439168 1.49294442
v 8.26688643 8.01434631 1.01794442
v 8.26688643 8.01434631 1.49294442
f 10956 10958 10955
f 10959 10956 10955
f 10955 10958 10957
f 10957 10959 10955
f 10956 10962 10958
f 10960 10956 10959
f 10960 10962 10956
f 10958 10962 10957
f 10961 10959 10957
f 10957 10962 10961
f 10961 10960 10959
f 10962 10960 10961

o geometry_835
v 8.28570850 7.52139038 1.01781904
v 8.28570850 7.52139038 1.49281904
v 8.29075842 8.00136381 1.01781904
v 8.29075842 8.00136381 1.49281904
v 8.86147978 7.51533254 1.01781904
v 8.86147978 7.51533254 1.49281904
v 8.86652970 7.99530598 1.01781904
v 8.86652970 7.99530598 1.49281904
f 10964 10966 10963
f 10967 10964 10963
f 10963 10966 10965
f 10965 10967 10963
f 10964 10970 10966
f 10968 10964 10967
f 10968 10970 10964
f 10966 10970 10965
f 10969 10967 10965
f 10965 10970 10969
f 10969 10968 10967
f 10970 10968 10969

o geometry_836
v 8.87931404 7.50863708 1.03739821
v 8.87931404 7.50863708 1.51239821
v 8.88476669 7.98860611 1.03739821
v 8.88476669 7.98860611 1.51239821
v 9.48987511 7.50170085 1.03739821
v 9.48987511 7.50170085 1.51239821
v 9.49532776 7.98166988 1.03739821
v 9.49532776 7.98166988 1.51239821
f 10972 10974 10971
f 10975 10972 10971
f 10971 10974 10973
f 10973 10975 10971
f 10972 10978 10974
f 10976 10972 10975
f 10976 10978 10972
f 10974 10978 10973
f 10977 10975 10973
f 10973 10978 10977
f 10977 10976 10975
f 10978 10976 10977

o geometry_837
v 9.51142315 7.50533742 0.99933930
v 9.51142315 7.50533742 1.47433930
v 9.50982291 7.98533475 0.99933930
v 9.50982291 7.98533475 1.47433930
v 10.19305795 7.50760988 0.99933930
v 10.19305795 7.50760988 1.47433930
v 10.19145772 7.98760721 0.99933930
v 10.19145772 7.98760721 1.47433930
f 10980 10982 10979
f 10983 10980 10979
f 10979 10982 10981
f 10981 10983 10979
f 10980 10986 10982
f 10984 10980 10983
f 10984 10986 10980
f 10982 10986 10981
f 10985 10983 10981
f 10981 10986 10985
f 10985 10984 10983
f 10986 10984 10985

o geometry_838
v 10.21091064 7.52324535 1.02120624
v 10.21091064 7.52324535 1.49620624
v 10.20961092 8.00324360 1.02120624
v 10.20961092 8.00324360 1.49620624
v 10.78490104 7.52479959 1.02120624
v 10.78490104 7.52479959 1.49620624
v 10.78360131 8.00479783 1.02120624
v 10.78360131 8.00479783 1.49620624
f 10988 10990 10987
f 10991 10988 10987
f 10987 10990 10989
f 10989 10991 10987
f 10988 10994 10990
f 10992 10988 10991
f 10992 10994 10988
f 10990 10994 10989
f 10993 10991 10989
f 10989 10994 10993
f 10993 10992 10991
f 10994 10992 10993

o geometry_839
v 10.80489389 7.52862873 1.00485991
v 10.80489389 7.52862873 1.47985991
v 10.79965188 8.00860011 1.00485991
v 10.79965188 8.00860011 1.47985991
v 11.49772913 7.53619554 1.00485991
v 11.49772913 7.53619554 1.47985991
v 11.49248712 8.01616692 1.00485991
v 11.49248712 8.01616692 1.47985991
f 10996 10998 10995
f 10999 10996 10995
f 10995 10998 10997
f 10997 10999 10995
f 10996 11002 10998
f 11000 10996 10999
f 11000 11002 10996
f 10998 11002 10997
f 11001 10999 10997
f 10997 11002 11001
f 11001 11000 10999
f 11002 11000 11001

o geometry_840
v 11.51663252 7.52091877 1.00760852
v 11.51663252 7.52091877 1.48260852
v 11.50963333 8.00086774 1.00760852
v 11.50963333 8.00086774 1.48260852
v 11.59449545 7.52205426 1.00760852
v 11.59449545 7.52205426 1.48260852
v 11.58749627 8.00200323 1.00760852
v 11.58749627 8.00200323 1.48260852
f 11004 11006 11003
f 11007 11004 11003
f 11003 11006 11005
f 11005 11007 11003
f 11004 11010 11006
f 11008 11004 11007
f 11008 11010 11004
f 11006 11010 11005
f 11009 11007 11005
f 11005 11010 11009
f 11009 11008 11007
f 11010 11008 11009

o geometry_841
v 7.60777109 7.53614880 1.52746849
v 7.60777109 7.53614880 2.00246849
v 7.61023763 8.01614246 1.52746849
v 7.61023763 8.01614246 2.00246849
v 8.26810821 7.53275554 1.52746849
v 8.26810821 7.53275554 2.00246849
v 8.27057475 8.01274920 1.52746849
v 8.27057475 8.01274920 2.00246849
f 11012 11014 11011
f 11015 11012 11011
f 11011 11014 11013
f 11013 11015 11011
f 11012 11018 11014
f 11016 11012 11015
f 11016 11018 11012
f 11014 11018 11013
f 11017 11015 11013
f 11013 11018 11017
f 11017 11016 11015
f 11018 11016 11017

o geometry_842
v 8.28608816 7.53027659 1.50970072
v 8.28608816 7.53027659 1.98470072
v 8.28861233 8.01026996 1.50970072
v 8.28861233 8.01026996 1.98470072
v 8.92353488 7.52692441 1.50970072
v 8.92353488 7.52692441 1.98470072
v 8.92605905 8.00691778 1.50970072
v 8.92605905 8.00691778 1.98470072
f 11020 11022 11019
f 11023 11020 11019
f 11019 11022 11021
f 11021 11023 11019
f 11020 11026 11022
f 11024 11020 11023
f 11024 11026 11020
f 11022 11026 11021
f 11025 11023 11021
f 11021 11026 11025
f 11025 11024 11023
f 11026 11024 11025

o geometry_843
v 8.94485741 7.51364568 1.49265347
v 8.94485741 7.51364568 1.96765347
v 8.94076644 7.99362824 1.49265347
v 8.94076644 7.99362824 1.96765347
v 9.52626899 7.51860115 1.49265347
v 9.52626899 7.51860115 1.96765347
v 9.52217801 7.99858371 1.49265347
v 9.52217801 7.99858371 1.96765347
f 11028 11030 11027
f 11031 11028 11027
f 11027 11030 11029
f 11029 11031 11027
f 11028 11034 11030
f 11032 11028 11031
f 11032 11034 11028
f 11030 11034 11029
f 11033 11031 11029
f 11029 11034 11033
f 11033 11032 11031
f 11034 11032 11033

o geometry_844
v 9.54221484 7.51160123 1.52787749
v 9.54221484 7.51160123 2.00287749
v 9.54225328 7.99160123 1.52787749
v 9.54225328 7.99160123 2.00287749
v 10.11334089 7.51155549 1.52787749
v 10.11334089 7.51155549 2.00287749
v 10.11337933 7.99155549 1.52787749
v 10.11337933 7.99155549 2.00287749
f 11036 11038 11035
f 11039 11036 11035
f 11035 11038 11037
f 11037 11039 11035
f 11036 11042 11038
f 11040 11036 11039
f 11040 11042 11036
f 11038 11042 11037
f 11041 11039 11037
f 11037 11042 11041
f 11041 11040 11039
f 11042 11040 11041

o geometry_845
v 10.13082103 7.52832028 1.52438084
v 10.13082103 7.52832028 1.99938084
v 10.13190092 8.00831907 1.52438084
v 10.13190092 8.00831907 1.99938084
v 10.81310458 7.52678528 1.52438084
v 10.81310458 7.52678528 1.99938084
v 10.81418448 8.00678407 1.52438084
v 10.81418448 8.00678407 1.99938084
f 11044 11046 11043
f 11047 11044 11043
f 11043 11046 11045
f 11045 11047 11043
f 11044 11050 11046
f 11048 11044 11047
f 11048 11050 11044
f 11046 11050 11045
f 11049 11047 11045
f 11045 11050 11049
f 11049 11048 11047
f 11050 11048 11049

o geometry_846
v 10.83073297 7.50723140 1.50754520
v 10.83073297 7.50723140 1.98254520
v 10.83256221 7.98722792 1.50754520
v 10.83256221 7.98722792 1.98254520
v 11.43525850 7.50492760 1.50754520
v 11.43525850 7.50492760 1.98254520
v 11.43708773 7.98492411 1.50754520
v 11.43708773 7.98492411 1.98254520
f 11052 11054 11051
f 11055 11052 11051
f 11051 11054 11053
f 11053 11055 11051
f 11052 11058 11054
f 11056 11052 11055
f 11056 11058 11052
f 11054 11058 11053
f 11057 11055 11053
f 11053 11058 11057
f 11057 11056 11055
f 11058 11056 11057

o geometry_847
v 11.45181031 7.52460598 1.52087527
v 11.45181031 7.52460598 1.99587527
v 11.45654697 8.00458261 1.52087527
v 11.45654697 8.00458261 1.99587527
v 11.58862834 7.52325579 1.52087527
v 11.58862834 7.52325579 1.99587527
v 11.59336500 8.00323242 1.52087527
v 11.59336500 8.00323242 1.99587527
f 11060 11062 11059
f 11063 11060 11059
f 11059 11062 11061
f 11061 11063 11059
f 11060 11066 11062
f 11064 11060 11063
f 11064 11066 11060
f 11062 11066 11061
f 11065 11063 11061
f 11061 11066 11065
f 11065 11064 11063
f 11066 11064 11065

o geometry_848
v 7.61245753 7.52223824 1.99002519
v 7.61245753 7.52223824 2.46502519
v 7.60561403 8.00218945 1.99002519
v 7.60561403 8.00218945 2.46502519
v 8.31641795 7.53227582 1.99002519
v 8.31641795 7.53227582 2.46502519
v 8.30957445 8.01222704 1.99002519
v 8.30957445 8.01222704 2.46502519
f 11068 11070 11067
f 11071 11068 11067
f 11067 11070 11069
f 11069 11071 11067
f 11068 11074 11070
f 11072 11068 11071
f 11072 11074 11068
f 11070 11074 11069
f 11073 11071 11069
f 11069 11074 11073
f 11073 11072 11071
f 11074 11072 11073

o geometry_849
v 8.33180071 7.50565451 2.03680830
v 8.33180071 7.50565451 2.51180830
v 8.33026628 7.98565206 2.03680830
v 8.33026628 7.98565206 2.51180830
v 8.92687055 7.50755679 2.03680830
v 8.92687055 7.50755679 2.51180830
v 8.92533612 7.98755434 2.03680830
v 8.92533612 7.98755434 2.51180830
f 11076 11078 11075
f 11079 11076 11075
f 11075 11078 11077
f 11077 11079 11075
f 11076 11082 11078
f 11080 11076 11079
f 11080 11082 11076
f 11078 11082 11077
f 11081 11079 11077
f 11077 11082 11081
f 11081 11080 11079
f 11082 11080 11081

o geometry_850
v 8.94330636 7.53412231 1.99793009
v 8.94330636 7.53412231 2.47293009
v 8.94490651 8.01411965 1.99793009
v 8.94490651 8.01411965 2.47293009
v 9.51223284 7.53222571 1.99793009
v 9.51223284 7.53222571 2.47293009
v 9.51383299 8.01222304 1.99793009
v 9.51383299 8.01222304 2.47293009
f 11084 11086 11083
f 11087 11084 11083
f 11083 11086 11085
f 11085 11087 11083
f 11084 11090 11086
f 11088 11084 11087
f 11088 11090 11084
f 11086 11090 11085
f 11089 11087 11085
f 11085 11090 11089
f 11089 11088 11087
f 11090 11088 11089

o geometry_851
v 9.52846655 7.50961287 2.00522656
v 9.52846655 7.50961287 2.48022656
v 9.53364117 7.98958498 2.00522656
v 9.53364117 7.98958498 2.48022656
v 10.19480449 7.50242903 2.00522656
v 10.19480449 7.50242903 2.48022656
v 10.19997911 7.98240113 2.00522656
v 10.19997911 7.98240113 2.48022656
f 11092 11094 11091
f 11095 11092 11091
f 11091 11094 11093
f 11093 11095 11091
f 11092 11098 11094
f 11096 11092 11095
f 11096 11098 11092
f 11094 11098 11093
f 11097 11095 11093
f 11093 11098 11097
f 11097 11096 11095
f 11098 11096 11097

o geometry_852
v 10.21581453 7.53032876 1.99182941
v 10.21581453 7.53032876 2.46682941
v 10.21500871 8.01032809 1.99182941
v 10.21500871 8.01032809 2.46682941
v 10.87412758 7.53143394 1.99182941
v 10.87412758 7.53143394 2.46682941
v 10.87332176 8.01143326 1.99182941
v 10.87332176 8.01143326 2.46682941
f 11100 11102 11099
f 11103 11100 11099
f 11099 11102 11101
f 11101 11103 11099
f 11100 11106 11102
f 11104 11100 11103
f 11104 11106 11100
f 11102 11106 11101
f 11105 11103 11101
f 11101 11106 11105
f 11105 11104 11103
f 11106 11104 11105

o geometry_853
v 10.89319916 7.53095709 2.01007002
v 10.89319916 7.53095709 2.48507002
v 10.89026382 8.01094811 2.01007002
v 10.89026382 8.01094811 2.48507002
v 11.57328452 7.53511608 2.01007002
v 11.57328452 7.53511608 2.48507002
v 11.57034918 8.01510710 2.01007002
v 11.57034918 8.01510710 2.48507002
f 11108 11110 11107
f 11111 11108 11107
f 11107 11110 11109
f 11109 11111 11107
f 11108 11114 11110
f 11112 11108 11111
f 11112 11114 11108
f 11110 11114 11109
f 11113 11111 11109
f 11109 11114 11113
f 11113 11112 11111
f 11114 11112 11113

o geometry_854
v 7.60663444 7.52695261 2.53185883
v 7.60663444 7.52695261 3.00685883
v 7.61139962 8.00692896 2.53185883
v 7.61139962 8.00692896 3.00685883
v 8.29777805 7.52009099 2.53185883
v 8.29777805 7.52009099 3.00685883
v 8.30254322 8.00006733 2.53185883
v 8.30254322 8.00006733 3.00685883
f 11116 11118 11115
f 11119 11116 11115
f 11115 11118 11117
f 11117 11119 11115
f 11116 11122 11118
f 11120 11116 11119
f 11120 11122 11116
f 11118 11122 11117
f 11121 11119 11117
f 11117 11122 11121
f 11121 11120 11119
f 11122 11120 11121

o geometry_855
v 8.31813761 7.51190589 2.53151279
v 8.31813761 7.51190589 3.00651279
v 8.31821773 7.99190588 2.53151279
v 8.31821773 7.99190588 3.00651279
v 9.00140090 7.51179183 2.53151279
v 9.00140090 7.51179183 3.00651279
v 9.00148103 7.99179183 2.53151279
v 9.00148103 7.99179183 3.00651279
f 11124 11126 11123
f 11127 11124 11123
f 11123 11126 11125
f 11125 11127 11123
f 11124 11130 11126
f 11128 11124 11127
f 11128 11130 11124
f 11126 11130 11125
f 11129 11127 11125
f 11125 11130 11129
f 11129 11128 11127
f 11130 11128 11129

o geometry_856
v 9.01710298 7.53641504 2.51394189
v 9.01710298 7.53641504 2.98894189
v 9.02180697 8.01639199 2.51394189
v 9.02180697 8.01639199 2.98894189
v 9.60019927 7.53070043 2.51394189
v 9.60019927 7.53070043 2.98894189
v 9.60490326 8.01067738 2.51394189
v 9.60490326 8.01067738 2.98894189
f 11132 11134 11131
f 11135 11132 11131
f 11131 11134 11133
f 11133 11135 11131
f 11132 11138 11134
f 11136 11132 11135
f 11136 11138 11132
f 11134 11138 11133
f 11137 11135 11133
f 11133 11138 11137
f 11137 11136 11135
f 11138 11136 11137

o geometry_857
v 9.61857823 7.53526711 2.52650745
v 9.61857823 7.53526711 3.00150745
v 9.62257551 8.01525046 2.52650745
v 9.62257551 8.01525046 3.00150745
v 10.28787863 7.52969320 2.52650745
v 10.28787863 7.52969320 3.00150745
v 10.29187591 8.00967656 2.52650745
v 10.29187591 8.00967656 3.00150745
f 11140 11142 11139
f 11143 11140 11139
f 11139 11142 11141
f 11141 11143 11139
f 11140 11146 11142
f 11144 11140 11143
f 11144 11146 11140
f 11142 11146 11141
f 11145 11143 11141
f 11141 11146 11145
f 11145 11144 11143
f 11146 11144 11145

o geometry_858
v 10.30831589 7.52921910 2.51033488
v 10.30831589 7.52921910 2.98533488
v 10.30746276 8.00921834 2.51033488
v 10.30746276 8.00921834 2.98533488
v 10.87742980 7.53023062 2.51033488
v 10.87742980 7.53023062 2.98533488
v 10.87657667 8.01022987 2.51033488
v 10.87657667 8.01022987 2.98533488
f 11148 11150 11147
f 11151 11148 11147
f 11147 11150 11149
f 11149 11151 11147
f 11148 11154 11150
f 11152 11148 11151
f 11152 11154 11148
f 11150 11154 11149
f 11153 11151 11149
f 11149 11154 11153
f 11153 11152 11151
f 11154 11152 11153

o geometry_859
v 10.89824619 7.52561068 2.51160308
v 10.89824619 7.52561068 2.98660308
v 10.89181769 8.00556763 2.51160308
v 10.89181769 8.00556763 2.98660308
v 11.52828583 7.53404938 2.51160308
v 11.52828583 7.53404938 2.98660308
v 11.52185733 8.01400633 2.51160308
v 11.52185733 8.01400633 2.98660308
f 11156 11158 11155
f 11159 11156 11155
f 11155 11158 11157
f 11157 11159 11155
f 11156 11162 11158
f 11160 11156 11159
f 11160 11162 11156
f 11158 11162 11157
f 11161 11159 11157
f 11157 11162 11161
f 11161 11160 11159
f 11162 11160 11161

o geometry_860
v 11.54665304 7.50643332 2.48893867
v 11.54665304 7.50643332 2.96393867
v 11.53955188 7.98638079 2.48893867
v 11.53955188 7.98638079 2.96393867
v 11.59454796 7.50714196 2.48893867
v 11.59454796 7.50714196 2.96393867
v 11.58744680 7.98708943 2.48893867
v 11.58744680 7.98708943 2.96393867
f 11164 11166 11163
f 11167 11164 11163
f 11163 11166 11165
f 11165 11167 11163
f 11164 11170 11166
f 11168 11164 11167
f 11168 11170 11164
f 11166 11170 11165
f 11169 11167 11165
f 11165 11170 11169
f 11169 11168 11167
f 11170 11168 11169

o geometry_861
v 7.60926747 7.51835459 3.01367477
v 7.60926747 7.51835459 3.48867477
v 7.60873288 7.99835430 3.01367477
v 7.60873288 7.99835430 3.48867477
v 8.17483635 7.51898448 3.01367477
v 8.17483635 7.51898448 3.48867477
v 8.17430177 7.99898418 3.01367477
v 8.17430177 7.99898418 3.48867477
f 11172 11174 11171
f 11175 11172 11171
f 11171 11174 11173
f 11173 11175 11171
f 11172 11178 11174
f 11176 11172 11175
f 11176 11178 11172
f 11174 11178 11173
f 11177 11175 11173
f 11173 11178 11177
f 11177 11176 11175
f 11178 11176 11177

o geometry_862
v 8.19287295 7.53267354 3.01964052
v 8.19287295 7.53267354 3.49464052
v 8.19226597 8.01267315 3.01964052
v 8.19226597 8.01267315 3.49464052
v 8.76111197 7.53339210 3.01964052
v 8.76111197 7.53339210 3.49464052
v 8.76050500 8.01339171 3.01964052
v 8.76050500 8.01339171 3.49464052
f 11180 11182 11179
f 11183 11180 11179
f 11179 11182 11181
f 11181 11183 11179
f 11180 11186 11182
f 11184 11180 11183
f 11184 11186 11180
f 11182 11186 11181
f 11185 11183 11181
f 11181 11186 11185
f 11185 11184 11183
f 11186 11184 11185

o geometry_863
v 8.77596922 7.51617982 3.02353381
v 8.77596922 7.51617982 3.49853381
v 8.78168286 7.99614581 3.02353381
v 8.78168286 7.99614581 3.49853381
v 9.26497593 7.51035856 3.02353381
v 9.26497593 7.51035856 3.49853381
v 9.27068957 7.99032455 3.02353381
v 9.27068957 7.99032455 3.49853381
f 11188 11190 11187
f 11191 11188 11187
f 11187 11190 11189
f 11189 11191 11187
f 11188 11194 11190
f 11192 11188 11191
f 11192 11194 11188
f 11190 11194 11189
f 11193 11191 11189
f 11189 11194 11193
f 11193 11192 11191
f 11194 11192 11193

o geometry_864
v 9.28683703 7.52028638 3.01201079
v 9.28683703 7.52028638 3.48701079
v 9.28486767 8.00028234 3.01201079
v 9.28486767 8.00028234 3.48701079
v 9.82777015 7.52250576 3.01201079
v 9.82777015 7.52250576 3.48701079
v 9.82580079 8.00250172 3.01201079
v 9.82580079 8.00250172 3.48701079
f 11196 11198 11195
f 11199 11196 11195
f 11195 11198 11197
f 11197 11199 11195
f 11196 11202 11198
f 11200 11196 11199
f 11200 11202 11196
f 11198 11202 11197
f 11201 11199 11197
f 11197 11202 11201
f 11201 11200 11199
f 11202 11200 11201

o geometry_865
v 9.84752932 7.51433245 3.00615714
v 9.84752932 7.51433245 3.48115714
v 9.84207567 7.99430147 3.00615714
v 9.84207567 7.99430147 3.48115714
v 10.30438308 7.51952346 3.00615714
v 10.30438308 7.51952346 3.48115714
v 10.29892943 7.99949247 3.00615714
v 10.29892943 7.99949247 3.48115714
f 11204 11206 11203
f 11207 11204 11203
f 11203 11206 11205
f 11205 11207 11203
f 11204 11210 11206
f 11208 11204 11207
f 11208 11210 11204
f 11206 11210 11205
f 11209 11207 11205
f 11205 11210 11209
f 11209 11208 11207
f 11210 11208 11209

o geometry_866
v 10.32057258 7.50940806 3.02397948
v 10.32057258 7.50940806 3.49897948
v 10.31877279 7.98940469 3.02397948
v 10.31877279 7.98940469 3.49897948
v 10.80061289 7.51120802 3.02397948
v 10.80061289 7.51120802 3.49897948
v 10.79881310 7.99120465 3.02397948
v 10.79881310 7.99120465 3.49897948
f 11212 11214 11211
f 11215 11212 11211
f 11211 11214 11213
f 11213 11215 11211
f 11212 11218 11214
f 11216 11212 11215
f 11216 11218 11212
f 11214 11218 11213
f 11217 11215 11213
f 11213 11218 11217
f 11217 11216 11215
f 11218 11216 11217

o geometry_867
v 10.81853188 7.53296336 3.01734796
v 10.81853188 7.53296336 3.49234796
v 10.81690074 8.01296059 3.01734796
v 10.81690074 8.01296059 3.49234796
v 11.38238905 7.53487948 3.01734796
v 11.38238905 7.53487948 3.49234796
v 11.38075791 8.01487670 3.01734796
v 11.38075791 8.01487670 3.49234796
f 11220 11222 11219
f 11223 11220 11219
f 11219 11222 11221
f 11221 11223 11219
f 11220 11226 11222
f 11224 11220 11223
f 11224 11226 11220
f 11222 11226 11221
f 11225 11223 11221
f 11221 11226 11225
f 11225 11224 11223
f 11226 11224 11225

o geometry_868
v 11.39734075 7.52370287 2.99094824
v 11.39734075 7.52370287 3.46594824
v 11.40181779 8.00368199 2.99094824
v 11.40181779 8.00368199 3.46594824
v 11.58875732 7.52191742 2.99094824
v 11.58875732 7.52191742 3.46594824
v 11.59323436 8.00189654 2.99094824
v 11.59323436 8.00189654 3.46594824
f 11228 11230 11227
f 11231 11228 11227
f 11227 11230 11229
f 11229 11231 11227
f 11228 11234 11230
f 11232 11228 11231
f 11232 11234 11228
f 11230 11234 11229
f 11233 11231 11229
f 11229 11234 11233
f 11233 11232 11231
f 11234 11232 11233

o geometry_869
v 12.06864007 4.28908276 0.01352331
v 12.06864007 4.28908276 0.48852331
v 11.58864010 4.28891728 0.01352331
v 11.58864010 4.28891728 0.48852331
v 12.06845458 4.82710908 0.01352331
v 12.06845458 4.82710908 0.48852331
v 11.58845461 4.82694360 0.01352331
v 11.58845461 4.82694360 0.48852331
f 11236 11238 11235
f 11239 11236 11235
f 11235 11238 11237
f 11237 11239 11235
f 11236 11242 11238
f 11240 11236 11239
f 11240 11242 11236
f 11238 11242 11237
f 11241 11239 11237
f 11237 11242 11241
f 11241 11240 11239
f 11242 11240 11241

o geometry_870
v 12.07224703 4.84250783 0.00196825
v 12.07224703 4.84250783 0.47696825
v 11.59227375 4.84757279 0.00196825
v 11.59227375 4.84757279 0.47696825
v 12.07753527 5.34363943 0.00196825
v 12.07753527 5.34363943 0.47696825
v 11.59756199 5.34870440 0.00196825
v 11.59756199 5.34870440 0.47696825
f 11244 11246 11243
f 11247 11244 11243
f 11243 11246 11245
f 11245 11247 11243
f 11244 11250 11246
f 11248 11244 11247
f 11248 11250 11244
f 11246 11250 11245
f 11249 11247 11245
f 11245 11250 11249
f 11249 11248 11247
f 11250 11248 11249

o geometry_871
v 12.05112255 5.36252070 0.00386835
v 12.05112255 5.36252070 0.47886835
v 11.57113419 5.36586276 0.00386835
v 11.57113419 5.36586276 0.47886835
v 12.05449204 5.84644918 0.00386835
v 12.05449204 5.84644918 0.47886835
v 11.57450368 5.84979124 0.00386835
v 11.57450368 5.84979124 0.47886835
f 11252 11254 11251
f 11255 11252 11251
f 11251 11254 11253
f 11253 11255 11251
f 11252 11258 11254
f 11256 11252 11255
f 11256 11258 11252
f 11254 11258 11253
f 11257 11255 11253
f 11253 11258 11257
f 11257 11256 11255
f 11258 11256 11257

o geometry_872
v 12.05524638 5.86662511 0.00305325
v 12.05524638 5.86662511 0.47805325
v 11.57524741 5.86562805 0.00305325
v 11.57524741 5.86562805 0.47805325
v 12.05428257 6.33061782 0.00305325
v 12.05428257 6.33061782 0.47805325
v 11.57428361 6.32962076 0.00305325
v 11.57428361 6.32962076 0.47805325
f 11260 11262 11259
f 11263 11260 11259
f 11259 11262 11261
f 11261 11263 11259
f 11260 11266 11262
f 11264 11260 11263
f 11264 11266 11260
f 11262 11266 11261
f 11265 11263 11261
f 11261 11266 11265
f 11265 11264 11263
f 11266 11264 11265

o geometry_873
v 12.04742661 6.34842557 -0.00237240
v 12.04742661 6.34842557 0.47262760
v 11.56742700 6.34781440 -0.00237240
v 11.56742700 6.34781440 0.47262760
v 12.04682026 6.82463721 -0.00237240
v 12.04682026 6.82463721 0.47262760
v 11.56682065 6.82402603 -0.00237240
v 11.56682065 6.82402603 0.47262760
f 11268 11270 11267
f 11271 11268 11267
f 11267 11270 11269
f 11269 11271 11267
f 11268 11274 11270
f 11272 11268 11271
f 11272 11274 11268
f 11270 11274 11269
f 11273 11271 11269
f 11269 11274 11273
f 11273 11272 11271
f 11274 11272 11273

o geometry_874
v 12.06636095 6.84171659 0.02765298
v 12.06636095 6.84171659 0.50265298
v 11.58636253 6.84294868 0.02765298
v 11.58636253 6.84294868 0.50265298
v 12.06764570 7.34222797 0.02765298
v 12.06764570 7.34222797 0.50265298
v 11.58764728 7.34346007 0.02765298
v 11.58764728 7.34346007 0.50265298
f 11276 11278 11275
f 11279 11276 11275
f 11275 11278 11277
f 11277 11279 11275
f 11276 11282 11278
f 11280 11276 11279
f 11280 11282 11276
f 11278 11282 11277
f 11281 11279 11277
f 11277 11282 11281
f 11281 11280 11279
f 11282 11280 11281

o geometry_875
v 12.06635513 7.36009726 0.02528316
v 12.06635513 7.36009726 0.50028316
v 11.58635747 7.36159394 0.02528316
v 11.58635747 7.36159394 0.50028316
v 12.06732223 7.67025090 0.02528316
v 12.06732223 7.67025090 0.50028316
v 11.58732456 7.67174759 0.02528316
v 11.58732456 7.67174759 0.50028316
f 11284 11286 11283
f 11287 11284 11283
f 11283 11286 11285
f 11285 11287 11283
f 11284 11290 11286
f 11288 11284 11287
f 11288 11290 11284
f 11286 11290 11285
f 11289 11287 11285
f 11285 11290 11289
f 11289 11288 11287
f 11290 11288 11289

o geometry_876
v 12.05733408 4.29142027 0.53324467
v 12.05733408 4.29142027 1.00824467
v 11.57735815 4.28661353 0.53324467
v 11.57735815 4.28661353 1.00824467
v 12.05058490 4.96535848 0.53324467
v 12.05058490 4.96535848 1.00824467
v 11.57060897 4.96055174 0.53324467
v 11.57060897 4.96055174 1.00824467
f 11292 11294 11291
f 11295 11292 11291
f 11291 11294 11293
f 11293 11295 11291
f 11292 11298 11294
f 11296 11292 11295
f 11296 11298 11292
f 11294 11298 11293
f 11297 11295 11293
f 11293 11298 11297
f 11297 11296 11295
f 11298 11296 11297

o geometry_877
v 12.07408945 4.98129815 0.49914206
v 12.07408945 4.98129815 0.97414206
v 11.59408989 4.98064652 0.49914206
v 11.59408989 4.98064652 0.97414206
v 12.07314501 5.67699150 0.49914206
v 12.07314501 5.67699150 0.97414206
v 11.59314545 5.67633987 0.49914206
v 11.59314545 5.67633987 0.97414206
f 11300 11302 11299
f 11303 11300 11299
f 11299 11302 11301
f 11301 11303 11299
f 11300 11306 11302
f 11304 11300 11303
f 11304 11306 11300
f 11302 11306 11301
f 11305 11303 11301
f 11301 11306 11305
f 11305 11304 11303
f 11306 11304 11305

o geometry_878
v 12.06531162 5.69208373 0.50701401
v 12.06531162 5.69208373 0.98201401
v 11.58533984 5.69728860 0.50701401
v 11.58533984 5.69728860 0.98201401
v 12.07274861 6.37789221 0.50701401
v 12.07274861 6.37789221 0.98201401
v 11.59277683 6.38309708 0.50701401
v 11.59277683 6.38309708 0.98201401
f 11308 11310 11307
f 11311 11308 11307
f 11307 11310 11309
f 11309 11311 11307
f 11308 11314 11310
f 11312 11308 11311
f 11312 11314 11308
f 11310 11314 11309
f 11313 11311 11309
f 11309 11314 11313
f 11313 11312 11311
f 11314 11312 11313

o geometry_879
v 12.04316713 6.39500159 0.52276799
v 12.04316713 6.39500159 0.99776799
v 11.56321963 6.40210118 0.52276799
v 11.56321963 6.40210118 0.99776799
v 12.05305888 7.06370499 0.52276799
v 12.05305888 7.06370499 0.99776799
v 11.57311138 7.07080458 0.52276799
v 11.57311138 7.07080458 0.99776799
f 11316 11318 11315
f 11319 11316 11315
f 11315 11318 11317
f 11317 11319 11315
f 11316 11322 11318
f 11320 11316 11319
f 11320 11322 11316
f 11318 11322 11317
f 11321 11319 11317
f 11317 11322 11321
f 11321 11320 11319
f 11322 11320 11321

o geometry_880
v 12.05921858 7.08514881 0.49348994
v 12.05921858 7.08514881 0.96848994
v 11.57921866 7.08543403 0.49348994
v 11.57921866 7.08543403 0.96848994
v 12.05956660 7.67085734 0.49348994
v 12.05956660 7.67085734 0.96848994
v 11.57956669 7.67114256 0.49348994
v 11.57956669 7.67114256 0.96848994
f 11324 11326 11323
f 11327 11324 11323
f 11323 11326 11325
f 11325 11327 11323
f 11324 11330 11326
f 11328 11324 11327
f 11328 11330 11324
f 11326 11330 11325
f 11329 11327 11325
f 11325 11330 11329
f 11329 11328 11327
f 11330 11328 11329

o geometry_881
v 12.05961724 4.29165520 1.03231366
v 12.05961724 4.29165520 1.50731366
v 11.57964618 4.28638389 1.03231366
v 11.57964618 4.28638389 1.50731366
v 12.05249811 4.93987688 1.03231366
v 12.05249811 4.93987688 1.50731366
v 11.57252706 4.93460558 1.03231366
v 11.57252706 4.93460558 1.50731366
f 11332 11334 11331
f 11335 11332 11331
f 11331 11334 11333
f 11333 11335 11331
f 11332 11338 11334
f 11336 11332 11335
f 11336 11338 11332
f 11334 11338 11333
f 11337 11335 11333
f 11333 11338 11337
f 11337 11336 11335
f 11338 11336 11337

o geometry_882
v 12.05102761 4.95437482 0.98879412
v 12.05102761 4.95437482 1.46379412
v 11.57103090 4.95615161 0.98879412
v 11.57103090 4.95615161 1.46379412
v 12.05366211 5.66608184 0.98879412
v 12.05366211 5.66608184 1.46379412
v 11.57366540 5.66785863 0.98879412
v 11.57366540 5.66785863 1.46379412
f 11340 11342 11339
f 11343 11340 11339
f 11339 11342 11341
f 11341 11343 11339
f 11340 11346 11342
f 11344 11340 11343
f 11344 11346 11340
f 11342 11346 11341
f 11345 11343 11341
f 11341 11346 11345
f 11345 11344 11343
f 11346 11344 11345

o geometry_883
v 12.06287853 5.68231528 1.00064689
v 12.06287853 5.68231528 1.47564689
v 11.58290836 5.68766645 1.00064689
v 11.58290836 5.68766645 1.47564689
v 12.06940550 6.26774835 1.00064689
v 12.06940550 6.26774835 1.47564689
v 11.58943533 6.27309952 1.00064689
v 11.58943533 6.27309952 1.47564689
f 11348 11350 11347
f 11351 11348 11347
f 11347 11350 11349
f 11349 11351 11347
f 11348 11354 11350
f 11352 11348 11351
f 11352 11354 11348
f 11350 11354 11349
f 11353 11351 11349
f 11349 11354 11353
f 11353 11352 11351
f 11354 11352 11353

o geometry_884
v 12.05674424 6.28816182 1.02426998
v 12.05674424 6.28816182 1.49926998
v 11.57674457 6.28872285 1.02426998
v 11.57674457 6.28872285 1.49926998
v 12.05746083 6.90126393 1.02426998
v 12.05746083 6.90126393 1.49926998
v 11.57746116 6.90182496 1.02426998
v 11.57746116 6.90182496 1.49926998
f 11356 11358 11355
f 11359 11356 11355
f 11355 11358 11357
f 11357 11359 11355
f 11356 11362 11358
f 11360 11356 11359
f 11360 11362 11356
f 11358 11362 11357
f 11361 11359 11357
f 11357 11362 11361
f 11361 11360 11359
f 11362 11360 11361

o geometry_885
v 12.06262532 6.91746268 0.98976633
v 12.06262532 6.91746268 1.46476633
v 11.58264359 6.92165006 0.98976633
v 11.58264359 6.92165006 1.46476633
v 12.06799862 7.53338058 0.98976633
v 12.06799862 7.53338058 1.46476633
v 11.58801688 7.53756796 0.98976633
v 11.58801688 7.53756796 1.46476633
f 11364 11366 11363
f 11367 11364 11363
f 11363 11366 11365
f 11365 11367 11363
f 11364 11370 11366
f 11368 11364 11367
f 11368 11370 11364
f 11366 11370 11365
f 11369 11367 11365
f 11365 11370 11369
f 11369 11368 11367
f 11370 11368 11369

o geometry_886
v 12.06677694 7.55036961 0.99256545
v 12.06677694 7.55036961 1.46756545
v 11.58681754 7.55661230 0.99256545
v 11.58681754 7.55661230 1.46756545
v 12.06830528 7.66787369 0.99256545
v 12.06830528 7.66787369 1.46756545
v 11.58834588 7.67411637 0.99256545
v 11.58834588 7.67411637 1.46756545
f 11372 11374 11371
f 11375 11372 11371
f 11371 11374 11373
f 11373 11375 11371
f 11372 11378 11374
f 11376 11372 11375
f 11376 11378 11372
f 11374 11378 11373
f 11377 11375 11373
f 11373 11378 11377
f 11377 11376 11375
f 11378 11376 11377

o geometry_887
v 12.06407740 4.28854537 1.48830579
v 12.06407740 4.28854537 1.96330579
v 11.58407827 4.28945580 1.48830579
v 11.58407827 4.28945580 1.96330579
v 12.06530874 4.93773612 1.48830579
v 12.06530874 4.93773612 1.96330579
v 11.58530960 4.93864654 1.48830579
v 11.58530960 4.93864654 1.96330579
f 11380 11382 11379
f 11383 11380 11379
f 11379 11382 11381
f 11381 11383 11379
f 11380 11386 11382
f 11384 11380 11383
f 11384 11386 11380
f 11382 11386 11381
f 11385 11383 11381
f 11381 11386 11385
f 11385 11384 11383
f 11386 11384 11385

o geometry_888
v 12.04558334 4.95465629 1.49605696
v 12.04558334 4.95465629 1.97105696
v 11.56559324 4.95774016 1.49605696
v 11.56559324 4.95774016 1.97105696
v 12.04951306 5.56629864 1.49605696
v 12.04951306 5.56629864 1.97105696
v 11.56952297 5.56938252 1.49605696
v 11.56952297 5.56938252 1.97105696
f 11388 11390 11387
f 11391 11388 11387
f 11387 11390 11389
f 11389 11391 11387
f 11388 11394 11390
f 11392 11388 11391
f 11392 11394 11388
f 11390 11394 11389
f 11393 11391 11389
f 11389 11394 11393
f 11393 11392 11391
f 11394 11392 11393

o geometry_889
v 12.05200359 5.58859462 1.51851717
v 12.05200359 5.58859462 1.99351717
v 11.57203458 5.58314067 1.51851717
v 11.57203458 5.58314067 1.99351717
v 12.04469877 6.23144711 1.51851717
v 12.04469877 6.23144711 1.99351717
v 11.56472976 6.22599316 1.51851717
v 11.56472976 6.22599316 1.99351717
f 11396 11398 11395
f 11399 11396 11395
f 11395 11398 11397
f 11397 11399 11395
f 11396 11402 11398
f 11400 11396 11399
f 11400 11402 11396
f 11398 11402 11397
f 11401 11399 11397
f 11397 11402 11401
f 11401 11400 11399
f 11402 11400 11401

o geometry_890
v 12.04839907 6.24770747 1.51992479
v 12.04839907 6.24770747 1.99492479
v 11.56840294 6.24577978 1.51992479
v 11.56840294 6.24577978 1.99492479
v 12.04567562 6.92584816 1.51992479
v 12.04567562 6.92584816 1.99492479
v 11.56567949 6.92392047 1.51992479
v 11.56567949 6.92392047 1.99492479
f 11404 11406 11403
f 11407 11404 11403
f 11403 11406 11405
f 11405 11407 11403
f 11404 11410 11406
f 11408 11404 11407
f 11408 11410 11404
f 11406 11410 11405
f 11409 11407 11405
f 11405 11410 11409
f 11409 11408 11407
f 11410 11408 11409

o geometry_891
v 12.06035705 6.94615388 1.52012744
v 12.06035705 6.94615388 1.99512744
v 11.58040081 6.93967204 1.52012744
v 11.58040081 6.93967204 1.99512744
v 12.05268113 7.51452712 1.52012744
v 12.05268113 7.51452712 1.99512744
v 11.57272490 7.50804528 1.52012744
v 11.57272490 7.50804528 1.99512744
f 11412 11414 11411
f 11415 11412 11411
f 11411 11414 11413
f 11413 11415 11411
f 11412 11418 11414
f 11416 11412 11415
f 11416 11418 11412
f 11414 11418 11413
f 11417 11415 11413
f 11413 11418 11417
f 11417 11416 11415
f 11418 11416 11417

o geometry_892
v 12.06303760 7.53261969 1.51694256
v 12.06303760 7.53261969 1.99194256
v 11.58308300 7.52601794 1.51694256
v 11.58308300 7.52601794 1.99194256
v 12.06108888 7.67429417 1.51694256
v 12.06108888 7.67429417 1.99194256
v 11.58113428 7.66769243 1.51694256
v 11.58113428 7.66769243 1.99194256
f 11420 11422 11419
f 11423 11420 11419
f 11419 11422 11421
f 11421 11423 11419
f 11420 11426 11422
f 11424 11420 11423
f 11424 11426 11420
f 11422 11426 11421
f 11425 11423 11421
f 11421 11426 11425
f 11425 11424 11423
f 11426 11424 11425

o geometry_893
v 12.06274253 4.29098727 1.99057719
v 12.06274253 4.29098727 2.46557719
v 11.58275882 4.28703313 1.99057719
v 11.58275882 4.28703313 2.46557719
v 12.05778975 4.89219370 1.99057719
v 12.05778975 4.89219370 2.46557719
v 11.57780604 4.88823955 1.99057719
v 11.57780604 4.88823955 2.46557719
f 11428 11430 11427
f 11431 11428 11427
f 11427 11430 11429
f 11429 11431 11427
f 11428 11434 11430
f 11432 11428 11431
f 11432 11434 11428
f 11430 11434 11429
f 11433 11431 11429
f 11429 11434 11433
f 11433 11432 11431
f 11434 11432 11433

o geometry_894
v 12.05155702 4.90839772 1.99735415
v 12.05155702 4.90839772 2.47235415
v 11.57155714 4.90805610 1.99735415
v 11.57155714 4.90805610 2.47235415
v 12.05107788 5.58161496 1.99735415
v 12.05107788 5.58161496 2.47235415
v 11.57107800 5.58127333 1.99735415
v 11.57107800 5.58127333 2.47235415
f 11436 11438 11435
f 11439 11436 11435
f 11435 11438 11437
f 11437 11439 11435
f 11436 11442 11438
f 11440 11436 11439
f 11440 11442 11436
f 11438 11442 11437
f 11441 11439 11437
f 11437 11442 11441
f 11441 11440 11439
f 11442 11440 11441

o geometry_895
v 12.04920848 5.59953611 2.00367024
v 12.04920848 5.59953611 2.47867024
v 11.56920852 5.59935240 2.00367024
v 11.56920852 5.59935240 2.47867024
v 12.04894474 6.28868762 2.00367024
v 12.04894474 6.28868762 2.47867024
v 11.56894477 6.28850392 2.00367024
v 11.56894477 6.28850392 2.47867024
f 11444 11446 11443
f 11447 11444 11443
f 11443 11446 11445
f 11445 11447 11443
f 11444 11450 11446
f 11448 11444 11447
f 11448 11450 11444
f 11446 11450 11445
f 11449 11447 11445
f 11445 11450 11449
f 11449 11448 11447
f 11450 11448 11449

o geometry_896
v 12.07567495 6.30990302 2.02375182
v 12.07567495 6.30990302 2.49875182
v 11.59571975 6.30334544 2.02375182
v 11.59571975 6.30334544 2.49875182
v 12.06734894 6.91929101 2.02375182
v 12.06734894 6.91929101 2.49875182
v 11.58739373 6.91273343 2.02375182
v 11.58739373 6.91273343 2.49875182
f 11452 11454 11451
f 11455 11452 11451
f 11451 11454 11453
f 11453 11455 11451
f 11452 11458 11454
f 11456 11452 11455
f 11456 11458 11452
f 11454 11458 11453
f 11457 11455 11453
f 11453 11458 11457
f 11457 11456 11455
f 11458 11456 11457

o geometry_897
v 12.06548570 6.93407458 2.00177338
v 12.06548570 6.93407458 2.47677338
v 11.58548570 6.93400674 2.00177338
v 11.58548570 6.93400674 2.47677338
v 12.06539084 7.60523332 2.00177338
v 12.06539084 7.60523332 2.47677338
v 11.58539085 7.60516549 2.00177338
v 11.58539085 7.60516549 2.47677338
f 11460 11462 11459
f 11463 11460 11459
f 11459 11462 11461
f 11461 11463 11459
f 11460 11466 11462
f 11464 11460 11463
f 11464 11466 11460
f 11462 11466 11461
f 11465 11463 11461
f 11461 11466 11465
f 11465 11464 11463
f 11466 11464 11465

o geometry_898
v 12.05959117 7.62571835 1.99062348
v 12.05959117 7.62571835 2.46562348
v 11.57961758 7.62068309 1.99062348
v 11.57961758 7.62068309 2.46562348
v 12.05908973 7.67351632 1.99062348
v 12.05908973 7.67351632 2.46562348
v 11.57911614 7.66848105 1.99062348
v 11.57911614 7.66848105 2.46562348
f 11468 11470 11467
f 11471 11468 11467
f 11467 11470 11469
f 11469 11471 11467
f 11468 11474 11470
f 11472 11468 11471
f 11472 11474 11468
f 11470 11474 11469
f 11473 11471 11469
f 11469 11474 11473
f 11473 11472 11471
f 11474 11472 11473

o geometry_899
v 12.05886497 4.28909329 2.53400208
v 12.05886497 4.28909329 3.00900208
v 11.57886501 4.28890675 2.53400208
v 11.57886501 4.28890675 3.00900208
v 12.05863487 4.88118638 2.53400208
v 12.05863487 4.88118638 3.00900208
v 11.57863490 4.88099984 2.53400208
v 11.57863490 4.88099984 3.00900208
f 11476 11478 11475
f 11479 11476 11475
f 11475 11478 11477
f 11477 11479 11475
f 11476 11482 11478
f 11480 11476 11479
f 11480 11482 11476
f 11478 11482 11477
f 11481 11479 11477
f 11477 11482 11481
f 11481 11480 11479
f 11482 11480 11481

o geometry_900
v 12.05153106 4.89822607 2.51084262
v 12.05153106 4.89822607 2.98584262
v 11.57153421 4.89996485 2.51084262
v 11.57153421 4.89996485 2.98584262
v 12.05409624 5.60635556 2.51084262
v 12.05409624 5.60635556 2.98584262
v 11.57409939 5.60809433 2.51084262
v 11.57409939 5.60809433 2.98584262
f 11484 11486 11483
f 11487 11484 11483
f 11483 11486 11485
f 11485 11487 11483
f 11484 11490 11486
f 11488 11484 11487
f 11488 11490 11484
f 11486 11490 11485
f 11489 11487 11485
f 11485 11490 11489
f 11489 11488 11487
f 11490 11488 11489

o geometry_901
v 12.05924656 5.62770422 2.50976220
v 12.05924656 5.62770422 2.98476220
v 11.57927179 5.62278288 2.50976220
v 11.57927179 5.62278288 2.98476220
v 12.05289294 6.24736841 2.50976220
v 12.05289294 6.24736841 2.98476220
v 11.57291817 6.24244707 2.50976220
v 11.57291817 6.24244707 2.98476220
f 11492 11494 11491
f 11495 11492 11491
f 11491 11494 11493
f 11493 11495 11491
f 11492 11498 11494
f 11496 11492 11495
f 11496 11498 11492
f 11494 11498 11493
f 11497 11495 11493
f 11493 11498 11497
f 11497 11496 11495
f 11498 11496 11497

o geometry_902
v 12.04815161 6.26313182 2.52088461
v 12.04815161 6.26313182 2.99588461
v 11.56815179 6.26271651 2.52088461
v 11.56815179 6.26271651 2.99588461
v 12.04752451 6.98791208 2.52088461
v 12.04752451 6.98791208 2.99588461
v 11.56752469 6.98749676 2.52088461
v 11.56752469 6.98749676 2.99588461
f 11500 11502 11499
f 11503 11500 11499
f 11499 11502 11501
f 11501 11503 11499
f 11500 11506 11502
f 11504 11500 11503
f 11504 11506 11500
f 11502 11506 11501
f 11505 11503 11501
f 11501 11506 11505
f 11505 11504 11503
f 11506 11504 11505

o geometry_903
v 12.04447843 7.00439174 2.50559209
v 12.04447843 7.00439174 2.98059209
v 11.56448566 7.00702693 2.50559209
v 11.56448566 7.00702693 2.98059209
v 12.04795983 7.63852083 2.50559209
v 12.04795983 7.63852083 2.98059209
v 11.56796706 7.64115602 2.50559209
v 11.56796706 7.64115602 2.98059209
f 11508 11510 11507
f 11511 11508 11507
f 11507 11510 11509
f 11509 11511 11507
f 11508 11514 11510
f 11512 11508 11511
f 11512 11514 11508
f 11510 11514 11509
f 11513 11511 11509
f 11509 11514 11513
f 11513 11512 11511
f 11514 11512 11513

o geometry_904
v 12.06275936 7.65637291 2.50585515
v 12.06275936 7.65637291 2.98085515
v 11.58276837 7.65931375 2.50585515
v 11.58276837 7.65931375 2.98085515
v 12.06283997 7.66952946 2.50585515
v 12.06283997 7.66952946 2.98085515
v 11.58284898 7.67247030 2.50585515
v 11.58284898 7.67247030 2.98085515
f 11516 11518 11515
f 11519 11516 11515
f 11515 11518 11517
f 11517 11519 11515
f 11516 11522 11518
f 11520 11516 11519
f 11520 11522 11516
f 11518 11522 11517
f 11521 11519 11517
f 11517 11522 11521
f 11521 11520 11519
f 11522 11520 11521

o geometry_905
v 12.07773884 4.29242902 3.00709268
v 12.07773884 4.29242902 3.48209268
v 11.59778714 4.28561985 3.00709268
v 11.59778714 4.28561985 3.48209268
v 12.07084946 4.77803528 3.00709268
v 12.07084946 4.77803528 3.48209268
v 11.59089775 4.77122612 3.00709268
v 11.59089775 4.77122612 3.48209268
f 11524 11526 11523
f 11527 11524 11523
f 11523 11526 11525
f 11525 11527 11523
f 11524 11530 11526
f 11528 11524 11527
f 11528 11530 11524
f 11526 11530 11525
f 11529 11527 11525
f 11525 11530 11529
f 11529 11528 11527
f 11530 11528 11529

o geometry_906
v 12.06639696 4.79417100 3.01522355
v 12.06639696 4.79417100 3.49022355
v 11.58640647 4.79114862 3.01522355
v 11.58640647 4.79114862 3.49022355
v 12.06342791 5.26569191 3.01522355
v 12.06342791 5.26569191 3.49022355
v 11.58343743 5.26266953 3.01522355
v 11.58343743 5.26266953 3.49022355
f 11532 11534 11531
f 11535 11532 11531
f 11531 11534 11533
f 11533 11535 11531
f 11532 11538 11534
f 11536 11532 11535
f 11536 11538 11532
f 11534 11538 11533
f 11537 11535 11533
f 11533 11538 11537
f 11537 11536 11535
f 11538 11536 11537

o geometry_907
v 12.06767905 5.27894524 3.01687797
v 12.06767905 5.27894524 3.49187797
v 11.58772345 5.28547335 3.01687797
v 11.58772345 5.28547335 3.49187797
v 12.07470867 5.79577174 3.01687797
v 12.07470867 5.79577174 3.49187797
v 11.59475306 5.80229986 3.01687797
v 11.59475306 5.80229986 3.49187797
f 11540 11542 11539
f 11543 11540 11539
f 11539 11542 11541
f 11541 11543 11539
f 11540 11546 11542
f 11544 11540 11543
f 11544 11546 11540
f 11542 11546 11541
f 11545 11543 11541
f 11541 11546 11545
f 11545 11544 11543
f 11546 11544 11545

o geometry_908
v 12.06525299 5.81872683 2.99976522
v 12.06525299 5.81872683 3.47476522
v 11.58526449 5.81540548 2.99976522
v 11.58526449 5.81540548 3.47476522
v 12.06152519 6.35745363 2.99976522
v 12.06152519 6.35745363 3.47476522
v 11.58153668 6.35413227 2.99976522
v 11.58153668 6.35413227 3.47476522
f 11548 11550 11547
f 11551 11548 11547
f 11547 11550 11549
f 11549 11551 11547
f 11548 11554 11550
f 11552 11548 11551
f 11552 11554 11548
f 11550 11554 11549
f 11553 11551 11549
f 11549 11554 11553
f 11553 11552 11551
f 11554 11552 11553

o geometry_909
v 12.05154265 6.37228676 2.99492095
v 12.05154265 6.37228676 3.46992095
v 11.57155226 6.37532322 2.99492095
v 11.57155226 6.37532322 3.46992095
v 12.05507662 6.93092025 2.99492095
v 12.05507662 6.93092025 3.46992095
v 11.57508622 6.93395671 2.99492095
v 11.57508622 6.93395671 3.46992095
f 11556 11558 11555
f 11559 11556 11555
f 11555 11558 11557
f 11557 11559 11555
f 11556 11562 11558
f 11560 11556 11559
f 11560 11562 11556
f 11558 11562 11557
f 11561 11559 11557
f 11557 11562 11561
f 11561 11560 11559
f 11562 11560 11561

o geometry_910
v 12.05792604 6.95008188 2.99110940
v 12.05792604 6.95008188 3.46610940
v 11.57792659 6.95080685 2.99110940
v 11.57792659 6.95080685 3.46610940
v 12.05872145 7.47671470 2.99110940
v 12.05872145 7.47671470 3.46610940
v 11.57872200 7.47743968 2.99110940
v 11.57872200 7.47743968 3.46610940
f 11564 11566 11563
f 11567 11564 11563
f 11563 11566 11565
f 11565 11567 11563
f 11564 11570 11566
f 11568 11564 11567
f 11568 11570 11564
f 11566 11570 11565
f 11569 11567 11565
f 11565 11570 11569
f 11569 11568 11567
f 11570 11568 11569

o geometry_911
v 12.06310577 7.49713472 3.00519124
v 12.06310577 7.49713472 3.48019124
v 11.58312335 7.49302671 3.00519124
v 11.58312335 7.49302671 3.48019124
v 12.06160017 7.67305078 3.00519124
v 12.06160017 7.67305078 3.48019124
v 11.58161774 7.66894278 3.00519124
v 11.58161774 7.66894278 3.48019124
f 11572 11574 11571
f 11575 11572 11571
f 11571 11574 11573
f 11573 11575 11571
f 11572 11578 11574
f 11576 11572 11575
f 11576 11578 11572
f 11574 11578 11573
f 11577 11575 11573
f 11573 11578 11577
f 11577 11576 11575
f 11578 11576 11577

o geometry_912
v 7.90000000 7.68000000 0.10000000
v 8.13000000 7.68000000 0.10000000
v 8.13000000 7.68000000 3.35000000
v 7.90000000 7.68000000 3.35000000
v 8.12216294 7.73952838 0.10000000
v 8.12216294 7.73952838 3.35000000
v 8.09918584 7.79500000 0.10000000
v 8.09918584 7.79500000 3.35000000
v 8.06263456 7.84263456 0.10000000
v 8.06263456 7.84263456 3.35000000
v 8.01500000 7.87918584 0.10000000
v 8.01500000 7.87918584 3.35000000
v 7.95952838 7.90216294 0.10000000
v 7.95952838 7.90216294 3.35000000
v 7.90000000 7.91000000 0.10000000
v 7.90000000 7.91000000 3.35000000
v 7.84047162 7.90216294 0.10000000
v 7.84047162 7.90216294 3.35000000
v 7.78500000 7.87918584 0.10000000
v 7.78500000 7.87918584 3.35000000
v 7.73736544 7.84263456 0.10000000
v 7.73736544 7.84263456 3.35000000
v 7.70081416 7.79500000 0.10000000
v 7.70081416 7.79500000 3.35000000
v 7.67783706 7.73952838 0.10000000
v 7.67783706 7.73952838 3.35000000
v 7.67000000 7.68000000 0.10000000
v 7.67000000 7.68000000 3.35000000
v 7.67783706 7.62047162 0.10000000
v 7.67783706 7.62047162 3.35000000
v 7.70081416 7.56500000 0.10000000
v 7.70081416 7.56500000 3.35000000
v 7.73736544 7.51736544 0.10000000
v 7.73736544 7.51736544 3.35000000
v 7.78500000 7.48081416 0.10000000
v 7.78500000 7.48081416 3.35000000
v 7.84047162 7.45783706 0.10000000
v 7.84047162 7.45783706 3.35000000
v 7.90000000 7.45000000 0.10000000
v 7.90000000 7.45000000 3.35000000
v 7.95952838 7.45783706 0.10000000
v 7.95952838 7.45783706 3.35000000
v 8.01500000 7.48081416 0.10000000
v 8.01500000 7.48081416 3.35000000
v 8.06263456 7.51736544 0.10000000
v 8.06263456 7.51736544 3.35000000
v 8.09918584 7.56500000 0.10000000
v 8.09918584 7.56500000 3.35000000
v 8.12216294 7.62047162 0.10000000
v 8.12216294 7.62047162 3.35000000
f 11580 11579 11583
f 11580 11583 11581
f 11581 11583 11584
f 11581 11584 11582
f 11583 11579 11585
f 11583 11585 11584
f 11584 11585 11586
f 11584 11586 11582
f 11585 11579 11587
f 11585 11587 11586
f 11586 11587 11588
f 11586 11588 11582
f 11587 11579 11589
f 11587 11589 11588
f 11588 11589 11590
f 11588 11590 11582
f 11589 11579 11591
f 11589 11591 11590
f 11590 11591 11592
f 11590 11592 11582
f 11591 11579 11593
f 11591 11593 11592
f 11592 11593 11594
f 11592 11594 11582
f 11593 11579 11595
f 11593 11595 11594
f 11594 11595 11596
f 11594 11596 11582
f 11595 11579 11597
f 11595 11597 11596
f 11596 11597 11598
f 11596 11598 11582
f 11597 11579 11599
f 11597 11599 11598
f 11598 11599 11600
f 11598 11600 11582
f 11599 11579 11601
f 11599 11601 11600
f 11600 11601 11602
f 11600 11602 11582
f 11601 11579 11603
f 11601 11603 11602
f 11602 11603 11604
f 11602 11604 11582
f 11603 11579 11605
f 11603 11605 11604
f 11604 11605 11606
f 11604 11606 11582
f 11605 11579 11607
f 11605 11607 11606
f 11606 11607 11608
f 11606 11608 11582
f 11607 11579 11609
f 11607 11609 11608
f 11608 11609 11610
f 11608 11610 11582
f 11609 11579 11611
f 11609 11611 11610
f 11610 11611 11612
f 11610 11612 11582
f 11611 11579 11613
f 11611 11613 11612
f 11612 11613 11614
f 11612 11614 11582
f 11613 11579 11615
f 11613 11615 11614
f 11614 11615 11616
f 11614 11616 11582
f 11615 11579 11617
f 11615 11617 11616
f 11616 11617 11618
f 11616 11618 11582
f 11617 11579 11619
f 11617 11619 11618
f 11618 11619 11620
f 11618 11620 11582
f 11619 11579 11621
f 11619 11621 11620
f 11620 11621 11622
f 11620 11622 11582
f 11621 11579 11623
f 11621 11623 11622
f 11622 11623 11624
f 11622 11624 11582
f 11623 11579 11625
f 11623 11625 11624
f 11624 11625 11626
f 11624 11626 11582
f 11625 11579 11627
f 11625 11627 11626
f 11626 11627 11628
f 11626 11628 11582
f 11627 11579 11580
f 11627 11580 11628
f 11628 11580 11581
f 11628 11581 11582

o geometry_913
v 7.90000000 7.68000000 0.10000000
v 8.19440000 7.68000000 0.10000000
v 8.19440000 7.68000000 0.26000000
v 7.90000000 7.68000000 0.26000000
v 8.18436856 7.75619633 0.10000000
v 8.18436856 7.75619633 0.26000000
v 8.15495788 7.82720000 0.10000000
v 8.15495788 7.82720000 0.26000000
v 8.10817224 7.88817224 0.10000000
v 8.10817224 7.88817224 0.26000000
v 8.04720000 7.93495788 0.10000000
v 8.04720000 7.93495788 0.26000000
v 7.97619633 7.96436856 0.10000000
v 7.97619633 7.96436856 0.26000000
v 7.90000000 7.97440000 0.10000000
v 7.90000000 7.97440000 0.26000000
v 7.82380367 7.96436856 0.10000000
v 7.82380367 7.96436856 0.26000000
v 7.75280000 7.93495788 0.10000000
v 7.75280000 7.93495788 0.26000000
v 7.69182776 7.88817224 0.10000000
v 7.69182776 7.88817224 0.26000000
v 7.64504212 7.82720000 0.10000000
v 7.64504212 7.82720000 0.26000000
v 7.61563144 7.75619633 0.10000000
v 7.61563144 7.75619633 0.26000000
v 7.60560000 7.68000000 0.10000000
v 7.60560000 7.68000000 0.26000000
v 7.61563144 7.60380367 0.10000000
v 7.61563144 7.60380367 0.26000000
v 7.64504212 7.53280000 0.10000000
v 7.64504212 7.53280000 0.26000000
v 7.69182776 7.47182776 0.10000000
v 7.69182776 7.47182776 0.26000000
v 7.75280000 7.42504212 0.10000000
v 7.75280000 7.42504212 0.26000000
v 7.82380367 7.39563144 0.10000000
v 7.82380367 7.39563144 0.26000000
v 7.90000000 7.38560000 0.10000000
v 7.90000000 7.38560000 0.26000000
v 7.97619633 7.39563144 0.10000000
v 7.97619633 7.39563144 0.26000000
v 8.04720000 7.42504212 0.10000000
v 8.04720000 7.42504212 0.26000000
v 8.10817224 7.47182776 0.10000000
v 8.10817224 7.47182776 0.26000000
v 8.15495788 7.53280000 0.10000000
v 8.15495788 7.53280000 0.26000000
v 8.18436856 7.60380367 0.10000000
v 8.18436856 7.60380367 0.26000000
f 11630 11629 11633
f 11630 11633 11631
f 11631 11633 11634
f 11631 11634 11632
f 11633 11629 11635
f 11633 11635 11634
f 11634 11635 11636
f 11634 11636 11632
f 11635 11629 11637
f 11635 11637 11636
f 11636 11637 11638
f 11636 11638 11632
f 11637 11629 11639
f 11637 11639 11638
f 11638 11639 11640
f 11638 11640 11632
f 11639 11629 11641
f 11639 11641 11640
f 11640 11641 11642
f 11640 11642 11632
f 11641 11629 11643
f 11641 11643 11642
f 11642 11643 11644
f 11642 11644 11632
f 11643 11629 11645
f 11643 11645 11644
f 11644 11645 11646
f 11644 11646 11632
f 11645 11629 11647
f 11645 11647 11646
f 11646 11647 11648
f 11646 11648 11632
f 11647 11629 11649
f 11647 11649 11648
f 11648 11649 11650
f 11648 11650 11632
f 11649 11629 11651
f 11649 11651 11650
f 11650 11651 11652
f 11650 11652 11632
f 11651 11629 11653
f 11651 11653 11652
f 11652 11653 11654
f 11652 11654 11632
f 11653 11629 11655
f 11653 11655 11654
f 11654 11655 11656
f 11654 11656 11632
f 11655 11629 11657
f 11655 11657 11656
f 11656 11657 11658
f 11656 11658 11632
f 11657 11629 11659
f 11657 11659 11658
f 11658 11659 11660
f 11658 11660 11632
f 11659 11629 11661
f 11659 11661 11660
f 11660 11661 11662
f 11660 11662 11632
f 11661 11629 11663
f 11661 11663 11662
f 11662 11663 11664
f 11662 11664 11632
f 11663 11629 11665
f 11663 11665 11664
f 11664 11665 11666
f 11664 11666 11632
f 11665 11629 11667
f 11665 11667 11666
f 11666 11667 11668
f 11666 11668 11632
f 11667 11629 11669
f 11667 11669 11668
f 11668 11669 11670
f 11668 11670 11632
f 11669 11629 11671
f 11669 11671 11670
f 11670 11671 11672
f 11670 11672 11632
f 11671 11629 11673
f 11671 11673 11672
f 11672 11673 11674
f 11672 11674 11632
f 11673 11629 11675
f 11673 11675 11674
f 11674 11675 11676
f 11674 11676 11632
f 11675 11629 11677
f 11675 11677 11676
f 11676 11677 11678
f 11676 11678 11632
f 11677 11629 11630
f 11677 11630 11678
f 11678 11630 11631
f 11678 11631 11632

o geometry_914
v 7.90000000 7.68000000 3.18000000
v 8.18060000 7.68000000 3.18000000
v 8.18060000 7.68000000 3.36000000
v 7.90000000 7.68000000 3.36000000
v 8.17103879 7.75262462 3.18000000
v 8.17103879 7.75262462 3.36000000
v 8.14300673 7.82030000 3.18000000
v 8.14300673 7.82030000 3.36000000
v 8.09841416 7.87841416 3.18000000
v 8.09841416 7.87841416 3.36000000
v 8.04030000 7.92300673 3.18000000
v 8.04030000 7.92300673 3.36000000
v 7.97262462 7.95103879 3.18000000
v 7.97262462 7.95103879 3.36000000
v 7.90000000 7.96060000 3.18000000
v 7.90000000 7.96060000 3.36000000
v 7.82737538 7.95103879 3.18000000
v 7.82737538 7.95103879 3.36000000
v 7.75970000 7.92300673 3.18000000
v 7.75970000 7.92300673 3.36000000
v 7.70158584 7.87841416 3.18000000
v 7.70158584 7.87841416 3.36000000
v 7.65699327 7.82030000 3.18000000
v 7.65699327 7.82030000 3.36000000
v 7.62896121 7.75262462 3.18000000
v 7.62896121 7.75262462 3.36000000
v 7.61940000 7.68000000 3.18000000
v 7.61940000 7.68000000 3.36000000
v 7.62896121 7.60737538 3.18000000
v 7.62896121 7.60737538 3.36000000
v 7.65699327 7.53970000 3.18000000
v 7.65699327 7.53970000 3.36000000
v 7.70158584 7.48158584 3.18000000
v 7.70158584 7.48158584 3.36000000
v 7.75970000 7.43699327 3.18000000
v 7.75970000 7.43699327 3.36000000
v 7.82737538 7.40896121 3.18000000
v 7.82737538 7.40896121 3.36000000
v 7.90000000 7.39940000 3.18000000
v 7.90000000 7.39940000 3.36000000
v 7.97262462 7.40896121 3.18000000
v 7.97262462 7.40896121 3.36000000
v 8.04030000 7.43699327 3.18000000
v 8.04030000 7.43699327 3.36000000
v 8.09841416 7.48158584 3.18000000
v 8.09841416 7.48158584 3.36000000
v 8.14300673 7.53970000 3.18000000
v 8.14300673 7.53970000 3.36000000
v 8.17103879 7.60737538 3.18000000
v 8.17103879 7.60737538 3.36000000
f 11680 11679 11683
f 11680 11683 11681
f 11681 11683 11684
f 11681 11684 11682
f 11683 11679 11685
f 11683 11685 11684
f 11684 11685 11686
f 11684 11686 11682
f 11685 11679 11687
f 11685 11687 11686
f 11686 11687 11688
f 11686 11688 11682
f 11687 11679 11689
f 11687 11689 11688
f 11688 11689 11690
f 11688 11690 11682
f 11689 11679 11691
f 11689 11691 11690
f 11690 11691 11692
f 11690 11692 11682
f 11691 11679 11693
f 11691 11693 11692
f 11692 11693 11694
f 11692 11694 11682
f 11693 11679 11695
f 11693 11695 11694
f 11694 11695 11696
f 11694 11696 11682
f 11695 11679 11697
f 11695 11697 11696
f 11696 11697 11698
f 11696 11698 11682
f 11697 11679 11699
f 11697 11699 11698
f 11698 11699 11700
f 11698 11700 11682
f 11699 11679 11701
f 11699 11701 11700
f 11700 11701 11702
f 11700 11702 11682
f 11701 11679 11703
f 11701 11703 11702
f 11702 11703 11704
f 11702 11704 11682
f 11703 11679 11705
f 11703 11705 11704
f 11704 11705 11706
f 11704 11706 11682
f 11705 11679 11707
f 11705 11707 11706
f 11706 11707 11708
f 11706 11708 11682
f 11707 11679 11709
f 11707 11709 11708
f 11708 11709 11710
f 11708 11710 11682
f 11709 11679 11711
f 11709 11711 11710
f 11710 11711 11712
f 11710 11712 11682
f 11711 11679 11713
f 11711 11713 11712
f 11712 11713 11714
f 11712 11714 11682
f 11713 11679 11715
f 11713 11715 11714
f 11714 11715 11716
f 11714 11716 11682
f 11715 11679 11717
f 11715 11717 11716
f 11716 11717 11718
f 11716 11718 11682
f 11717 11679 11719
f 11717 11719 11718
f 11718 11719 11720
f 11718 11720 11682
f 11719 11679 11721
f 11719 11721 11720
f 11720 11721 11722
f 11720 11722 11682
f 11721 11679 11723
f 11721 11723 11722
f 11722 11723 11724
f 11722 11724 11682
f 11723 11679 11725
f 11723 11725 11724
f 11724 11725 11726
f 11724 11726 11682
f 11725 11679 11727
f 11725 11727 11726
f 11726 11727 11728
f 11726 11728 11682
f 11727 11679 11680
f 11727 11680 11728
f 11728 11680 11681
f 11728 11681 11682

o geometry_915
v 7.61250000 7.33000000 3.11000000
v 7.61250000 7.33000000 3.27000000
v 7.61250000 8.03000000 3.11000000
v 7.61250000 8.03000000 3.27000000
v 8.18750000 7.33000000 3.11000000
v 8.18750000 7.33000000 3.27000000
v 8.18750000 8.03000000 3.11000000
v 8.18750000 8.03000000 3.27000000
f 11730 11732 11729
f 11733 11730 11729
f 11729 11732 11731
f 11731 11733 11729
f 11730 11736 11732
f 11734 11730 11733
f 11734 11736 11730
f 11732 11736 11731
f 11735 11733 11731
f 11731 11736 11735
f 11735 11734 11733
f 11736 11734 11735

o geometry_916
v 11.30000000 7.68000000 0.10000000
v 11.53000000 7.68000000 0.10000000
v 11.53000000 7.68000000 3.35000000
v 11.30000000 7.68000000 3.35000000
v 11.52216294 7.73952838 0.10000000
v 11.52216294 7.73952838 3.35000000
v 11.49918584 7.79500000 0.10000000
v 11.49918584 7.79500000 3.35000000
v 11.46263456 7.84263456 0.10000000
v 11.46263456 7.84263456 3.35000000
v 11.41500000 7.87918584 0.10000000
v 11.41500000 7.87918584 3.35000000
v 11.35952838 7.90216294 0.10000000
v 11.35952838 7.90216294 3.35000000
v 11.30000000 7.91000000 0.10000000
v 11.30000000 7.91000000 3.35000000
v 11.24047162 7.90216294 0.10000000
v 11.24047162 7.90216294 3.35000000
v 11.18500000 7.87918584 0.10000000
v 11.18500000 7.87918584 3.35000000
v 11.13736544 7.84263456 0.10000000
v 11.13736544 7.84263456 3.35000000
v 11.10081416 7.79500000 0.10000000
v 11.10081416 7.79500000 3.35000000
v 11.07783706 7.73952838 0.10000000
v 11.07783706 7.73952838 3.35000000
v 11.07000000 7.68000000 0.10000000
v 11.07000000 7.68000000 3.35000000
v 11.07783706 7.62047162 0.10000000
v 11.07783706 7.62047162 3.35000000
v 11.10081416 7.56500000 0.10000000
v 11.10081416 7.56500000 3.35000000
v 11.13736544 7.51736544 0.10000000
v 11.13736544 7.51736544 3.35000000
v 11.18500000 7.48081416 0.10000000
v 11.18500000 7.48081416 3.35000000
v 11.24047162 7.45783706 0.10000000
v 11.24047162 7.45783706 3.35000000
v 11.30000000 7.45000000 0.10000000
v 11.30000000 7.45000000 3.35000000
v 11.35952838 7.45783706 0.10000000
v 11.35952838 7.45783706 3.35000000
v 11.41500000 7.48081416 0.10000000
v 11.41500000 7.48081416 3.35000000
v 11.46263456 7.51736544 0.10000000
v 11.46263456 7.51736544 3.35000000
v 11.49918584 7.56500000 0.10000000
v 11.49918584 7.56500000 3.35000000
v 11.52216294 7.62047162 0.10000000
v 11.52216294 7.62047162 3.35000000
f 11738 11737 11741
f 11738 11741 11739
f 11739 11741 11742
f 11739 11742 11740
f 11741 11737 11743
f 11741 11743 11742
f 11742 11743 11744
f 11742 11744 11740
f 11743 11737 11745
f 11743 11745 11744
f 11744 11745 11746
f 11744 11746 11740
f 11745 11737 11747
f 11745 11747 11746
f 11746 11747 11748
f 11746 11748 11740
f 11747 11737 11749
f 11747 11749 11748
f 11748 11749 11750
f 11748 11750 11740
f 11749 11737 11751
f 11749 11751 11750
f 11750 11751 11752
f 11750 11752 11740
f 11751 11737 11753
f 11751 11753 11752
f 11752 11753 11754
f 11752 11754 11740
f 11753 11737 11755
f 11753 11755 11754
f 11754 11755 11756
f 11754 11756 11740
f 11755 11737 11757
f 11755 11757 11756
f 11756 11757 11758
f 11756 11758 11740
f 11757 11737 11759
f 11757 11759 11758
f 11758 11759 11760
f 11758 11760 11740
f 11759 11737 11761
f 11759 11761 11760
f 11760 11761 11762
f 11760 11762 11740
f 11761 11737 11763
f 11761 11763 11762
f 11762 11763 11764
f 11762 11764 11740
f 11763 11737 11765
f 11763 11765 11764
f 11764 11765 11766
f 11764 11766 11740
f 11765 11737 11767
f 11765 11767 11766
f 11766 11767 11768
f 11766 11768 11740
f 11767 11737 11769
f 11767 11769 11768
f 11768 11769 11770
f 11768 11770 11740
f 11769 11737 11771
f 11769 11771 11770
f 11770 11771 11772
f 11770 11772 11740
f 11771 11737 11773
f 11771 11773 11772
f 11772 11773 11774
f 11772 11774 11740
f 11773 11737 11775
f 11773 11775 11774
f 11774 11775 11776
f 11774 11776 11740
f 11775 11737 11777
f 11775 11777 11776
f 11776 11777 11778
f 11776 11778 11740
f 11777 11737 11779
f 11777 11779 11778
f 11778 11779 11780
f 11778 11780 11740
f 11779 11737 11781
f 11779 11781 11780
f 11780 11781 11782
f 11780 11782 11740
f 11781 11737 11783
f 11781 11783 11782
f 11782 11783 11784
f 11782 11784 11740
f 11783 11737 11785
f 11783 11785 11784
f 11784 11785 11786
f 11784 11786 11740
f 11785 11737 11738
f 11785 11738 11786
f 11786 11738 11739
f 11786 11739 11740

o geometry_917
v 11.30000000 7.68000000 0.10000000
v 11.59440000 7.68000000 0.10000000
v 11.59440000 7.68000000 0.26000000
v 11.30000000 7.68000000 0.26000000
v 11.58436856 7.75619633 0.10000000
v 11.58436856 7.75619633 0.26000000
v 11.55495788 7.82720000 0.10000000
v 11.55495788 7.82720000 0.26000000
v 11.50817224 7.88817224 0.10000000
v 11.50817224 7.88817224 0.26000000
v 11.44720000 7.93495788 0.10000000
v 11.44720000 7.93495788 0.26000000
v 11.37619633 7.96436856 0.10000000
v 11.37619633 7.96436856 0.26000000
v 11.30000000 7.97440000 0.10000000
v 11.30000000 7.97440000 0.26000000
v 11.22380367 7.96436856 0.10000000
v 11.22380367 7.96436856 0.26000000
v 11.15280000 7.93495788 0.10000000
v 11.15280000 7.93495788 0.26000000
v 11.09182776 7.88817224 0.10000000
v 11.09182776 7.88817224 0.26000000
v 11.04504212 7.82720000 0.10000000
v 11.04504212 7.82720000 0.26000000
v 11.01563144 7.75619633 0.10000000
v 11.01563144 7.75619633 0.26000000
v 11.00560000 7.68000000 0.10000000
v 11.00560000 7.68000000 0.26000000
v 11.01563144 7.60380367 0.10000000
v 11.01563144 7.60380367 0.26000000
v 11.04504212 7.53280000 0.10000000
v 11.04504212 7.53280000 0.26000000
v 11.09182776 7.47182776 0.10000000
v 11.09182776 7.47182776 0.26000000
v 11.15280000 7.42504212 0.10000000
v 11.15280000 7.42504212 0.26000000
v 11.22380367 7.39563144 0.10000000
v 11.22380367 7.39563144 0.26000000
v 11.30000000 7.38560000 0.10000000
v 11.30000000 7.38560000 0.26000000
v 11.37619633 7.39563144 0.10000000
v 11.37619633 7.39563144 0.26000000
v 11.44720000 7.42504212 0.10000000
v 11.44720000 7.42504212 0.26000000
v 11.50817224 7.47182776 0.10000000
v 11.50817224 7.47182776 0.26000000
v 11.55495788 7.53280000 0.10000000
v 11.55495788 7.53280000 0.26000000
v 11.58436856 7.60380367 0.10000000
v 11.58436856 7.60380367 0.26000000
f 11788 11787 11791
f 11788 11791 11789
f 11789 11791 11792
f 11789 11792 11790
f 11791 11787 11793
f 11791 11793 11792
f 11792 11793 11794
f 11792 11794 11790
f 11793 11787 11795
f 11793 11795 11794
f 11794 11795 11796
f 11794 11796 11790
f 11795 11787 11797
f 11795 11797 11796
f 11796 11797 11798
f 11796 11798 11790
f 11797 11787 11799
f 11797 11799 11798
f 11798 11799 11800
f 11798 11800 11790
f 11799 11787 11801
f 11799 11801 11800
f 11800 11801 11802
f 11800 11802 11790
f 11801 11787 11803
f 11801 11803 11802
f 11802 11803 11804
f 11802 11804 11790
f 11803 11787 11805
f 11803 11805 11804
f 11804 11805 11806
f 11804 11806 11790
f 11805 11787 11807
f 11805 11807 11806
f 11806 11807 11808
f 11806 11808 11790
f 11807 11787 11809
f 11807 11809 11808
f 11808 11809 11810
f 11808 11810 11790
f 11809 11787 11811
f 11809 11811 11810
f 11810 11811 11812
f 11810 11812 11790
f 11811 11787 11813
f 11811 11813 11812
f 11812 11813 11814
f 11812 11814 11790
f 11813 11787 11815
f 11813 11815 11814
f 11814 11815 11816
f 11814 11816 11790
f 11815 11787 11817
f 11815 11817 11816
f 11816 11817 11818
f 11816 11818 11790
f 11817 11787 11819
f 11817 11819 11818
f 11818 11819 11820
f 11818 11820 11790
f 11819 11787 11821
f 11819 11821 11820
f 11820 11821 11822
f 11820 11822 11790
f 11821 11787 11823
f 11821 11823 11822
f 11822 11823 11824
f 11822 11824 11790
f 11823 11787 11825
f 11823 11825 11824
f 11824 11825 11826
f 11824 11826 11790
f 11825 11787 11827
f 11825 11827 11826
f 11826 11827 11828
f 11826 11828 11790
f 11827 11787 11829
f 11827 11829 11828
f 11828 11829 11830
f 11828 11830 11790
f 11829 11787 11831
f 11829 11831 11830
f 11830 11831 11832
f 11830 11832 11790
f 11831 11787 11833
f 11831 11833 11832
f 11832 11833 11834
f 11832 11834 11790
f 11833 11787 11835
f 11833 11835 11834
f 11834 11835 11836
f 11834 11836 11790
f 11835 11787 11788
f 11835 11788 11836
f 11836 11788 11789
f 11836 11789 11790

o geometry_918
v 11.30000000 7.68000000 3.18000000
v 11.58060000 7.68000000 3.18000000
v 11.58060000 7.68000000 3.36000000
v 11.30000000 7.68000000 3.36000000
v 11.57103879 7.75262462 3.18000000
v 11.57103879 7.75262462 3.36000000
v 11.54300673 7.82030000 3.18000000
v 11.54300673 7.82030000 3.36000000
v 11.49841416 7.87841416 3.18000000
v 11.49841416 7.87841416 3.36000000
v 11.44030000 7.92300673 3.18000000
v 11.44030000 7.92300673 3.36000000
v 11.37262462 7.95103879 3.18000000
v 11.37262462 7.95103879 3.36000000
v 11.30000000 7.96060000 3.18000000
v 11.30000000 7.96060000 3.36000000
v 11.22737538 7.95103879 3.18000000
v 11.22737538 7.95103879 3.36000000
v 11.15970000 7.92300673 3.18000000
v 11.15970000 7.92300673 3.36000000
v 11.10158584 7.87841416 3.18000000
v 11.10158584 7.87841416 3.36000000
v 11.05699327 7.82030000 3.18000000
v 11.05699327 7.82030000 3.36000000
v 11.02896121 7.75262462 3.18000000
v 11.02896121 7.75262462 3.36000000
v 11.01940000 7.68000000 3.18000000
v 11.01940000 7.68000000 3.36000000
v 11.02896121 7.60737538 3.18000000
v 11.02896121 7.60737538 3.36000000
v 11.05699327 7.53970000 3.18000000
v 11.05699327 7.53970000 3.36000000
v 11.10158584 7.48158584 3.18000000
v 11.10158584 7.48158584 3.36000000
v 11.15970000 7.43699327 3.18000000
v 11.15970000 7.43699327 3.36000000
v 11.22737538 7.40896121 3.18000000
v 11.22737538 7.40896121 3.36000000
v 11.30000000 7.39940000 3.18000000
v 11.30000000 7.39940000 3.36000000
v 11.37262462 7.40896121 3.18000000
v 11.37262462 7.40896121 3.36000000
v 11.44030000 7.43699327 3.18000000
v 11.44030000 7.43699327 3.36000000
v 11.49841416 7.48158584 3.18000000
v 11.49841416 7.48158584 3.36000000
v 11.54300673 7.53970000 3.18000000
v 11.54300673 7.53970000 3.36000000
v 11.57103879 7.60737538 3.18000000
v 11.57103879 7.60737538 3.36000000
f 11838 11837 11841
f 11838 11841 11839
f 11839 11841 11842
f 11839 11842 11840
f 11841 11837 11843
f 11841 11843 11842
f 11842 11843 11844
f 11842 11844 11840
f 11843 11837 11845
f 11843 11845 11844
f 11844 11845 11846
f 11844 11846 11840
f 11845 11837 11847
f 11845 11847 11846
f 11846 11847 11848
f 11846 11848 11840
f 11847 11837 11849
f 11847 11849 11848
f 11848 11849 11850
f 11848 11850 11840
f 11849 11837 11851
f 11849 11851 11850
f 11850 11851 11852
f 11850 11852 11840
f 11851 11837 11853
f 11851 11853 11852
f 11852 11853 11854
f 11852 11854 11840
f 11853 11837 11855
f 11853 11855 11854
f 11854 11855 11856
f 11854 11856 11840
f 11855 11837 11857
f 11855 11857 11856
f 11856 11857 11858
f 11856 11858 11840
f 11857 11837 11859
f 11857 11859 11858
f 11858 11859 11860
f 11858 11860 11840
f 11859 11837 11861
f 11859 11861 11860
f 11860 11861 11862
f 11860 11862 11840
f 11861 11837 11863
f 11861 11863 11862
f 11862 11863 11864
f 11862 11864 11840
f 11863 11837 11865
f 11863 11865 11864
f 11864 11865 11866
f 11864 11866 11840
f 11865 11837 11867
f 11865 11867 11866
f 11866 11867 11868
f 11866 11868 11840
f 11867 11837 11869
f 11867 11869 11868
f 11868 11869 11870
f 11868 11870 11840
f 11869 11837 11871
f 11869 11871 11870
f 11870 11871 11872
f 11870 11872 11840
f 11871 11837 11873
f 11871 11873 11872
f 11872 11873 11874
f 11872 11874 11840
f 11873 11837 11875
f 11873 11875 11874
f 11874 11875 11876
f 11874 11876 11840
f 11875 11837 11877
f 11875 11877 11876
f 11876 11877 11878
f 11876 11878 11840
f 11877 11837 11879
f 11877 11879 11878
f 11878 11879 11880
f 11878 11880 11840
f 11879 11837 11881
f 11879 11881 11880
f 11880 11881 11882
f 11880 11882 11840
f 11881 11837 11883
f 11881 11883 11882
f 11882 11883 11884
f 11882 11884 11840
f 11883 11837 11885
f 11883 11885 11884
f 11884 11885 11886
f 11884 11886 11840
f 11885 11837 11838
f 11885 11838 11886
f 11886 11838 11839
f 11886 11839 11840

o geometry_919
v 11.01250000 7.33000000 3.11000000
v 11.01250000 7.33000000 3.27000000
v 11.01250000 8.03000000 3.11000000
v 11.01250000 8.03000000 3.27000000
v 11.58750000 7.33000000 3.11000000
v 11.58750000 7.33000000 3.27000000
v 11.58750000 8.03000000 3.11000000
v 11.58750000 8.03000000 3.27000000
f 11888 11890 11887
f 11891 11888 11887
f 11887 11890 11889
f 11889 11891 11887
f 11888 11894 11890
f 11892 11888 11891
f 11892 11894 11888
f 11890 11894 11889
f 11893 11891 11889
f 11889 11894 11893
f 11893 11892 11891
f 11894 11892 11893

o geometry_920
v 7.60000000 7.70500000 0.00000000
v 7.60000000 7.70500000 0.18000000
v 7.60000000 8.25500000 0.00000000
v 7.60000000 8.25500000 0.18000000
v 11.60000000 7.70500000 0.00000000
v 11.60000000 7.70500000 0.18000000
v 11.60000000 8.25500000 0.00000000
v 11.60000000 8.25500000 0.18000000
f 11896 11898 11895
f 11899 11896 11895
f 11895 11898 11897
f 11897 11899 11895
f 11896 11902 11898
f 11900 11896 11899
f 11900 11902 11896
f 11898 11902 11897
f 11901 11899 11897
f 11897 11902 11901
f 11901 11900 11899
f 11902 11900 11901

o geometry_921
v 7.60000000 7.67000000 3.25000000
v 7.60000000 7.67000000 3.50000000
v 7.60000000 8.29000000 3.25000000
v 7.60000000 8.29000000 3.50000000
v 11.60000000 7.67000000 3.25000000
v 11.60000000 7.67000000 3.50000000
v 11.60000000 8.29000000 3.25000000
v 11.60000000 8.29000000 3.50000000
f 11904 11906 11903
f 11907 11904 11903
f 11903 11906 11905
f 11905 11907 11903
f 11904 11910 11906
f 11908 11904 11907
f 11908 11910 11904
f 11906 11910 11905
f 11909 11907 11905
f 11905 11910 11909
f 11909 11908 11907
f 11910 11908 11909

