# https://github.com/mikedh/trimesh

o geometry_0
v -1.99347128 -0.46559442 0.00730291
v -1.99347128 -0.46559442 0.48230291
v -1.98850297 0.01437987 0.00730291
v -1.98850297 0.01437987 0.48230291
v -1.51281078 -0.47056983 0.00730291
v -1.51281078 -0.47056983 0.48230291
v -1.50784247 0.00940446 0.00730291
v -1.50784247 0.00940446 0.48230291
f 2 4 1
f 5 2 1
f 1 4 3
f 3 5 1
f 2 8 4
f 6 2 5
f 6 8 2
f 4 8 3
f 7 5 3
f 3 8 7
f 7 6 5
f 8 6 7

o geometry_1
v -1.49014121 -0.47910498 0.03339775
v -1.49014121 -0.47910498 0.50839775
v -1.49446766 0.00087552 0.03339775
v -1.49446766 0.00087552 0.50839775
v -1.03151287 -0.47497099 0.03339775
v -1.03151287 -0.47497099 0.50839775
v -1.03583933 0.00500952 0.03339775
v -1.03583933 0.00500952 0.50839775
f 10 12 9
f 13 10 9
f 9 12 11
f 11 13 9
f 10 16 12
f 14 10 13
f 14 16 10
f 12 16 11
f 15 13 11
f 11 16 15
f 15 14 13
f 16 14 15

o geometry_2
v -1.01726849 -0.46981188 0.01433400
v -1.01726849 -0.46981188 0.48933400
v -1.01405275 0.01017735 0.01433400
v -1.01405275 0.01017735 0.48933400
v -0.46780969 -0.47349304 0.01433400
v -0.46780969 -0.47349304 0.48933400
v -0.46459394 0.00649619 0.01433400
v -0.46459394 0.00649619 0.48933400
f 18 20 17
f 21 18 17
f 17 20 19
f 19 21 17
f 18 24 20
f 22 18 21
f 22 24 18
f 20 24 19
f 23 21 19
f 19 24 23
f 23 22 21
f 24 22 23

o geometry_3
v -0.44509848 -0.47119507 -0.00177998
v -0.44509848 -0.47119507 0.47322002
v -0.45125396 0.00876546 -0.00177998
v -0.45125396 0.00876546 0.47322002
v 0.02730906 -0.46513646 -0.00177998
v 0.02730906 -0.46513646 0.47322002
v 0.02115358 0.01482407 -0.00177998
v 0.02115358 0.01482407 0.47322002
f 26 28 25
f 29 26 25
f 25 28 27
f 27 29 25
f 26 32 28
f 30 26 29
f 30 32 26
f 28 32 27
f 31 29 27
f 27 32 31
f 31 30 29
f 32 30 31

o geometry_4
v 0.04005530 -0.48662462 0.02752239
v 0.04005530 -0.48662462 0.50252239
v 0.04446977 -0.00664492 0.02752239
v 0.04446977 -0.00664492 0.50252239
v 0.59779132 -0.49175422 0.02752239
v 0.59779132 -0.49175422 0.50252239
v 0.60220579 -0.01177452 0.02752239
v 0.60220579 -0.01177452 0.50252239
f 34 36 33
f 37 34 33
f 33 36 35
f 35 37 33
f 34 40 36
f 38 34 37
f 38 40 34
f 36 40 35
f 39 37 35
f 35 40 39
f 39 38 37
f 40 38 39

o geometry_5
v 0.62057764 -0.48640379 0.02409474
v 0.62057764 -0.48640379 0.49909474
v 0.61547080 -0.00643096 0.02409474
v 0.61547080 -0.00643096 0.49909474
v 1.11083039 -0.48118758 0.02409474
v 1.11083039 -0.48118758 0.49909474
v 1.10572355 -0.00121474 0.02409474
v 1.10572355 -0.00121474 0.49909474
f 42 44 41
f 45 42 41
f 41 44 43
f 43 45 41
f 42 48 44
f 46 42 45
f 46 48 42
f 44 48 43
f 47 45 43
f 43 48 47
f 47 46 45
f 48 46 47

o geometry_6
v 1.12753083 -0.46905200 0.01779259
v 1.12753083 -0.46905200 0.49279259
v 1.12505834 0.01094163 0.01779259
v 1.12505834 0.01094163 0.49279259
v 1.69192994 -0.46614473 0.01779259
v 1.69192994 -0.46614473 0.49279259
v 1.68945745 0.01384890 0.01779259
v 1.68945745 0.01384890 0.49279259
f 50 52 49
f 53 50 49
f 49 52 51
f 51 53 49
f 50 56 52
f 54 50 53
f 54 56 50
f 52 56 51
f 55 53 51
f 51 56 55
f 55 54 53
f 56 54 55

o geometry_7
v 1.70575152 -0.46857661 0.01117939
v 1.70575152 -0.46857661 0.48617939
v 1.71166478 0.01138697 0.01117939
v 1.71166478 0.01138697 0.48617939
v 1.98803266 -0.47205438 0.01117939
v 1.98803266 -0.47205438 0.48617939
v 1.99394592 0.00790920 0.01117939
v 1.99394592 0.00790920 0.48617939
f 58 60 57
f 61 58 57
f 57 60 59
f 59 61 57
f 58 64 60
f 62 58 61
f 62 64 58
f 60 64 59
f 63 61 59
f 59 64 63
f 63 62 61
f 64 62 63

o geometry_8
v -1.99243177 -0.48880627 0.51488194
v -1.99243177 -0.48880627 0.98988194
v -1.98955532 -0.00881489 0.51488194
v -1.98955532 -0.00881489 0.98988194
v -1.27357407 -0.49311416 0.51488194
v -1.27357407 -0.49311416 0.98988194
v -1.27069762 -0.01312278 0.51488194
v -1.27069762 -0.01312278 0.98988194
f 66 68 65
f 69 66 65
f 65 68 67
f 67 69 65
f 66 72 68
f 70 66 69
f 70 72 66
f 68 72 67
f 71 69 67
f 67 72 71
f 71 70 69
f 72 70 71

o geometry_9
v -1.25160404 -0.48588902 0.53161586
v -1.25160404 -0.48588902 1.00661586
v -1.25661578 -0.00591518 0.53161586
v -1.25661578 -0.00591518 1.00661586
v -0.53695158 -0.47842683 0.53161586
v -0.53695158 -0.47842683 1.00661586
v -0.54196332 0.00154701 0.53161586
v -0.54196332 0.00154701 1.00661586
f 74 76 73
f 77 74 73
f 73 76 75
f 75 77 73
f 74 80 76
f 78 74 77
f 78 80 74
f 76 80 75
f 79 77 75
f 75 80 79
f 79 78 77
f 80 78 79

o geometry_10
v -0.52193376 -0.47674594 0.51744562
v -0.52193376 -0.47674594 0.99244562
v -0.52094078 0.00325303 0.51744562
v -0.52094078 0.00325303 0.99244562
v 0.12767536 -0.47808979 0.51744562
v 0.12767536 -0.47808979 0.99244562
v 0.12866834 0.00190918 0.51744562
v 0.12866834 0.00190918 0.99244562
f 82 84 81
f 85 82 81
f 81 84 83
f 83 85 81
f 82 88 84
f 86 82 85
f 86 88 82
f 84 88 83
f 87 85 83
f 83 88 87
f 87 86 85
f 88 86 87

o geometry_11
v 0.14291181 -0.47006658 0.52812962
v 0.14291181 -0.47006658 1.00312962
v 0.14948897 0.00988836 0.52812962
v 0.14948897 0.00988836 1.00312962
v 0.73607071 -0.47819505 0.52812962
v 0.73607071 -0.47819505 1.00312962
v 0.74264787 0.00175988 0.52812962
v 0.74264787 0.00175988 1.00312962
f 90 92 89
f 93 90 89
f 89 92 91
f 91 93 89
f 90 96 92
f 94 90 93
f 94 96 90
f 92 96 91
f 95 93 91
f 91 96 95
f 95 94 93
f 96 94 95

o geometry_12
v 0.75763657 -0.48408876 0.50152166
v 0.75763657 -0.48408876 0.97652166
v 0.75713802 -0.00408902 0.50152166
v 0.75713802 -0.00408902 0.97652166
v 1.33216359 -0.48349203 0.50152166
v 1.33216359 -0.48349203 0.97652166
v 1.33166503 -0.00349228 0.50152166
v 1.33166503 -0.00349228 0.97652166
f 98 100 97
f 101 98 97
f 97 100 99
f 99 101 97
f 98 104 100
f 102 98 101
f 102 104 98
f 100 104 99
f 103 101 99
f 99 104 103
f 103 102 101
f 104 102 103

o geometry_13
v 1.34773599 -0.47234788 0.53736394
v 1.34773599 -0.47234788 1.01236394
v 1.35211967 0.00763210 0.53736394
v 1.35211967 0.00763210 1.01236394
v 1.98879479 -0.47820270 0.53736394
v 1.98879479 -0.47820270 1.01236394
v 1.99317847 0.00177728 0.53736394
v 1.99317847 0.00177728 1.01236394
f 106 108 105
f 109 106 105
f 105 108 107
f 107 109 105
f 106 112 108
f 110 106 109
f 110 112 106
f 108 112 107
f 111 109 107
f 107 112 111
f 111 110 109
f 112 110 111

o geometry_14
v -1.99260345 -0.46894712 1.01913325
v -1.99260345 -0.46894712 1.49413325
v -1.98938227 0.01104207 1.01913325
v -1.98938227 0.01104207 1.49413325
v -1.35853860 -0.47320230 1.01913325
v -1.35853860 -0.47320230 1.49413325
v -1.35531741 0.00678689 1.01913325
v -1.35531741 0.00678689 1.49413325
f 114 116 113
f 117 114 113
f 113 116 115
f 115 117 113
f 114 120 116
f 118 114 117
f 118 120 114
f 116 120 115
f 119 117 115
f 115 120 119
f 119 118 117
f 120 118 119

o geometry_15
v -1.33849898 -0.48795646 1.00353345
v -1.33849898 -0.48795646 1.47853345
v -1.33934180 -0.00795720 1.00353345
v -1.33934180 -0.00795720 1.47853345
v -0.71367744 -0.48685936 1.00353345
v -0.71367744 -0.48685936 1.47853345
v -0.71452026 -0.00686010 1.00353345
v -0.71452026 -0.00686010 1.47853345
f 122 124 121
f 125 122 121
f 121 124 123
f 123 125 121
f 122 128 124
f 126 122 125
f 126 128 122
f 124 128 123
f 127 125 123
f 123 128 127
f 127 126 125
f 128 126 127

o geometry_16
v -0.69803868 -0.46511787 0.99058051
v -0.69803868 -0.46511787 1.46558051
v -0.69413444 0.01486626 0.99058051
v -0.69413444 0.01486626 1.46558051
v 0.01588891 -0.47092502 0.99058051
v 0.01588891 -0.47092502 1.46558051
v 0.01979314 0.00905910 0.99058051
v 0.01979314 0.00905910 1.46558051
f 130 132 129
f 133 130 129
f 129 132 131
f 131 133 129
f 130 136 132
f 134 130 133
f 134 136 130
f 132 136 131
f 135 133 131
f 131 136 135
f 135 134 133
f 136 134 135

o geometry_17
v 0.03464096 -0.48170804 0.99937086
v 0.03464096 -0.48170804 1.47437086
v 0.03707358 -0.00171420 0.99937086
v 0.03707358 -0.00171420 1.47437086
v 0.72597095 -0.48521172 0.99937086
v 0.72597095 -0.48521172 1.47437086
v 0.72840357 -0.00521789 0.99937086
v 0.72840357 -0.00521789 1.47437086
f 138 140 137
f 141 138 137
f 137 140 139
f 139 141 137
f 138 144 140
f 142 138 141
f 142 144 138
f 140 144 139
f 143 141 139
f 139 144 143
f 143 142 141
f 144 142 143

o geometry_18
v 0.74661741 -0.48052969 0.98964056
v 0.74661741 -0.48052969 1.46464056
v 0.74377642 -0.00053810 0.98964056
v 0.74377642 -0.00053810 1.46464056
v 1.34245717 -0.47700302 0.98964056
v 1.34245717 -0.47700302 1.46464056
v 1.33961619 0.00298857 0.98964056
v 1.33961619 0.00298857 1.46464056
f 146 148 145
f 149 146 145
f 145 148 147
f 147 149 145
f 146 152 148
f 150 146 149
f 150 152 146
f 148 152 147
f 151 149 147
f 147 152 151
f 151 150 149
f 152 150 151

o geometry_19
v 1.36238291 -0.49797841 1.02424390
v 1.36238291 -0.49797841 1.49924390
v 1.35576103 -0.01802408 1.02424390
v 1.35576103 -0.01802408 1.49924390
v 1.99428087 -0.48926017 1.02424390
v 1.99428087 -0.48926017 1.49924390
v 1.98765899 -0.00930585 1.02424390
v 1.98765899 -0.00930585 1.49924390
f 154 156 153
f 157 154 153
f 153 156 155
f 155 157 153
f 154 160 156
f 158 154 157
f 158 160 154
f 156 160 155
f 159 157 155
f 155 160 159
f 159 158 157
f 160 158 159

o geometry_20
v -1.98900858 -0.47601480 1.53580034
v -1.98900858 -0.47601480 2.01080034
v -1.99297199 0.00396884 1.53580034
v -1.99297199 0.00396884 2.01080034
v -1.41907254 -0.47130863 1.53580034
v -1.41907254 -0.47130863 2.01080034
v -1.42303594 0.00867501 1.53580034
v -1.42303594 0.00867501 2.01080034
f 162 164 161
f 165 162 161
f 161 164 163
f 163 165 161
f 162 168 164
f 166 162 165
f 166 168 162
f 164 168 163
f 167 165 163
f 163 168 167
f 167 166 165
f 168 166 167

o geometry_21
v -1.40074107 -0.49631033 1.51852552
v -1.40074107 -0.49631033 1.99352552
v -1.40531916 -0.01633216 1.51852552
v -1.40531916 -0.01633216 1.99352552
v -0.76707540 -0.49026634 1.51852552
v -0.76707540 -0.49026634 1.99352552
v -0.77165349 -0.01028818 1.51852552
v -0.77165349 -0.01028818 1.99352552
f 170 172 169
f 173 170 169
f 169 172 171
f 171 173 169
f 170 176 172
f 174 170 173
f 174 176 170
f 172 176 171
f 175 173 171
f 171 176 175
f 175 174 173
f 176 174 175

o geometry_22
v -0.75394935 -0.46737613 1.50970711
v -0.75394935 -0.46737613 1.98470711
v -0.74871415 0.01259532 1.50970711
v -0.74871415 0.01259532 1.98470711
v -0.13930674 -0.47408023 1.50970711
v -0.13930674 -0.47408023 1.98470711
v -0.13407155 0.00589122 1.50970711
v -0.13407155 0.00589122 1.98470711
f 178 180 177
f 181 178 177
f 177 180 179
f 179 181 177
f 178 184 180
f 182 178 181
f 182 184 178
f 180 184 179
f 183 181 179
f 179 184 183
f 183 182 181
f 184 182 183

o geometry_23
v -0.12216902 -0.48919962 1.50406536
v -0.12216902 -0.48919962 1.97906536
v -0.11510458 -0.00925161 1.50406536
v -0.11510458 -0.00925161 1.97906536
v 0.50677848 -0.49845721 1.50406536
v 0.50677848 -0.49845721 1.97906536
v 0.51384292 -0.01850920 1.50406536
v 0.51384292 -0.01850920 1.97906536
f 186 188 185
f 189 186 185
f 185 188 187
f 187 189 185
f 186 192 188
f 190 186 189
f 190 192 186
f 188 192 187
f 191 189 187
f 187 192 191
f 191 190 189
f 192 190 191

o geometry_24
v 0.52735882 -0.46890246 1.52668728
v 0.52735882 -0.46890246 2.00168728
v 0.52933558 0.01109347 1.52668728
v 0.52933558 0.01109347 2.00168728
v 1.10163349 -0.47126749 1.52668728
v 1.10163349 -0.47126749 2.00168728
v 1.10361026 0.00872844 1.52668728
v 1.10361026 0.00872844 2.00168728
f 194 196 193
f 197 194 193
f 193 196 195
f 195 197 193
f 194 200 196
f 198 194 197
f 198 200 194
f 196 200 195
f 199 197 195
f 195 200 199
f 199 198 197
f 200 198 199

o geometry_25
v 1.12007757 -0.46721184 1.53658743
v 1.12007757 -0.46721184 2.01158743
v 1.12117265 0.01278691 1.53658743
v 1.12117265 0.01278691 2.01158743
v 1.73425528 -0.46861304 1.53658743
v 1.73425528 -0.46861304 2.01158743
v 1.73535036 0.01138571 1.53658743
v 1.73535036 0.01138571 2.01158743
f 202 204 201
f 205 202 201
f 201 204 203
f 203 205 201
f 202 208 204
f 206 202 205
f 206 208 202
f 204 208 203
f 207 205 203
f 203 208 207
f 207 206 205
f 208 206 207

o geometry_26
v 1.75042397 -0.46558453 1.49026353
v 1.75042397 -0.46558453 1.96526353
v 1.75519504 0.01439176 1.49026353
v 1.75519504 0.01439176 1.96526353
v 1.98860858 -0.46795213 1.49026353
v 1.98860858 -0.46795213 1.96526353
v 1.99337965 0.01202415 1.49026353
v 1.99337965 0.01202415 1.96526353
f 210 212 209
f 213 210 209
f 209 212 211
f 211 213 209
f 210 216 212
f 214 210 213
f 214 216 210
f 212 216 211
f 215 213 211
f 211 216 215
f 215 214 213
f 216 214 215

o geometry_27
v -1.99106718 -0.46939444 1.98954462
v -1.99106718 -0.46939444 2.46454462
v -1.99093279 0.01060554 1.98954462
v -1.99093279 0.01060554 2.46454462
v -1.31408280 -0.46958397 1.98954462
v -1.31408280 -0.46958397 2.46454462
v -1.31394841 0.01041601 1.98954462
v -1.31394841 0.01041601 2.46454462
f 218 220 217
f 221 218 217
f 217 220 219
f 219 221 217
f 218 224 220
f 222 218 221
f 222 224 218
f 220 224 219
f 223 221 219
f 219 224 223
f 223 222 221
f 224 222 223

o geometry_28
v -1.29580494 -0.49519546 1.99361366
v -1.29580494 -0.49519546 2.46861366
v -1.29622602 -0.01519564 1.99361366
v -1.29622602 -0.01519564 2.46861366
v -0.68833314 -0.49466255 1.99361366
v -0.68833314 -0.49466255 2.46861366
v -0.68875422 -0.01466274 1.99361366
v -0.68875422 -0.01466274 2.46861366
f 226 228 225
f 229 226 225
f 225 228 227
f 227 229 225
f 226 232 228
f 230 226 229
f 230 232 226
f 228 232 227
f 231 229 227
f 227 232 231
f 231 230 229
f 232 230 231

o geometry_29
v -0.67070360 -0.47704851 2.03688287
v -0.67070360 -0.47704851 2.51188287
v -0.67038337 0.00295139 2.03688287
v -0.67038337 0.00295139 2.51188287
v 0.02203747 -0.47751066 2.03688287
v 0.02203747 -0.47751066 2.51188287
v 0.02235769 0.00248923 2.03688287
v 0.02235769 0.00248923 2.51188287
f 234 236 233
f 237 234 233
f 233 236 235
f 235 237 233
f 234 240 236
f 238 234 237
f 238 240 234
f 236 240 235
f 239 237 235
f 235 240 239
f 239 238 237
f 240 238 239

o geometry_30
v 0.03963130 -0.47660155 1.98934346
v 0.03963130 -0.47660155 2.46434346
v 0.04076571 0.00339711 1.98934346
v 0.04076571 0.00339711 2.46434346
v 0.64593220 -0.47803446 1.98934346
v 0.64593220 -0.47803446 2.46434346
v 0.64706662 0.00196420 1.98934346
v 0.64706662 0.00196420 2.46434346
f 242 244 241
f 245 242 241
f 241 244 243
f 243 245 241
f 242 248 244
f 246 242 245
f 246 248 242
f 244 248 243
f 247 245 243
f 243 248 247
f 247 246 245
f 248 246 247

o geometry_31
v 0.66449003 -0.49166607 2.02905236
v 0.66449003 -0.49166607 2.50405236
v 0.66451049 -0.01166607 2.02905236
v 0.66451049 -0.01166607 2.50405236
v 1.27188525 -0.49169195 2.02905236
v 1.27188525 -0.49169195 2.50405236
v 1.27190571 -0.01169195 2.02905236
v 1.27190571 -0.01169195 2.50405236
f 250 252 249
f 253 250 249
f 249 252 251
f 251 253 249
f 250 256 252
f 254 250 253
f 254 256 250
f 252 256 251
f 255 253 251
f 251 256 255
f 255 254 253
f 256 254 255

o geometry_32
v 1.28780455 -0.47011721 1.99961946
v 1.28780455 -0.47011721 2.47461946
v 1.29200835 0.00986438 1.99961946
v 1.29200835 0.00986438 2.47461946
v 1.85992579 -0.47512800 1.99961946
v 1.85992579 -0.47512800 2.47461946
v 1.86412959 0.00485359 1.99961946
v 1.86412959 0.00485359 2.47461946
f 258 260 257
f 261 258 257
f 257 260 259
f 259 261 257
f 258 264 260
f 262 258 261
f 262 264 258
f 260 264 259
f 263 261 259
f 259 264 263
f 263 262 261
f 264 262 263

o geometry_33
v 1.87681296 -0.49032269 1.99458509
v 1.87681296 -0.49032269 2.46958509
v 1.88327442 -0.01036619 1.99458509
v 1.88327442 -0.01036619 2.46958509
v 1.98776424 -0.49181639 1.99458509
v 1.98776424 -0.49181639 2.46958509
v 1.99422570 -0.01185988 1.99458509
v 1.99422570 -0.01185988 2.46958509
f 266 268 265
f 269 266 265
f 265 268 267
f 267 269 265
f 266 272 268
f 270 266 269
f 270 272 266
f 268 272 267
f 271 269 267
f 267 272 271
f 271 270 269
f 272 270 271

o geometry_34
v -1.99169715 -0.48091450 2.53702854
v -1.99169715 -0.48091450 3.01202854
v -1.99029981 -0.00091653 2.53702854
v -1.99029981 -0.00091653 3.01202854
v -1.27389480 -0.48300412 2.53702854
v -1.27389480 -0.48300412 3.01202854
v -1.27249746 -0.00300616 2.53702854
v -1.27249746 -0.00300616 3.01202854
f 274 276 273
f 277 274 273
f 273 276 275
f 275 277 273
f 274 280 276
f 278 274 277
f 278 280 274
f 276 280 275
f 279 277 275
f 275 280 279
f 279 278 277
f 280 278 279

o geometry_35
v -1.25342298 -0.48723155 2.52704289
v -1.25342298 -0.48723155 3.00204289
v -1.25694701 -0.00724448 2.52704289
v -1.25694701 -0.00724448 3.00204289
v -0.54003748 -0.48199393 2.52704289
v -0.54003748 -0.48199393 3.00204289
v -0.54356151 -0.00200686 2.52704289
v -0.54356151 -0.00200686 3.00204289
f 282 284 281
f 285 282 281
f 281 284 283
f 283 285 281
f 282 288 284
f 286 282 285
f 286 288 282
f 284 288 283
f 287 285 283
f 283 288 287
f 287 286 285
f 288 286 287

o geometry_36
v -0.52107818 -0.47140169 2.49804606
v -0.52107818 -0.47140169 2.97304606
v -0.52646088 0.00856813 2.49804606
v -0.52646088 0.00856813 2.97304606
v 0.12620292 -0.46414265 2.49804606
v 0.12620292 -0.46414265 2.97304606
v 0.12082022 0.01582717 2.49804606
v 0.12082022 0.01582717 2.97304606
f 290 292 289
f 293 290 289
f 289 292 291
f 291 293 289
f 290 296 292
f 294 290 293
f 294 296 290
f 292 296 291
f 295 293 291
f 291 296 295
f 295 294 293
f 296 294 295

o geometry_37
v 0.14266561 -0.49441330 2.50432948
v 0.14266561 -0.49441330 2.97932948
v 0.14040613 -0.01441861 2.50432948
v 0.14040613 -0.01441861 2.97932948
v 0.85586901 -0.49105603 2.50432948
v 0.85586901 -0.49105603 2.97932948
v 0.85360953 -0.01106135 2.50432948
v 0.85360953 -0.01106135 2.97932948
f 298 300 297
f 301 298 297
f 297 300 299
f 299 301 297
f 298 304 300
f 302 298 301
f 302 304 298
f 300 304 299
f 303 301 299
f 299 304 303
f 303 302 301
f 304 302 303

o geometry_38
v 0.87294512 -0.48456769 2.52824131
v 0.87294512 -0.48456769 3.00324131
v 0.87254157 -0.00456786 2.52824131
v 0.87254157 -0.00456786 3.00324131
v 1.56986438 -0.48398178 2.52824131
v 1.56986438 -0.48398178 3.00324131
v 1.56946083 -0.00398195 2.52824131
v 1.56946083 -0.00398195 3.00324131
f 306 308 305
f 309 306 305
f 305 308 307
f 307 309 305
f 306 312 308
f 310 306 309
f 310 312 306
f 308 312 307
f 311 309 307
f 307 312 311
f 311 310 309
f 312 310 311

o geometry_39
v 1.59072303 -0.48811739 2.50091495
v 1.59072303 -0.48811739 2.97591495
v 1.58463487 -0.00815600 2.50091495
v 1.58463487 -0.00815600 2.97591495
v 1.99402786 -0.48300159 2.50091495
v 1.99402786 -0.48300159 2.97591495
v 1.98793970 -0.00304021 2.50091495
v 1.98793970 -0.00304021 2.97591495
f 314 316 313
f 317 314 313
f 313 316 315
f 315 317 313
f 314 320 316
f 318 314 317
f 318 320 314
f 316 320 315
f 319 317 315
f 315 320 319
f 319 318 317
f 320 318 319

o geometry_40
v -1.98764778 -0.47118632 3.03605441
v -1.98764778 -0.47118632 3.51105441
v -1.99429711 0.00876762 3.03605441
v -1.99429711 0.00876762 3.51105441
v -1.41338661 -0.46323045 3.03605441
v -1.41338661 -0.46323045 3.51105441
v -1.42003594 0.01672349 3.03605441
v -1.42003594 0.01672349 3.51105441
f 322 324 321
f 325 322 321
f 321 324 323
f 323 325 321
f 322 328 324
f 326 322 325
f 326 328 322
f 324 328 323
f 327 325 323
f 323 328 327
f 327 326 325
f 328 326 327

o geometry_41
v -1.40134796 -0.46332263 3.03244849
v -1.40134796 -0.46332263 3.50744849
v -1.39598598 0.01664742 3.03244849
v -1.39598598 0.01664742 3.50744849
v -0.86449572 -0.46932006 3.03244849
v -0.86449572 -0.46932006 3.50744849
v -0.85913374 0.01064999 3.03244849
v -0.85913374 0.01064999 3.50744849
f 330 332 329
f 333 330 329
f 329 332 331
f 331 333 329
f 330 336 332
f 334 330 333
f 334 336 330
f 332 336 331
f 335 333 331
f 331 336 335
f 335 334 333
f 336 334 335

o geometry_42
v -0.84617928 -0.48212941 2.99052416
v -0.84617928 -0.48212941 3.46552416
v -0.84138798 -0.00215333 2.99052416
v -0.84138798 -0.00215333 3.46552416
v -0.27029843 -0.48787807 2.99052416
v -0.27029843 -0.48787807 3.46552416
v -0.26550713 -0.00790198 2.99052416
v -0.26550713 -0.00790198 3.46552416
f 338 340 337
f 341 338 337
f 337 340 339
f 339 341 337
f 338 344 340
f 342 338 341
f 342 344 338
f 340 344 339
f 343 341 339
f 339 344 343
f 343 342 341
f 344 342 343

o geometry_43
v -0.24678876 -0.48547133 3.02482473
v -0.24678876 -0.48547133 3.49982473
v -0.25294431 -0.00551080 3.02482473
v -0.25294431 -0.00551080 3.49982473
v 0.28574212 -0.47864155 3.02482473
v 0.28574212 -0.47864155 3.49982473
v 0.27958656 0.00131898 3.02482473
v 0.27958656 0.00131898 3.49982473
f 346 348 345
f 349 346 345
f 345 348 347
f 347 349 345
f 346 352 348
f 350 346 349
f 350 352 346
f 348 352 347
f 351 349 347
f 347 352 351
f 351 350 349
f 352 350 351

o geometry_44
v 0.29720628 -0.46157872 3.03361810
v 0.29720628 -0.46157872 3.50861810
v 0.30421724 0.01837008 3.03361810
v 0.30421724 0.01837008 3.50861810
v 0.77556563 -0.46856646 3.03361810
v 0.77556563 -0.46856646 3.50861810
v 0.78257659 0.01138233 3.03361810
v 0.78257659 0.01138233 3.50861810
f 354 356 353
f 357 354 353
f 353 356 355
f 355 357 353
f 354 360 356
f 358 354 357
f 358 360 354
f 356 360 355
f 359 357 355
f 355 360 359
f 359 358 357
f 360 358 359

o geometry_45
v 0.79914415 -0.47086167 3.02799362
v 0.79914415 -0.47086167 3.50299362
v 0.79506943 0.00912103 3.02799362
v 0.79506943 0.00912103 3.50299362
v 1.36305889 -0.46607443 3.02799362
v 1.36305889 -0.46607443 3.50299362
v 1.35898418 0.01390827 3.02799362
v 1.35898418 0.01390827 3.50299362
f 362 364 361
f 365 362 361
f 361 364 363
f 363 365 361
f 362 368 364
f 366 362 365
f 366 368 362
f 364 368 363
f 367 365 363
f 363 368 367
f 367 366 365
f 368 366 367

o geometry_46
v 1.37689504 -0.47898424 3.03143537
v 1.37689504 -0.47898424 3.50643537
v 1.38119094 0.00099653 3.03143537
v 1.38119094 0.00099653 3.50643537
v 1.94099657 -0.48403304 3.03143537
v 1.94099657 -0.48403304 3.50643537
v 1.94529247 -0.00405226 3.03143537
v 1.94529247 -0.00405226 3.50643537
f 370 372 369
f 373 370 369
f 369 372 371
f 371 373 369
f 370 376 372
f 374 370 373
f 374 376 370
f 372 376 371
f 375 373 371
f 371 376 375
f 375 374 373
f 376 374 375

o geometry_47
v 1.96312603 -0.47503368 3.03208750
v 1.96312603 -0.47503368 3.50708750
v 1.95918661 0.00495016 3.03208750
v 1.95918661 0.00495016 3.50708750
v 1.99296921 -0.47478874 3.03208750
v 1.99296921 -0.47478874 3.50708750
v 1.98902979 0.00519509 3.03208750
v 1.98902979 0.00519509 3.50708750
f 378 380 377
f 381 378 377
f 377 380 379
f 379 381 377
f 378 384 380
f 382 378 381
f 382 384 378
f 380 384 379
f 383 381 379
f 379 384 383
f 383 382 381
f 384 382 383

o geometry_48
v -1.99405813 -0.46634977 0.02004672
v -1.99405813 -0.46634977 0.49504672
v -1.98790138 0.01361075 0.02004672
v -1.98790138 0.01361075 0.49504672
v -1.50200036 -0.47266170 0.02004672
v -1.50200036 -0.47266170 0.49504672
v -1.49584361 0.00729882 0.02004672
v -1.49584361 0.00729882 0.49504672
f 386 388 385
f 389 386 385
f 385 388 387
f 387 389 385
f 386 392 388
f 390 386 389
f 390 392 386
f 388 392 387
f 391 389 387
f 387 392 391
f 391 390 389
f 392 390 391

o geometry_49
v -1.48084820 -0.47602862 -0.00960005
v -1.48084820 -0.47602862 0.46539995
v -1.48095527 0.00397137 -0.00960005
v -1.48095527 0.00397137 0.46539995
v -0.96118355 -0.47591270 -0.00960005
v -0.96118355 -0.47591270 0.46539995
v -0.96129062 0.00408729 -0.00960005
v -0.96129062 0.00408729 0.46539995
f 394 396 393
f 397 394 393
f 393 396 395
f 395 397 393
f 394 400 396
f 398 394 397
f 398 400 394
f 396 400 395
f 399 397 395
f 395 400 399
f 399 398 397
f 400 398 399

o geometry_50
v -0.94616673 -0.47519874 -0.00900723
v -0.94616673 -0.47519874 0.46599277
v -0.94027314 0.00476508 -0.00900723
v -0.94027314 0.00476508 0.46599277
v -0.49132658 -0.48078382 -0.00900723
v -0.49132658 -0.48078382 0.46599277
v -0.48543300 -0.00082000 -0.00900723
v -0.48543300 -0.00082000 0.46599277
f 402 404 401
f 405 402 401
f 401 404 403
f 403 405 401
f 402 408 404
f 406 402 405
f 406 408 402
f 404 408 403
f 407 405 403
f 403 408 407
f 407 406 405
f 408 406 407

o geometry_51
v -0.47234659 -0.48770007 -0.00630990
v -0.47234659 -0.48770007 0.46869010
v -0.46836128 -0.00771662 -0.00630990
v -0.46836128 -0.00771662 0.46869010
v 0.03282349 -0.49189451 -0.00630990
v 0.03282349 -0.49189451 0.46869010
v 0.03680880 -0.01191106 -0.00630990
v 0.03680880 -0.01191106 0.46869010
f 410 412 409
f 413 410 409
f 409 412 411
f 411 413 409
f 410 416 412
f 414 410 413
f 414 416 410
f 412 416 411
f 415 413 411
f 411 416 415
f 415 414 413
f 416 414 415

o geometry_52
v 0.05208223 -0.49260630 0.01635515
v 0.05208223 -0.49260630 0.49135515
v 0.05357003 -0.01260860 0.01635515
v 0.05357003 -0.01260860 0.49135515
v 0.58364599 -0.49425393 0.01635515
v 0.58364599 -0.49425393 0.49135515
v 0.58513379 -0.01425624 0.01635515
v 0.58513379 -0.01425624 0.49135515
f 418 420 417
f 421 418 417
f 417 420 419
f 419 421 417
f 418 424 420
f 422 418 421
f 422 424 418
f 420 424 419
f 423 421 419
f 419 424 423
f 423 422 421
f 424 422 423

o geometry_53
v 0.60088211 -0.46457205 0.03042342
v 0.60088211 -0.46457205 0.50542342
v 0.60391172 0.01541838 0.03042342
v 0.60391172 0.01541838 0.50542342
v 1.17778378 -0.46821335 0.03042342
v 1.17778378 -0.46821335 0.50542342
v 1.18081339 0.01177709 0.03042342
v 1.18081339 0.01177709 0.50542342
f 426 428 425
f 429 426 425
f 425 428 427
f 427 429 425
f 426 432 428
f 430 426 429
f 430 432 426
f 428 432 427
f 431 429 427
f 427 432 431
f 431 430 429
f 432 430 431

o geometry_54
v 1.19959095 -0.47074572 0.00292409
v 1.19959095 -0.47074572 0.47792409
v 1.19503880 0.00923269 0.00292409
v 1.19503880 0.00923269 0.47792409
v 1.66832303 -0.46630023 0.00292409
v 1.66832303 -0.46630023 0.47792409
v 1.66377088 0.01367818 0.00292409
v 1.66377088 0.01367818 0.47792409
f 434 436 433
f 437 434 433
f 433 436 435
f 435 437 433
f 434 440 436
f 438 434 437
f 438 440 434
f 436 440 435
f 439 437 435
f 435 440 439
f 439 438 437
f 440 438 439

o geometry_55
v 1.68313988 -0.48185875 0.01944567
v 1.68313988 -0.48185875 0.49444567
v 1.68497735 -0.00186227 0.01944567
v 1.68497735 -0.00186227 0.49444567
v 1.99008014 -0.48303374 0.01944567
v 1.99008014 -0.48303374 0.49444567
v 1.99191761 -0.00303726 0.01944567
v 1.99191761 -0.00303726 0.49444567
f 442 444 441
f 445 442 441
f 441 444 443
f 443 445 441
f 442 448 444
f 446 442 445
f 446 448 442
f 444 448 443
f 447 445 443
f 443 448 447
f 447 446 445
f 448 446 447

o geometry_56
v -0.12843659 -0.48373430 0.50887962
v -0.12843659 -0.48373430 0.98387962
v -0.12576033 -0.00374176 0.50887962
v -0.12576033 -0.00374176 0.98387962
v 0.47202236 -0.48708224 0.50887962
v 0.47202236 -0.48708224 0.98387962
v 0.47469863 -0.00708970 0.50887962
v 0.47469863 -0.00708970 0.98387962
f 450 452 449
f 453 450 449
f 449 452 451
f 451 453 449
f 450 456 452
f 454 450 453
f 454 456 450
f 452 456 451
f 455 453 451
f 451 456 455
f 455 454 453
f 456 454 455

o geometry_57
v 0.49349758 -0.48151000 0.50248835
v 0.49349758 -0.48151000 0.97748835
v 0.48925857 -0.00152872 0.50248835
v 0.48925857 -0.00152872 0.97748835
v 1.15562556 -0.47566234 0.50248835
v 1.15562556 -0.47566234 0.97748835
v 1.15138655 0.00431894 0.50248835
v 1.15138655 0.00431894 0.97748835
f 458 460 457
f 461 458 457
f 457 460 459
f 459 461 457
f 458 464 460
f 462 458 461
f 462 464 458
f 460 464 459
f 463 461 459
f 459 464 463
f 463 462 461
f 464 462 463

o geometry_58
v 1.17170048 -0.47258005 0.51622119
v 1.17170048 -0.47258005 0.99122119
v 1.17133765 0.00741981 0.51622119
v 1.17133765 0.00741981 0.99122119
v 1.85228688 -0.47206560 0.51622119
v 1.85228688 -0.47206560 0.99122119
v 1.85192405 0.00793426 0.51622119
v 1.85192405 0.00793426 0.99122119
f 466 468 465
f 469 466 465
f 465 468 467
f 467 469 465
f 466 472 468
f 470 466 469
f 470 472 466
f 468 472 467
f 471 469 467
f 467 472 471
f 471 470 469
f 472 470 471

o geometry_59
v 1.87356897 -0.48772918 0.50189689
v 1.87356897 -0.48772918 0.97689689
v 1.86665470 -0.00777899 0.50189689
v 1.86665470 -0.00777899 0.97689689
v 1.99445087 -0.48598773 0.50189689
v 1.99445087 -0.48598773 0.97689689
v 1.98753659 -0.00603753 0.50189689
v 1.98753659 -0.00603753 0.97689689
f 474 476 473
f 477 474 473
f 473 476 475
f 475 477 473
f 474 480 476
f 478 474 477
f 478 480 474
f 476 480 475
f 479 477 475
f 475 480 479
f 479 478 477
f 480 478 479

o geometry_60
v -0.02461904 -0.48115882 0.98946036
v -0.02461904 -0.48115882 1.46446036
v -0.02704133 -0.00116494 0.98946036
v -0.02704133 -0.00116494 1.46446036
v 0.56707092 -0.47817285 0.98946036
v 0.56707092 -0.47817285 1.46446036
v 0.56464862 0.00182104 0.98946036
v 0.56464862 0.00182104 1.46446036
f 482 484 481
f 485 482 481
f 481 484 483
f 483 485 481
f 482 488 484
f 486 482 485
f 486 488 482
f 484 488 483
f 487 485 483
f 483 488 487
f 487 486 485
f 488 486 487

o geometry_61
v 0.58252792 -0.48025586 1.03127389
v 0.58252792 -0.48025586 1.50627389
v 0.58520994 -0.00026335 1.03127389
v 0.58520994 -0.00026335 1.50627389
v 1.27375989 -0.48411821 1.03127389
v 1.27375989 -0.48411821 1.50627389
v 1.27644192 -0.00412570 1.03127389
v 1.27644192 -0.00412570 1.50627389
f 490 492 489
f 493 490 489
f 489 492 491
f 491 493 489
f 490 496 492
f 494 490 493
f 494 496 490
f 492 496 491
f 495 493 491
f 491 496 495
f 495 494 493
f 496 494 495

o geometry_62
v 1.29279127 -0.48238419 1.01649476
v 1.29279127 -0.48238419 1.49149476
v 1.29342192 -0.00238461 1.01649476
v 1.29342192 -0.00238461 1.49149476
v 1.97277618 -0.48327759 1.01649476
v 1.97277618 -0.48327759 1.49149476
v 1.97340683 -0.00327800 1.01649476
v 1.97340683 -0.00327800 1.49149476
f 498 500 497
f 501 498 497
f 497 500 499
f 499 501 497
f 498 504 500
f 502 498 501
f 502 504 498
f 500 504 499
f 503 501 499
f 499 504 503
f 503 502 501
f 504 502 503

o geometry_63
v -0.52953794 -0.48686671 1.49053347
v -0.52953794 -0.48686671 1.96553347
v -0.53243941 -0.00687548 1.49053347
v -0.53243941 -0.00687548 1.96553347
v 0.11449127 -0.48297366 1.49053347
v 0.11449127 -0.48297366 1.96553347
v 0.11158981 -0.00298243 1.49053347
v 0.11158981 -0.00298243 1.96553347
f 506 508 505
f 509 506 505
f 505 508 507
f 507 509 505
f 506 512 508
f 510 506 509
f 510 512 506
f 508 512 507
f 511 509 507
f 507 512 511
f 511 510 509
f 512 510 511

o geometry_64
v 0.12950254 -0.49261609 1.52859624
v 0.12950254 -0.49261609 2.00359624
v 0.13260434 -0.01262612 1.52859624
v 0.13260434 -0.01262612 2.00359624
v 0.80164694 -0.49695964 1.52859624
v 0.80164694 -0.49695964 2.00359624
v 0.80474875 -0.01696966 1.52859624
v 0.80474875 -0.01696966 2.00359624
f 514 516 513
f 517 514 513
f 513 516 515
f 515 517 513
f 514 520 516
f 518 514 517
f 518 520 514
f 516 520 515
f 519 517 515
f 515 520 519
f 519 518 517
f 520 518 519

o geometry_65
v 0.82092927 -0.48469762 1.48862815
v 0.82092927 -0.48469762 1.96362815
v 0.82148086 -0.00469794 1.48862815
v 0.82148086 -0.00469794 1.96362815
v 1.45061997 -0.48542122 1.48862815
v 1.45061997 -0.48542122 1.96362815
v 1.45117156 -0.00542154 1.48862815
v 1.45117156 -0.00542154 1.96362815
f 522 524 521
f 525 522 521
f 521 524 523
f 523 525 521
f 522 528 524
f 526 522 525
f 526 528 522
f 524 528 523
f 527 525 523
f 523 528 527
f 527 526 525
f 528 526 527

o geometry_66
v 1.47083568 -0.47060576 1.49044772
v 1.47083568 -0.47060576 1.96544772
v 1.46697317 0.00937870 1.49044772
v 1.46697317 0.00937870 1.96544772
v 1.99292280 -0.46640444 1.49044772
v 1.99292280 -0.46640444 1.96544772
v 1.98906029 0.01358002 1.49044772
v 1.98906029 0.01358002 1.96544772
f 530 532 529
f 533 530 529
f 529 532 531
f 531 533 529
f 530 536 532
f 534 530 533
f 534 536 530
f 532 536 531
f 535 533 531
f 531 536 535
f 535 534 533
f 536 534 535

o geometry_67
v -0.11085912 -0.46794268 2.00995937
v -0.11085912 -0.46794268 2.48495937
v -0.11157105 0.01205680 2.00995937
v -0.11157105 0.01205680 2.48495937
v 0.59774617 -0.46689167 2.00995937
v 0.59774617 -0.46689167 2.48495937
v 0.59703424 0.01310780 2.00995937
v 0.59703424 0.01310780 2.48495937
f 538 540 537
f 541 538 537
f 537 540 539
f 539 541 537
f 538 544 540
f 542 538 541
f 542 544 538
f 540 544 539
f 543 541 539
f 539 544 543
f 543 542 541
f 544 542 543

o geometry_68
v 0.61380309 -0.48721147 2.03069922
v 0.61380309 -0.48721147 2.50569922
v 0.61699380 -0.00722207 2.03069922
v 0.61699380 -0.00722207 2.50569922
v 1.32433726 -0.49193472 2.03069922
v 1.32433726 -0.49193472 2.50569922
v 1.32752797 -0.01194532 2.03069922
v 1.32752797 -0.01194532 2.50569922
f 546 548 545
f 549 546 545
f 545 548 547
f 547 549 545
f 546 552 548
f 550 546 549
f 550 552 546
f 548 552 547
f 551 549 547
f 547 552 551
f 551 550 549
f 552 550 551

o geometry_69
v 1.34726594 -0.48009673 2.03170964
v 1.34726594 -0.48009673 2.50670964
v 1.34067481 -0.00014198 2.03170964
v 1.34067481 -0.00014198 2.50670964
v 1.98169180 -0.47138429 2.03170964
v 1.98169180 -0.47138429 2.50670964
v 1.97510068 0.00857046 2.03170964
v 1.97510068 0.00857046 2.50670964
f 554 556 553
f 557 554 553
f 553 556 555
f 555 557 553
f 554 560 556
f 558 554 557
f 558 560 554
f 556 560 555
f 559 557 555
f 555 560 559
f 559 558 557
f 560 558 559

o geometry_70
v -1.99291050 -0.46791280 2.49909784
v -1.99291050 -0.46791280 2.97409784
v -1.98907058 0.01207184 2.49909784
v -1.98907058 0.01207184 2.97409784
v -1.40140478 -0.47264490 2.49909784
v -1.40140478 -0.47264490 2.97409784
v -1.39756486 0.00733974 2.49909784
v -1.39756486 0.00733974 2.97409784
f 562 564 561
f 565 562 561
f 561 564 563
f 563 565 561
f 562 568 564
f 566 562 565
f 566 568 562
f 564 568 563
f 567 565 563
f 563 568 567
f 567 566 565
f 568 566 567

o geometry_71
v -1.38501001 -0.47784343 2.50063733
v -1.38501001 -0.47784343 2.97563733
v -1.37786922 0.00210345 2.50063733
v -1.37786922 0.00210345 2.97563733
v -0.73927504 -0.48745086 2.50063733
v -0.73927504 -0.48745086 2.97563733
v -0.73213425 -0.00750398 2.50063733
v -0.73213425 -0.00750398 2.97563733
f 570 572 569
f 573 570 569
f 569 572 571
f 571 573 569
f 570 576 572
f 574 570 573
f 574 576 570
f 572 576 571
f 575 573 571
f 571 576 575
f 575 574 573
f 576 574 575

o geometry_72
v -0.71437737 -0.48037160 2.51581706
v -0.71437737 -0.48037160 2.99081706
v -0.72090178 -0.00041594 2.51581706
v -0.72090178 -0.00041594 2.99081706
v -0.07935723 -0.47173927 2.51581706
v -0.07935723 -0.47173927 2.99081706
v -0.08588164 0.00821638 2.51581706
v -0.08588164 0.00821638 2.99081706
f 578 580 577
f 581 578 577
f 577 580 579
f 579 581 577
f 578 584 580
f 582 578 581
f 582 584 578
f 580 584 579
f 583 581 579
f 579 584 583
f 583 582 581
f 584 582 583

o geometry_73
v -0.06331672 -0.48225652 2.51837964
v -0.06331672 -0.48225652 2.99337964
v -0.06585399 -0.00226323 2.51837964
v -0.06585399 -0.00226323 2.99337964
v 0.61587901 -0.47866626 2.51837964
v 0.61587901 -0.47866626 2.99337964
v 0.61334174 0.00132704 2.51837964
v 0.61334174 0.00132704 2.99337964
f 586 588 585
f 589 586 585
f 585 588 587
f 587 589 585
f 586 592 588
f 590 586 589
f 590 592 586
f 588 592 587
f 591 589 587
f 587 592 591
f 591 590 589
f 592 590 591

o geometry_74
v 0.63532973 -0.49520530 2.52649847
v 0.63532973 -0.49520530 3.00149847
v 0.62993685 -0.01523559 2.52649847
v 0.62993685 -0.01523559 3.00149847
v 1.21106723 -0.48873639 2.52649847
v 1.21106723 -0.48873639 3.00149847
v 1.20567435 -0.00876668 2.52649847
v 1.20567435 -0.00876668 3.00149847
f 594 596 593
f 597 594 593
f 593 596 595
f 595 597 593
f 594 600 596
f 598 594 597
f 598 600 594
f 596 600 595
f 599 597 595
f 595 600 599
f 599 598 597
f 600 598 599

o geometry_75
v 1.22355913 -0.47261153 2.50744894
v 1.22355913 -0.47261153 2.98244894
v 1.22926807 0.00735452 2.50744894
v 1.22926807 0.00735452 2.98244894
v 1.92016424 -0.48089726 2.50744894
v 1.92016424 -0.48089726 2.98244894
v 1.92587317 -0.00093121 2.50744894
v 1.92587317 -0.00093121 2.98244894
f 602 604 601
f 605 602 601
f 601 604 603
f 603 605 601
f 602 608 604
f 606 602 605
f 606 608 602
f 604 608 603
f 607 605 603
f 603 608 607
f 607 606 605
f 608 606 607

o geometry_76
v 1.93894742 -0.46664004 2.49086738
v 1.93894742 -0.46664004 2.96586738
v 1.94314118 0.01334164 2.49086738
v 1.94314118 0.01334164 2.96586738
v 1.98890217 -0.46707651 2.49086738
v 1.98890217 -0.46707651 2.96586738
v 1.99309593 0.01290517 2.49086738
v 1.99309593 0.01290517 2.96586738
f 610 612 609
f 613 610 609
f 609 612 611
f 611 613 609
f 610 616 612
f 614 610 613
f 614 616 610
f 612 616 611
f 615 613 611
f 611 616 615
f 615 614 613
f 616 614 615

o geometry_77
v -1.99457171 -0.47164317 2.99012878
v -1.99457171 -0.47164317 3.46512878
v -1.98737534 0.00830288 2.99012878
v -1.98737534 0.00830288 3.46512878
v -1.52352525 -0.47870610 2.99012878
v -1.52352525 -0.47870610 3.46512878
v -1.51632887 0.00123995 2.99012878
v -1.51632887 0.00123995 3.46512878
f 618 620 617
f 621 618 617
f 617 620 619
f 619 621 617
f 618 624 620
f 622 618 621
f 622 624 618
f 620 624 619
f 623 621 619
f 619 624 623
f 623 622 621
f 624 622 623

o geometry_78
v -1.50529307 -0.46467690 3.00568050
v -1.50529307 -0.46467690 3.48068050
v -1.49846052 0.01527447 3.00568050
v -1.49846052 0.01527447 3.48068050
v -1.03567621 -0.47136233 3.00568050
v -1.03567621 -0.47136233 3.48068050
v -1.02884366 0.00858904 3.00568050
v -1.02884366 0.00858904 3.48068050
f 626 628 625
f 629 626 625
f 625 628 627
f 627 629 625
f 626 632 628
f 630 626 629
f 630 632 626
f 628 632 627
f 631 629 627
f 627 632 631
f 631 630 629
f 632 630 631

o geometry_79
v -1.01601209 -0.48132081 2.99492752
v -1.01601209 -0.48132081 3.46992752
v -1.01244463 -0.00133407 2.99492752
v -1.01244463 -0.00133407 3.46992752
v -0.45236445 -0.48551007 2.99492752
v -0.45236445 -0.48551007 3.46992752
v -0.44879699 -0.00552333 2.99492752
v -0.44879699 -0.00552333 3.46992752
f 634 636 633
f 637 634 633
f 633 636 635
f 635 637 633
f 634 640 636
f 638 634 637
f 638 640 634
f 636 640 635
f 639 637 635
f 635 640 639
f 639 638 637
f 640 638 639

o geometry_80
v -0.43004707 -0.47850340 2.99364211
v -0.43004707 -0.47850340 3.46864211
v -0.43507167 0.00147030 2.99364211
v -0.43507167 0.00147030 3.46864211
v 0.06508644 -0.47332010 2.99364211
v 0.06508644 -0.47332010 3.46864211
v 0.06006184 0.00665360 2.99364211
v 0.06006184 0.00665360 3.46864211
f 642 644 641
f 645 642 641
f 641 644 643
f 643 645 641
f 642 648 644
f 646 642 645
f 646 648 642
f 644 648 643
f 647 645 643
f 643 648 647
f 647 646 645
f 648 646 647

o geometry_81
v 0.07762850 -0.47536402 3.01169173
v 0.07762850 -0.47536402 3.48669173
v 0.08359160 0.00459894 3.01169173
v 0.08359160 0.00459894 3.48669173
v 0.65668716 -0.48255830 3.01169173
v 0.65668716 -0.48255830 3.48669173
v 0.66265027 -0.00259535 3.01169173
v 0.66265027 -0.00259535 3.48669173
f 650 652 649
f 653 650 649
f 649 652 651
f 651 653 649
f 650 656 652
f 654 650 653
f 654 656 650
f 652 656 651
f 655 653 651
f 651 656 655
f 655 654 653
f 656 654 655

o geometry_82
v 0.68007005 -0.47755266 3.00073784
v 0.68007005 -0.47755266 3.47573784
v 0.67533461 0.00242398 3.00073784
v 0.67533461 0.00242398 3.47573784
v 1.14333190 -0.47298213 3.00073784
v 1.14333190 -0.47298213 3.47573784
v 1.13859646 0.00699451 3.00073784
v 1.13859646 0.00699451 3.47573784
f 658 660 657
f 661 658 657
f 657 660 659
f 659 661 657
f 658 664 660
f 662 658 661
f 662 664 658
f 660 664 659
f 663 661 659
f 659 664 663
f 663 662 661
f 664 662 663

o geometry_83
v 1.15917899 -0.46589242 3.03504928
v 1.15917899 -0.46589242 3.51004928
v 1.15877208 0.01410741 3.03504928
v 1.15877208 0.01410741 3.51004928
v 1.63016584 -0.46549315 3.03504928
v 1.63016584 -0.46549315 3.51004928
v 1.62975893 0.01450668 3.03504928
v 1.62975893 0.01450668 3.51004928
f 666 668 665
f 669 666 665
f 665 668 667
f 667 669 665
f 666 672 668
f 670 666 669
f 670 672 666
f 668 672 667
f 671 669 667
f 667 672 671
f 671 670 669
f 672 670 671

o geometry_84
v 1.64816492 -0.48143973 2.98885212
v 1.64816492 -0.48143973 3.46385212
v 1.64776014 -0.00143990 2.98885212
v 1.64776014 -0.00143990 3.46385212
v 1.99120233 -0.48115045 2.98885212
v 1.99120233 -0.48115045 3.46385212
v 1.99079755 -0.00115062 2.98885212
v 1.99079755 -0.00115062 3.46385212
f 674 676 673
f 677 674 673
f 673 676 675
f 675 677 673
f 674 680 676
f 678 674 677
f 678 680 674
f 676 680 675
f 679 677 675
f 675 680 679
f 679 678 677
f 680 678 679

o geometry_85
v -1.41000000 -0.60000000 0.95000000
v -1.41000000 -0.60000000 2.10000000
v -1.41000000 -0.50000000 0.95000000
v -1.41000000 -0.50000000 2.10000000
v -0.59000000 -0.60000000 0.95000000
v -0.59000000 -0.60000000 2.10000000
v -0.59000000 -0.50000000 0.95000000
v -0.59000000 -0.50000000 2.10000000
f 682 684 681
f 685 682 681
f 681 684 683
f 683 685 681
f 682 688 684
f 686 682 685
f 686 688 682
f 684 688 683
f 687 685 683
f 683 688 687
f 687 686 685
f 688 686 687

o geometry_86
v -1.61000000 -0.65000000 0.89000000
v -1.61000000 -0.65000000 2.16000000
v -1.61000000 0.01000000 0.89000000
v -1.61000000 0.01000000 2.16000000
v -1.41000000 -0.65000000 0.89000000
v -1.41000000 -0.65000000 2.16000000
v -1.41000000 0.01000000 0.89000000
v -1.41000000 0.01000000 2.16000000
f 690 692 689
f 693 690 689
f 689 692 691
f 691 693 689
f 690 696 692
f 694 690 693
f 694 696 690
f 692 696 691
f 695 693 691
f 691 696 695
f 695 694 693
f 696 694 695

o geometry_87
v -0.59000000 -0.65000000 0.89000000
v -0.59000000 -0.65000000 2.16000000
v -0.59000000 0.01000000 0.89000000
v -0.59000000 0.01000000 2.16000000
v -0.39000000 -0.65000000 0.89000000
v -0.39000000 -0.65000000 2.16000000
v -0.39000000 0.01000000 0.89000000
v -0.39000000 0.01000000 2.16000000
f 698 700 697
f 701 698 697
f 697 700 699
f 699 701 697
f 698 704 700
f 702 698 701
f 702 704 698
f 700 704 699
f 703 701 699
f 699 704 703
f 703 702 701
f 704 702 703

o geometry_88
v -1.61000000 -0.65000000 2.09000000
v -1.61000000 -0.65000000 2.27000000
v -1.61000000 0.01000000 2.09000000
v -1.61000000 0.01000000 2.27000000
v -0.39000000 -0.65000000 2.09000000
v -0.39000000 -0.65000000 2.27000000
v -0.39000000 0.01000000 2.09000000
v -0.39000000 0.01000000 2.27000000
f 706 708 705
f 709 706 705
f 705 708 707
f 707 709 705
f 706 712 708
f 710 706 709
f 710 712 706
f 708 712 707
f 711 709 707
f 707 712 711
f 711 710 709
f 712 710 711

o geometry_89
v -1.99405813 -0.46634977 0.02004672
v -1.99405813 -0.46634977 0.49504672
v -1.98790138 0.01361075 0.02004672
v -1.98790138 0.01361075 0.49504672
v -1.50200036 -0.47266170 0.02004672
v -1.50200036 -0.47266170 0.49504672
v -1.49584361 0.00729882 0.02004672
v -1.49584361 0.00729882 0.49504672
f 714 716 713
f 717 714 713
f 713 716 715
f 715 717 713
f 714 720 716
f 718 714 717
f 718 720 714
f 716 720 715
f 719 717 715
f 715 720 719
f 719 718 717
f 720 718 719

o geometry_90
v -1.48084820 -0.47602862 -0.00960005
v -1.48084820 -0.47602862 0.46539995
v -1.48095527 0.00397137 -0.00960005
v -1.48095527 0.00397137 0.46539995
v -0.96118355 -0.47591270 -0.00960005
v -0.96118355 -0.47591270 0.46539995
v -0.96129062 0.00408729 -0.00960005
v -0.96129062 0.00408729 0.46539995
f 722 724 721
f 725 722 721
f 721 724 723
f 723 725 721
f 722 728 724
f 726 722 725
f 726 728 722
f 724 728 723
f 727 725 723
f 723 728 727
f 727 726 725
f 728 726 727

o geometry_91
v -0.94616673 -0.47519874 -0.00900723
v -0.94616673 -0.47519874 0.46599277
v -0.94027314 0.00476508 -0.00900723
v -0.94027314 0.00476508 0.46599277
v -0.49132658 -0.48078382 -0.00900723
v -0.49132658 -0.48078382 0.46599277
v -0.48543300 -0.00082000 -0.00900723
v -0.48543300 -0.00082000 0.46599277
f 730 732 729
f 733 730 729
f 729 732 731
f 731 733 729
f 730 736 732
f 734 730 733
f 734 736 730
f 732 736 731
f 735 733 731
f 731 736 735
f 735 734 733
f 736 734 735

o geometry_92
v -0.47234659 -0.48770007 -0.00630990
v -0.47234659 -0.48770007 0.46869010
v -0.46836128 -0.00771662 -0.00630990
v -0.46836128 -0.00771662 0.46869010
v 0.03282349 -0.49189451 -0.00630990
v 0.03282349 -0.49189451 0.46869010
v 0.03680880 -0.01191106 -0.00630990
v 0.03680880 -0.01191106 0.46869010
f 738 740 737
f 741 738 737
f 737 740 739
f 739 741 737
f 738 744 740
f 742 738 741
f 742 744 738
f 740 744 739
f 743 741 739
f 739 744 743
f 743 742 741
f 744 742 743

o geometry_93
v 0.05208223 -0.49260630 0.01635515
v 0.05208223 -0.49260630 0.49135515
v 0.05357003 -0.01260860 0.01635515
v 0.05357003 -0.01260860 0.49135515
v 0.58364599 -0.49425393 0.01635515
v 0.58364599 -0.49425393 0.49135515
v 0.58513379 -0.01425624 0.01635515
v 0.58513379 -0.01425624 0.49135515
f 746 748 745
f 749 746 745
f 745 748 747
f 747 749 745
f 746 752 748
f 750 746 749
f 750 752 746
f 748 752 747
f 751 749 747
f 747 752 751
f 751 750 749
f 752 750 751

o geometry_94
v 0.60088211 -0.46457205 0.03042342
v 0.60088211 -0.46457205 0.50542342
v 0.60391172 0.01541838 0.03042342
v 0.60391172 0.01541838 0.50542342
v 1.17778378 -0.46821335 0.03042342
v 1.17778378 -0.46821335 0.50542342
v 1.18081339 0.01177709 0.03042342
v 1.18081339 0.01177709 0.50542342
f 754 756 753
f 757 754 753
f 753 756 755
f 755 757 753
f 754 760 756
f 758 754 757
f 758 760 754
f 756 760 755
f 759 757 755
f 755 760 759
f 759 758 757
f 760 758 759

o geometry_95
v 1.19959095 -0.47074572 0.00292409
v 1.19959095 -0.47074572 0.47792409
v 1.19503880 0.00923269 0.00292409
v 1.19503880 0.00923269 0.47792409
v 1.66832303 -0.46630023 0.00292409
v 1.66832303 -0.46630023 0.47792409
v 1.66377088 0.01367818 0.00292409
v 1.66377088 0.01367818 0.47792409
f 762 764 761
f 765 762 761
f 761 764 763
f 763 765 761
f 762 768 764
f 766 762 765
f 766 768 762
f 764 768 763
f 767 765 763
f 763 768 767
f 767 766 765
f 768 766 767

o geometry_96
v 1.68313988 -0.48185875 0.01944567
v 1.68313988 -0.48185875 0.49444567
v 1.68497735 -0.00186227 0.01944567
v 1.68497735 -0.00186227 0.49444567
v 1.99008014 -0.48303374 0.01944567
v 1.99008014 -0.48303374 0.49444567
v 1.99191761 -0.00303726 0.01944567
v 1.99191761 -0.00303726 0.49444567
f 770 772 769
f 773 770 769
f 769 772 771
f 771 773 769
f 770 776 772
f 774 770 773
f 774 776 770
f 772 776 771
f 775 773 771
f 771 776 775
f 775 774 773
f 776 774 775

o geometry_97
v -1.99310431 -0.46398097 0.49048006
v -1.99310431 -0.46398097 0.96548006
v -1.98887017 0.01600036 0.49048006
v -1.98887017 0.01600036 0.96548006
v -1.33712136 -0.46976770 0.49048006
v -1.33712136 -0.46976770 0.96548006
v -1.33288722 0.01021363 0.49048006
v -1.33288722 0.01021363 0.96548006
f 778 780 777
f 781 778 777
f 777 780 779
f 779 781 777
f 778 784 780
f 782 778 781
f 782 784 778
f 780 784 779
f 783 781 779
f 779 784 783
f 783 782 781
f 784 782 783

o geometry_98
v -1.31637436 -0.47869658 0.50320736
v -1.31637436 -0.47869658 0.97820736
v -1.31760645 0.00130184 0.50320736
v -1.31760645 0.00130184 0.97820736
v -0.63881160 -0.47695737 0.50320736
v -0.63881160 -0.47695737 0.97820736
v -0.64004369 0.00304105 0.50320736
v -0.64004369 0.00304105 0.97820736
f 786 788 785
f 789 786 785
f 785 788 787
f 787 789 785
f 786 792 788
f 790 786 789
f 790 792 786
f 788 792 787
f 791 789 787
f 787 792 791
f 791 790 789
f 792 790 791

o geometry_99
v -0.61998807 -0.47590099 0.52721897
v -0.61998807 -0.47590099 1.00221897
v -0.62285357 0.00409046 0.52721897
v -0.62285357 0.00409046 1.00221897
v 0.02064298 -0.47207648 0.52721897
v 0.02064298 -0.47207648 1.00221897
v 0.01777747 0.00791497 0.52721897
v 0.01777747 0.00791497 1.00221897
f 794 796 793
f 797 794 793
f 793 796 795
f 795 797 793
f 794 800 796
f 798 794 797
f 798 800 794
f 796 800 795
f 799 797 795
f 795 800 799
f 799 798 797
f 800 798 799

o geometry_100
v -1.98750607 -0.49196645 1.00189689
v -1.98750607 -0.49196645 1.47689689
v -1.99442035 -0.01201625 1.00189689
v -1.99442035 -0.01201625 1.47689689
v -1.27836981 -0.48175046 1.00189689
v -1.27836981 -0.48175046 1.47689689
v -1.28528409 -0.00180027 1.00189689
v -1.28528409 -0.00180027 1.47689689
f 802 804 801
f 805 802 801
f 801 804 803
f 803 805 801
f 802 808 804
f 806 802 805
f 806 808 802
f 804 808 803
f 807 805 803
f 803 808 807
f 807 806 805
f 808 806 807

o geometry_101
v -1.26627985 -0.47447063 1.02535705
v -1.26627985 -0.47447063 1.50035705
v -1.26126852 0.00550320 1.02535705
v -1.26126852 0.00550320 1.50035705
v -0.68012611 -0.48059057 1.02535705
v -0.68012611 -0.48059057 1.50035705
v -0.67511478 -0.00061673 1.02535705
v -0.67511478 -0.00061673 1.50035705
f 810 812 809
f 813 810 809
f 809 812 811
f 811 813 809
f 810 816 812
f 814 810 813
f 814 816 810
f 812 816 811
f 815 813 811
f 811 816 815
f 815 814 813
f 816 814 815

o geometry_102
v -0.65768940 -0.46873413 1.02091079
v -0.65768940 -0.46873413 1.49591079
v -0.66149918 0.01125075 1.02091079
v -0.66149918 0.01125075 1.49591079
v -0.01125326 -0.46360318 1.02091079
v -0.01125326 -0.46360318 1.49591079
v -0.01506304 0.01638170 1.02091079
v -0.01506304 0.01638170 1.49591079
f 818 820 817
f 821 818 817
f 817 820 819
f 819 821 817
f 818 824 820
f 822 818 821
f 822 824 818
f 820 824 819
f 823 821 819
f 819 824 823
f 823 822 821
f 824 822 823

o geometry_103
v -1.99131503 -0.48238419 1.51649476
v -1.99131503 -0.48238419 1.99149476
v -1.99068439 -0.00238461 1.51649476
v -1.99068439 -0.00238461 1.99149476
v -1.31133012 -0.48327759 1.51649476
v -1.31133012 -0.48327759 1.99149476
v -1.31069947 -0.00327800 1.51649476
v -1.31069947 -0.00327800 1.99149476
f 826 828 825
f 829 826 825
f 825 828 827
f 827 829 825
f 826 832 828
f 830 826 829
f 830 832 826
f 828 832 827
f 831 829 827
f 827 832 831
f 831 830 829
f 832 830 831

o geometry_104
v -1.29182835 -0.49506972 1.51120492
v -1.29182835 -0.49506972 1.98620492
v -1.29419213 -0.01507554 1.51120492
v -1.29419213 -0.01507554 1.98620492
v -0.58834211 -0.49160533 1.51120492
v -0.58834211 -0.49160533 1.98620492
v -0.59070589 -0.01161115 1.51120492
v -0.59070589 -0.01161115 1.98620492
f 834 836 833
f 837 834 833
f 833 836 835
f 835 837 833
f 834 840 836
f 838 834 837
f 838 840 834
f 836 840 835
f 839 837 835
f 835 840 839
f 839 838 837
f 840 838 839

o geometry_105
v -0.56793802 -0.49028505 1.51985644
v -0.56793802 -0.49028505 1.99485644
v -0.57503834 -0.01033756 1.51985644
v -0.57503834 -0.01033756 1.99485644
v 0.00885765 -0.48175196 1.51985644
v 0.00885765 -0.48175196 1.99485644
v 0.00175732 -0.00180447 1.51985644
v 0.00175732 -0.00180447 1.99485644
f 842 844 841
f 845 842 841
f 841 844 843
f 843 845 841
f 842 848 844
f 846 842 845
f 846 848 842
f 844 848 843
f 847 845 843
f 843 848 847
f 847 846 845
f 848 846 847

o geometry_106
v -1.99337326 -0.46230077 2.01058476
v -1.99337326 -0.46230077 2.48558476
v -1.98859324 0.01767543 2.01058476
v -1.98859324 0.01767543 2.48558476
v -1.31775070 -0.46902921 2.01058476
v -1.31775070 -0.46902921 2.48558476
v -1.31297067 0.01094699 2.01058476
v -1.31297067 0.01094699 2.48558476
f 850 852 849
f 853 850 849
f 849 852 851
f 851 853 849
f 850 856 852
f 854 850 853
f 854 856 850
f 852 856 851
f 855 853 851
f 851 856 855
f 855 854 853
f 856 854 855

o geometry_107
v -1.29999451 -0.46349561 2.02591165
v -1.29999451 -0.46349561 2.50091165
v -1.29465712 0.01647472 2.02591165
v -1.29465712 0.01647472 2.50091165
v -0.71400268 -0.47001198 2.02591165
v -0.71400268 -0.47001198 2.50091165
v -0.70866529 0.00995834 2.02591165
v -0.70866529 0.00995834 2.50091165
f 858 860 857
f 861 858 857
f 857 860 859
f 859 861 857
f 858 864 860
f 862 858 861
f 862 864 858
f 860 864 859
f 863 861 859
f 859 864 863
f 863 862 861
f 864 862 863

o geometry_108
v -0.69631157 -0.47288929 2.03107110
v -0.69631157 -0.47288929 2.50607110
v -0.69027210 0.00707271 2.03107110
v -0.69027210 0.00707271 2.50607110
v -0.08912223 -0.48052969 2.03107110
v -0.08912223 -0.48052969 2.50607110
v -0.08308276 -0.00056769 2.03107110
v -0.08308276 -0.00056769 2.50607110
f 866 868 865
f 869 866 865
f 865 868 867
f 867 869 865
f 866 872 868
f 870 866 869
f 870 872 866
f 868 872 867
f 871 869 867
f 867 872 871
f 871 870 869
f 872 870 871

o geometry_109
v -1.99160873 -0.49002920 2.50142105
v -1.99160873 -0.49002920 2.97642105
v -1.99038901 -0.01003075 2.50142105
v -1.99038901 -0.01003075 2.97642105
v -1.29147802 -0.49180831 2.50142105
v -1.29147802 -0.49180831 2.97642105
v -1.29025829 -0.01180986 2.50142105
v -1.29025829 -0.01180986 2.97642105
f 874 876 873
f 877 874 873
f 873 876 875
f 875 877 873
f 874 880 876
f 878 874 877
f 878 880 874
f 876 880 875
f 879 877 875
f 875 880 879
f 879 878 877
f 880 878 879

o geometry_110
v -1.27536321 -0.48823850 2.53538656
v -1.27536321 -0.48823850 3.01038656
v -1.27033656 -0.00826482 2.53538656
v -1.27033656 -0.00826482 3.01038656
v -0.65009718 -0.49478675 2.53538656
v -0.65009718 -0.49478675 3.01038656
v -0.64507053 -0.01481307 2.53538656
v -0.64507053 -0.01481307 3.01038656
f 882 884 881
f 885 882 881
f 881 884 883
f 883 885 881
f 882 888 884
f 886 882 885
f 886 888 882
f 884 888 883
f 887 885 883
f 883 888 887
f 887 886 885
f 888 886 887

o geometry_111
v -0.62967495 -0.47182433 2.49916680
v -0.62967495 -0.47182433 2.97416680
v -0.62945841 0.00817562 2.49916680
v -0.62945841 0.00817562 2.97416680
v -0.03403963 -0.47209303 2.49916680
v -0.03403963 -0.47209303 2.97416680
v -0.03382309 0.00790692 2.49916680
v -0.03382309 0.00790692 2.97416680
f 890 892 889
f 893 890 889
f 889 892 891
f 891 893 889
f 890 896 892
f 894 890 893
f 894 896 890
f 892 896 891
f 895 893 891
f 891 896 895
f 895 894 893
f 896 894 895

o geometry_112
v -0.01651394 -0.47207594 2.48770468
v -0.01651394 -0.47207594 2.96270468
v -0.01534677 0.00792264 2.48770468
v -0.01534677 0.00792264 2.96270468
v 0.64621667 -0.47368744 2.48770468
v 0.64621667 -0.47368744 2.96270468
v 0.64738384 0.00631114 2.48770468
v 0.64738384 0.00631114 2.96270468
f 898 900 897
f 901 898 897
f 897 900 899
f 899 901 897
f 898 904 900
f 902 898 901
f 902 904 898
f 900 904 899
f 903 901 899
f 899 904 903
f 903 902 901
f 904 902 903

o geometry_113
v 0.66617790 -0.48377791 2.53515490
v 0.66617790 -0.48377791 3.01015490
v 0.66343481 -0.00378575 2.53515490
v 0.66343481 -0.00378575 3.01015490
v 1.29317137 -0.48019472 2.53515490
v 1.29317137 -0.48019472 3.01015490
v 1.29042828 -0.00020256 2.53515490
v 1.29042828 -0.00020256 3.01015490
f 906 908 905
f 909 906 905
f 905 908 907
f 907 909 905
f 906 912 908
f 910 906 909
f 910 912 906
f 908 912 907
f 911 909 907
f 907 912 911
f 911 910 909
f 912 910 911

o geometry_114
v 1.30662291 -0.47915273 2.52131000
v 1.30662291 -0.47915273 2.99631000
v 1.31304523 0.00080431 2.52131000
v 1.31304523 0.00080431 2.99631000
v 1.95733202 -0.48785987 2.52131000
v 1.95733202 -0.48785987 2.99631000
v 1.96375433 -0.00790284 2.52131000
v 1.96375433 -0.00790284 2.99631000
f 914 916 913
f 917 914 913
f 913 916 915
f 915 917 913
f 914 920 916
f 918 914 917
f 918 920 914
f 916 920 915
f 919 917 915
f 915 920 919
f 919 918 917
f 920 918 919

o geometry_115
v 1.98071721 -0.48844503 2.53122566
v 1.98071721 -0.48844503 3.00622566
v 1.97642789 -0.00846419 2.53122566
v 1.97642789 -0.00846419 3.00622566
v 1.99314441 -0.48833397 2.53122566
v 1.99314441 -0.48833397 3.00622566
v 1.98885509 -0.00835314 2.53122566
v 1.98885509 -0.00835314 3.00622566
f 922 924 921
f 925 922 921
f 921 924 923
f 923 925 921
f 922 928 924
f 926 922 925
f 926 928 922
f 924 928 923
f 927 925 923
f 923 928 927
f 927 926 925
f 928 926 927

o geometry_116
v -1.99003108 -0.47797662 2.99267685
v -1.99003108 -0.47797662 3.46767685
v -1.99196485 0.00201949 2.99267685
v -1.99196485 0.00201949 3.46767685
v -1.48902589 -0.47595822 2.99267685
v -1.48902589 -0.47595822 3.46767685
v -1.49095966 0.00403789 2.99267685
v -1.49095966 0.00403789 3.46767685
f 930 932 929
f 933 930 929
f 929 932 931
f 931 933 929
f 930 936 932
f 934 930 933
f 934 936 930
f 932 936 931
f 935 933 931
f 931 936 935
f 935 934 933
f 936 934 935

o geometry_117
v -1.47441036 -0.46468771 2.99793816
v -1.47441036 -0.46468771 3.47293816
v -1.46954761 0.01528766 2.99793816
v -1.46954761 0.01528766 3.47293816
v -1.01634165 -0.46932852 2.99793816
v -1.01634165 -0.46932852 3.47293816
v -1.01147890 0.01064685 2.99793816
v -1.01147890 0.01064685 3.47293816
f 938 940 937
f 941 938 937
f 937 940 939
f 939 941 937
f 938 944 940
f 942 938 941
f 942 944 938
f 940 944 939
f 943 941 939
f 939 944 943
f 943 942 941
f 944 942 943

o geometry_118
v -0.99839585 -0.46397897 2.98751166
v -0.99839585 -0.46397897 3.46251166
v -0.99337416 0.01599476 2.98751166
v -0.99337416 0.01599476 3.46251166
v -0.50421592 -0.46914930 2.98751166
v -0.50421592 -0.46914930 3.46251166
v -0.49919423 0.01082444 2.98751166
v -0.49919423 0.01082444 3.46251166
f 946 948 945
f 949 946 945
f 945 948 947
f 947 949 945
f 946 952 948
f 950 946 949
f 950 952 946
f 948 952 947
f 951 949 947
f 947 952 951
f 951 950 949
f 952 950 951

o geometry_119
v -0.48098181 -0.47849392 2.98877504
v -0.48098181 -0.47849392 3.46377504
v -0.48637208 0.00147582 2.98877504
v -0.48637208 0.00147582 3.46377504
v -0.01782065 -0.47329241 2.98877504
v -0.01782065 -0.47329241 3.46377504
v -0.02321092 0.00667732 2.98877504
v -0.02321092 0.00667732 3.46377504
f 954 956 953
f 957 954 953
f 953 956 955
f 955 957 953
f 954 960 956
f 958 954 957
f 958 960 954
f 956 960 955
f 959 957 955
f 955 960 959
f 959 958 957
f 960 958 959

o geometry_120
v -0.00359720 -0.46824114 3.00011289
v -0.00359720 -0.46824114 3.47511289
v -0.00139961 0.01175383 3.00011289
v -0.00139961 0.01175383 3.47511289
v 0.52622622 -0.47066686 3.00011289
v 0.52622622 -0.47066686 3.47511289
v 0.52842380 0.00932811 3.00011289
v 0.52842380 0.00932811 3.47511289
f 962 964 961
f 965 962 961
f 961 964 963
f 963 965 961
f 962 968 964
f 966 962 965
f 966 968 962
f 964 968 963
f 967 965 963
f 963 968 967
f 967 966 965
f 968 966 967

o geometry_121
v 0.54890520 -0.47233748 3.02994685
v 0.54890520 -0.47233748 3.50494685
v 0.54180478 0.00761000 3.02994685
v 0.54180478 0.00761000 3.50494685
v 1.04619203 -0.46498054 3.02994685
v 1.04619203 -0.46498054 3.50494685
v 1.03909161 0.01496694 3.02994685
v 1.03909161 0.01496694 3.50494685
f 970 972 969
f 973 970 969
f 969 972 971
f 971 973 969
f 970 976 972
f 974 970 973
f 974 976 970
f 972 976 971
f 975 973 971
f 971 976 975
f 975 974 973
f 976 974 975

o geometry_122
v 1.05782303 -0.47645130 2.99179423
v 1.05782303 -0.47645130 3.46679423
v 1.06355139 0.00351451 2.99179423
v 1.06355139 0.00351451 3.46679423
v 1.56836530 -0.48254459 2.99179423
v 1.56836530 -0.48254459 3.46679423
v 1.57409366 -0.00257878 2.99179423
v 1.57409366 -0.00257878 3.46679423
f 978 980 977
f 981 978 977
f 977 980 979
f 979 981 977
f 978 984 980
f 982 978 981
f 982 984 978
f 980 984 979
f 983 981 979
f 979 984 983
f 983 982 981
f 984 982 983

o geometry_123
v 1.58682042 -0.47089010 3.02894277
v 1.58682042 -0.47089010 3.50394277
v 1.59169562 0.00908515 3.02894277
v 1.59169562 0.00908515 3.50394277
v 1.98855204 -0.47497056 3.02894277
v 1.98855204 -0.47497056 3.50394277
v 1.99342724 0.00500468 3.02894277
v 1.99342724 0.00500468 3.50394277
f 986 988 985
f 989 986 985
f 985 988 987
f 987 989 985
f 986 992 988
f 990 986 989
f 990 992 986
f 988 992 987
f 991 989 987
f 987 992 991
f 991 990 989
f 992 990 991

o geometry_124
v 0.52500000 -0.60000000 0.65000000
v 0.52500000 -0.60000000 2.10000000
v 0.52500000 -0.50000000 0.65000000
v 0.52500000 -0.50000000 2.10000000
v 1.47500000 -0.60000000 0.65000000
v 1.47500000 -0.60000000 2.10000000
v 1.47500000 -0.50000000 0.65000000
v 1.47500000 -0.50000000 2.10000000
f 994 996 993
f 997 994 993
f 993 996 995
f 995 997 993
f 994 1000 996
f 998 994 997
f 998 1000 994
f 996 1000 995
f 999 997 995
f 995 1000 999
f 999 998 997
f 1000 998 999

o geometry_125
v 0.32500000 -0.65000000 0.59000000
v 0.32500000 -0.65000000 2.16000000
v 0.32500000 0.01000000 0.59000000
v 0.32500000 0.01000000 2.16000000
v 0.52500000 -0.65000000 0.59000000
v 0.52500000 -0.65000000 2.16000000
v 0.52500000 0.01000000 0.59000000
v 0.52500000 0.01000000 2.16000000
f 1002 1004 1001
f 1005 1002 1001
f 1001 1004 1003
f 1003 1005 1001
f 1002 1008 1004
f 1006 1002 1005
f 1006 1008 1002
f 1004 1008 1003
f 1007 1005 1003
f 1003 1008 1007
f 1007 1006 1005
f 1008 1006 1007

o geometry_126
v 1.47500000 -0.65000000 0.59000000
v 1.47500000 -0.65000000 2.16000000
v 1.47500000 0.01000000 0.59000000
v 1.47500000 0.01000000 2.16000000
v 1.67500000 -0.65000000 0.59000000
v 1.67500000 -0.65000000 2.16000000
v 1.67500000 0.01000000 0.59000000
v 1.67500000 0.01000000 2.16000000
f 1010 1012 1009
f 1013 1010 1009
f 1009 1012 1011
f 1011 1013 1009
f 1010 1016 1012
f 1014 1010 1013
f 1014 1016 1010
f 1012 1016 1011
f 1015 1013 1011
f 1011 1016 1015
f 1015 1014 1013
f 1016 1014 1015

o geometry_127
v 0.32500000 -0.65000000 2.09000000
v 0.32500000 -0.65000000 2.27000000
v 0.32500000 0.01000000 2.09000000
v 0.32500000 0.01000000 2.27000000
v 1.67500000 -0.65000000 2.09000000
v 1.67500000 -0.65000000 2.27000000
v 1.67500000 0.01000000 2.09000000
v 1.67500000 0.01000000 2.27000000
f 1018 1020 1017
f 1021 1018 1017
f 1017 1020 1019
f 1019 1021 1017
f 1018 1024 1020
f 1022 1018 1021
f 1022 1024 1018
f 1020 1024 1019
f 1023 1021 1019
f 1019 1024 1023
f 1023 1022 1021
f 1024 1022 1023

o geometry_128
v -1.70000000 -0.32000000 0.10000000
v -1.47000000 -0.32000000 0.10000000
v -1.47000000 -0.32000000 3.35000000
v -1.70000000 -0.32000000 3.35000000
v -1.47783706 -0.26047162 0.10000000
v -1.47783706 -0.26047162 3.35000000
v -1.50081416 -0.20500000 0.10000000
v -1.50081416 -0.20500000 3.35000000
v -1.53736544 -0.15736544 0.10000000
v -1.53736544 -0.15736544 3.35000000
v -1.58500000 -0.12081416 0.10000000
v -1.58500000 -0.12081416 3.35000000
v -1.64047162 -0.09783706 0.10000000
v -1.64047162 -0.09783706 3.35000000
v -1.70000000 -0.09000000 0.10000000
v -1.70000000 -0.09000000 3.35000000
v -1.75952838 -0.09783706 0.10000000
v -1.75952838 -0.09783706 3.35000000
v -1.81500000 -0.12081416 0.10000000
v -1.81500000 -0.12081416 3.35000000
v -1.86263456 -0.15736544 0.10000000
v -1.86263456 -0.15736544 3.35000000
v -1.89918584 -0.20500000 0.10000000
v -1.89918584 -0.20500000 3.35000000
v -1.92216294 -0.26047162 0.10000000
v -1.92216294 -0.26047162 3.35000000
v -1.93000000 -0.32000000 0.10000000
v -1.93000000 -0.32000000 3.35000000
v -1.92216294 -0.37952838 0.10000000
v -1.92216294 -0.37952838 3.35000000
v -1.89918584 -0.43500000 0.10000000
v -1.89918584 -0.43500000 3.35000000
v -1.86263456 -0.48263456 0.10000000
v -1.86263456 -0.48263456 3.35000000
v -1.81500000 -0.51918584 0.10000000
v -1.81500000 -0.51918584 3.35000000
v -1.75952838 -0.54216294 0.10000000
v -1.75952838 -0.54216294 3.35000000
v -1.70000000 -0.55000000 0.10000000
v -1.70000000 -0.55000000 3.35000000
v -1.64047162 -0.54216294 0.10000000
v -1.64047162 -0.54216294 3.35000000
v -1.58500000 -0.51918584 0.10000000
v -1.58500000 -0.51918584 3.35000000
v -1.53736544 -0.48263456 0.10000000
v -1.53736544 -0.48263456 3.35000000
v -1.50081416 -0.43500000 0.10000000
v -1.50081416 -0.43500000 3.35000000
v -1.47783706 -0.37952838 0.10000000
v -1.47783706 -0.37952838 3.35000000
f 1026 1025 1029
f 1026 1029 1027
f 1027 1029 1030
f 1027 1030 1028
f 1029 1025 1031
f 1029 1031 1030
f 1030 1031 1032
f 1030 1032 1028
f 1031 1025 1033
f 1031 1033 1032
f 1032 1033 1034
f 1032 1034 1028
f 1033 1025 1035
f 1033 1035 1034
f 1034 1035 1036
f 1034 1036 1028
f 1035 1025 1037
f 1035 1037 1036
f 1036 1037 1038
f 1036 1038 1028
f 1037 1025 1039
f 1037 1039 1038
f 1038 1039 1040
f 1038 1040 1028
f 1039 1025 1041
f 1039 1041 1040
f 1040 1041 1042
f 1040 1042 1028
f 1041 1025 1043
f 1041 1043 1042
f 1042 1043 1044
f 1042 1044 1028
f 1043 1025 1045
f 1043 1045 1044
f 1044 1045 1046
f 1044 1046 1028
f 1045 1025 1047
f 1045 1047 1046
f 1046 1047 1048
f 1046 1048 1028
f 1047 1025 1049
f 1047 1049 1048
f 1048 1049 1050
f 1048 1050 1028
f 1049 1025 1051
f 1049 1051 1050
f 1050 1051 1052
f 1050 1052 1028
f 1051 1025 1053
f 1051 1053 1052
f 1052 1053 1054
f 1052 1054 1028
f 1053 1025 1055
f 1053 1055 1054
f 1054 1055 1056
f 1054 1056 1028
f 1055 1025 1057
f 1055 1057 1056
f 1056 1057 1058
f 1056 1058 1028
f 1057 1025 1059
f 1057 1059 1058
f 1058 1059 1060
f 1058 1060 1028
f 1059 1025 1061
f 1059 1061 1060
f 1060 1061 1062
f 1060 1062 1028
f 1061 1025 1063
f 1061 1063 1062
f 1062 1063 1064
f 1062 1064 1028
f 1063 1025 1065
f 1063 1065 1064
f 1064 1065 1066
f 1064 1066 1028
f 1065 1025 1067
f 1065 1067 1066
f 1066 1067 1068
f 1066 1068 1028
f 1067 1025 1069
f 1067 1069 1068
f 1068 1069 1070
f 1068 1070 1028
f 1069 1025 1071
f 1069 1071 1070
f 1070 1071 1072
f 1070 1072 1028
f 1071 1025 1073
f 1071 1073 1072
f 1072 1073 1074
f 1072 1074 1028
f 1073 1025 1026
f 1073 1026 1074
f 1074 1026 1027
f 1074 1027 1028

o geometry_129
v -1.70000000 -0.32000000 0.10000000
v -1.40560000 -0.32000000 0.10000000
v -1.40560000 -0.32000000 0.26000000
v -1.70000000 -0.32000000 0.26000000
v -1.41563144 -0.24380367 0.10000000
v -1.41563144 -0.24380367 0.26000000
v -1.44504212 -0.17280000 0.10000000
v -1.44504212 -0.17280000 0.26000000
v -1.49182776 -0.11182776 0.10000000
v -1.49182776 -0.11182776 0.26000000
v -1.55280000 -0.06504212 0.10000000
v -1.55280000 -0.06504212 0.26000000
v -1.62380367 -0.03563144 0.10000000
v -1.62380367 -0.03563144 0.26000000
v -1.70000000 -0.02560000 0.10000000
v -1.70000000 -0.02560000 0.26000000
v -1.77619633 -0.03563144 0.10000000
v -1.77619633 -0.03563144 0.26000000
v -1.84720000 -0.06504212 0.10000000
v -1.84720000 -0.06504212 0.26000000
v -1.90817224 -0.11182776 0.10000000
v -1.90817224 -0.11182776 0.26000000
v -1.95495788 -0.17280000 0.10000000
v -1.95495788 -0.17280000 0.26000000
v -1.98436856 -0.24380367 0.10000000
v -1.98436856 -0.24380367 0.26000000
v -1.99440000 -0.32000000 0.10000000
v -1.99440000 -0.32000000 0.26000000
v -1.98436856 -0.39619633 0.10000000
v -1.98436856 -0.39619633 0.26000000
v -1.95495788 -0.46720000 0.10000000
v -1.95495788 -0.46720000 0.26000000
v -1.90817224 -0.52817224 0.10000000
v -1.90817224 -0.52817224 0.26000000
v -1.84720000 -0.57495788 0.10000000
v -1.84720000 -0.57495788 0.26000000
v -1.77619633 -0.60436856 0.10000000
v -1.77619633 -0.60436856 0.26000000
v -1.70000000 -0.61440000 0.10000000
v -1.70000000 -0.61440000 0.26000000
v -1.62380367 -0.60436856 0.10000000
v -1.62380367 -0.60436856 0.26000000
v -1.55280000 -0.57495788 0.10000000
v -1.55280000 -0.57495788 0.26000000
v -1.49182776 -0.52817224 0.10000000
v -1.49182776 -0.52817224 0.26000000
v -1.44504212 -0.46720000 0.10000000
v -1.44504212 -0.46720000 0.26000000
v -1.41563144 -0.39619633 0.10000000
v -1.41563144 -0.39619633 0.26000000
f 1076 1075 1079
f 1076 1079 1077
f 1077 1079 1080
f 1077 1080 1078
f 1079 1075 1081
f 1079 1081 1080
f 1080 1081 1082
f 1080 1082 1078
f 1081 1075 1083
f 1081 1083 1082
f 1082 1083 1084
f 1082 1084 1078
f 1083 1075 1085
f 1083 1085 1084
f 1084 1085 1086
f 1084 1086 1078
f 1085 1075 1087
f 1085 1087 1086
f 1086 1087 1088
f 1086 1088 1078
f 1087 1075 1089
f 1087 1089 1088
f 1088 1089 1090
f 1088 1090 1078
f 1089 1075 1091
f 1089 1091 1090
f 1090 1091 1092
f 1090 1092 1078
f 1091 1075 1093
f 1091 1093 1092
f 1092 1093 1094
f 1092 1094 1078
f 1093 1075 1095
f 1093 1095 1094
f 1094 1095 1096
f 1094 1096 1078
f 1095 1075 1097
f 1095 1097 1096
f 1096 1097 1098
f 1096 1098 1078
f 1097 1075 1099
f 1097 1099 1098
f 1098 1099 1100
f 1098 1100 1078
f 1099 1075 1101
f 1099 1101 1100
f 1100 1101 1102
f 1100 1102 1078
f 1101 1075 1103
f 1101 1103 1102
f 1102 1103 1104
f 1102 1104 1078
f 1103 1075 1105
f 1103 1105 1104
f 1104 1105 1106
f 1104 1106 1078
f 1105 1075 1107
f 1105 1107 1106
f 1106 1107 1108
f 1106 1108 1078
f 1107 1075 1109
f 1107 1109 1108
f 1108 1109 1110
f 1108 1110 1078
f 1109 1075 1111
f 1109 1111 1110
f 1110 1111 1112
f 1110 1112 1078
f 1111 1075 1113
f 1111 1113 1112
f 1112 1113 1114
f 1112 1114 1078
f 1113 1075 1115
f 1113 1115 1114
f 1114 1115 1116
f 1114 1116 1078
f 1115 1075 1117
f 1115 1117 1116
f 1116 1117 1118
f 1116 1118 1078
f 1117 1075 1119
f 1117 1119 1118
f 1118 1119 1120
f 1118 1120 1078
f 1119 1075 1121
f 1119 1121 1120
f 1120 1121 1122
f 1120 1122 1078
f 1121 1075 1123
f 1121 1123 1122
f 1122 1123 1124
f 1122 1124 1078
f 1123 1075 1076
f 1123 1076 1124
f 1124 1076 1077
f 1124 1077 1078

o geometry_130
v -1.70000000 -0.32000000 3.18000000
v -1.41940000 -0.32000000 3.18000000
v -1.41940000 -0.32000000 3.36000000
v -1.70000000 -0.32000000 3.36000000
v -1.42896121 -0.24737538 3.18000000
v -1.42896121 -0.24737538 3.36000000
v -1.45699327 -0.17970000 3.18000000
v -1.45699327 -0.17970000 3.36000000
v -1.50158584 -0.12158584 3.18000000
v -1.50158584 -0.12158584 3.36000000
v -1.55970000 -0.07699327 3.18000000
v -1.55970000 -0.07699327 3.36000000
v -1.62737538 -0.04896121 3.18000000
v -1.62737538 -0.04896121 3.36000000
v -1.70000000 -0.03940000 3.18000000
v -1.70000000 -0.03940000 3.36000000
v -1.77262462 -0.04896121 3.18000000
v -1.77262462 -0.04896121 3.36000000
v -1.84030000 -0.07699327 3.18000000
v -1.84030000 -0.07699327 3.36000000
v -1.89841416 -0.12158584 3.18000000
v -1.89841416 -0.12158584 3.36000000
v -1.94300673 -0.17970000 3.18000000
v -1.94300673 -0.17970000 3.36000000
v -1.97103879 -0.24737538 3.18000000
v -1.97103879 -0.24737538 3.36000000
v -1.98060000 -0.32000000 3.18000000
v -1.98060000 -0.32000000 3.36000000
v -1.97103879 -0.39262462 3.18000000
v -1.97103879 -0.39262462 3.36000000
v -1.94300673 -0.46030000 3.18000000
v -1.94300673 -0.46030000 3.36000000
v -1.89841416 -0.51841416 3.18000000
v -1.89841416 -0.51841416 3.36000000
v -1.84030000 -0.56300673 3.18000000
v -1.84030000 -0.56300673 3.36000000
v -1.77262462 -0.59103879 3.18000000
v -1.77262462 -0.59103879 3.36000000
v -1.70000000 -0.60060000 3.18000000
v -1.70000000 -0.60060000 3.36000000
v -1.62737538 -0.59103879 3.18000000
v -1.62737538 -0.59103879 3.36000000
v -1.55970000 -0.56300673 3.18000000
v -1.55970000 -0.56300673 3.36000000
v -1.50158584 -0.51841416 3.18000000
v -1.50158584 -0.51841416 3.36000000
v -1.45699327 -0.46030000 3.18000000
v -1.45699327 -0.46030000 3.36000000
v -1.42896121 -0.39262462 3.18000000
v -1.42896121 -0.39262462 3.36000000
f 1126 1125 1129
f 1126 1129 1127
f 1127 1129 1130
f 1127 1130 1128
f 1129 1125 1131
f 1129 1131 1130
f 1130 1131 1132
f 1130 1132 1128
f 1131 1125 1133
f 1131 1133 1132
f 1132 1133 1134
f 1132 1134 1128
f 1133 1125 1135
f 1133 1135 1134
f 1134 1135 1136
f 1134 1136 1128
f 1135 1125 1137
f 1135 1137 1136
f 1136 1137 1138
f 1136 1138 1128
f 1137 1125 1139
f 1137 1139 1138
f 1138 1139 1140
f 1138 1140 1128
f 1139 1125 1141
f 1139 1141 1140
f 1140 1141 1142
f 1140 1142 1128
f 1141 1125 1143
f 1141 1143 1142
f 1142 1143 1144
f 1142 1144 1128
f 1143 1125 1145
f 1143 1145 1144
f 1144 1145 1146
f 1144 1146 1128
f 1145 1125 1147
f 1145 1147 1146
f 1146 1147 1148
f 1146 1148 1128
f 1147 1125 1149
f 1147 1149 1148
f 1148 1149 1150
f 1148 1150 1128
f 1149 1125 1151
f 1149 1151 1150
f 1150 1151 1152
f 1150 1152 1128
f 1151 1125 1153
f 1151 1153 1152
f 1152 1153 1154
f 1152 1154 1128
f 1153 1125 1155
f 1153 1155 1154
f 1154 1155 1156
f 1154 1156 1128
f 1155 1125 1157
f 1155 1157 1156
f 1156 1157 1158
f 1156 1158 1128
f 1157 1125 1159
f 1157 1159 1158
f 1158 1159 1160
f 1158 1160 1128
f 1159 1125 1161
f 1159 1161 1160
f 1160 1161 1162
f 1160 1162 1128
f 1161 1125 1163
f 1161 1163 1162
f 1162 1163 1164
f 1162 1164 1128
f 1163 1125 1165
f 1163 1165 1164
f 1164 1165 1166
f 1164 1166 1128
f 1165 1125 1167
f 1165 1167 1166
f 1166 1167 1168
f 1166 1168 1128
f 1167 1125 1169
f 1167 1169 1168
f 1168 1169 1170
f 1168 1170 1128
f 1169 1125 1171
f 1169 1171 1170
f 1170 1171 1172
f 1170 1172 1128
f 1171 1125 1173
f 1171 1173 1172
f 1172 1173 1174
f 1172 1174 1128
f 1173 1125 1126
f 1173 1126 1174
f 1174 1126 1127
f 1174 1127 1128

o geometry_131
v -1.98750000 -0.67000000 3.11000000
v -1.98750000 -0.67000000 3.27000000
v -1.98750000 0.03000000 3.11000000
v -1.98750000 0.03000000 3.27000000
v -1.41250000 -0.67000000 3.11000000
v -1.41250000 -0.67000000 3.27000000
v -1.41250000 0.03000000 3.11000000
v -1.41250000 0.03000000 3.27000000
f 1176 1178 1175
f 1179 1176 1175
f 1175 1178 1177
f 1177 1179 1175
f 1176 1182 1178
f 1180 1176 1179
f 1180 1182 1176
f 1178 1182 1177
f 1181 1179 1177
f 1177 1182 1181
f 1181 1180 1179
f 1182 1180 1181

o geometry_132
v 1.70000000 -0.32000000 0.10000000
v 1.93000000 -0.32000000 0.10000000
v 1.93000000 -0.32000000 3.35000000
v 1.70000000 -0.32000000 3.35000000
v 1.92216294 -0.26047162 0.10000000
v 1.92216294 -0.26047162 3.35000000
v 1.89918584 -0.20500000 0.10000000
v 1.89918584 -0.20500000 3.35000000
v 1.86263456 -0.15736544 0.10000000
v 1.86263456 -0.15736544 3.35000000
v 1.81500000 -0.12081416 0.10000000
v 1.81500000 -0.12081416 3.35000000
v 1.75952838 -0.09783706 0.10000000
v 1.75952838 -0.09783706 3.35000000
v 1.70000000 -0.09000000 0.10000000
v 1.70000000 -0.09000000 3.35000000
v 1.64047162 -0.09783706 0.10000000
v 1.64047162 -0.09783706 3.35000000
v 1.58500000 -0.12081416 0.10000000
v 1.58500000 -0.12081416 3.35000000
v 1.53736544 -0.15736544 0.10000000
v 1.53736544 -0.15736544 3.35000000
v 1.50081416 -0.20500000 0.10000000
v 1.50081416 -0.20500000 3.35000000
v 1.47783706 -0.26047162 0.10000000
v 1.47783706 -0.26047162 3.35000000
v 1.47000000 -0.32000000 0.10000000
v 1.47000000 -0.32000000 3.35000000
v 1.47783706 -0.37952838 0.10000000
v 1.47783706 -0.37952838 3.35000000
v 1.50081416 -0.43500000 0.10000000
v 1.50081416 -0.43500000 3.35000000
v 1.53736544 -0.48263456 0.10000000
v 1.53736544 -0.48263456 3.35000000
v 1.58500000 -0.51918584 0.10000000
v 1.58500000 -0.51918584 3.35000000
v 1.64047162 -0.54216294 0.10000000
v 1.64047162 -0.54216294 3.35000000
v 1.70000000 -0.55000000 0.10000000
v 1.70000000 -0.55000000 3.35000000
v 1.75952838 -0.54216294 0.10000000
v 1.75952838 -0.54216294 3.35000000
v 1.81500000 -0.51918584 0.10000000
v 1.81500000 -0.51918584 3.35000000
v 1.86263456 -0.48263456 0.10000000
v 1.86263456 -0.48263456 3.35000000
v 1.89918584 -0.43500000 0.10000000
v 1.89918584 -0.43500000 3.35000000
v 1.92216294 -0.37952838 0.10000000
v 1.92216294 -0.37952838 3.35000000
f 1184 1183 1187
f 1184 1187 1185
f 1185 1187 1188
f 1185 1188 1186
f 1187 1183 1189
f 1187 1189 1188
f 1188 1189 1190
f 1188 1190 1186
f 1189 1183 1191
f 1189 1191 1190
f 1190 1191 1192
f 1190 1192 1186
f 1191 1183 1193
f 1191 1193 1192
f 1192 1193 1194
f 1192 1194 1186
f 1193 1183 1195
f 1193 1195 1194
f 1194 1195 1196
f 1194 1196 1186
f 1195 1183 1197
f 1195 1197 1196
f 1196 1197 1198
f 1196 1198 1186
f 1197 1183 1199
f 1197 1199 1198
f 1198 1199 1200
f 1198 1200 1186
f 1199 1183 1201
f 1199 1201 1200
f 1200 1201 1202
f 1200 1202 1186
f 1201 1183 1203
f 1201 1203 1202
f 1202 1203 1204
f 1202 1204 1186
f 1203 1183 1205
f 1203 1205 1204
f 1204 1205 1206
f 1204 1206 1186
f 1205 1183 1207
f 1205 1207 1206
f 1206 1207 1208
f 1206 1208 1186
f 1207 1183 1209
f 1207 1209 1208
f 1208 1209 1210
f 1208 1210 1186
f 1209 1183 1211
f 1209 1211 1210
f 1210 1211 1212
f 1210 1212 1186
f 1211 1183 1213
f 1211 1213 1212
f 1212 1213 1214
f 1212 1214 1186
f 1213 1183 1215
f 1213 1215 1214
f 1214 1215 1216
f 1214 1216 1186
f 1215 1183 1217
f 1215 1217 1216
f 1216 1217 1218
f 1216 1218 1186
f 1217 1183 1219
f 1217 1219 1218
f 1218 1219 1220
f 1218 1220 1186
f 1219 1183 1221
f 1219 1221 1220
f 1220 1221 1222
f 1220 1222 1186
f 1221 1183 1223
f 1221 1223 1222
f 1222 1223 1224
f 1222 1224 1186
f 1223 1183 1225
f 1223 1225 1224
f 1224 1225 1226
f 1224 1226 1186
f 1225 1183 1227
f 1225 1227 1226
f 1226 1227 1228
f 1226 1228 1186
f 1227 1183 1229
f 1227 1229 1228
f 1228 1229 1230
f 1228 1230 1186
f 1229 1183 1231
f 1229 1231 1230
f 1230 1231 1232
f 1230 1232 1186
f 1231 1183 1184
f 1231 1184 1232
f 1232 1184 1185
f 1232 1185 1186

o geometry_133
v 1.70000000 -0.32000000 0.10000000
v 1.99440000 -0.32000000 0.10000000
v 1.99440000 -0.32000000 0.26000000
v 1.70000000 -0.32000000 0.26000000
v 1.98436856 -0.24380367 0.10000000
v 1.98436856 -0.24380367 0.26000000
v 1.95495788 -0.17280000 0.10000000
v 1.95495788 -0.17280000 0.26000000
v 1.90817224 -0.11182776 0.10000000
v 1.90817224 -0.11182776 0.26000000
v 1.84720000 -0.06504212 0.10000000
v 1.84720000 -0.06504212 0.26000000
v 1.77619633 -0.03563144 0.10000000
v 1.77619633 -0.03563144 0.26000000
v 1.70000000 -0.02560000 0.10000000
v 1.70000000 -0.02560000 0.26000000
v 1.62380367 -0.03563144 0.10000000
v 1.62380367 -0.03563144 0.26000000
v 1.55280000 -0.06504212 0.10000000
v 1.55280000 -0.06504212 0.26000000
v 1.49182776 -0.11182776 0.10000000
v 1.49182776 -0.11182776 0.26000000
v 1.44504212 -0.17280000 0.10000000
v 1.44504212 -0.17280000 0.26000000
v 1.41563144 -0.24380367 0.10000000
v 1.41563144 -0.24380367 0.26000000
v 1.40560000 -0.32000000 0.10000000
v 1.40560000 -0.32000000 0.26000000
v 1.41563144 -0.39619633 0.10000000
v 1.41563144 -0.39619633 0.26000000
v 1.44504212 -0.46720000 0.10000000
v 1.44504212 -0.46720000 0.26000000
v 1.49182776 -0.52817224 0.10000000
v 1.49182776 -0.52817224 0.26000000
v 1.55280000 -0.57495788 0.10000000
v 1.55280000 -0.57495788 0.26000000
v 1.62380367 -0.60436856 0.10000000
v 1.62380367 -0.60436856 0.26000000
v 1.70000000 -0.61440000 0.10000000
v 1.70000000 -0.61440000 0.26000000
v 1.77619633 -0.60436856 0.10000000
v 1.77619633 -0.60436856 0.26000000
v 1.84720000 -0.57495788 0.10000000
v 1.84720000 -0.57495788 0.26000000
v 1.90817224 -0.52817224 0.10000000
v 1.90817224 -0.52817224 0.26000000
v 1.95495788 -0.46720000 0.10000000
v 1.95495788 -0.46720000 0.26000000
v 1.98436856 -0.39619633 0.10000000
v 1.98436856 -0.39619633 0.26000000
f 1234 1233 1237
f 1234 1237 1235
f 1235 1237 1238
f 1235 1238 1236
f 1237 1233 1239
f 1237 1239 1238
f 1238 1239 1240
f 1238 1240 1236
f 1239 1233 1241
f 1239 1241 1240
f 1240 1241 1242
f 1240 1242 1236
f 1241 1233 1243
f 1241 1243 1242
f 1242 1243 1244
f 1242 1244 1236
f 1243 1233 1245
f 1243 1245 1244
f 1244 1245 1246
f 1244 1246 1236
f 1245 1233 1247
f 1245 1247 1246
f 1246 1247 1248
f 1246 1248 1236
f 1247 1233 1249
f 1247 1249 1248
f 1248 1249 1250
f 1248 1250 1236
f 1249 1233 1251
f 1249 1251 1250
f 1250 1251 1252
f 1250 1252 1236
f 1251 1233 1253
f 1251 1253 1252
f 1252 1253 1254
f 1252 1254 1236
f 1253 1233 1255
f 1253 1255 1254
f 1254 1255 1256
f 1254 1256 1236
f 1255 1233 1257
f 1255 1257 1256
f 1256 1257 1258
f 1256 1258 1236
f 1257 1233 1259
f 1257 1259 1258
f 1258 1259 1260
f 1258 1260 1236
f 1259 1233 1261
f 1259 1261 1260
f 1260 1261 1262
f 1260 1262 1236
f 1261 1233 1263
f 1261 1263 1262
f 1262 1263 1264
f 1262 1264 1236
f 1263 1233 1265
f 1263 1265 1264
f 1264 1265 1266
f 1264 1266 1236
f 1265 1233 1267
f 1265 1267 1266
f 1266 1267 1268
f 1266 1268 1236
f 1267 1233 1269
f 1267 1269 1268
f 1268 1269 1270
f 1268 1270 1236
f 1269 1233 1271
f 1269 1271 1270
f 1270 1271 1272
f 1270 1272 1236
f 1271 1233 1273
f 1271 1273 1272
f 1272 1273 1274
f 1272 1274 1236
f 1273 1233 1275
f 1273 1275 1274
f 1274 1275 1276
f 1274 1276 1236
f 1275 1233 1277
f 1275 1277 1276
f 1276 1277 1278
f 1276 1278 1236
f 1277 1233 1279
f 1277 1279 1278
f 1278 1279 1280
f 1278 1280 1236
f 1279 1233 1281
f 1279 1281 1280
f 1280 1281 1282
f 1280 1282 1236
f 1281 1233 1234
f 1281 1234 1282
f 1282 1234 1235
f 1282 1235 1236

o geometry_134
v 1.70000000 -0.32000000 3.18000000
v 1.98060000 -0.32000000 3.18000000
v 1.98060000 -0.32000000 3.36000000
v 1.70000000 -0.32000000 3.36000000
v 1.97103879 -0.24737538 3.18000000
v 1.97103879 -0.24737538 3.36000000
v 1.94300673 -0.17970000 3.18000000
v 1.94300673 -0.17970000 3.36000000
v 1.89841416 -0.12158584 3.18000000
v 1.89841416 -0.12158584 3.36000000
v 1.84030000 -0.07699327 3.18000000
v 1.84030000 -0.07699327 3.36000000
v 1.77262462 -0.04896121 3.18000000
v 1.77262462 -0.04896121 3.36000000
v 1.70000000 -0.03940000 3.18000000
v 1.70000000 -0.03940000 3.36000000
v 1.62737538 -0.04896121 3.18000000
v 1.62737538 -0.04896121 3.36000000
v 1.55970000 -0.07699327 3.18000000
v 1.55970000 -0.07699327 3.36000000
v 1.50158584 -0.12158584 3.18000000
v 1.50158584 -0.12158584 3.36000000
v 1.45699327 -0.17970000 3.18000000
v 1.45699327 -0.17970000 3.36000000
v 1.42896121 -0.24737538 3.18000000
v 1.42896121 -0.24737538 3.36000000
v 1.41940000 -0.32000000 3.18000000
v 1.41940000 -0.32000000 3.36000000
v 1.42896121 -0.39262462 3.18000000
v 1.42896121 -0.39262462 3.36000000
v 1.45699327 -0.46030000 3.18000000
v 1.45699327 -0.46030000 3.36000000
v 1.50158584 -0.51841416 3.18000000
v 1.50158584 -0.51841416 3.36000000
v 1.55970000 -0.56300673 3.18000000
v 1.55970000 -0.56300673 3.36000000
v 1.62737538 -0.59103879 3.18000000
v 1.62737538 -0.59103879 3.36000000
v 1.70000000 -0.60060000 3.18000000
v 1.70000000 -0.60060000 3.36000000
v 1.77262462 -0.59103879 3.18000000
v 1.77262462 -0.59103879 3.36000000
v 1.84030000 -0.56300673 3.18000000
v 1.84030000 -0.56300673 3.36000000
v 1.89841416 -0.51841416 3.18000000
v 1.89841416 -0.51841416 3.36000000
v 1.94300673 -0.46030000 3.18000000
v 1.94300673 -0.46030000 3.36000000
v 1.97103879 -0.39262462 3.18000000
v 1.97103879 -0.39262462 3.36000000
f 1284 1283 1287
f 1284 1287 1285
f 1285 1287 1288
f 1285 1288 1286
f 1287 1283 1289
f 1287 1289 1288
f 1288 1289 1290
f 1288 1290 1286
f 1289 1283 1291
f 1289 1291 1290
f 1290 1291 1292
f 1290 1292 1286
f 1291 1283 1293
f 1291 1293 1292
f 1292 1293 1294
f 1292 1294 1286
f 1293 1283 1295
f 1293 1295 1294
f 1294 1295 1296
f 1294 1296 1286
f 1295 1283 1297
f 1295 1297 1296
f 1296 1297 1298
f 1296 1298 1286
f 1297 1283 1299
f 1297 1299 1298
f 1298 1299 1300
f 1298 1300 1286
f 1299 1283 1301
f 1299 1301 1300
f 1300 1301 1302
f 1300 1302 1286
f 1301 1283 1303
f 1301 1303 1302
f 1302 1303 1304
f 1302 1304 1286
f 1303 1283 1305
f 1303 1305 1304
f 1304 1305 1306
f 1304 1306 1286
f 1305 1283 1307
f 1305 1307 1306
f 1306 1307 1308
f 1306 1308 1286
f 1307 1283 1309
f 1307 1309 1308
f 1308 1309 1310
f 1308 1310 1286
f 1309 1283 1311
f 1309 1311 1310
f 1310 1311 1312
f 1310 1312 1286
f 1311 1283 1313
f 1311 1313 1312
f 1312 1313 1314
f 1312 1314 1286
f 1313 1283 1315
f 1313 1315 1314
f 1314 1315 1316
f 1314 1316 1286
f 1315 1283 1317
f 1315 1317 1316
f 1316 1317 1318
f 1316 1318 1286
f 1317 1283 1319
f 1317 1319 1318
f 1318 1319 1320
f 1318 1320 1286
f 1319 1283 1321
f 1319 1321 1320
f 1320 1321 1322
f 1320 1322 1286
f 1321 1283 1323
f 1321 1323 1322
f 1322 1323 1324
f 1322 1324 1286
f 1323 1283 1325
f 1323 1325 1324
f 1324 1325 1326
f 1324 1326 1286
f 1325 1283 1327
f 1325 1327 1326
f 1326 1327 1328
f 1326 1328 1286
f 1327 1283 1329
f 1327 1329 1328
f 1328 1329 1330
f 1328 1330 1286
f 1329 1283 1331
f 1329 1331 1330
f 1330 1331 1332
f 1330 1332 1286
f 1331 1283 1284
f 1331 1284 1332
f 1332 1284 1285
f 1332 1285 1286

o geometry_135
v 1.41250000 -0.67000000 3.11000000
v 1.41250000 -0.67000000 3.27000000
v 1.41250000 0.03000000 3.11000000
v 1.41250000 0.03000000 3.27000000
v 1.98750000 -0.67000000 3.11000000
v 1.98750000 -0.67000000 3.27000000
v 1.98750000 0.03000000 3.11000000
v 1.98750000 0.03000000 3.27000000
f 1334 1336 1333
f 1337 1334 1333
f 1333 1336 1335
f 1335 1337 1333
f 1334 1340 1336
f 1338 1334 1337
f 1338 1340 1334
f 1336 1340 1335
f 1339 1337 1335
f 1335 1340 1339
f 1339 1338 1337
f 1340 1338 1339

o geometry_136
v -1.99000000 -0.66000000 2.63000000
v -1.99000000 -0.66000000 2.81000000
v -1.99000000 -0.58000000 2.63000000
v -1.99000000 -0.58000000 2.81000000
v -1.57000000 -0.66000000 2.63000000
v -1.57000000 -0.66000000 2.81000000
v -1.57000000 -0.58000000 2.63000000
v -1.57000000 -0.58000000 2.81000000
f 1342 1344 1341
f 1345 1342 1341
f 1341 1344 1343
f 1343 1345 1341
f 1342 1348 1344
f 1346 1342 1345
f 1346 1348 1342
f 1344 1348 1343
f 1347 1345 1343
f 1343 1348 1347
f 1347 1346 1345
f 1348 1346 1347

o geometry_137
v -1.89550000 -0.73000000 2.76000000
v -1.89550000 -0.73000000 2.84000000
v -1.89550000 -0.63000000 2.76000000
v -1.89550000 -0.63000000 2.84000000
v -1.66450000 -0.73000000 2.76000000
v -1.66450000 -0.73000000 2.84000000
v -1.66450000 -0.63000000 2.76000000
v -1.66450000 -0.63000000 2.84000000
f 1350 1352 1349
f 1353 1350 1349
f 1349 1352 1351
f 1351 1353 1349
f 1350 1356 1352
f 1354 1350 1353
f 1354 1356 1350
f 1352 1356 1351
f 1355 1353 1351
f 1351 1356 1355
f 1355 1354 1353
f 1356 1354 1355

o geometry_138
v -1.57000000 -0.66000000 2.63000000
v -1.57000000 -0.66000000 2.81000000
v -1.57000000 -0.58000000 2.63000000
v -1.57000000 -0.58000000 2.81000000
v -1.15000000 -0.66000000 2.63000000
v -1.15000000 -0.66000000 2.81000000
v -1.15000000 -0.58000000 2.63000000
v -1.15000000 -0.58000000 2.81000000
f 1358 1360 1357
f 1361 1358 1357
f 1357 1360 1359
f 1359 1361 1357
f 1358 1364 1360
f 1362 1358 1361
f 1362 1364 1358
f 1360 1364 1359
f 1363 1361 1359
f 1359 1364 1363
f 1363 1362 1361
f 1364 1362 1363

o geometry_139
v -1.47550000 -0.73000000 2.60000000
v -1.47550000 -0.73000000 2.68000000
v -1.47550000 -0.63000000 2.60000000
v -1.47550000 -0.63000000 2.68000000
v -1.24450000 -0.73000000 2.60000000
v -1.24450000 -0.73000000 2.68000000
v -1.24450000 -0.63000000 2.60000000
v -1.24450000 -0.63000000 2.68000000
f 1366 1368 1365
f 1369 1366 1365
f 1365 1368 1367
f 1367 1369 1365
f 1366 1372 1368
f 1370 1366 1369
f 1370 1372 1366
f 1368 1372 1367
f 1371 1369 1367
f 1367 1372 1371
f 1371 1370 1369
f 1372 1370 1371

o geometry_140
v -1.15000000 -0.66000000 2.63000000
v -1.15000000 -0.66000000 2.81000000
v -1.15000000 -0.58000000 2.63000000
v -1.15000000 -0.58000000 2.81000000
v -0.73000000 -0.66000000 2.63000000
v -0.73000000 -0.66000000 2.81000000
v -0.73000000 -0.58000000 2.63000000
v -0.73000000 -0.58000000 2.81000000
f 1374 1376 1373
f 1377 1374 1373
f 1373 1376 1375
f 1375 1377 1373
f 1374 1380 1376
f 1378 1374 1377
f 1378 1380 1374
f 1376 1380 1375
f 1379 1377 1375
f 1375 1380 1379
f 1379 1378 1377
f 1380 1378 1379

o geometry_141
v -1.05550000 -0.73000000 2.76000000
v -1.05550000 -0.73000000 2.84000000
v -1.05550000 -0.63000000 2.76000000
v -1.05550000 -0.63000000 2.84000000
v -0.82450000 -0.73000000 2.76000000
v -0.82450000 -0.73000000 2.84000000
v -0.82450000 -0.63000000 2.76000000
v -0.82450000 -0.63000000 2.84000000
f 1382 1384 1381
f 1385 1382 1381
f 1381 1384 1383
f 1383 1385 1381
f 1382 1388 1384
f 1386 1382 1385
f 1386 1388 1382
f 1384 1388 1383
f 1387 1385 1383
f 1383 1388 1387
f 1387 1386 1385
f 1388 1386 1387

o geometry_142
v -0.73000000 -0.66000000 2.63000000
v -0.73000000 -0.66000000 2.81000000
v -0.73000000 -0.58000000 2.63000000
v -0.73000000 -0.58000000 2.81000000
v -0.31000000 -0.66000000 2.63000000
v -0.31000000 -0.66000000 2.81000000
v -0.31000000 -0.58000000 2.63000000
v -0.31000000 -0.58000000 2.81000000
f 1390 1392 1389
f 1393 1390 1389
f 1389 1392 1391
f 1391 1393 1389
f 1390 1396 1392
f 1394 1390 1393
f 1394 1396 1390
f 1392 1396 1391
f 1395 1393 1391
f 1391 1396 1395
f 1395 1394 1393
f 1396 1394 1395

o geometry_143
v -0.63550000 -0.73000000 2.60000000
v -0.63550000 -0.73000000 2.68000000
v -0.63550000 -0.63000000 2.60000000
v -0.63550000 -0.63000000 2.68000000
v -0.40450000 -0.73000000 2.60000000
v -0.40450000 -0.73000000 2.68000000
v -0.40450000 -0.63000000 2.60000000
v -0.40450000 -0.63000000 2.68000000
f 1398 1400 1397
f 1401 1398 1397
f 1397 1400 1399
f 1399 1401 1397
f 1398 1404 1400
f 1402 1398 1401
f 1402 1404 1398
f 1400 1404 1399
f 1403 1401 1399
f 1399 1404 1403
f 1403 1402 1401
f 1404 1402 1403

o geometry_144
v -0.31000000 -0.66000000 2.63000000
v -0.31000000 -0.66000000 2.81000000
v -0.31000000 -0.58000000 2.63000000
v -0.31000000 -0.58000000 2.81000000
v 0.11000000 -0.66000000 2.63000000
v 0.11000000 -0.66000000 2.81000000
v 0.11000000 -0.58000000 2.63000000
v 0.11000000 -0.58000000 2.81000000
f 1406 1408 1405
f 1409 1406 1405
f 1405 1408 1407
f 1407 1409 1405
f 1406 1412 1408
f 1410 1406 1409
f 1410 1412 1406
f 1408 1412 1407
f 1411 1409 1407
f 1407 1412 1411
f 1411 1410 1409
f 1412 1410 1411

o geometry_145
v -0.21550000 -0.73000000 2.76000000
v -0.21550000 -0.73000000 2.84000000
v -0.21550000 -0.63000000 2.76000000
v -0.21550000 -0.63000000 2.84000000
v 0.01550000 -0.73000000 2.76000000
v 0.01550000 -0.73000000 2.84000000
v 0.01550000 -0.63000000 2.76000000
v 0.01550000 -0.63000000 2.84000000
f 1414 1416 1413
f 1417 1414 1413
f 1413 1416 1415
f 1415 1417 1413
f 1414 1420 1416
f 1418 1414 1417
f 1418 1420 1414
f 1416 1420 1415
f 1419 1417 1415
f 1415 1420 1419
f 1419 1418 1417
f 1420 1418 1419

o geometry_146
v 0.11000000 -0.66000000 2.63000000
v 0.11000000 -0.66000000 2.81000000
v 0.11000000 -0.58000000 2.63000000
v 0.11000000 -0.58000000 2.81000000
v 0.53000000 -0.66000000 2.63000000
v 0.53000000 -0.66000000 2.81000000
v 0.53000000 -0.58000000 2.63000000
v 0.53000000 -0.58000000 2.81000000
f 1422 1424 1421
f 1425 1422 1421
f 1421 1424 1423
f 1423 1425 1421
f 1422 1428 1424
f 1426 1422 1425
f 1426 1428 1422
f 1424 1428 1423
f 1427 1425 1423
f 1423 1428 1427
f 1427 1426 1425
f 1428 1426 1427

o geometry_147
v 0.20450000 -0.73000000 2.60000000
v 0.20450000 -0.73000000 2.68000000
v 0.20450000 -0.63000000 2.60000000
v 0.20450000 -0.63000000 2.68000000
v 0.43550000 -0.73000000 2.60000000
v 0.43550000 -0.73000000 2.68000000
v 0.43550000 -0.63000000 2.60000000
v 0.43550000 -0.63000000 2.68000000
f 1430 1432 1429
f 1433 1430 1429
f 1429 1432 1431
f 1431 1433 1429
f 1430 1436 1432
f 1434 1430 1433
f 1434 1436 1430
f 1432 1436 1431
f 1435 1433 1431
f 1431 1436 1435
f 1435 1434 1433
f 1436 1434 1435

o geometry_148
v 0.53000000 -0.66000000 2.63000000
v 0.53000000 -0.66000000 2.81000000
v 0.53000000 -0.58000000 2.63000000
v 0.53000000 -0.58000000 2.81000000
v 0.95000000 -0.66000000 2.63000000
v 0.95000000 -0.66000000 2.81000000
v 0.95000000 -0.58000000 2.63000000
v 0.95000000 -0.58000000 2.81000000
f 1438 1440 1437
f 1441 1438 1437
f 1437 1440 1439
f 1439 1441 1437
f 1438 1444 1440
f 1442 1438 1441
f 1442 1444 1438
f 1440 1444 1439
f 1443 1441 1439
f 1439 1444 1443
f 1443 1442 1441
f 1444 1442 1443

o geometry_149
v 0.62450000 -0.73000000 2.76000000
v 0.62450000 -0.73000000 2.84000000
v 0.62450000 -0.63000000 2.76000000
v 0.62450000 -0.63000000 2.84000000
v 0.85550000 -0.73000000 2.76000000
v 0.85550000 -0.73000000 2.84000000
v 0.85550000 -0.63000000 2.76000000
v 0.85550000 -0.63000000 2.84000000
f 1446 1448 1445
f 1449 1446 1445
f 1445 1448 1447
f 1447 1449 1445
f 1446 1452 1448
f 1450 1446 1449
f 1450 1452 1446
f 1448 1452 1447
f 1451 1449 1447
f 1447 1452 1451
f 1451 1450 1449
f 1452 1450 1451

o geometry_150
v 0.95000000 -0.66000000 2.63000000
v 0.95000000 -0.66000000 2.81000000
v 0.95000000 -0.58000000 2.63000000
v 0.95000000 -0.58000000 2.81000000
v 1.37000000 -0.66000000 2.63000000
v 1.37000000 -0.66000000 2.81000000
v 1.37000000 -0.58000000 2.63000000
v 1.37000000 -0.58000000 2.81000000
f 1454 1456 1453
f 1457 1454 1453
f 1453 1456 1455
f 1455 1457 1453
f 1454 1460 1456
f 1458 1454 1457
f 1458 1460 1454
f 1456 1460 1455
f 1459 1457 1455
f 1455 1460 1459
f 1459 1458 1457
f 1460 1458 1459

o geometry_151
v 1.04450000 -0.73000000 2.60000000
v 1.04450000 -0.73000000 2.68000000
v 1.04450000 -0.63000000 2.60000000
v 1.04450000 -0.63000000 2.68000000
v 1.27550000 -0.73000000 2.60000000
v 1.27550000 -0.73000000 2.68000000
v 1.27550000 -0.63000000 2.60000000
v 1.27550000 -0.63000000 2.68000000
f 1462 1464 1461
f 1465 1462 1461
f 1461 1464 1463
f 1463 1465 1461
f 1462 1468 1464
f 1466 1462 1465
f 1466 1468 1462
f 1464 1468 1463
f 1467 1465 1463
f 1463 1468 1467
f 1467 1466 1465
f 1468 1466 1467

o geometry_152
v 1.37000000 -0.66000000 2.63000000
v 1.37000000 -0.66000000 2.81000000
v 1.37000000 -0.58000000 2.63000000
v 1.37000000 -0.58000000 2.81000000
v 1.79000000 -0.66000000 2.63000000
v 1.79000000 -0.66000000 2.81000000
v 1.79000000 -0.58000000 2.63000000
v 1.79000000 -0.58000000 2.81000000
f 1470 1472 1469
f 1473 1470 1469
f 1469 1472 1471
f 1471 1473 1469
f 1470 1476 1472
f 1474 1470 1473
f 1474 1476 1470
f 1472 1476 1471
f 1475 1473 1471
f 1471 1476 1475
f 1475 1474 1473
f 1476 1474 1475

o geometry_153
v 1.46450000 -0.73000000 2.76000000
v 1.46450000 -0.73000000 2.84000000
v 1.46450000 -0.63000000 2.76000000
v 1.46450000 -0.63000000 2.84000000
v 1.69550000 -0.73000000 2.76000000
v 1.69550000 -0.73000000 2.84000000
v 1.69550000 -0.63000000 2.76000000
v 1.69550000 -0.63000000 2.84000000
f 1478 1480 1477
f 1481 1478 1477
f 1477 1480 1479
f 1479 1481 1477
f 1478 1484 1480
f 1482 1478 1481
f 1482 1484 1478
f 1480 1484 1479
f 1483 1481 1479
f 1479 1484 1483
f 1483 1482 1481
f 1484 1482 1483

o geometry_154
v -0.18924665 -0.33515434 0.09261763
v -0.03942521 -0.33515434 0.09261763
v -0.18924665 -0.50484566 0.09261763
v -0.03942521 -0.50484566 0.09261763
v -0.11433593 -0.47243750 0.17409567
v -0.11433593 -0.36756250 0.17409567
v -0.11433593 -0.47243750 0.01113958
v -0.11433593 -0.36756250 0.01113958
v 0.00687216 -0.42000000 0.04226143
v 0.00687216 -0.42000000 0.14297383
v -0.23554402 -0.42000000 0.04226143
v -0.23554402 -0.42000000 0.14297383
v -0.11433593 -0.32025794 0.09261763
v -0.11433593 -0.51974206 0.09261763
v -0.15836735 -0.50069302 0.14050922
v -0.07030452 -0.50069302 0.14050922
v -0.15836735 -0.33930698 0.14050922
v -0.07030452 -0.33930698 0.14050922
v -0.11433593 -0.42000000 0.18840081
v -0.15836735 -0.50069302 0.04472603
v -0.07030452 -0.50069302 0.04472603
v -0.15836735 -0.33930698 0.04472603
v -0.07030452 -0.33930698 0.04472603
v -0.11433593 -0.42000000 -0.00316556
v 0.00093981 -0.37012897 0.06301899
v 0.00093981 -0.46987103 0.06301899
v -0.04309161 -0.45082199 0.01512740
v -0.04309161 -0.38917801 0.01512740
v 0.00093981 -0.37012897 0.12221626
v 0.00093981 -0.46987103 0.12221626
v -0.04309161 -0.45082199 0.17010785
v -0.04309161 -0.38917801 0.17010785
v 0.02815272 -0.42000000 0.09261763
v -0.22961168 -0.37012897 0.06301899
v -0.22961168 -0.46987103 0.06301899
v -0.18558026 -0.45082199 0.01512740
v -0.18558026 -0.38917801 0.01512740
v -0.22961168 -0.37012897 0.12221626
v -0.22961168 -0.46987103 0.12221626
v -0.18558026 -0.45082199 0.17010785
v -0.18558026 -0.38917801 0.17010785
v -0.25682459 -0.42000000 0.09261763
f 1485 1522 1501
f 1522 1496 1525
f 1501 1525 1490
f 1522 1525 1501
f 1485 1501 1497
f 1501 1490 1502
f 1497 1502 1486
f 1501 1502 1497
f 1485 1497 1506
f 1497 1486 1507
f 1506 1507 1492
f 1497 1507 1506
f 1485 1506 1518
f 1506 1492 1521
f 1518 1521 1495
f 1506 1521 1518
f 1485 1518 1522
f 1518 1495 1526
f 1522 1526 1496
f 1518 1526 1522
f 1486 1502 1513
f 1502 1490 1516
f 1513 1516 1494
f 1502 1516 1513
f 1490 1525 1503
f 1525 1496 1524
f 1503 1524 1489
f 1525 1524 1503
f 1496 1526 1523
f 1526 1495 1519
f 1523 1519 1487
f 1526 1519 1523
f 1495 1521 1520
f 1521 1492 1508
f 1520 1508 1491
f 1521 1508 1520
f 1492 1507 1512
f 1507 1486 1509
f 1512 1509 1493
f 1507 1509 1512
f 1488 1514 1500
f 1514 1494 1515
f 1500 1515 1489
f 1514 1515 1500
f 1488 1500 1498
f 1500 1489 1499
f 1498 1499 1487
f 1500 1499 1498
f 1488 1498 1505
f 1498 1487 1504
f 1505 1504 1491
f 1498 1504 1505
f 1488 1505 1510
f 1505 1491 1511
f 1510 1511 1493
f 1505 1511 1510
f 1488 1510 1514
f 1510 1493 1517
f 1514 1517 1494
f 1510 1517 1514
f 1489 1515 1503
f 1515 1494 1516
f 1503 1516 1490
f 1515 1516 1503
f 1487 1499 1523
f 1499 1489 1524
f 1523 1524 1496
f 1499 1524 1523
f 1491 1504 1520
f 1504 1487 1519
f 1520 1519 1495
f 1504 1519 1520
f 1493 1511 1512
f 1511 1491 1508
f 1512 1508 1492
f 1511 1508 1512
f 1494 1517 1513
f 1517 1493 1509
f 1513 1509 1486
f 1517 1509 1513

o geometry_155
v -0.17548827 -0.34384421 0.08313176
v -0.04101150 -0.34384421 0.08313176
v -0.17548827 -0.49615579 0.08313176
v -0.04101150 -0.49615579 0.08313176
v -0.10824988 -0.46706687 0.15347366
v -0.10824988 -0.37293313 0.15347366
v -0.10824988 -0.46706687 0.01278985
v -0.10824988 -0.37293313 0.01278985
v 0.00054411 -0.42000000 0.03965807
v 0.00054411 -0.42000000 0.12660544
v -0.21704388 -0.42000000 0.03965807
v -0.21704388 -0.42000000 0.12660544
v -0.10824988 -0.33047349 0.08313176
v -0.10824988 -0.50952651 0.08313176
v -0.14777162 -0.49242846 0.12447769
v -0.06872815 -0.49242846 0.12447769
v -0.14777162 -0.34757154 0.12447769
v -0.06872815 -0.34757154 0.12447769
v -0.10824988 -0.42000000 0.16582363
v -0.14777162 -0.49242846 0.04178582
v -0.06872815 -0.49242846 0.04178582
v -0.14777162 -0.34757154 0.04178582
v -0.06872815 -0.34757154 0.04178582
v -0.10824988 -0.42000000 0.00043989
v -0.00478065 -0.37523675 0.05757856
v -0.00478065 -0.46476325 0.05757856
v -0.04430238 -0.44766521 0.01623263
v -0.04430238 -0.39233479 0.01623263
v -0.00478065 -0.37523675 0.10868495
v -0.00478065 -0.46476325 0.10868495
v -0.04430238 -0.44766521 0.15003088
v -0.04430238 -0.39233479 0.15003088
v 0.01964512 -0.42000000 0.08313176
v -0.21171912 -0.37523675 0.05757856
v -0.21171912 -0.46476325 0.05757856
v -0.17219739 -0.44766521 0.01623263
v -0.17219739 -0.39233479 0.01623263
v -0.21171912 -0.37523675 0.10868495
v -0.21171912 -0.46476325 0.10868495
v -0.17219739 -0.44766521 0.15003088
v -0.17219739 -0.39233479 0.15003088
v -0.23614489 -0.42000000 0.08313176
f 1527 1564 1543
f 1564 1538 1567
f 1543 1567 1532
f 1564 1567 1543
f 1527 1543 1539
f 1543 1532 1544
f 1539 1544 1528
f 1543 1544 1539
f 1527 1539 1548
f 1539 1528 1549
f 1548 1549 1534
f 1539 1549 1548
f 1527 1548 1560
f 1548 1534 1563
f 1560 1563 1537
f 1548 1563 1560
f 1527 1560 1564
f 1560 1537 1568
f 1564 1568 1538
f 1560 1568 1564
f 1528 1544 1555
f 1544 1532 1558
f 1555 1558 1536
f 1544 1558 1555
f 1532 1567 1545
f 1567 1538 1566
f 1545 1566 1531
f 1567 1566 1545
f 1538 1568 1565
f 1568 1537 1561
f 1565 1561 1529
f 1568 1561 1565
f 1537 1563 1562
f 1563 1534 1550
f 1562 1550 1533
f 1563 1550 1562
f 1534 1549 1554
f 1549 1528 1551
f 1554 1551 1535
f 1549 1551 1554
f 1530 1556 1542
f 1556 1536 1557
f 1542 1557 1531
f 1556 1557 1542
f 1530 1542 1540
f 1542 1531 1541
f 1540 1541 1529
f 1542 1541 1540
f 1530 1540 1547
f 1540 1529 1546
f 1547 1546 1533
f 1540 1546 1547
f 1530 1547 1552
f 1547 1533 1553
f 1552 1553 1535
f 1547 1553 1552
f 1530 1552 1556
f 1552 1535 1559
f 1556 1559 1536
f 1552 1559 1556
f 1531 1557 1545
f 1557 1536 1558
f 1545 1558 1532
f 1557 1558 1545
f 1529 1541 1565
f 1541 1531 1566
f 1565 1566 1538
f 1541 1566 1565
f 1533 1546 1562
f 1546 1529 1561
f 1562 1561 1537
f 1546 1561 1562
f 1535 1553 1554
f 1553 1533 1550
f 1554 1550 1534
f 1553 1550 1554
f 1536 1559 1555
f 1559 1535 1551
f 1555 1551 1528
f 1559 1551 1555

o geometry_156
v 0.15223820 -0.26206618 0.17240074
v 0.43111953 -0.26206618 0.17240074
v 0.15223820 -0.57793382 0.17240074
v 0.43111953 -0.57793382 0.17240074
v 0.29167886 -0.51760847 0.43419108
v 0.29167886 -0.32239153 0.43419108
v 0.29167886 -0.51760847 -0.08938960
v 0.29167886 -0.32239153 -0.08938960
v 0.51729860 -0.42000000 0.01060541
v 0.51729860 -0.42000000 0.33419607
v 0.06605913 -0.42000000 0.01060541
v 0.06605913 -0.42000000 0.33419607
v 0.29167886 -0.23433766 0.17240074
v 0.29167886 -0.60566234 0.17240074
v 0.20971770 -0.57020398 0.32627724
v 0.37364003 -0.57020398 0.32627724
v 0.20971770 -0.26979602 0.32627724
v 0.37364003 -0.26979602 0.32627724
v 0.29167886 -0.42000000 0.48015374
v 0.20971770 -0.57020398 0.01852424
v 0.37364003 -0.57020398 0.01852424
v 0.20971770 -0.26979602 0.01852424
v 0.37364003 -0.26979602 0.01852424
v 0.29167886 -0.42000000 -0.13535226
v 0.50625598 -0.32716883 0.07729983
v 0.50625598 -0.51283117 0.07729983
v 0.42429482 -0.47737282 -0.07657667
v 0.42429482 -0.36262718 -0.07657667
v 0.50625598 -0.32716883 0.26750165
v 0.50625598 -0.51283117 0.26750165
v 0.42429482 -0.47737282 0.42137815
v 0.42429482 -0.36262718 0.42137815
v 0.55691077 -0.42000000 0.17240074
v 0.07710174 -0.32716883 0.07729983
v 0.07710174 -0.51283117 0.07729983
v 0.15906291 -0.47737282 -0.07657667
v 0.15906291 -0.36262718 -0.07657667
v 0.07710174 -0.32716883 0.26750165
v 0.07710174 -0.51283117 0.26750165
v 0.15906291 -0.47737282 0.42137815
v 0.15906291 -0.36262718 0.42137815
v 0.02644696 -0.42000000 0.17240074
f 1569 1606 1585
f 1606 1580 1609
f 1585 1609 1574
f 1606 1609 1585
f 1569 1585 1581
f 1585 1574 1586
f 1581 1586 1570
f 1585 1586 1581
f 1569 1581 1590
f 1581 1570 1591
f 1590 1591 1576
f 1581 1591 1590
f 1569 1590 1602
f 1590 1576 1605
f 1602 1605 1579
f 1590 1605 1602
f 1569 1602 1606
f 1602 1579 1610
f 1606 1610 1580
f 1602 1610 1606
f 1570 1586 1597
f 1586 1574 1600
f 1597 1600 1578
f 1586 1600 1597
f 1574 1609 1587
f 1609 1580 1608
f 1587 1608 1573
f 1609 1608 1587
f 1580 1610 1607
f 1610 1579 1603
f 1607 1603 1571
f 1610 1603 1607
f 1579 1605 1604
f 1605 1576 1592
f 1604 1592 1575
f 1605 1592 1604
f 1576 1591 1596
f 1591 1570 1593
f 1596 1593 1577
f 1591 1593 1596
f 1572 1598 1584
f 1598 1578 1599
f 1584 1599 1573
f 1598 1599 1584
f 1572 1584 1582
f 1584 1573 1583
f 1582 1583 1571
f 1584 1583 1582
f 1572 1582 1589
f 1582 1571 1588
f 1589 1588 1575
f 1582 1588 1589
f 1572 1589 1594
f 1589 1575 1595
f 1594 1595 1577
f 1589 1595 1594
f 1572 1594 1598
f 1594 1577 1601
f 1598 1601 1578
f 1594 1601 1598
f 1573 1599 1587
f 1599 1578 1600
f 1587 1600 1574
f 1599 1600 1587
f 1571 1583 1607
f 1583 1573 1608
f 1607 1608 1580
f 1583 1608 1607
f 1575 1588 1604
f 1588 1571 1603
f 1604 1603 1579
f 1588 1603 1604
f 1577 1595 1596
f 1595 1575 1592
f 1596 1592 1576
f 1595 1592 1596
f 1578 1601 1597
f 1601 1577 1593
f 1597 1593 1570
f 1601 1593 1597

o geometry_157
v -0.31922362 -0.33666774 0.09096560
v -0.17207456 -0.33666774 0.09096560
v -0.31922362 -0.50333226 0.09096560
v -0.17207456 -0.50333226 0.09096560
v -0.24564909 -0.47150217 0.20711601
v -0.24564909 -0.36849783 0.20711601
v -0.24564909 -0.47150217 -0.02518482
v -0.24564909 -0.36849783 -0.02518482
v -0.12660300 -0.42000000 0.01918069
v -0.12660300 -0.42000000 0.16275050
v -0.36469518 -0.42000000 0.01918069
v -0.36469518 -0.42000000 0.16275050
v -0.24564909 -0.32203705 0.09096560
v -0.24564909 -0.51796295 0.09096560
v -0.28889512 -0.49925369 0.15923710
v -0.20240307 -0.49925369 0.15923710
v -0.28889512 -0.34074631 0.15923710
v -0.20240307 -0.34074631 0.15923710
v -0.24564909 -0.42000000 0.22750860
v -0.28889512 -0.49925369 0.02269410
v -0.20240307 -0.49925369 0.02269410
v -0.28889512 -0.34074631 0.02269410
v -0.20240307 -0.34074631 0.02269410
v -0.24564909 -0.42000000 -0.04557740
v -0.13242953 -0.37101852 0.04877149
v -0.13242953 -0.46898148 0.04877149
v -0.17567556 -0.45027222 -0.01950001
v -0.17567556 -0.38972778 -0.01950001
v -0.13242953 -0.37101852 0.13315970
v -0.13242953 -0.46898148 0.13315970
v -0.17567556 -0.45027222 0.20143120
v -0.17567556 -0.38972778 0.20143120
v -0.10570202 -0.42000000 0.09096560
v -0.35886865 -0.37101852 0.04877149
v -0.35886865 -0.46898148 0.04877149
v -0.31562263 -0.45027222 -0.01950001
v -0.31562263 -0.38972778 -0.01950001
v -0.35886865 -0.37101852 0.13315970
v -0.35886865 -0.46898148 0.13315970
v -0.31562263 -0.45027222 0.20143120
v -0.31562263 -0.38972778 0.20143120
v -0.38559616 -0.42000000 0.09096560
f 1611 1648 1627
f 1648 1622 1651
f 1627 1651 1616
f 1648 1651 1627
f 1611 1627 1623
f 1627 1616 1628
f 1623 1628 1612
f 1627 1628 1623
f 1611 1623 1632
f 1623 1612 1633
f 1632 1633 1618
f 1623 1633 1632
f 1611 1632 1644
f 1632 1618 1647
f 1644 1647 1621
f 1632 1647 1644
f 1611 1644 1648
f 1644 1621 1652
f 1648 1652 1622
f 1644 1652 1648
f 1612 1628 1639
f 1628 1616 1642
f 1639 1642 1620
f 1628 1642 1639
f 1616 1651 1629
f 1651 1622 1650
f 1629 1650 1615
f 1651 1650 1629
f 1622 1652 1649
f 1652 1621 1645
f 1649 1645 1613
f 1652 1645 1649
f 1621 1647 1646
f 1647 1618 1634
f 1646 1634 1617
f 1647 1634 1646
f 1618 1633 1638
f 1633 1612 1635
f 1638 1635 1619
f 1633 1635 1638
f 1614 1640 1626
f 1640 1620 1641
f 1626 1641 1615
f 1640 1641 1626
f 1614 1626 1624
f 1626 1615 1625
f 1624 1625 1613
f 1626 1625 1624
f 1614 1624 1631
f 1624 1613 1630
f 1631 1630 1617
f 1624 1630 1631
f 1614 1631 1636
f 1631 1617 1637
f 1636 1637 1619
f 1631 1637 1636
f 1614 1636 1640
f 1636 1619 1643
f 1640 1643 1620
f 1636 1643 1640
f 1615 1641 1629
f 1641 1620 1642
f 1629 1642 1616
f 1641 1642 1629
f 1613 1625 1649
f 1625 1615 1650
f 1649 1650 1622
f 1625 1650 1649
f 1617 1630 1646
f 1630 1613 1645
f 1646 1645 1621
f 1630 1645 1646
f 1619 1637 1638
f 1637 1617 1634
f 1638 1634 1618
f 1637 1634 1638
f 1620 1643 1639
f 1643 1619 1635
f 1639 1635 1612
f 1643 1635 1639

o geometry_158
v -0.38307216 -0.34194791 0.08520175
v -0.24524689 -0.34194791 0.08520175
v -0.38307216 -0.49805209 0.08520175
v -0.24524689 -0.49805209 0.08520175
v -0.31415952 -0.46823884 0.16039137
v -0.31415952 -0.37176116 0.16039137
v -0.31415952 -0.46823884 0.01001213
v -0.31415952 -0.37176116 0.01001213
v -0.20265654 -0.42000000 0.03873201
v -0.20265654 -0.42000000 0.13167149
v -0.42566250 -0.42000000 0.03873201
v -0.42566250 -0.42000000 0.13167149
v -0.31415952 -0.32824427 0.08520175
v -0.31415952 -0.51175573 0.08520175
v -0.35466535 -0.49423195 0.12939710
v -0.27365370 -0.49423195 0.12939710
v -0.35466535 -0.34576805 0.12939710
v -0.27365370 -0.34576805 0.12939710
v -0.31415952 -0.42000000 0.17359244
v -0.35466535 -0.49423195 0.04100640
v -0.27365370 -0.49423195 0.04100640
v -0.35466535 -0.34576805 0.04100640
v -0.27365370 -0.34576805 0.04100640
v -0.31415952 -0.42000000 -0.00318894
v -0.20811389 -0.37412213 0.05788752
v -0.20811389 -0.46587787 0.05788752
v -0.24861972 -0.44835408 0.01369218
v -0.24861972 -0.39164592 0.01369218
v -0.20811389 -0.37412213 0.11251598
v -0.20811389 -0.46587787 0.11251598
v -0.24861972 -0.44835408 0.15671132
v -0.24861972 -0.39164592 0.15671132
v -0.18307991 -0.42000000 0.08520175
v -0.42020516 -0.37412213 0.05788752
v -0.42020516 -0.46587787 0.05788752
v -0.37969933 -0.44835408 0.01369218
v -0.37969933 -0.39164592 0.01369218
v -0.42020516 -0.37412213 0.11251598
v -0.42020516 -0.46587787 0.11251598
v -0.37969933 -0.44835408 0.15671132
v -0.37969933 -0.39164592 0.15671132
v -0.44523914 -0.42000000 0.08520175
f 1653 1690 1669
f 1690 1664 1693
f 1669 1693 1658
f 1690 1693 1669
f 1653 1669 1665
f 1669 1658 1670
f 1665 1670 1654
f 1669 1670 1665
f 1653 1665 1674
f 1665 1654 1675
f 1674 1675 1660
f 1665 1675 1674
f 1653 1674 1686
f 1674 1660 1689
f 1686 1689 1663
f 1674 1689 1686
f 1653 1686 1690
f 1686 1663 1694
f 1690 1694 1664
f 1686 1694 1690
f 1654 1670 1681
f 1670 1658 1684
f 1681 1684 1662
f 1670 1684 1681
f 1658 1693 1671
f 1693 1664 1692
f 1671 1692 1657
f 1693 1692 1671
f 1664 1694 1691
f 1694 1663 1687
f 1691 1687 1655
f 1694 1687 1691
f 1663 1689 1688
f 1689 1660 1676
f 1688 1676 1659
f 1689 1676 1688
f 1660 1675 1680
f 1675 1654 1677
f 1680 1677 1661
f 1675 1677 1680
f 1656 1682 1668
f 1682 1662 1683
f 1668 1683 1657
f 1682 1683 1668
f 1656 1668 1666
f 1668 1657 1667
f 1666 1667 1655
f 1668 1667 1666
f 1656 1666 1673
f 1666 1655 1672
f 1673 1672 1659
f 1666 1672 1673
f 1656 1673 1678
f 1673 1659 1679
f 1678 1679 1661
f 1673 1679 1678
f 1656 1678 1682
f 1678 1661 1685
f 1682 1685 1662
f 1678 1685 1682
f 1657 1683 1671
f 1683 1662 1684
f 1671 1684 1658
f 1683 1684 1671
f 1655 1667 1691
f 1667 1657 1692
f 1691 1692 1664
f 1667 1692 1691
f 1659 1672 1688
f 1672 1655 1687
f 1688 1687 1663
f 1672 1687 1688
f 1661 1679 1680
f 1679 1659 1676
f 1680 1676 1660
f 1679 1676 1680
f 1662 1685 1681
f 1685 1661 1677
f 1681 1677 1654
f 1685 1677 1681

o geometry_159
v 0.19697597 -0.26104575 0.17351465
v 0.47765920 -0.26104575 0.17351465
v 0.19697597 -0.57895425 0.17351465
v 0.47765920 -0.57895425 0.17351465
v 0.33731758 -0.51823913 0.44152152
v 0.33731758 -0.32176087 0.44152152
v 0.33731758 -0.51823913 -0.09449222
v 0.33731758 -0.32176087 -0.09449222
v 0.56439508 -0.42000000 0.00787730
v 0.56439508 -0.42000000 0.33915200
v 0.11024008 -0.42000000 0.00787730
v 0.11024008 -0.42000000 0.33915200
v 0.33731758 -0.23313807 0.17351465
v 0.33731758 -0.60686193 0.17351465
v 0.25482685 -0.57117448 0.33104513
v 0.41980831 -0.57117448 0.33104513
v 0.25482685 -0.26882552 0.33104513
v 0.41980831 -0.26882552 0.33104513
v 0.33731758 -0.42000000 0.48857562
v 0.25482685 -0.57117448 0.01598416
v 0.41980831 -0.57117448 0.01598416
v 0.25482685 -0.26882552 0.01598416
v 0.41980831 -0.26882552 0.01598416
v 0.33731758 -0.42000000 -0.14154632
v 0.55328112 -0.32656904 0.07615546
v 0.55328112 -0.51343096 0.07615546
v 0.47079039 -0.47774351 -0.08137503
v 0.47079039 -0.36225649 -0.08137503
v 0.55328112 -0.32656904 0.27087384
v 0.55328112 -0.51343096 0.27087384
v 0.47079039 -0.47774351 0.42840433
v 0.47079039 -0.36225649 0.42840433
v 0.60426320 -0.42000000 0.17351465
v 0.12135404 -0.32656904 0.07615546
v 0.12135404 -0.51343096 0.07615546
v 0.20384477 -0.47774351 -0.08137503
v 0.20384477 -0.36225649 -0.08137503
v 0.12135404 -0.32656904 0.27087384
v 0.12135404 -0.51343096 0.27087384
v 0.20384477 -0.47774351 0.42840433
v 0.20384477 -0.36225649 0.42840433
v 0.07037197 -0.42000000 0.17351465
f 1695 1732 1711
f 1732 1706 1735
f 1711 1735 1700
f 1732 1735 1711
f 1695 1711 1707
f 1711 1700 1712
f 1707 1712 1696
f 1711 1712 1707
f 1695 1707 1716
f 1707 1696 1717
f 1716 1717 1702
f 1707 1717 1716
f 1695 1716 1728
f 1716 1702 1731
f 1728 1731 1705
f 1716 1731 1728
f 1695 1728 1732
f 1728 1705 1736
f 1732 1736 1706
f 1728 1736 1732
f 1696 1712 1723
f 1712 1700 1726
f 1723 1726 1704
f 1712 1726 1723
f 1700 1735 1713
f 1735 1706 1734
f 1713 1734 1699
f 1735 1734 1713
f 1706 1736 1733
f 1736 1705 1729
f 1733 1729 1697
f 1736 1729 1733
f 1705 1731 1730
f 1731 1702 1718
f 1730 1718 1701
f 1731 1718 1730
f 1702 1717 1722
f 1717 1696 1719
f 1722 1719 1703
f 1717 1719 1722
f 1698 1724 1710
f 1724 1704 1725
f 1710 1725 1699
f 1724 1725 1710
f 1698 1710 1708
f 1710 1699 1709
f 1708 1709 1697
f 1710 1709 1708
f 1698 1708 1715
f 1708 1697 1714
f 1715 1714 1701
f 1708 1714 1715
f 1698 1715 1720
f 1715 1701 1721
f 1720 1721 1703
f 1715 1721 1720
f 1698 1720 1724
f 1720 1703 1727
f 1724 1727 1704
f 1720 1727 1724
f 1699 1725 1713
f 1725 1704 1726
f 1713 1726 1700
f 1725 1726 1713
f 1697 1709 1733
f 1709 1699 1734
f 1733 1734 1706
f 1709 1734 1733
f 1701 1714 1730
f 1714 1697 1729
f 1730 1729 1705
f 1714 1729 1730
f 1703 1721 1722
f 1721 1701 1718
f 1722 1718 1702
f 1721 1718 1722
f 1704 1727 1723
f 1727 1703 1719
f 1723 1719 1696
f 1727 1719 1723

o geometry_160
v -0.33748582 -0.27466084 0.15865240
v -0.08084428 -0.27466084 0.15865240
v -0.33748582 -0.56533916 0.15865240
v -0.08084428 -0.56533916 0.15865240
v -0.20916505 -0.50982454 0.31134259
v -0.20916505 -0.33017546 0.31134259
v -0.20916505 -0.50982454 0.00596221
v -0.20916505 -0.33017546 0.00596221
v -0.00153768 -0.42000000 0.06428467
v -0.00153768 -0.42000000 0.25302013
v -0.41679242 -0.42000000 0.06428467
v -0.41679242 -0.42000000 0.25302013
v -0.20916505 -0.24914357 0.15865240
v -0.20916505 -0.59085643 0.15865240
v -0.28459010 -0.55822575 0.24840144
v -0.13373999 -0.55822575 0.24840144
v -0.28459010 -0.28177425 0.24840144
v -0.13373999 -0.28177425 0.24840144
v -0.20916505 -0.42000000 0.33815048
v -0.28459010 -0.55822575 0.06890335
v -0.13373999 -0.55822575 0.06890335
v -0.28459010 -0.28177425 0.06890335
v -0.13373999 -0.28177425 0.06890335
v -0.20916505 -0.42000000 -0.02084569
v -0.01169968 -0.33457179 0.10318444
v -0.01169968 -0.50542821 0.10318444
v -0.08712474 -0.47279754 0.01343540
v -0.08712474 -0.36720246 0.01343540
v -0.01169968 -0.33457179 0.21412036
v -0.01169968 -0.50542821 0.21412036
v -0.08712474 -0.47279754 0.30386940
v -0.08712474 -0.36720246 0.30386940
v 0.03491556 -0.42000000 0.15865240
v -0.40663041 -0.33457179 0.10318444
v -0.40663041 -0.50542821 0.10318444
v -0.33120535 -0.47279754 0.01343540
v -0.33120535 -0.36720246 0.01343540
v -0.40663041 -0.33457179 0.21412036
v -0.40663041 -0.50542821 0.21412036
v -0.33120535 -0.47279754 0.30386940
v -0.33120535 -0.36720246 0.30386940
v -0.45324566 -0.42000000 0.15865240
f 1737 1774 1753
f 1774 1748 1777
f 1753 1777 1742
f 1774 1777 1753
f 1737 1753 1749
f 1753 1742 1754
f 1749 1754 1738
f 1753 1754 1749
f 1737 1749 1758
f 1749 1738 1759
f 1758 1759 1744
f 1749 1759 1758
f 1737 1758 1770
f 1758 1744 1773
f 1770 1773 1747
f 1758 1773 1770
f 1737 1770 1774
f 1770 1747 1778
f 1774 1778 1748
f 1770 1778 1774
f 1738 1754 1765
f 1754 1742 1768
f 1765 1768 1746
f 1754 1768 1765
f 1742 1777 1755
f 1777 1748 1776
f 1755 1776 1741
f 1777 1776 1755
f 1748 1778 1775
f 1778 1747 1771
f 1775 1771 1739
f 1778 1771 1775
f 1747 1773 1772
f 1773 1744 1760
f 1772 1760 1743
f 1773 1760 1772
f 1744 1759 1764
f 1759 1738 1761
f 1764 1761 1745
f 1759 1761 1764
f 1740 1766 1752
f 1766 1746 1767
f 1752 1767 1741
f 1766 1767 1752
f 1740 1752 1750
f 1752 1741 1751
f 1750 1751 1739
f 1752 1751 1750
f 1740 1750 1757
f 1750 1739 1756
f 1757 1756 1743
f 1750 1756 1757
f 1740 1757 1762
f 1757 1743 1763
f 1762 1763 1745
f 1757 1763 1762
f 1740 1762 1766
f 1762 1745 1769
f 1766 1769 1746
f 1762 1769 1766
f 1741 1767 1755
f 1767 1746 1768
f 1755 1768 1742
f 1767 1768 1755
f 1739 1751 1775
f 1751 1741 1776
f 1775 1776 1748
f 1751 1776 1775
f 1743 1756 1772
f 1756 1739 1771
f 1772 1771 1747
f 1756 1771 1772
f 1745 1763 1764
f 1763 1743 1760
f 1764 1760 1744
f 1763 1760 1764
f 1746 1769 1765
f 1769 1745 1761
f 1765 1761 1738
f 1769 1761 1765

o geometry_161
v 0.27820838 -0.29325394 0.13835615
v 0.50201801 -0.29325394 0.13835615
v 0.27820838 -0.54674606 0.13835615
v 0.50201801 -0.54674606 0.13835615
v 0.39011319 -0.49833337 0.33976039
v 0.39011319 -0.34166663 0.33976039
v 0.39011319 -0.49833337 -0.06304810
v 0.39011319 -0.34166663 -0.06304810
v 0.57117899 -0.42000000 0.01388148
v 0.57117899 -0.42000000 0.26283081
v 0.20904740 -0.42000000 0.01388148
v 0.20904740 -0.42000000 0.26283081
v 0.39011319 -0.27100107 0.13835615
v 0.39011319 -0.56899893 0.13835615
v 0.32433719 -0.54054266 0.25673859
v 0.45588919 -0.54054266 0.25673859
v 0.32433719 -0.29945734 0.25673859
v 0.45588919 -0.29945734 0.25673859
v 0.39011319 -0.42000000 0.37512104
v 0.32433719 -0.54054266 0.01997370
v 0.45588919 -0.54054266 0.01997370
v 0.32433719 -0.29945734 0.01997370
v 0.45588919 -0.29945734 0.01997370
v 0.39011319 -0.42000000 -0.09840875
v 0.56231700 -0.34550054 0.06519177
v 0.56231700 -0.49449946 0.06519177
v 0.49654100 -0.46604320 -0.05319067
v 0.49654100 -0.37395680 -0.05319067
v 0.56231700 -0.34550054 0.21152052
v 0.56231700 -0.49449946 0.21152052
v 0.49654100 -0.46604320 0.32990297
v 0.49654100 -0.37395680 0.32990297
v 0.60296880 -0.42000000 0.13835615
v 0.21790939 -0.34550054 0.06519177
v 0.21790939 -0.49449946 0.06519177
v 0.28368539 -0.46604320 -0.05319067
v 0.28368539 -0.37395680 -0.05319067
v 0.21790939 -0.34550054 0.21152052
v 0.21790939 -0.49449946 0.21152052
v 0.28368539 -0.46604320 0.32990297
v 0.28368539 -0.37395680 0.32990297
v 0.17725759 -0.42000000 0.13835615
f 1779 1816 1795
f 1816 1790 1819
f 1795 1819 1784
f 1816 1819 1795
f 1779 1795 1791
f 1795 1784 1796
f 1791 1796 1780
f 1795 1796 1791
f 1779 1791 1800
f 1791 1780 1801
f 1800 1801 1786
f 1791 1801 1800
f 1779 1800 1812
f 1800 1786 1815
f 1812 1815 1789
f 1800 1815 1812
f 1779 1812 1816
f 1812 1789 1820
f 1816 1820 1790
f 1812 1820 1816
f 1780 1796 1807
f 1796 1784 1810
f 1807 1810 1788
f 1796 1810 1807
f 1784 1819 1797
f 1819 1790 1818
f 1797 1818 1783
f 1819 1818 1797
f 1790 1820 1817
f 1820 1789 1813
f 1817 1813 1781
f 1820 1813 1817
f 1789 1815 1814
f 1815 1786 1802
f 1814 1802 1785
f 1815 1802 1814
f 1786 1801 1806
f 1801 1780 1803
f 1806 1803 1787
f 1801 1803 1806
f 1782 1808 1794
f 1808 1788 1809
f 1794 1809 1783
f 1808 1809 1794
f 1782 1794 1792
f 1794 1783 1793
f 1792 1793 1781
f 1794 1793 1792
f 1782 1792 1799
f 1792 1781 1798
f 1799 1798 1785
f 1792 1798 1799
f 1782 1799 1804
f 1799 1785 1805
f 1804 1805 1787
f 1799 1805 1804
f 1782 1804 1808
f 1804 1787 1811
f 1808 1811 1788
f 1804 1811 1808
f 1783 1809 1797
f 1809 1788 1810
f 1797 1810 1784
f 1809 1810 1797
f 1781 1793 1817
f 1793 1783 1818
f 1817 1818 1790
f 1793 1818 1817
f 1785 1798 1814
f 1798 1781 1813
f 1814 1813 1789
f 1798 1813 1814
f 1787 1805 1806
f 1805 1785 1802
f 1806 1802 1786
f 1805 1802 1806
f 1788 1811 1807
f 1811 1787 1803
f 1807 1803 1780
f 1811 1803 1807

o geometry_162
v -0.01941665 -0.26612884 0.16796594
v 0.25229079 -0.26612884 0.16796594
v -0.01941665 -0.57387116 0.16796594
v 0.25229079 -0.57387116 0.16796594
v 0.11643707 -0.51509761 0.31319894
v 0.11643707 -0.32490239 0.31319894
v 0.11643707 -0.51509761 0.02273294
v 0.11643707 -0.32490239 0.02273294
v 0.33625301 -0.42000000 0.07820701
v 0.33625301 -0.42000000 0.25772487
v -0.10337887 -0.42000000 0.07820701
v -0.10337887 -0.42000000 0.25772487
v 0.11643707 -0.23911361 0.16796594
v 0.11643707 -0.60088639 0.16796594
v 0.03658426 -0.56634017 0.25333175
v 0.19628989 -0.56634017 0.25333175
v 0.03658426 -0.27365983 0.25333175
v 0.19628989 -0.27365983 0.25333175
v 0.11643707 -0.42000000 0.33869757
v 0.03658426 -0.56634017 0.08260012
v 0.19628989 -0.56634017 0.08260012
v 0.03658426 -0.27365983 0.08260012
v 0.19628989 -0.27365983 0.08260012
v 0.11643707 -0.42000000 -0.00276570
v 0.32549445 -0.32955680 0.11520696
v 0.32549445 -0.51044320 0.11520696
v 0.24564164 -0.47589697 0.02984115
v 0.24564164 -0.36410303 0.02984115
v 0.32549445 -0.32955680 0.22072491
v 0.32549445 -0.51044320 0.22072491
v 0.24564164 -0.47589697 0.30609073
v 0.24564164 -0.36410303 0.30609073
v 0.37484621 -0.42000000 0.16796594
v -0.09262031 -0.32955680 0.11520696
v -0.09262031 -0.51044320 0.11520696
v -0.01276750 -0.47589697 0.02984115
v -0.01276750 -0.36410303 0.02984115
v -0.09262031 -0.32955680 0.22072491
v -0.09262031 -0.51044320 0.22072491
v -0.01276750 -0.47589697 0.30609073
v -0.01276750 -0.36410303 0.30609073
v -0.14197206 -0.42000000 0.16796594
f 1821 1858 1837
f 1858 1832 1861
f 1837 1861 1826
f 1858 1861 1837
f 1821 1837 1833
f 1837 1826 1838
f 1833 1838 1822
f 1837 1838 1833
f 1821 1833 1842
f 1833 1822 1843
f 1842 1843 1828
f 1833 1843 1842
f 1821 1842 1854
f 1842 1828 1857
f 1854 1857 1831
f 1842 1857 1854
f 1821 1854 1858
f 1854 1831 1862
f 1858 1862 1832
f 1854 1862 1858
f 1822 1838 1849
f 1838 1826 1852
f 1849 1852 1830
f 1838 1852 1849
f 1826 1861 1839
f 1861 1832 1860
f 1839 1860 1825
f 1861 1860 1839
f 1832 1862 1859
f 1862 1831 1855
f 1859 1855 1823
f 1862 1855 1859
f 1831 1857 1856
f 1857 1828 1844
f 1856 1844 1827
f 1857 1844 1856
f 1828 1843 1848
f 1843 1822 1845
f 1848 1845 1829
f 1843 1845 1848
f 1824 1850 1836
f 1850 1830 1851
f 1836 1851 1825
f 1850 1851 1836
f 1824 1836 1834
f 1836 1825 1835
f 1834 1835 1823
f 1836 1835 1834
f 1824 1834 1841
f 1834 1823 1840
f 1841 1840 1827
f 1834 1840 1841
f 1824 1841 1846
f 1841 1827 1847
f 1846 1847 1829
f 1841 1847 1846
f 1824 1846 1850
f 1846 1829 1853
f 1850 1853 1830
f 1846 1853 1850
f 1825 1851 1839
f 1851 1830 1852
f 1839 1852 1826
f 1851 1852 1839
f 1823 1835 1859
f 1835 1825 1860
f 1859 1860 1832
f 1835 1860 1859
f 1827 1840 1856
f 1840 1823 1855
f 1856 1855 1831
f 1840 1855 1856
f 1829 1847 1848
f 1847 1827 1844
f 1848 1844 1828
f 1847 1844 1848
f 1830 1853 1849
f 1853 1829 1845
f 1849 1845 1822
f 1853 1845 1849

o geometry_163
v -2.00000000 -0.29500000 0.00000000
v -2.00000000 -0.29500000 0.18000000
v -2.00000000 0.25500000 0.00000000
v -2.00000000 0.25500000 0.18000000
v 2.00000000 -0.29500000 0.00000000
v 2.00000000 -0.29500000 0.18000000
v 2.00000000 0.25500000 0.00000000
v 2.00000000 0.25500000 0.18000000
f 1864 1866 1863
f 1867 1864 1863
f 1863 1866 1865
f 1865 1867 1863
f 1864 1870 1866
f 1868 1864 1867
f 1868 1870 1864
f 1866 1870 1865
f 1869 1867 1865
f 1865 1870 1869
f 1869 1868 1867
f 1870 1868 1869

o geometry_164
v -2.00000000 -0.33000000 3.25000000
v -2.00000000 -0.33000000 3.50000000
v -2.00000000 0.29000000 3.25000000
v -2.00000000 0.29000000 3.50000000
v 2.00000000 -0.33000000 3.25000000
v 2.00000000 -0.33000000 3.50000000
v 2.00000000 0.29000000 3.25000000
v 2.00000000 0.29000000 3.50000000
f 1872 1874 1871
f 1875 1872 1871
f 1871 1874 1873
f 1873 1875 1871
f 1872 1878 1874
f 1876 1872 1875
f 1876 1878 1872
f 1874 1878 1873
f 1877 1875 1873
f 1873 1878 1877
f 1877 1876 1875
f 1878 1876 1877

