# Celestial Sorceress - full body stylized OBJ
mtllib celestial_sorceress_full_body.mtl
# vertices 9436 faces 15932
v 0.070000 0.000000 0.100000
v 0.068245 0.015576 0.100000
v 0.063068 0.030372 0.100000
v 0.054728 0.043644 0.100000
v 0.043644 0.054728 0.100000
v 0.030372 0.063068 0.100000
v 0.015576 0.068245 0.100000
v 0.000000 0.070000 0.100000
v -0.015576 0.068245 0.100000
v -0.030372 0.063068 0.100000
v -0.043644 0.054728 0.100000
v -0.054728 0.043644 0.100000
v -0.063068 0.030372 0.100000
v -0.068245 0.015576 0.100000
v -0.070000 0.000000 0.100000
v -0.068245 -0.015576 0.100000
v -0.063068 -0.030372 0.100000
v -0.054728 -0.043644 0.100000
v -0.043644 -0.054728 0.100000
v -0.030372 -0.063068 0.100000
v -0.015576 -0.068245 0.100000
v -0.000000 -0.070000 0.100000
v 0.015576 -0.068245 0.100000
v 0.030372 -0.063068 0.100000
v 0.043644 -0.054728 0.100000
v 0.054728 -0.043644 0.100000
v 0.063068 -0.030372 0.100000
v 0.068245 -0.015576 0.100000
v 0.075000 0.000000 0.180000
v 0.073120 0.016689 0.180000
v 0.067573 0.032541 0.180000
v 0.058637 0.046762 0.180000
v 0.046762 0.058637 0.180000
v 0.032541 0.067573 0.180000
v 0.016689 0.073120 0.180000
v 0.000000 0.075000 0.180000
v -0.016689 0.073120 0.180000
v -0.032541 0.067573 0.180000
v -0.046762 0.058637 0.180000
v -0.058637 0.046762 0.180000
v -0.067573 0.032541 0.180000
v -0.073120 0.016689 0.180000
v -0.075000 0.000000 0.180000
v -0.073120 -0.016689 0.180000
v -0.067573 -0.032541 0.180000
v -0.058637 -0.046762 0.180000
v -0.046762 -0.058637 0.180000
v -0.032541 -0.067573 0.180000
v -0.016689 -0.073120 0.180000
v -0.000000 -0.075000 0.180000
v 0.016689 -0.073120 0.180000
v 0.032541 -0.067573 0.180000
v 0.046762 -0.058637 0.180000
v 0.058637 -0.046762 0.180000
v 0.067573 -0.032541 0.180000
v 0.073120 -0.016689 0.180000
v 0.065000 0.000000 0.280000
v 0.063370 0.014464 0.280000
v 0.058563 0.028202 0.280000
v 0.050819 0.040527 0.280000
v 0.040527 0.050819 0.280000
v 0.028202 0.058563 0.280000
v 0.014464 0.063370 0.280000
v 0.000000 0.065000 0.280000
v -0.014464 0.063370 0.280000
v -0.028202 0.058563 0.280000
v -0.040527 0.050819 0.280000
v -0.050819 0.040527 0.280000
v -0.058563 0.028202 0.280000
v -0.063370 0.014464 0.280000
v -0.065000 0.000000 0.280000
v -0.063370 -0.014464 0.280000
v -0.058563 -0.028202 0.280000
v -0.050819 -0.040527 0.280000
v -0.040527 -0.050819 0.280000
v -0.028202 -0.058563 0.280000
v -0.014464 -0.063370 0.280000
v -0.000000 -0.065000 0.280000
v 0.014464 -0.063370 0.280000
v 0.028202 -0.058563 0.280000
v 0.040527 -0.050819 0.280000
v 0.050819 -0.040527 0.280000
v 0.058563 -0.028202 0.280000
v 0.063370 -0.014464 0.280000
v 0.055000 0.000000 0.950000
v 0.053621 0.012239 0.950000
v 0.049553 0.023864 0.950000
v 0.043001 0.034292 0.950000
v 0.034292 0.043001 0.950000
v 0.023864 0.049553 0.950000
v 0.012239 0.053621 0.950000
v 0.000000 0.055000 0.950000
v -0.012239 0.053621 0.950000
v -0.023864 0.049553 0.950000
v -0.034292 0.043001 0.950000
v -0.043001 0.034292 0.950000
v -0.049553 0.023864 0.950000
v -0.053621 0.012239 0.950000
v -0.055000 0.000000 0.950000
v -0.053621 -0.012239 0.950000
v -0.049553 -0.023864 0.950000
v -0.043001 -0.034292 0.950000
v -0.034292 -0.043001 0.950000
v -0.023864 -0.049553 0.950000
v -0.012239 -0.053621 0.950000
v -0.000000 -0.055000 0.950000
v 0.012239 -0.053621 0.950000
v 0.023864 -0.049553 0.950000
v 0.034292 -0.043001 0.950000
v 0.043001 -0.034292 0.950000
v 0.049553 -0.023864 0.950000
v 0.053621 -0.012239 0.950000
v 0.075000 0.000000 1.350000
v 0.073120 0.016689 1.350000
v 0.067573 0.032541 1.350000
v 0.058637 0.046762 1.350000
v 0.046762 0.058637 1.350000
v 0.032541 0.067573 1.350000
v 0.016689 0.073120 1.350000
v 0.000000 0.075000 1.350000
v -0.016689 0.073120 1.350000
v -0.032541 0.067573 1.350000
v -0.046762 0.058637 1.350000
v -0.058637 0.046762 1.350000
v -0.067573 0.032541 1.350000
v -0.073120 0.016689 1.350000
v -0.075000 0.000000 1.350000
v -0.073120 -0.016689 1.350000
v -0.067573 -0.032541 1.350000
v -0.058637 -0.046762 1.350000
v -0.046762 -0.058637 1.350000
v -0.032541 -0.067573 1.350000
v -0.016689 -0.073120 1.350000
v -0.000000 -0.075000 1.350000
v 0.016689 -0.073120 1.350000
v 0.032541 -0.067573 1.350000
v 0.046762 -0.058637 1.350000
v 0.058637 -0.046762 1.350000
v 0.067573 -0.032541 1.350000
v 0.073120 -0.016689 1.350000
v 0.109308 0.012316 0.020000
v 0.103827 0.036331 0.020000
v 0.093140 0.058524 0.020000
v 0.077782 0.077782 0.020000
v 0.058524 0.093140 0.020000
v 0.036331 0.103827 0.020000
v 0.012316 0.109308 0.020000
v -0.012316 0.109308 0.020000
v -0.036331 0.103827 0.020000
v -0.058524 0.093140 0.020000
v -0.077782 0.077782 0.020000
v -0.093140 0.058524 0.020000
v -0.103827 0.036331 0.020000
v -0.109308 0.012316 0.020000
v -0.109308 -0.012316 0.020000
v -0.103827 -0.036331 0.020000
v -0.093140 -0.058524 0.020000
v -0.077782 -0.077782 0.020000
v -0.058524 -0.093140 0.020000
v -0.036331 -0.103827 0.020000
v -0.012316 -0.109308 0.020000
v 0.012316 -0.109308 0.020000
v 0.036331 -0.103827 0.020000
v 0.058524 -0.093140 0.020000
v 0.077782 -0.077782 0.020000
v 0.093140 -0.058524 0.020000
v 0.103827 -0.036331 0.020000
v 0.109308 -0.012316 0.020000
v 0.119245 0.013436 0.050000
v 0.113266 0.039633 0.050000
v 0.101607 0.063844 0.050000
v 0.084853 0.084853 0.050000
v 0.063844 0.101607 0.050000
v 0.039633 0.113266 0.050000
v 0.013436 0.119245 0.050000
v -0.013436 0.119245 0.050000
v -0.039633 0.113266 0.050000
v -0.063844 0.101607 0.050000
v -0.084853 0.084853 0.050000
v -0.101607 0.063844 0.050000
v -0.113266 0.039633 0.050000
v -0.119245 0.013436 0.050000
v -0.119245 -0.013436 0.050000
v -0.113266 -0.039633 0.050000
v -0.101607 -0.063844 0.050000
v -0.084853 -0.084853 0.050000
v -0.063844 -0.101607 0.050000
v -0.039633 -0.113266 0.050000
v -0.013436 -0.119245 0.050000
v 0.013436 -0.119245 0.050000
v 0.039633 -0.113266 0.050000
v 0.063844 -0.101607 0.050000
v 0.084853 -0.084853 0.050000
v 0.101607 -0.063844 0.050000
v 0.113266 -0.039633 0.050000
v 0.119245 -0.013436 0.050000
v 0.099371 0.011196 0.080000
v 0.094388 0.033028 0.080000
v 0.084672 0.053203 0.080000
v 0.070711 0.070711 0.080000
v 0.053203 0.084672 0.080000
v 0.033028 0.094388 0.080000
v 0.011196 0.099371 0.080000
v -0.011196 0.099371 0.080000
v -0.033028 0.094388 0.080000
v -0.053203 0.084672 0.080000
v -0.070711 0.070711 0.080000
v -0.084672 0.053203 0.080000
v -0.094388 0.033028 0.080000
v -0.099371 0.011196 0.080000
v -0.099371 -0.011196 0.080000
v -0.094388 -0.033028 0.080000
v -0.084672 -0.053203 0.080000
v -0.070711 -0.070711 0.080000
v -0.053203 -0.084672 0.080000
v -0.033028 -0.094388 0.080000
v -0.011196 -0.099371 0.080000
v 0.011196 -0.099371 0.080000
v 0.033028 -0.094388 0.080000
v 0.053203 -0.084672 0.080000
v 0.070711 -0.070711 0.080000
v 0.084672 -0.053203 0.080000
v 0.094388 -0.033028 0.080000
v 0.099371 -0.011196 0.080000
v 0.070000 0.000000 0.100000
v 0.068245 0.015576 0.100000
v 0.063068 0.030372 0.100000
v 0.054728 0.043644 0.100000
v 0.043644 0.054728 0.100000
v 0.030372 0.063068 0.100000
v 0.015576 0.068245 0.100000
v 0.000000 0.070000 0.100000
v -0.015576 0.068245 0.100000
v -0.030372 0.063068 0.100000
v -0.043644 0.054728 0.100000
v -0.054728 0.043644 0.100000
v -0.063068 0.030372 0.100000
v -0.068245 0.015576 0.100000
v -0.070000 0.000000 0.100000
v -0.068245 -0.015576 0.100000
v -0.063068 -0.030372 0.100000
v -0.054728 -0.043644 0.100000
v -0.043644 -0.054728 0.100000
v -0.030372 -0.063068 0.100000
v -0.015576 -0.068245 0.100000
v -0.000000 -0.070000 0.100000
v 0.015576 -0.068245 0.100000
v 0.030372 -0.063068 0.100000
v 0.043644 -0.054728 0.100000
v 0.054728 -0.043644 0.100000
v 0.063068 -0.030372 0.100000
v 0.068245 -0.015576 0.100000
v 0.075000 0.000000 0.180000
v 0.073120 0.016689 0.180000
v 0.067573 0.032541 0.180000
v 0.058637 0.046762 0.180000
v 0.046762 0.058637 0.180000
v 0.032541 0.067573 0.180000
v 0.016689 0.073120 0.180000
v 0.000000 0.075000 0.180000
v -0.016689 0.073120 0.180000
v -0.032541 0.067573 0.180000
v -0.046762 0.058637 0.180000
v -0.058637 0.046762 0.180000
v -0.067573 0.032541 0.180000
v -0.073120 0.016689 0.180000
v -0.075000 0.000000 0.180000
v -0.073120 -0.016689 0.180000
v -0.067573 -0.032541 0.180000
v -0.058637 -0.046762 0.180000
v -0.046762 -0.058637 0.180000
v -0.032541 -0.067573 0.180000
v -0.016689 -0.073120 0.180000
v -0.000000 -0.075000 0.180000
v 0.016689 -0.073120 0.180000
v 0.032541 -0.067573 0.180000
v 0.046762 -0.058637 0.180000
v 0.058637 -0.046762 0.180000
v 0.067573 -0.032541 0.180000
v 0.073120 -0.016689 0.180000
v 0.065000 0.000000 0.280000
v 0.063370 0.014464 0.280000
v 0.058563 0.028202 0.280000
v 0.050819 0.040527 0.280000
v 0.040527 0.050819 0.280000
v 0.028202 0.058563 0.280000
v 0.014464 0.063370 0.280000
v 0.000000 0.065000 0.280000
v -0.014464 0.063370 0.280000
v -0.028202 0.058563 0.280000
v -0.040527 0.050819 0.280000
v -0.050819 0.040527 0.280000
v -0.058563 0.028202 0.280000
v -0.063370 0.014464 0.280000
v -0.065000 0.000000 0.280000
v -0.063370 -0.014464 0.280000
v -0.058563 -0.028202 0.280000
v -0.050819 -0.040527 0.280000
v -0.040527 -0.050819 0.280000
v -0.028202 -0.058563 0.280000
v -0.014464 -0.063370 0.280000
v -0.000000 -0.065000 0.280000
v 0.014464 -0.063370 0.280000
v 0.028202 -0.058563 0.280000
v 0.040527 -0.050819 0.280000
v 0.050819 -0.040527 0.280000
v 0.058563 -0.028202 0.280000
v 0.063370 -0.014464 0.280000
v 0.055000 0.000000 0.950000
v 0.053621 0.012239 0.950000
v 0.049553 0.023864 0.950000
v 0.043001 0.034292 0.950000
v 0.034292 0.043001 0.950000
v 0.023864 0.049553 0.950000
v 0.012239 0.053621 0.950000
v 0.000000 0.055000 0.950000
v -0.012239 0.053621 0.950000
v -0.023864 0.049553 0.950000
v -0.034292 0.043001 0.950000
v -0.043001 0.034292 0.950000
v -0.049553 0.023864 0.950000
v -0.053621 0.012239 0.950000
v -0.055000 0.000000 0.950000
v -0.053621 -0.012239 0.950000
v -0.049553 -0.023864 0.950000
v -0.043001 -0.034292 0.950000
v -0.034292 -0.043001 0.950000
v -0.023864 -0.049553 0.950000
v -0.012239 -0.053621 0.950000
v -0.000000 -0.055000 0.950000
v 0.012239 -0.053621 0.950000
v 0.023864 -0.049553 0.950000
v 0.034292 -0.043001 0.950000
v 0.043001 -0.034292 0.950000
v 0.049553 -0.023864 0.950000
v 0.053621 -0.012239 0.950000
v 0.075000 0.000000 1.350000
v 0.073120 0.016689 1.350000
v 0.067573 0.032541 1.350000
v 0.058637 0.046762 1.350000
v 0.046762 0.058637 1.350000
v 0.032541 0.067573 1.350000
v 0.016689 0.073120 1.350000
v 0.000000 0.075000 1.350000
v -0.016689 0.073120 1.350000
v -0.032541 0.067573 1.350000
v -0.046762 0.058637 1.350000
v -0.058637 0.046762 1.350000
v -0.067573 0.032541 1.350000
v -0.073120 0.016689 1.350000
v -0.075000 0.000000 1.350000
v -0.073120 -0.016689 1.350000
v -0.067573 -0.032541 1.350000
v -0.058637 -0.046762 1.350000
v -0.046762 -0.058637 1.350000
v -0.032541 -0.067573 1.350000
v -0.016689 -0.073120 1.350000
v -0.000000 -0.075000 1.350000
v 0.016689 -0.073120 1.350000
v 0.032541 -0.067573 1.350000
v 0.046762 -0.058637 1.350000
v 0.058637 -0.046762 1.350000
v 0.067573 -0.032541 1.350000
v 0.073120 -0.016689 1.350000
v 0.109308 0.012316 0.020000
v 0.103827 0.036331 0.020000
v 0.093140 0.058524 0.020000
v 0.077782 0.077782 0.020000
v 0.058524 0.093140 0.020000
v 0.036331 0.103827 0.020000
v 0.012316 0.109308 0.020000
v -0.012316 0.109308 0.020000
v -0.036331 0.103827 0.020000
v -0.058524 0.093140 0.020000
v -0.077782 0.077782 0.020000
v -0.093140 0.058524 0.020000
v -0.103827 0.036331 0.020000
v -0.109308 0.012316 0.020000
v -0.109308 -0.012316 0.020000
v -0.103827 -0.036331 0.020000
v -0.093140 -0.058524 0.020000
v -0.077782 -0.077782 0.020000
v -0.058524 -0.093140 0.020000
v -0.036331 -0.103827 0.020000
v -0.012316 -0.109308 0.020000
v 0.012316 -0.109308 0.020000
v 0.036331 -0.103827 0.020000
v 0.058524 -0.093140 0.020000
v 0.077782 -0.077782 0.020000
v 0.093140 -0.058524 0.020000
v 0.103827 -0.036331 0.020000
v 0.109308 -0.012316 0.020000
v 0.119245 0.013436 0.050000
v 0.113266 0.039633 0.050000
v 0.101607 0.063844 0.050000
v 0.084853 0.084853 0.050000
v 0.063844 0.101607 0.050000
v 0.039633 0.113266 0.050000
v 0.013436 0.119245 0.050000
v -0.013436 0.119245 0.050000
v -0.039633 0.113266 0.050000
v -0.063844 0.101607 0.050000
v -0.084853 0.084853 0.050000
v -0.101607 0.063844 0.050000
v -0.113266 0.039633 0.050000
v -0.119245 0.013436 0.050000
v -0.119245 -0.013436 0.050000
v -0.113266 -0.039633 0.050000
v -0.101607 -0.063844 0.050000
v -0.084853 -0.084853 0.050000
v -0.063844 -0.101607 0.050000
v -0.039633 -0.113266 0.050000
v -0.013436 -0.119245 0.050000
v 0.013436 -0.119245 0.050000
v 0.039633 -0.113266 0.050000
v 0.063844 -0.101607 0.050000
v 0.084853 -0.084853 0.050000
v 0.101607 -0.063844 0.050000
v 0.113266 -0.039633 0.050000
v 0.119245 -0.013436 0.050000
v 0.099371 0.011196 0.080000
v 0.094388 0.033028 0.080000
v 0.084672 0.053203 0.080000
v 0.070711 0.070711 0.080000
v 0.053203 0.084672 0.080000
v 0.033028 0.094388 0.080000
v 0.011196 0.099371 0.080000
v -0.011196 0.099371 0.080000
v -0.033028 0.094388 0.080000
v -0.053203 0.084672 0.080000
v -0.070711 0.070711 0.080000
v -0.084672 0.053203 0.080000
v -0.094388 0.033028 0.080000
v -0.099371 0.011196 0.080000
v -0.099371 -0.011196 0.080000
v -0.094388 -0.033028 0.080000
v -0.084672 -0.053203 0.080000
v -0.070711 -0.070711 0.080000
v -0.053203 -0.084672 0.080000
v -0.033028 -0.094388 0.080000
v -0.011196 -0.099371 0.080000
v 0.011196 -0.099371 0.080000
v 0.033028 -0.094388 0.080000
v 0.053203 -0.084672 0.080000
v 0.070711 -0.070711 0.080000
v 0.084672 -0.053203 0.080000
v 0.094388 -0.033028 0.080000
v 0.099371 -0.011196 0.080000
v 0.180000 0.000000 1.280000
v 0.178460 0.023495 1.280000
v 0.173867 0.046587 1.280000
v 0.166298 0.068883 1.280000
v 0.155885 0.090000 1.280000
v 0.142804 0.109577 1.280000
v 0.127279 0.127279 1.280000
v 0.109577 0.142804 1.280000
v 0.090000 0.155885 1.280000
v 0.068883 0.166298 1.280000
v 0.046587 0.173867 1.280000
v 0.023495 0.178460 1.280000
v 0.000000 0.180000 1.280000
v -0.023495 0.178460 1.280000
v -0.046587 0.173867 1.280000
v -0.068883 0.166298 1.280000
v -0.090000 0.155885 1.280000
v -0.109577 0.142804 1.280000
v -0.127279 0.127279 1.280000
v -0.142804 0.109577 1.280000
v -0.155885 0.090000 1.280000
v -0.166298 0.068883 1.280000
v -0.173867 0.046587 1.280000
v -0.178460 0.023495 1.280000
v -0.180000 0.000000 1.280000
v -0.178460 -0.023495 1.280000
v -0.173867 -0.046587 1.280000
v -0.166298 -0.068883 1.280000
v -0.155885 -0.090000 1.280000
v -0.142804 -0.109577 1.280000
v -0.127279 -0.127279 1.280000
v -0.109577 -0.142804 1.280000
v -0.090000 -0.155885 1.280000
v -0.068883 -0.166298 1.280000
v -0.046587 -0.173867 1.280000
v -0.023495 -0.178460 1.280000
v -0.000000 -0.180000 1.280000
v 0.023495 -0.178460 1.280000
v 0.046587 -0.173867 1.280000
v 0.068883 -0.166298 1.280000
v 0.090000 -0.155885 1.280000
v 0.109577 -0.142804 1.280000
v 0.127279 -0.127279 1.280000
v 0.142804 -0.109577 1.280000
v 0.155885 -0.090000 1.280000
v 0.166298 -0.068883 1.280000
v 0.173867 -0.046587 1.280000
v 0.178460 -0.023495 1.280000
v 0.220000 0.000000 1.420000
v 0.218118 0.028716 1.420000
v 0.212504 0.056940 1.420000
v 0.203253 0.084190 1.420000
v 0.190526 0.110000 1.420000
v 0.174538 0.133928 1.420000
v 0.155563 0.155563 1.420000
v 0.133928 0.174538 1.420000
v 0.110000 0.190526 1.420000
v 0.084190 0.203253 1.420000
v 0.056940 0.212504 1.420000
v 0.028716 0.218118 1.420000
v 0.000000 0.220000 1.420000
v -0.028716 0.218118 1.420000
v -0.056940 0.212504 1.420000
v -0.084190 0.203253 1.420000
v -0.110000 0.190526 1.420000
v -0.133928 0.174538 1.420000
v -0.155563 0.155563 1.420000
v -0.174538 0.133928 1.420000
v -0.190526 0.110000 1.420000
v -0.203253 0.084190 1.420000
v -0.212504 0.056940 1.420000
v -0.218118 0.028716 1.420000
v -0.220000 0.000000 1.420000
v -0.218118 -0.028716 1.420000
v -0.212504 -0.056940 1.420000
v -0.203253 -0.084190 1.420000
v -0.190526 -0.110000 1.420000
v -0.174538 -0.133928 1.420000
v -0.155563 -0.155563 1.420000
v -0.133928 -0.174538 1.420000
v -0.110000 -0.190526 1.420000
v -0.084190 -0.203253 1.420000
v -0.056940 -0.212504 1.420000
v -0.028716 -0.218118 1.420000
v -0.000000 -0.220000 1.420000
v 0.028716 -0.218118 1.420000
v 0.056940 -0.212504 1.420000
v 0.084190 -0.203253 1.420000
v 0.110000 -0.190526 1.420000
v 0.133928 -0.174538 1.420000
v 0.155563 -0.155563 1.420000
v 0.174538 -0.133928 1.420000
v 0.190526 -0.110000 1.420000
v 0.203253 -0.084190 1.420000
v 0.212504 -0.056940 1.420000
v 0.218118 -0.028716 1.420000
v 0.240000 0.000000 1.620000
v 0.237947 0.031326 1.620000
v 0.231822 0.062117 1.620000
v 0.221731 0.091844 1.620000
v 0.207846 0.120000 1.620000
v 0.190405 0.146103 1.620000
v 0.169706 0.169706 1.620000
v 0.146103 0.190405 1.620000
v 0.120000 0.207846 1.620000
v 0.091844 0.221731 1.620000
v 0.062117 0.231822 1.620000
v 0.031326 0.237947 1.620000
v 0.000000 0.240000 1.620000
v -0.031326 0.237947 1.620000
v -0.062117 0.231822 1.620000
v -0.091844 0.221731 1.620000
v -0.120000 0.207846 1.620000
v -0.146103 0.190405 1.620000
v -0.169706 0.169706 1.620000
v -0.190405 0.146103 1.620000
v -0.207846 0.120000 1.620000
v -0.221731 0.091844 1.620000
v -0.231822 0.062117 1.620000
v -0.237947 0.031326 1.620000
v -0.240000 0.000000 1.620000
v -0.237947 -0.031326 1.620000
v -0.231822 -0.062117 1.620000
v -0.221731 -0.091844 1.620000
v -0.207846 -0.120000 1.620000
v -0.190405 -0.146103 1.620000
v -0.169706 -0.169706 1.620000
v -0.146103 -0.190405 1.620000
v -0.120000 -0.207846 1.620000
v -0.091844 -0.221731 1.620000
v -0.062117 -0.231822 1.620000
v -0.031326 -0.237947 1.620000
v -0.000000 -0.240000 1.620000
v 0.031326 -0.237947 1.620000
v 0.062117 -0.231822 1.620000
v 0.091844 -0.221731 1.620000
v 0.120000 -0.207846 1.620000
v 0.146103 -0.190405 1.620000
v 0.169706 -0.169706 1.620000
v 0.190405 -0.146103 1.620000
v 0.207846 -0.120000 1.620000
v 0.221731 -0.091844 1.620000
v 0.231822 -0.062117 1.620000
v 0.237947 -0.031326 1.620000
v 0.280000 0.000000 1.820000
v 0.277605 0.036547 1.820000
v 0.270459 0.072469 1.820000
v 0.258686 0.107151 1.820000
v 0.242487 0.140000 1.820000
v 0.222139 0.170453 1.820000
v 0.197990 0.197990 1.820000
v 0.170453 0.222139 1.820000
v 0.140000 0.242487 1.820000
v 0.107151 0.258686 1.820000
v 0.072469 0.270459 1.820000
v 0.036547 0.277605 1.820000
v 0.000000 0.280000 1.820000
v -0.036547 0.277605 1.820000
v -0.072469 0.270459 1.820000
v -0.107151 0.258686 1.820000
v -0.140000 0.242487 1.820000
v -0.170453 0.222139 1.820000
v -0.197990 0.197990 1.820000
v -0.222139 0.170453 1.820000
v -0.242487 0.140000 1.820000
v -0.258686 0.107151 1.820000
v -0.270459 0.072469 1.820000
v -0.277605 0.036547 1.820000
v -0.280000 0.000000 1.820000
v -0.277605 -0.036547 1.820000
v -0.270459 -0.072469 1.820000
v -0.258686 -0.107151 1.820000
v -0.242487 -0.140000 1.820000
v -0.222139 -0.170453 1.820000
v -0.197990 -0.197990 1.820000
v -0.170453 -0.222139 1.820000
v -0.140000 -0.242487 1.820000
v -0.107151 -0.258686 1.820000
v -0.072469 -0.270459 1.820000
v -0.036547 -0.277605 1.820000
v -0.000000 -0.280000 1.820000
v 0.036547 -0.277605 1.820000
v 0.072469 -0.270459 1.820000
v 0.107151 -0.258686 1.820000
v 0.140000 -0.242487 1.820000
v 0.170453 -0.222139 1.820000
v 0.197990 -0.197990 1.820000
v 0.222139 -0.170453 1.820000
v 0.242487 -0.140000 1.820000
v 0.258686 -0.107151 1.820000
v 0.270459 -0.072469 1.820000
v 0.277605 -0.036547 1.820000
v 0.220000 0.000000 2.000000
v 0.218118 0.028716 2.000000
v 0.212504 0.056940 2.000000
v 0.203253 0.084190 2.000000
v 0.190526 0.110000 2.000000
v 0.174538 0.133928 2.000000
v 0.155563 0.155563 2.000000
v 0.133928 0.174538 2.000000
v 0.110000 0.190526 2.000000
v 0.084190 0.203253 2.000000
v 0.056940 0.212504 2.000000
v 0.028716 0.218118 2.000000
v 0.000000 0.220000 2.000000
v -0.028716 0.218118 2.000000
v -0.056940 0.212504 2.000000
v -0.084190 0.203253 2.000000
v -0.110000 0.190526 2.000000
v -0.133928 0.174538 2.000000
v -0.155563 0.155563 2.000000
v -0.174538 0.133928 2.000000
v -0.190526 0.110000 2.000000
v -0.203253 0.084190 2.000000
v -0.212504 0.056940 2.000000
v -0.218118 0.028716 2.000000
v -0.220000 0.000000 2.000000
v -0.218118 -0.028716 2.000000
v -0.212504 -0.056940 2.000000
v -0.203253 -0.084190 2.000000
v -0.190526 -0.110000 2.000000
v -0.174538 -0.133928 2.000000
v -0.155563 -0.155563 2.000000
v -0.133928 -0.174538 2.000000
v -0.110000 -0.190526 2.000000
v -0.084190 -0.203253 2.000000
v -0.056940 -0.212504 2.000000
v -0.028716 -0.218118 2.000000
v -0.000000 -0.220000 2.000000
v 0.028716 -0.218118 2.000000
v 0.056940 -0.212504 2.000000
v 0.084190 -0.203253 2.000000
v 0.110000 -0.190526 2.000000
v 0.133928 -0.174538 2.000000
v 0.155563 -0.155563 2.000000
v 0.174538 -0.133928 2.000000
v 0.190526 -0.110000 2.000000
v 0.203253 -0.084190 2.000000
v 0.212504 -0.056940 2.000000
v 0.218118 -0.028716 2.000000
v 0.110000 0.000000 1.980000
v 0.107886 0.021460 1.980000
v 0.101627 0.042095 1.980000
v 0.091462 0.061113 1.980000
v 0.077782 0.077782 1.980000
v 0.061113 0.091462 1.980000
v 0.042095 0.101627 1.980000
v 0.021460 0.107886 1.980000
v 0.000000 0.110000 1.980000
v -0.021460 0.107886 1.980000
v -0.042095 0.101627 1.980000
v -0.061113 0.091462 1.980000
v -0.077782 0.077782 1.980000
v -0.091462 0.061113 1.980000
v -0.101627 0.042095 1.980000
v -0.107886 0.021460 1.980000
v -0.110000 0.000000 1.980000
v -0.107886 -0.021460 1.980000
v -0.101627 -0.042095 1.980000
v -0.091462 -0.061113 1.980000
v -0.077782 -0.077782 1.980000
v -0.061113 -0.091462 1.980000
v -0.042095 -0.101627 1.980000
v -0.021460 -0.107886 1.980000
v -0.000000 -0.110000 1.980000
v 0.021460 -0.107886 1.980000
v 0.042095 -0.101627 1.980000
v 0.061113 -0.091462 1.980000
v 0.077782 -0.077782 1.980000
v 0.091462 -0.061113 1.980000
v 0.101627 -0.042095 1.980000
v 0.107886 -0.021460 1.980000
v 0.105000 0.000000 2.080000
v 0.102982 0.020484 2.080000
v 0.097007 0.040182 2.080000
v 0.087304 0.058335 2.080000
v 0.074246 0.074246 2.080000
v 0.058335 0.087304 2.080000
v 0.040182 0.097007 2.080000
v 0.020484 0.102982 2.080000
v 0.000000 0.105000 2.080000
v -0.020484 0.102982 2.080000
v -0.040182 0.097007 2.080000
v -0.058335 0.087304 2.080000
v -0.074246 0.074246 2.080000
v -0.087304 0.058335 2.080000
v -0.097007 0.040182 2.080000
v -0.102982 0.020484 2.080000
v -0.105000 0.000000 2.080000
v -0.102982 -0.020484 2.080000
v -0.097007 -0.040182 2.080000
v -0.087304 -0.058335 2.080000
v -0.074246 -0.074246 2.080000
v -0.058335 -0.087304 2.080000
v -0.040182 -0.097007 2.080000
v -0.020484 -0.102982 2.080000
v -0.000000 -0.105000 2.080000
v 0.020484 -0.102982 2.080000
v 0.040182 -0.097007 2.080000
v 0.058335 -0.087304 2.080000
v 0.074246 -0.074246 2.080000
v 0.087304 -0.058335 2.080000
v 0.097007 -0.040182 2.080000
v 0.102982 -0.020484 2.080000
v 0.000000 0.000000 2.590000
v 0.000000 0.000000 2.590000
v 0.000000 0.000000 2.590000
v 0.000000 0.000000 2.590000
v 0.000000 0.000000 2.590000
v 0.000000 0.000000 2.590000
v 0.000000 0.000000 2.590000
v 0.000000 0.000000 2.590000
v 0.000000 0.000000 2.590000
v 0.000000 0.000000 2.590000
v 0.000000 0.000000 2.590000
v 0.000000 0.000000 2.590000
v 0.000000 0.000000 2.590000
v 0.000000 0.000000 2.590000
v 0.000000 0.000000 2.590000
v 0.000000 0.000000 2.590000
v 0.000000 0.000000 2.590000
v 0.000000 0.000000 2.590000
v 0.000000 0.000000 2.590000
v 0.000000 0.000000 2.590000
v 0.000000 0.000000 2.590000
v 0.000000 0.000000 2.590000
v 0.000000 0.000000 2.590000
v 0.000000 0.000000 2.590000
v 0.000000 0.000000 2.590000
v 0.000000 0.000000 2.590000
v 0.000000 0.000000 2.590000
v 0.000000 0.000000 2.590000
v 0.000000 0.000000 2.590000
v 0.000000 0.000000 2.590000
v 0.000000 0.000000 2.590000
v 0.000000 0.000000 2.590000
v 0.000000 0.000000 2.590000
v 0.000000 0.000000 2.590000
v 0.000000 0.000000 2.590000
v 0.000000 0.000000 2.590000
v 0.000000 0.000000 2.590000
v 0.000000 0.000000 2.590000
v 0.000000 0.000000 2.590000
v 0.000000 0.000000 2.590000
v 0.000000 0.000000 2.590000
v 0.000000 0.000000 2.590000
v 0.000000 0.000000 2.590000
v 0.000000 0.000000 2.590000
v 0.000000 0.000000 2.590000
v 0.000000 0.000000 2.590000
v 0.000000 0.000000 2.590000
v 0.000000 0.000000 2.590000
v 0.030021 0.000000 2.587519
v 0.029764 0.003407 2.587519
v 0.028998 0.006757 2.587519
v 0.027736 0.009990 2.587519
v 0.025999 0.013053 2.587519
v 0.023817 0.015892 2.587519
v 0.021228 0.018459 2.587519
v 0.018276 0.020711 2.587519
v 0.015011 0.022608 2.587519
v 0.011489 0.024118 2.587519
v 0.007770 0.025216 2.587519
v 0.003919 0.025882 2.587519
v 0.000000 0.026105 2.587519
v -0.003919 0.025882 2.587519
v -0.007770 0.025216 2.587519
v -0.011489 0.024118 2.587519
v -0.015011 0.022608 2.587519
v -0.018276 0.020711 2.587519
v -0.021228 0.018459 2.587519
v -0.023817 0.015892 2.587519
v -0.025999 0.013053 2.587519
v -0.027736 0.009990 2.587519
v -0.028998 0.006757 2.587519
v -0.029764 0.003407 2.587519
v -0.030021 0.000000 2.587519
v -0.029764 -0.003407 2.587519
v -0.028998 -0.006757 2.587519
v -0.027736 -0.009990 2.587519
v -0.025999 -0.013053 2.587519
v -0.023817 -0.015892 2.587519
v -0.021228 -0.018459 2.587519
v -0.018276 -0.020711 2.587519
v -0.015011 -0.022608 2.587519
v -0.011489 -0.024118 2.587519
v -0.007770 -0.025216 2.587519
v -0.003919 -0.025882 2.587519
v -0.000000 -0.026105 2.587519
v 0.003919 -0.025882 2.587519
v 0.007770 -0.025216 2.587519
v 0.011489 -0.024118 2.587519
v 0.015011 -0.022608 2.587519
v 0.018276 -0.020711 2.587519
v 0.021228 -0.018459 2.587519
v 0.023817 -0.015892 2.587519
v 0.025999 -0.013053 2.587519
v 0.027736 -0.009990 2.587519
v 0.028998 -0.006757 2.587519
v 0.029764 -0.003407 2.587519
v 0.059528 0.000000 2.580118
v 0.059019 0.006757 2.580118
v 0.057500 0.013397 2.580118
v 0.054997 0.019809 2.580118
v 0.051553 0.025882 2.580118
v 0.047227 0.031512 2.580118
v 0.042093 0.036603 2.580118
v 0.036239 0.041067 2.580118
v 0.029764 0.044829 2.580118
v 0.022781 0.047824 2.580118
v 0.015407 0.050000 2.580118
v 0.007770 0.051321 2.580118
v 0.000000 0.051764 2.580118
v -0.007770 0.051321 2.580118
v -0.015407 0.050000 2.580118
v -0.022781 0.047824 2.580118
v -0.029764 0.044829 2.580118
v -0.036239 0.041067 2.580118
v -0.042093 0.036603 2.580118
v -0.047227 0.031512 2.580118
v -0.051553 0.025882 2.580118
v -0.054997 0.019809 2.580118
v -0.057500 0.013397 2.580118
v -0.059019 0.006757 2.580118
v -0.059528 0.000000 2.580118
v -0.059019 -0.006757 2.580118
v -0.057500 -0.013397 2.580118
v -0.054997 -0.019809 2.580118
v -0.051553 -0.025882 2.580118
v -0.047227 -0.031512 2.580118
v -0.042093 -0.036603 2.580118
v -0.036239 -0.041067 2.580118
v -0.029764 -0.044829 2.580118
v -0.022781 -0.047824 2.580118
v -0.015407 -0.050000 2.580118
v -0.007770 -0.051321 2.580118
v -0.000000 -0.051764 2.580118
v 0.007770 -0.051321 2.580118
v 0.015407 -0.050000 2.580118
v 0.022781 -0.047824 2.580118
v 0.029764 -0.044829 2.580118
v 0.036239 -0.041067 2.580118
v 0.042093 -0.036603 2.580118
v 0.047227 -0.031512 2.580118
v 0.051553 -0.025882 2.580118
v 0.054997 -0.019809 2.580118
v 0.057500 -0.013397 2.580118
v 0.059019 -0.006757 2.580118
v 0.088017 0.000000 2.567925
v 0.087264 0.009990 2.567925
v 0.085018 0.019809 2.567925
v 0.081317 0.029289 2.567925
v 0.076225 0.038268 2.567925
v 0.069829 0.046593 2.567925
v 0.062238 0.054120 2.567925
v 0.053581 0.060721 2.567925
v 0.044009 0.066283 2.567925
v 0.033683 0.070711 2.567925
v 0.022781 0.073929 2.567925
v 0.011489 0.075882 2.567925
v 0.000000 0.076537 2.567925
v -0.011489 0.075882 2.567925
v -0.022781 0.073929 2.567925
v -0.033683 0.070711 2.567925
v -0.044009 0.066283 2.567925
v -0.053581 0.060721 2.567925
v -0.062238 0.054120 2.567925
v -0.069829 0.046593 2.567925
v -0.076225 0.038268 2.567925
v -0.081317 0.029289 2.567925
v -0.085018 0.019809 2.567925
v -0.087264 0.009990 2.567925
v -0.088017 0.000000 2.567925
v -0.087264 -0.009990 2.567925
v -0.085018 -0.019809 2.567925
v -0.081317 -0.029289 2.567925
v -0.076225 -0.038268 2.567925
v -0.069829 -0.046593 2.567925
v -0.062238 -0.054120 2.567925
v -0.053581 -0.060721 2.567925
v -0.044009 -0.066283 2.567925
v -0.033683 -0.070711 2.567925
v -0.022781 -0.073929 2.567925
v -0.011489 -0.075882 2.567925
v -0.000000 -0.076537 2.567925
v 0.011489 -0.075882 2.567925
v 0.022781 -0.073929 2.567925
v 0.033683 -0.070711 2.567925
v 0.044009 -0.066283 2.567925
v 0.053581 -0.060721 2.567925
v 0.062238 -0.054120 2.567925
v 0.069829 -0.046593 2.567925
v 0.076225 -0.038268 2.567925
v 0.081317 -0.029289 2.567925
v 0.085018 -0.019809 2.567925
v 0.087264 -0.009990 2.567925
v 0.115000 0.000000 2.551147
v 0.114016 0.013053 2.551147
v 0.111081 0.025882 2.551147
v 0.106246 0.038268 2.551147
v 0.099593 0.050000 2.551147
v 0.091236 0.060876 2.551147
v 0.081317 0.070711 2.551147
v 0.070008 0.079335 2.551147
v 0.057500 0.086603 2.551147
v 0.044009 0.092388 2.551147
v 0.029764 0.096593 2.551147
v 0.015011 0.099144 2.551147
v 0.000000 0.100000 2.551147
v -0.015011 0.099144 2.551147
v -0.029764 0.096593 2.551147
v -0.044009 0.092388 2.551147
v -0.057500 0.086603 2.551147
v -0.070008 0.079335 2.551147
v -0.081317 0.070711 2.551147
v -0.091236 0.060876 2.551147
v -0.099593 0.050000 2.551147
v -0.106246 0.038268 2.551147
v -0.111081 0.025882 2.551147
v -0.114016 0.013053 2.551147
v -0.115000 0.000000 2.551147
v -0.114016 -0.013053 2.551147
v -0.111081 -0.025882 2.551147
v -0.106246 -0.038268 2.551147
v -0.099593 -0.050000 2.551147
v -0.091236 -0.060876 2.551147
v -0.081317 -0.070711 2.551147
v -0.070008 -0.079335 2.551147
v -0.057500 -0.086603 2.551147
v -0.044009 -0.092388 2.551147
v -0.029764 -0.096593 2.551147
v -0.015011 -0.099144 2.551147
v -0.000000 -0.100000 2.551147
v 0.015011 -0.099144 2.551147
v 0.029764 -0.096593 2.551147
v 0.044009 -0.092388 2.551147
v 0.057500 -0.086603 2.551147
v 0.070008 -0.079335 2.551147
v 0.081317 -0.070711 2.551147
v 0.091236 -0.060876 2.551147
v 0.099593 -0.050000 2.551147
v 0.106246 -0.038268 2.551147
v 0.111081 -0.025882 2.551147
v 0.114016 -0.013053 2.551147
v 0.140015 0.000000 2.530072
v 0.138817 0.015892 2.530072
v 0.135244 0.031512 2.530072
v 0.129357 0.046593 2.530072
v 0.121257 0.060876 2.530072
v 0.111081 0.074118 2.530072
v 0.099006 0.086092 2.530072
v 0.085236 0.096593 2.530072
v 0.070008 0.105441 2.530072
v 0.053581 0.112484 2.530072
v 0.036239 0.117604 2.530072
v 0.018276 0.120711 2.530072
v 0.000000 0.121752 2.530072
v -0.018276 0.120711 2.530072
v -0.036239 0.117604 2.530072
v -0.053581 0.112484 2.530072
v -0.070008 0.105441 2.530072
v -0.085236 0.096593 2.530072
v -0.099006 0.086092 2.530072
v -0.111081 0.074118 2.530072
v -0.121257 0.060876 2.530072
v -0.129357 0.046593 2.530072
v -0.135244 0.031512 2.530072
v -0.138817 0.015892 2.530072
v -0.140015 0.000000 2.530072
v -0.138817 -0.015892 2.530072
v -0.135244 -0.031512 2.530072
v -0.129357 -0.046593 2.530072
v -0.121257 -0.060876 2.530072
v -0.111081 -0.074118 2.530072
v -0.099006 -0.086092 2.530072
v -0.085236 -0.096593 2.530072
v -0.070008 -0.105441 2.530072
v -0.053581 -0.112484 2.530072
v -0.036239 -0.117604 2.530072
v -0.018276 -0.120711 2.530072
v -0.000000 -0.121752 2.530072
v 0.018276 -0.120711 2.530072
v 0.036239 -0.117604 2.530072
v 0.053581 -0.112484 2.530072
v 0.070008 -0.105441 2.530072
v 0.085236 -0.096593 2.530072
v 0.099006 -0.086092 2.530072
v 0.111081 -0.074118 2.530072
v 0.121257 -0.060876 2.530072
v 0.129357 -0.046593 2.530072
v 0.135244 -0.031512 2.530072
v 0.138817 -0.015892 2.530072
v 0.162635 0.000000 2.505061
v 0.161243 0.018459 2.505061
v 0.157093 0.036603 2.505061
v 0.150255 0.054120 2.505061
v 0.140846 0.070711 2.505061
v 0.129027 0.086092 2.505061
v 0.115000 0.100000 2.505061
v 0.099006 0.112197 2.505061
v 0.081317 0.122474 2.505061
v 0.062238 0.130656 2.505061
v 0.042093 0.136603 2.505061
v 0.021228 0.140211 2.505061
v 0.000000 0.141421 2.505061
v -0.021228 0.140211 2.505061
v -0.042093 0.136603 2.505061
v -0.062238 0.130656 2.505061
v -0.081317 0.122474 2.505061
v -0.099006 0.112197 2.505061
v -0.115000 0.100000 2.505061
v -0.129027 0.086092 2.505061
v -0.140846 0.070711 2.505061
v -0.150255 0.054120 2.505061
v -0.157093 0.036603 2.505061
v -0.161243 0.018459 2.505061
v -0.162635 0.000000 2.505061
v -0.161243 -0.018459 2.505061
v -0.157093 -0.036603 2.505061
v -0.150255 -0.054120 2.505061
v -0.140846 -0.070711 2.505061
v -0.129027 -0.086092 2.505061
v -0.115000 -0.100000 2.505061
v -0.099006 -0.112197 2.505061
v -0.081317 -0.122474 2.505061
v -0.062238 -0.130656 2.505061
v -0.042093 -0.136603 2.505061
v -0.021228 -0.140211 2.505061
v -0.000000 -0.141421 2.505061
v 0.021228 -0.140211 2.505061
v 0.042093 -0.136603 2.505061
v 0.062238 -0.130656 2.505061
v 0.081317 -0.122474 2.505061
v 0.099006 -0.112197 2.505061
v 0.115000 -0.100000 2.505061
v 0.129027 -0.086092 2.505061
v 0.140846 -0.070711 2.505061
v 0.150255 -0.054120 2.505061
v 0.157093 -0.036603 2.505061
v 0.161243 -0.018459 2.505061
v 0.182471 0.000000 2.476541
v 0.180910 0.020711 2.476541
v 0.176254 0.041067 2.476541
v 0.168581 0.060721 2.476541
v 0.158025 0.079335 2.476541
v 0.144764 0.096593 2.476541
v 0.129027 0.112197 2.476541
v 0.111081 0.125882 2.476541
v 0.091236 0.137413 2.476541
v 0.069829 0.146593 2.476541
v 0.047227 0.153264 2.476541
v 0.023817 0.157313 2.476541
v 0.000000 0.158671 2.476541
v -0.023817 0.157313 2.476541
v -0.047227 0.153264 2.476541
v -0.069829 0.146593 2.476541
v -0.091236 0.137413 2.476541
v -0.111081 0.125882 2.476541
v -0.129027 0.112197 2.476541
v -0.144764 0.096593 2.476541
v -0.158025 0.079335 2.476541
v -0.168581 0.060721 2.476541
v -0.176254 0.041067 2.476541
v -0.180910 0.020711 2.476541
v -0.182471 0.000000 2.476541
v -0.180910 -0.020711 2.476541
v -0.176254 -0.041067 2.476541
v -0.168581 -0.060721 2.476541
v -0.158025 -0.079335 2.476541
v -0.144764 -0.096593 2.476541
v -0.129027 -0.112197 2.476541
v -0.111081 -0.125882 2.476541
v -0.091236 -0.137413 2.476541
v -0.069829 -0.146593 2.476541
v -0.047227 -0.153264 2.476541
v -0.023817 -0.157313 2.476541
v -0.000000 -0.158671 2.476541
v 0.023817 -0.157313 2.476541
v 0.047227 -0.153264 2.476541
v 0.069829 -0.146593 2.476541
v 0.091236 -0.137413 2.476541
v 0.111081 -0.125882 2.476541
v 0.129027 -0.112197 2.476541
v 0.144764 -0.096593 2.476541
v 0.158025 -0.079335 2.476541
v 0.168581 -0.060721 2.476541
v 0.176254 -0.041067 2.476541
v 0.180910 -0.020711 2.476541
v 0.199186 0.000000 2.445000
v 0.197482 0.022608 2.445000
v 0.192399 0.044829 2.445000
v 0.184024 0.066283 2.445000
v 0.172500 0.086603 2.445000
v 0.158025 0.105441 2.445000
v 0.140846 0.122474 2.445000
v 0.121257 0.137413 2.445000
v 0.099593 0.150000 2.445000
v 0.076225 0.160021 2.445000
v 0.051553 0.167303 2.445000
v 0.025999 0.171723 2.445000
v 0.000000 0.173205 2.445000
v -0.025999 0.171723 2.445000
v -0.051553 0.167303 2.445000
v -0.076225 0.160021 2.445000
v -0.099593 0.150000 2.445000
v -0.121257 0.137413 2.445000
v -0.140846 0.122474 2.445000
v -0.158025 0.105441 2.445000
v -0.172500 0.086603 2.445000
v -0.184024 0.066283 2.445000
v -0.192399 0.044829 2.445000
v -0.197482 0.022608 2.445000
v -0.199186 0.000000 2.445000
v -0.197482 -0.022608 2.445000
v -0.192399 -0.044829 2.445000
v -0.184024 -0.066283 2.445000
v -0.172500 -0.086603 2.445000
v -0.158025 -0.105441 2.445000
v -0.140846 -0.122474 2.445000
v -0.121257 -0.137413 2.445000
v -0.099593 -0.150000 2.445000
v -0.076225 -0.160021 2.445000
v -0.051553 -0.167303 2.445000
v -0.025999 -0.171723 2.445000
v -0.000000 -0.173205 2.445000
v 0.025999 -0.171723 2.445000
v 0.051553 -0.167303 2.445000
v 0.076225 -0.160021 2.445000
v 0.099593 -0.150000 2.445000
v 0.121257 -0.137413 2.445000
v 0.140846 -0.122474 2.445000
v 0.158025 -0.105441 2.445000
v 0.172500 -0.086603 2.445000
v 0.184024 -0.066283 2.445000
v 0.192399 -0.044829 2.445000
v 0.197482 -0.022608 2.445000
v 0.212492 0.000000 2.410978
v 0.210674 0.024118 2.410978
v 0.205252 0.047824 2.410978
v 0.196317 0.070711 2.410978
v 0.184024 0.092388 2.410978
v 0.168581 0.112484 2.410978
v 0.150255 0.130656 2.410978
v 0.129357 0.146593 2.410978
v 0.106246 0.160021 2.410978
v 0.081317 0.170711 2.410978
v 0.054997 0.178480 2.410978
v 0.027736 0.183195 2.410978
v 0.000000 0.184776 2.410978
v -0.027736 0.183195 2.410978
v -0.054997 0.178480 2.410978
v -0.081317 0.170711 2.410978
v -0.106246 0.160021 2.410978
v -0.129357 0.146593 2.410978
v -0.150255 0.130656 2.410978
v -0.168581 0.112484 2.410978
v -0.184024 0.092388 2.410978
v -0.196317 0.070711 2.410978
v -0.205252 0.047824 2.410978
v -0.210674 0.024118 2.410978
v -0.212492 0.000000 2.410978
v -0.210674 -0.024118 2.410978
v -0.205252 -0.047824 2.410978
v -0.196317 -0.070711 2.410978
v -0.184024 -0.092388 2.410978
v -0.168581 -0.112484 2.410978
v -0.150255 -0.130656 2.410978
v -0.129357 -0.146593 2.410978
v -0.106246 -0.160021 2.410978
v -0.081317 -0.170711 2.410978
v -0.054997 -0.178480 2.410978
v -0.027736 -0.183195 2.410978
v -0.000000 -0.184776 2.410978
v 0.027736 -0.183195 2.410978
v 0.054997 -0.178480 2.410978
v 0.081317 -0.170711 2.410978
v 0.106246 -0.160021 2.410978
v 0.129357 -0.146593 2.410978
v 0.150255 -0.130656 2.410978
v 0.168581 -0.112484 2.410978
v 0.184024 -0.092388 2.410978
v 0.196317 -0.070711 2.410978
v 0.205252 -0.047824 2.410978
v 0.210674 -0.024118 2.410978
v 0.222163 0.000000 2.375058
v 0.220262 0.025216 2.375058
v 0.214593 0.050000 2.375058
v 0.205252 0.073929 2.375058
v 0.192399 0.096593 2.375058
v 0.176254 0.117604 2.375058
v 0.157093 0.136603 2.375058
v 0.135244 0.153264 2.375058
v 0.111081 0.167303 2.375058
v 0.085018 0.178480 2.375058
v 0.057500 0.186603 2.375058
v 0.028998 0.191532 2.375058
v 0.000000 0.193185 2.375058
v -0.028998 0.191532 2.375058
v -0.057500 0.186603 2.375058
v -0.085018 0.178480 2.375058
v -0.111081 0.167303 2.375058
v -0.135244 0.153264 2.375058
v -0.157093 0.136603 2.375058
v -0.176254 0.117604 2.375058
v -0.192399 0.096593 2.375058
v -0.205252 0.073929 2.375058
v -0.214593 0.050000 2.375058
v -0.220262 0.025216 2.375058
v -0.222163 0.000000 2.375058
v -0.220262 -0.025216 2.375058
v -0.214593 -0.050000 2.375058
v -0.205252 -0.073929 2.375058
v -0.192399 -0.096593 2.375058
v -0.176254 -0.117604 2.375058
v -0.157093 -0.136603 2.375058
v -0.135244 -0.153264 2.375058
v -0.111081 -0.167303 2.375058
v -0.085018 -0.178480 2.375058
v -0.057500 -0.186603 2.375058
v -0.028998 -0.191532 2.375058
v -0.000000 -0.193185 2.375058
v 0.028998 -0.191532 2.375058
v 0.057500 -0.186603 2.375058
v 0.085018 -0.178480 2.375058
v 0.111081 -0.167303 2.375058
v 0.135244 -0.153264 2.375058
v 0.157093 -0.136603 2.375058
v 0.176254 -0.117604 2.375058
v 0.192399 -0.096593 2.375058
v 0.205252 -0.073929 2.375058
v 0.214593 -0.050000 2.375058
v 0.220262 -0.025216 2.375058
v 0.228032 0.000000 2.337853
v 0.226081 0.025882 2.337853
v 0.220262 0.051321 2.337853
v 0.210674 0.075882 2.337853
v 0.197482 0.099144 2.337853
v 0.180910 0.120711 2.337853
v 0.161243 0.140211 2.337853
v 0.138817 0.157313 2.337853
v 0.114016 0.171723 2.337853
v 0.087264 0.183195 2.337853
v 0.059019 0.191532 2.337853
v 0.029764 0.196593 2.337853
v 0.000000 0.198289 2.337853
v -0.029764 0.196593 2.337853
v -0.059019 0.191532 2.337853
v -0.087264 0.183195 2.337853
v -0.114016 0.171723 2.337853
v -0.138817 0.157313 2.337853
v -0.161243 0.140211 2.337853
v -0.180910 0.120711 2.337853
v -0.197482 0.099144 2.337853
v -0.210674 0.075882 2.337853
v -0.220262 0.051321 2.337853
v -0.226081 0.025882 2.337853
v -0.228032 0.000000 2.337853
v -0.226081 -0.025882 2.337853
v -0.220262 -0.051321 2.337853
v -0.210674 -0.075882 2.337853
v -0.197482 -0.099144 2.337853
v -0.180910 -0.120711 2.337853
v -0.161243 -0.140211 2.337853
v -0.138817 -0.157313 2.337853
v -0.114016 -0.171723 2.337853
v -0.087264 -0.183195 2.337853
v -0.059019 -0.191532 2.337853
v -0.029764 -0.196593 2.337853
v -0.000000 -0.198289 2.337853
v 0.029764 -0.196593 2.337853
v 0.059019 -0.191532 2.337853
v 0.087264 -0.183195 2.337853
v 0.114016 -0.171723 2.337853
v 0.138817 -0.157313 2.337853
v 0.161243 -0.140211 2.337853
v 0.180910 -0.120711 2.337853
v 0.197482 -0.099144 2.337853
v 0.210674 -0.075882 2.337853
v 0.220262 -0.051321 2.337853
v 0.226081 -0.025882 2.337853
v 0.230000 0.000000 2.300000
v 0.228032 0.026105 2.300000
v 0.222163 0.051764 2.300000
v 0.212492 0.076537 2.300000
v 0.199186 0.100000 2.300000
v 0.182471 0.121752 2.300000
v 0.162635 0.141421 2.300000
v 0.140015 0.158671 2.300000
v 0.115000 0.173205 2.300000
v 0.088017 0.184776 2.300000
v 0.059528 0.193185 2.300000
v 0.030021 0.198289 2.300000
v 0.000000 0.200000 2.300000
v -0.030021 0.198289 2.300000
v -0.059528 0.193185 2.300000
v -0.088017 0.184776 2.300000
v -0.115000 0.173205 2.300000
v -0.140015 0.158671 2.300000
v -0.162635 0.141421 2.300000
v -0.182471 0.121752 2.300000
v -0.199186 0.100000 2.300000
v -0.212492 0.076537 2.300000
v -0.222163 0.051764 2.300000
v -0.228032 0.026105 2.300000
v -0.230000 0.000000 2.300000
v -0.228032 -0.026105 2.300000
v -0.222163 -0.051764 2.300000
v -0.212492 -0.076537 2.300000
v -0.199186 -0.100000 2.300000
v -0.182471 -0.121752 2.300000
v -0.162635 -0.141421 2.300000
v -0.140015 -0.158671 2.300000
v -0.115000 -0.173205 2.300000
v -0.088017 -0.184776 2.300000
v -0.059528 -0.193185 2.300000
v -0.030021 -0.198289 2.300000
v -0.000000 -0.200000 2.300000
v 0.030021 -0.198289 2.300000
v 0.059528 -0.193185 2.300000
v 0.088017 -0.184776 2.300000
v 0.115000 -0.173205 2.300000
v 0.140015 -0.158671 2.300000
v 0.162635 -0.141421 2.300000
v 0.182471 -0.121752 2.300000
v 0.199186 -0.100000 2.300000
v 0.212492 -0.076537 2.300000
v 0.222163 -0.051764 2.300000
v 0.228032 -0.026105 2.300000
v 0.228032 0.000000 2.262147
v 0.226081 0.025882 2.262147
v 0.220262 0.051321 2.262147
v 0.210674 0.075882 2.262147
v 0.197482 0.099144 2.262147
v 0.180910 0.120711 2.262147
v 0.161243 0.140211 2.262147
v 0.138817 0.157313 2.262147
v 0.114016 0.171723 2.262147
v 0.087264 0.183195 2.262147
v 0.059019 0.191532 2.262147
v 0.029764 0.196593 2.262147
v 0.000000 0.198289 2.262147
v -0.029764 0.196593 2.262147
v -0.059019 0.191532 2.262147
v -0.087264 0.183195 2.262147
v -0.114016 0.171723 2.262147
v -0.138817 0.157313 2.262147
v -0.161243 0.140211 2.262147
v -0.180910 0.120711 2.262147
v -0.197482 0.099144 2.262147
v -0.210674 0.075882 2.262147
v -0.220262 0.051321 2.262147
v -0.226081 0.025882 2.262147
v -0.228032 0.000000 2.262147
v -0.226081 -0.025882 2.262147
v -0.220262 -0.051321 2.262147
v -0.210674 -0.075882 2.262147
v -0.197482 -0.099144 2.262147
v -0.180910 -0.120711 2.262147
v -0.161243 -0.140211 2.262147
v -0.138817 -0.157313 2.262147
v -0.114016 -0.171723 2.262147
v -0.087264 -0.183195 2.262147
v -0.059019 -0.191532 2.262147
v -0.029764 -0.196593 2.262147
v -0.000000 -0.198289 2.262147
v 0.029764 -0.196593 2.262147
v 0.059019 -0.191532 2.262147
v 0.087264 -0.183195 2.262147
v 0.114016 -0.171723 2.262147
v 0.138817 -0.157313 2.262147
v 0.161243 -0.140211 2.262147
v 0.180910 -0.120711 2.262147
v 0.197482 -0.099144 2.262147
v 0.210674 -0.075882 2.262147
v 0.220262 -0.051321 2.262147
v 0.226081 -0.025882 2.262147
v 0.222163 0.000000 2.224942
v 0.220262 0.025216 2.224942
v 0.214593 0.050000 2.224942
v 0.205252 0.073929 2.224942
v 0.192399 0.096593 2.224942
v 0.176254 0.117604 2.224942
v 0.157093 0.136603 2.224942
v 0.135244 0.153264 2.224942
v 0.111081 0.167303 2.224942
v 0.085018 0.178480 2.224942
v 0.057500 0.186603 2.224942
v 0.028998 0.191532 2.224942
v 0.000000 0.193185 2.224942
v -0.028998 0.191532 2.224942
v -0.057500 0.186603 2.224942
v -0.085018 0.178480 2.224942
v -0.111081 0.167303 2.224942
v -0.135244 0.153264 2.224942
v -0.157093 0.136603 2.224942
v -0.176254 0.117604 2.224942
v -0.192399 0.096593 2.224942
v -0.205252 0.073929 2.224942
v -0.214593 0.050000 2.224942
v -0.220262 0.025216 2.224942
v -0.222163 0.000000 2.224942
v -0.220262 -0.025216 2.224942
v -0.214593 -0.050000 2.224942
v -0.205252 -0.073929 2.224942
v -0.192399 -0.096593 2.224942
v -0.176254 -0.117604 2.224942
v -0.157093 -0.136603 2.224942
v -0.135244 -0.153264 2.224942
v -0.111081 -0.167303 2.224942
v -0.085018 -0.178480 2.224942
v -0.057500 -0.186603 2.224942
v -0.028998 -0.191532 2.224942
v -0.000000 -0.193185 2.224942
v 0.028998 -0.191532 2.224942
v 0.057500 -0.186603 2.224942
v 0.085018 -0.178480 2.224942
v 0.111081 -0.167303 2.224942
v 0.135244 -0.153264 2.224942
v 0.157093 -0.136603 2.224942
v 0.176254 -0.117604 2.224942
v 0.192399 -0.096593 2.224942
v 0.205252 -0.073929 2.224942
v 0.214593 -0.050000 2.224942
v 0.220262 -0.025216 2.224942
v 0.212492 0.000000 2.189022
v 0.210674 0.024118 2.189022
v 0.205252 0.047824 2.189022
v 0.196317 0.070711 2.189022
v 0.184024 0.092388 2.189022
v 0.168581 0.112484 2.189022
v 0.150255 0.130656 2.189022
v 0.129357 0.146593 2.189022
v 0.106246 0.160021 2.189022
v 0.081317 0.170711 2.189022
v 0.054997 0.178480 2.189022
v 0.027736 0.183195 2.189022
v 0.000000 0.184776 2.189022
v -0.027736 0.183195 2.189022
v -0.054997 0.178480 2.189022
v -0.081317 0.170711 2.189022
v -0.106246 0.160021 2.189022
v -0.129357 0.146593 2.189022
v -0.150255 0.130656 2.189022
v -0.168581 0.112484 2.189022
v -0.184024 0.092388 2.189022
v -0.196317 0.070711 2.189022
v -0.205252 0.047824 2.189022
v -0.210674 0.024118 2.189022
v -0.212492 0.000000 2.189022
v -0.210674 -0.024118 2.189022
v -0.205252 -0.047824 2.189022
v -0.196317 -0.070711 2.189022
v -0.184024 -0.092388 2.189022
v -0.168581 -0.112484 2.189022
v -0.150255 -0.130656 2.189022
v -0.129357 -0.146593 2.189022
v -0.106246 -0.160021 2.189022
v -0.081317 -0.170711 2.189022
v -0.054997 -0.178480 2.189022
v -0.027736 -0.183195 2.189022
v -0.000000 -0.184776 2.189022
v 0.027736 -0.183195 2.189022
v 0.054997 -0.178480 2.189022
v 0.081317 -0.170711 2.189022
v 0.106246 -0.160021 2.189022
v 0.129357 -0.146593 2.189022
v 0.150255 -0.130656 2.189022
v 0.168581 -0.112484 2.189022
v 0.184024 -0.092388 2.189022
v 0.196317 -0.070711 2.189022
v 0.205252 -0.047824 2.189022
v 0.210674 -0.024118 2.189022
v 0.199186 0.000000 2.155000
v 0.197482 0.022608 2.155000
v 0.192399 0.044829 2.155000
v 0.184024 0.066283 2.155000
v 0.172500 0.086603 2.155000
v 0.158025 0.105441 2.155000
v 0.140846 0.122474 2.155000
v 0.121257 0.137413 2.155000
v 0.099593 0.150000 2.155000
v 0.076225 0.160021 2.155000
v 0.051553 0.167303 2.155000
v 0.025999 0.171723 2.155000
v 0.000000 0.173205 2.155000
v -0.025999 0.171723 2.155000
v -0.051553 0.167303 2.155000
v -0.076225 0.160021 2.155000
v -0.099593 0.150000 2.155000
v -0.121257 0.137413 2.155000
v -0.140846 0.122474 2.155000
v -0.158025 0.105441 2.155000
v -0.172500 0.086603 2.155000
v -0.184024 0.066283 2.155000
v -0.192399 0.044829 2.155000
v -0.197482 0.022608 2.155000
v -0.199186 0.000000 2.155000
v -0.197482 -0.022608 2.155000
v -0.192399 -0.044829 2.155000
v -0.184024 -0.066283 2.155000
v -0.172500 -0.086603 2.155000
v -0.158025 -0.105441 2.155000
v -0.140846 -0.122474 2.155000
v -0.121257 -0.137413 2.155000
v -0.099593 -0.150000 2.155000
v -0.076225 -0.160021 2.155000
v -0.051553 -0.167303 2.155000
v -0.025999 -0.171723 2.155000
v -0.000000 -0.173205 2.155000
v 0.025999 -0.171723 2.155000
v 0.051553 -0.167303 2.155000
v 0.076225 -0.160021 2.155000
v 0.099593 -0.150000 2.155000
v 0.121257 -0.137413 2.155000
v 0.140846 -0.122474 2.155000
v 0.158025 -0.105441 2.155000
v 0.172500 -0.086603 2.155000
v 0.184024 -0.066283 2.155000
v 0.192399 -0.044829 2.155000
v 0.197482 -0.022608 2.155000
v 0.182471 0.000000 2.123459
v 0.180910 0.020711 2.123459
v 0.176254 0.041067 2.123459
v 0.168581 0.060721 2.123459
v 0.158025 0.079335 2.123459
v 0.144764 0.096593 2.123459
v 0.129027 0.112197 2.123459
v 0.111081 0.125882 2.123459
v 0.091236 0.137413 2.123459
v 0.069829 0.146593 2.123459
v 0.047227 0.153264 2.123459
v 0.023817 0.157313 2.123459
v 0.000000 0.158671 2.123459
v -0.023817 0.157313 2.123459
v -0.047227 0.153264 2.123459
v -0.069829 0.146593 2.123459
v -0.091236 0.137413 2.123459
v -0.111081 0.125882 2.123459
v -0.129027 0.112197 2.123459
v -0.144764 0.096593 2.123459
v -0.158025 0.079335 2.123459
v -0.168581 0.060721 2.123459
v -0.176254 0.041067 2.123459
v -0.180910 0.020711 2.123459
v -0.182471 0.000000 2.123459
v -0.180910 -0.020711 2.123459
v -0.176254 -0.041067 2.123459
v -0.168581 -0.060721 2.123459
v -0.158025 -0.079335 2.123459
v -0.144764 -0.096593 2.123459
v -0.129027 -0.112197 2.123459
v -0.111081 -0.125882 2.123459
v -0.091236 -0.137413 2.123459
v -0.069829 -0.146593 2.123459
v -0.047227 -0.153264 2.123459
v -0.023817 -0.157313 2.123459
v -0.000000 -0.158671 2.123459
v 0.023817 -0.157313 2.123459
v 0.047227 -0.153264 2.123459
v 0.069829 -0.146593 2.123459
v 0.091236 -0.137413 2.123459
v 0.111081 -0.125882 2.123459
v 0.129027 -0.112197 2.123459
v 0.144764 -0.096593 2.123459
v 0.158025 -0.079335 2.123459
v 0.168581 -0.060721 2.123459
v 0.176254 -0.041067 2.123459
v 0.180910 -0.020711 2.123459
v 0.162635 0.000000 2.094939
v 0.161243 0.018459 2.094939
v 0.157093 0.036603 2.094939
v 0.150255 0.054120 2.094939
v 0.140846 0.070711 2.094939
v 0.129027 0.086092 2.094939
v 0.115000 0.100000 2.094939
v 0.099006 0.112197 2.094939
v 0.081317 0.122474 2.094939
v 0.062238 0.130656 2.094939
v 0.042093 0.136603 2.094939
v 0.021228 0.140211 2.094939
v 0.000000 0.141421 2.094939
v -0.021228 0.140211 2.094939
v -0.042093 0.136603 2.094939
v -0.062238 0.130656 2.094939
v -0.081317 0.122474 2.094939
v -0.099006 0.112197 2.094939
v -0.115000 0.100000 2.094939
v -0.129027 0.086092 2.094939
v -0.140846 0.070711 2.094939
v -0.150255 0.054120 2.094939
v -0.157093 0.036603 2.094939
v -0.161243 0.018459 2.094939
v -0.162635 0.000000 2.094939
v -0.161243 -0.018459 2.094939
v -0.157093 -0.036603 2.094939
v -0.150255 -0.054120 2.094939
v -0.140846 -0.070711 2.094939
v -0.129027 -0.086092 2.094939
v -0.115000 -0.100000 2.094939
v -0.099006 -0.112197 2.094939
v -0.081317 -0.122474 2.094939
v -0.062238 -0.130656 2.094939
v -0.042093 -0.136603 2.094939
v -0.021228 -0.140211 2.094939
v -0.000000 -0.141421 2.094939
v 0.021228 -0.140211 2.094939
v 0.042093 -0.136603 2.094939
v 0.062238 -0.130656 2.094939
v 0.081317 -0.122474 2.094939
v 0.099006 -0.112197 2.094939
v 0.115000 -0.100000 2.094939
v 0.129027 -0.086092 2.094939
v 0.140846 -0.070711 2.094939
v 0.150255 -0.054120 2.094939
v 0.157093 -0.036603 2.094939
v 0.161243 -0.018459 2.094939
v 0.140015 0.000000 2.069928
v 0.138817 0.015892 2.069928
v 0.135244 0.031512 2.069928
v 0.129357 0.046593 2.069928
v 0.121257 0.060876 2.069928
v 0.111081 0.074118 2.069928
v 0.099006 0.086092 2.069928
v 0.085236 0.096593 2.069928
v 0.070008 0.105441 2.069928
v 0.053581 0.112484 2.069928
v 0.036239 0.117604 2.069928
v 0.018276 0.120711 2.069928
v 0.000000 0.121752 2.069928
v -0.018276 0.120711 2.069928
v -0.036239 0.117604 2.069928
v -0.053581 0.112484 2.069928
v -0.070008 0.105441 2.069928
v -0.085236 0.096593 2.069928
v -0.099006 0.086092 2.069928
v -0.111081 0.074118 2.069928
v -0.121257 0.060876 2.069928
v -0.129357 0.046593 2.069928
v -0.135244 0.031512 2.069928
v -0.138817 0.015892 2.069928
v -0.140015 0.000000 2.069928
v -0.138817 -0.015892 2.069928
v -0.135244 -0.031512 2.069928
v -0.129357 -0.046593 2.069928
v -0.121257 -0.060876 2.069928
v -0.111081 -0.074118 2.069928
v -0.099006 -0.086092 2.069928
v -0.085236 -0.096593 2.069928
v -0.070008 -0.105441 2.069928
v -0.053581 -0.112484 2.069928
v -0.036239 -0.117604 2.069928
v -0.018276 -0.120711 2.069928
v -0.000000 -0.121752 2.069928
v 0.018276 -0.120711 2.069928
v 0.036239 -0.117604 2.069928
v 0.053581 -0.112484 2.069928
v 0.070008 -0.105441 2.069928
v 0.085236 -0.096593 2.069928
v 0.099006 -0.086092 2.069928
v 0.111081 -0.074118 2.069928
v 0.121257 -0.060876 2.069928
v 0.129357 -0.046593 2.069928
v 0.135244 -0.031512 2.069928
v 0.138817 -0.015892 2.069928
v 0.115000 0.000000 2.048853
v 0.114016 0.013053 2.048853
v 0.111081 0.025882 2.048853
v 0.106246 0.038268 2.048853
v 0.099593 0.050000 2.048853
v 0.091236 0.060876 2.048853
v 0.081317 0.070711 2.048853
v 0.070008 0.079335 2.048853
v 0.057500 0.086603 2.048853
v 0.044009 0.092388 2.048853
v 0.029764 0.096593 2.048853
v 0.015011 0.099144 2.048853
v 0.000000 0.100000 2.048853
v -0.015011 0.099144 2.048853
v -0.029764 0.096593 2.048853
v -0.044009 0.092388 2.048853
v -0.057500 0.086603 2.048853
v -0.070008 0.079335 2.048853
v -0.081317 0.070711 2.048853
v -0.091236 0.060876 2.048853
v -0.099593 0.050000 2.048853
v -0.106246 0.038268 2.048853
v -0.111081 0.025882 2.048853
v -0.114016 0.013053 2.048853
v -0.115000 0.000000 2.048853
v -0.114016 -0.013053 2.048853
v -0.111081 -0.025882 2.048853
v -0.106246 -0.038268 2.048853
v -0.099593 -0.050000 2.048853
v -0.091236 -0.060876 2.048853
v -0.081317 -0.070711 2.048853
v -0.070008 -0.079335 2.048853
v -0.057500 -0.086603 2.048853
v -0.044009 -0.092388 2.048853
v -0.029764 -0.096593 2.048853
v -0.015011 -0.099144 2.048853
v -0.000000 -0.100000 2.048853
v 0.015011 -0.099144 2.048853
v 0.029764 -0.096593 2.048853
v 0.044009 -0.092388 2.048853
v 0.057500 -0.086603 2.048853
v 0.070008 -0.079335 2.048853
v 0.081317 -0.070711 2.048853
v 0.091236 -0.060876 2.048853
v 0.099593 -0.050000 2.048853
v 0.106246 -0.038268 2.048853
v 0.111081 -0.025882 2.048853
v 0.114016 -0.013053 2.048853
v 0.088017 0.000000 2.032075
v 0.087264 0.009990 2.032075
v 0.085018 0.019809 2.032075
v 0.081317 0.029289 2.032075
v 0.076225 0.038268 2.032075
v 0.069829 0.046593 2.032075
v 0.062238 0.054120 2.032075
v 0.053581 0.060721 2.032075
v 0.044009 0.066283 2.032075
v 0.033683 0.070711 2.032075
v 0.022781 0.073929 2.032075
v 0.011489 0.075882 2.032075
v 0.000000 0.076537 2.032075
v -0.011489 0.075882 2.032075
v -0.022781 0.073929 2.032075
v -0.033683 0.070711 2.032075
v -0.044009 0.066283 2.032075
v -0.053581 0.060721 2.032075
v -0.062238 0.054120 2.032075
v -0.069829 0.046593 2.032075
v -0.076225 0.038268 2.032075
v -0.081317 0.029289 2.032075
v -0.085018 0.019809 2.032075
v -0.087264 0.009990 2.032075
v -0.088017 0.000000 2.032075
v -0.087264 -0.009990 2.032075
v -0.085018 -0.019809 2.032075
v -0.081317 -0.029289 2.032075
v -0.076225 -0.038268 2.032075
v -0.069829 -0.046593 2.032075
v -0.062238 -0.054120 2.032075
v -0.053581 -0.060721 2.032075
v -0.044009 -0.066283 2.032075
v -0.033683 -0.070711 2.032075
v -0.022781 -0.073929 2.032075
v -0.011489 -0.075882 2.032075
v -0.000000 -0.076537 2.032075
v 0.011489 -0.075882 2.032075
v 0.022781 -0.073929 2.032075
v 0.033683 -0.070711 2.032075
v 0.044009 -0.066283 2.032075
v 0.053581 -0.060721 2.032075
v 0.062238 -0.054120 2.032075
v 0.069829 -0.046593 2.032075
v 0.076225 -0.038268 2.032075
v 0.081317 -0.029289 2.032075
v 0.085018 -0.019809 2.032075
v 0.087264 -0.009990 2.032075
v 0.059528 0.000000 2.019882
v 0.059019 0.006757 2.019882
v 0.057500 0.013397 2.019882
v 0.054997 0.019809 2.019882
v 0.051553 0.025882 2.019882
v 0.047227 0.031512 2.019882
v 0.042093 0.036603 2.019882
v 0.036239 0.041067 2.019882
v 0.029764 0.044829 2.019882
v 0.022781 0.047824 2.019882
v 0.015407 0.050000 2.019882
v 0.007770 0.051321 2.019882
v 0.000000 0.051764 2.019882
v -0.007770 0.051321 2.019882
v -0.015407 0.050000 2.019882
v -0.022781 0.047824 2.019882
v -0.029764 0.044829 2.019882
v -0.036239 0.041067 2.019882
v -0.042093 0.036603 2.019882
v -0.047227 0.031512 2.019882
v -0.051553 0.025882 2.019882
v -0.054997 0.019809 2.019882
v -0.057500 0.013397 2.019882
v -0.059019 0.006757 2.019882
v -0.059528 0.000000 2.019882
v -0.059019 -0.006757 2.019882
v -0.057500 -0.013397 2.019882
v -0.054997 -0.019809 2.019882
v -0.051553 -0.025882 2.019882
v -0.047227 -0.031512 2.019882
v -0.042093 -0.036603 2.019882
v -0.036239 -0.041067 2.019882
v -0.029764 -0.044829 2.019882
v -0.022781 -0.047824 2.019882
v -0.015407 -0.050000 2.019882
v -0.007770 -0.051321 2.019882
v -0.000000 -0.051764 2.019882
v 0.007770 -0.051321 2.019882
v 0.015407 -0.050000 2.019882
v 0.022781 -0.047824 2.019882
v 0.029764 -0.044829 2.019882
v 0.036239 -0.041067 2.019882
v 0.042093 -0.036603 2.019882
v 0.047227 -0.031512 2.019882
v 0.051553 -0.025882 2.019882
v 0.054997 -0.019809 2.019882
v 0.057500 -0.013397 2.019882
v 0.059019 -0.006757 2.019882
v 0.030021 0.000000 2.012481
v 0.029764 0.003407 2.012481
v 0.028998 0.006757 2.012481
v 0.027736 0.009990 2.012481
v 0.025999 0.013053 2.012481
v 0.023817 0.015892 2.012481
v 0.021228 0.018459 2.012481
v 0.018276 0.020711 2.012481
v 0.015011 0.022608 2.012481
v 0.011489 0.024118 2.012481
v 0.007770 0.025216 2.012481
v 0.003919 0.025882 2.012481
v 0.000000 0.026105 2.012481
v -0.003919 0.025882 2.012481
v -0.007770 0.025216 2.012481
v -0.011489 0.024118 2.012481
v -0.015011 0.022608 2.012481
v -0.018276 0.020711 2.012481
v -0.021228 0.018459 2.012481
v -0.023817 0.015892 2.012481
v -0.025999 0.013053 2.012481
v -0.027736 0.009990 2.012481
v -0.028998 0.006757 2.012481
v -0.029764 0.003407 2.012481
v -0.030021 0.000000 2.012481
v -0.029764 -0.003407 2.012481
v -0.028998 -0.006757 2.012481
v -0.027736 -0.009990 2.012481
v -0.025999 -0.013053 2.012481
v -0.023817 -0.015892 2.012481
v -0.021228 -0.018459 2.012481
v -0.018276 -0.020711 2.012481
v -0.015011 -0.022608 2.012481
v -0.011489 -0.024118 2.012481
v -0.007770 -0.025216 2.012481
v -0.003919 -0.025882 2.012481
v -0.000000 -0.026105 2.012481
v 0.003919 -0.025882 2.012481
v 0.007770 -0.025216 2.012481
v 0.011489 -0.024118 2.012481
v 0.015011 -0.022608 2.012481
v 0.018276 -0.020711 2.012481
v 0.021228 -0.018459 2.012481
v 0.023817 -0.015892 2.012481
v 0.025999 -0.013053 2.012481
v 0.027736 -0.009990 2.012481
v 0.028998 -0.006757 2.012481
v 0.029764 -0.003407 2.012481
v 0.000000 0.000000 2.010000
v 0.000000 0.000000 2.010000
v 0.000000 0.000000 2.010000
v 0.000000 0.000000 2.010000
v 0.000000 0.000000 2.010000
v 0.000000 0.000000 2.010000
v 0.000000 0.000000 2.010000
v 0.000000 0.000000 2.010000
v 0.000000 0.000000 2.010000
v 0.000000 0.000000 2.010000
v 0.000000 0.000000 2.010000
v 0.000000 0.000000 2.010000
v 0.000000 0.000000 2.010000
v -0.000000 0.000000 2.010000
v -0.000000 0.000000 2.010000
v -0.000000 0.000000 2.010000
v -0.000000 0.000000 2.010000
v -0.000000 0.000000 2.010000
v -0.000000 0.000000 2.010000
v -0.000000 0.000000 2.010000
v -0.000000 0.000000 2.010000
v -0.000000 0.000000 2.010000
v -0.000000 0.000000 2.010000
v -0.000000 0.000000 2.010000
v -0.000000 0.000000 2.010000
v -0.000000 -0.000000 2.010000
v -0.000000 -0.000000 2.010000
v -0.000000 -0.000000 2.010000
v -0.000000 -0.000000 2.010000
v -0.000000 -0.000000 2.010000
v -0.000000 -0.000000 2.010000
v -0.000000 -0.000000 2.010000
v -0.000000 -0.000000 2.010000
v -0.000000 -0.000000 2.010000
v -0.000000 -0.000000 2.010000
v -0.000000 -0.000000 2.010000
v -0.000000 -0.000000 2.010000
v 0.000000 -0.000000 2.010000
v 0.000000 -0.000000 2.010000
v 0.000000 -0.000000 2.010000
v 0.000000 -0.000000 2.010000
v 0.000000 -0.000000 2.010000
v 0.000000 -0.000000 2.010000
v 0.000000 -0.000000 2.010000
v 0.000000 -0.000000 2.010000
v 0.000000 -0.000000 2.010000
v 0.000000 -0.000000 2.010000
v 0.000000 -0.000000 2.010000
v 0.000000 0.020000 2.740000
v 0.000000 0.020000 2.740000
v 0.000000 0.020000 2.740000
v 0.000000 0.020000 2.740000
v 0.000000 0.020000 2.740000
v 0.000000 0.020000 2.740000
v 0.000000 0.020000 2.740000
v 0.000000 0.020000 2.740000
v 0.000000 0.020000 2.740000
v 0.000000 0.020000 2.740000
v 0.000000 0.020000 2.740000
v 0.000000 0.020000 2.740000
v 0.000000 0.020000 2.740000
v 0.000000 0.020000 2.740000
v 0.000000 0.020000 2.740000
v 0.000000 0.020000 2.740000
v 0.000000 0.020000 2.740000
v 0.000000 0.020000 2.740000
v 0.000000 0.020000 2.740000
v 0.000000 0.020000 2.740000
v 0.000000 0.020000 2.740000
v 0.000000 0.020000 2.740000
v 0.000000 0.020000 2.740000
v 0.000000 0.020000 2.740000
v 0.000000 0.020000 2.740000
v 0.000000 0.020000 2.740000
v 0.000000 0.020000 2.740000
v 0.000000 0.020000 2.740000
v 0.000000 0.020000 2.740000
v 0.000000 0.020000 2.740000
v 0.000000 0.020000 2.740000
v 0.000000 0.020000 2.740000
v 0.000000 0.020000 2.740000
v 0.000000 0.020000 2.740000
v 0.000000 0.020000 2.740000
v 0.000000 0.020000 2.740000
v 0.000000 0.020000 2.740000
v 0.000000 0.020000 2.740000
v 0.000000 0.020000 2.740000
v 0.000000 0.020000 2.740000
v 0.000000 0.020000 2.740000
v 0.000000 0.020000 2.740000
v 0.000000 0.020000 2.740000
v 0.000000 0.020000 2.740000
v 0.000000 0.020000 2.740000
v 0.000000 0.020000 2.740000
v 0.000000 0.020000 2.740000
v 0.000000 0.020000 2.740000
v 0.043802 0.020000 2.735814
v 0.043427 0.024901 2.735814
v 0.042309 0.029717 2.735814
v 0.040467 0.034368 2.735814
v 0.037933 0.038772 2.735814
v 0.034750 0.042856 2.735814
v 0.030972 0.046548 2.735814
v 0.026665 0.049786 2.735814
v 0.021901 0.052514 2.735814
v 0.016762 0.054686 2.735814
v 0.011337 0.056265 2.735814
v 0.005717 0.057223 2.735814
v 0.000000 0.057544 2.735814
v -0.005717 0.057223 2.735814
v -0.011337 0.056265 2.735814
v -0.016762 0.054686 2.735814
v -0.021901 0.052514 2.735814
v -0.026665 0.049786 2.735814
v -0.030972 0.046548 2.735814
v -0.034750 0.042856 2.735814
v -0.037933 0.038772 2.735814
v -0.040467 0.034368 2.735814
v -0.042309 0.029717 2.735814
v -0.043427 0.024901 2.735814
v -0.043802 0.020000 2.735814
v -0.043427 0.015099 2.735814
v -0.042309 0.010283 2.735814
v -0.040467 0.005632 2.735814
v -0.037933 0.001228 2.735814
v -0.034750 -0.002856 2.735814
v -0.030972 -0.006548 2.735814
v -0.026665 -0.009786 2.735814
v -0.021901 -0.012514 2.735814
v -0.016762 -0.014686 2.735814
v -0.011337 -0.016265 2.735814
v -0.005717 -0.017223 2.735814
v -0.000000 -0.017544 2.735814
v 0.005717 -0.017223 2.735814
v 0.011337 -0.016265 2.735814
v 0.016762 -0.014686 2.735814
v 0.021901 -0.012514 2.735814
v 0.026665 -0.009786 2.735814
v 0.030972 -0.006548 2.735814
v 0.034750 -0.002856 2.735814
v 0.037933 0.001228 2.735814
v 0.040467 0.005632 2.735814
v 0.042309 0.010283 2.735814
v 0.043427 0.015099 2.735814
v 0.086525 0.020000 2.723359
v 0.085785 0.029680 2.723359
v 0.083576 0.039195 2.723359
v 0.079938 0.048381 2.723359
v 0.074933 0.057082 2.723359
v 0.068645 0.065148 2.723359
v 0.061182 0.072442 2.723359
v 0.052673 0.078838 2.723359
v 0.043262 0.084228 2.723359
v 0.033112 0.088519 2.723359
v 0.022394 0.091637 2.723359
v 0.011294 0.093530 2.723359
v 0.000000 0.094164 2.723359
v -0.011294 0.093530 2.723359
v -0.022394 0.091637 2.723359
v -0.033112 0.088519 2.723359
v -0.043262 0.084228 2.723359
v -0.052673 0.078838 2.723359
v -0.061182 0.072442 2.723359
v -0.068645 0.065148 2.723359
v -0.074933 0.057082 2.723359
v -0.079938 0.048381 2.723359
v -0.083576 0.039195 2.723359
v -0.085785 0.029680 2.723359
v -0.086525 0.020000 2.723359
v -0.085785 0.010320 2.723359
v -0.083576 0.000805 2.723359
v -0.079938 -0.008381 2.723359
v -0.074933 -0.017082 2.723359
v -0.068645 -0.025148 2.723359
v -0.061182 -0.032442 2.723359
v -0.052673 -0.038838 2.723359
v -0.043262 -0.044228 2.723359
v -0.033112 -0.048519 2.723359
v -0.022394 -0.051637 2.723359
v -0.011294 -0.053530 2.723359
v -0.000000 -0.054164 2.723359
v 0.011294 -0.053530 2.723359
v 0.022394 -0.051637 2.723359
v 0.033112 -0.048519 2.723359
v 0.043262 -0.044228 2.723359
v 0.052673 -0.038838 2.723359
v 0.061182 -0.032442 2.723359
v 0.068645 -0.025148 2.723359
v 0.074933 -0.017082 2.723359
v 0.079938 -0.008381 2.723359
v 0.083576 0.000805 2.723359
v 0.085785 0.010320 2.723359
v 0.127117 0.020000 2.702942
v 0.126030 0.034222 2.702942
v 0.122786 0.048200 2.702942
v 0.117441 0.061696 2.702942
v 0.110087 0.074479 2.702942
v 0.100849 0.086329 2.702942
v 0.089886 0.097045 2.702942
v 0.077384 0.106442 2.702942
v 0.063559 0.114360 2.702942
v 0.048646 0.120664 2.702942
v 0.032900 0.125245 2.702942
v 0.016592 0.128026 2.702942
v 0.000000 0.128958 2.702942
v -0.016592 0.128026 2.702942
v -0.032900 0.125245 2.702942
v -0.048646 0.120664 2.702942
v -0.063559 0.114360 2.702942
v -0.077384 0.106442 2.702942
v -0.089886 0.097045 2.702942
v -0.100849 0.086329 2.702942
v -0.110087 0.074479 2.702942
v -0.117441 0.061696 2.702942
v -0.122786 0.048200 2.702942
v -0.126030 0.034222 2.702942
v -0.127117 0.020000 2.702942
v -0.126030 0.005778 2.702942
v -0.122786 -0.008200 2.702942
v -0.117441 -0.021696 2.702942
v -0.110087 -0.034479 2.702942
v -0.100849 -0.046329 2.702942
v -0.089886 -0.057045 2.702942
v -0.077384 -0.066442 2.702942
v -0.063559 -0.074360 2.702942
v -0.048646 -0.080664 2.702942
v -0.032900 -0.085245 2.702942
v -0.016592 -0.088026 2.702942
v -0.000000 -0.088958 2.702942
v 0.016592 -0.088026 2.702942
v 0.032900 -0.085245 2.702942
v 0.048646 -0.080664 2.702942
v 0.063559 -0.074360 2.702942
v 0.077384 -0.066442 2.702942
v 0.089886 -0.057045 2.702942
v 0.100849 -0.046329 2.702942
v 0.110087 -0.034479 2.702942
v 0.117441 -0.021696 2.702942
v 0.122786 -0.008200 2.702942
v 0.126030 0.005778 2.702942
v 0.164580 0.020000 2.675066
v 0.163172 0.038413 2.675066
v 0.158972 0.056511 2.675066
v 0.152052 0.073985 2.675066
v 0.142530 0.090534 2.675066
v 0.130570 0.105877 2.675066
v 0.116376 0.119750 2.675066
v 0.100190 0.131917 2.675066
v 0.082290 0.142169 2.675066
v 0.062982 0.150330 2.675066
v 0.042596 0.156262 2.675066
v 0.021482 0.159862 2.675066
v 0.000000 0.161068 2.675066
v -0.021482 0.159862 2.675066
v -0.042596 0.156262 2.675066
v -0.062982 0.150330 2.675066
v -0.082290 0.142169 2.675066
v -0.100190 0.131917 2.675066
v -0.116376 0.119750 2.675066
v -0.130570 0.105877 2.675066
v -0.142530 0.090534 2.675066
v -0.152052 0.073985 2.675066
v -0.158972 0.056511 2.675066
v -0.163172 0.038413 2.675066
v -0.164580 0.020000 2.675066
v -0.163172 0.001587 2.675066
v -0.158972 -0.016511 2.675066
v -0.152052 -0.033985 2.675066
v -0.142530 -0.050534 2.675066
v -0.130570 -0.065877 2.675066
v -0.116376 -0.079750 2.675066
v -0.100190 -0.091917 2.675066
v -0.082290 -0.102169 2.675066
v -0.062982 -0.110330 2.675066
v -0.042596 -0.116262 2.675066
v -0.021482 -0.119862 2.675066
v -0.000000 -0.121068 2.675066
v 0.021482 -0.119862 2.675066
v 0.042596 -0.116262 2.675066
v 0.062982 -0.110330 2.675066
v 0.082290 -0.102169 2.675066
v 0.100190 -0.091917 2.675066
v 0.116376 -0.079750 2.675066
v 0.130570 -0.065877 2.675066
v 0.142530 -0.050534 2.675066
v 0.152052 -0.033985 2.675066
v 0.158972 -0.016511 2.675066
v 0.163172 0.001587 2.675066
v 0.197990 0.020000 2.640416
v 0.196296 0.042151 2.640416
v 0.191244 0.063923 2.640416
v 0.182919 0.084944 2.640416
v 0.171464 0.104853 2.640416
v 0.157076 0.123310 2.640416
v 0.140000 0.140000 2.640416
v 0.120529 0.154637 2.640416
v 0.098995 0.166969 2.640416
v 0.075767 0.176788 2.640416
v 0.051244 0.183923 2.640416
v 0.025843 0.188254 2.640416
v 0.000000 0.189706 2.640416
v -0.025843 0.188254 2.640416
v -0.051244 0.183923 2.640416
v -0.075767 0.176788 2.640416
v -0.098995 0.166969 2.640416
v -0.120529 0.154637 2.640416
v -0.140000 0.140000 2.640416
v -0.157076 0.123310 2.640416
v -0.171464 0.104853 2.640416
v -0.182919 0.084944 2.640416
v -0.191244 0.063923 2.640416
v -0.196296 0.042151 2.640416
v -0.197990 0.020000 2.640416
v -0.196296 -0.002151 2.640416
v -0.191244 -0.023923 2.640416
v -0.182919 -0.044944 2.640416
v -0.171464 -0.064853 2.640416
v -0.157076 -0.083310 2.640416
v -0.140000 -0.100000 2.640416
v -0.120529 -0.114637 2.640416
v -0.098995 -0.126969 2.640416
v -0.075767 -0.136788 2.640416
v -0.051244 -0.143923 2.640416
v -0.025843 -0.148254 2.640416
v -0.000000 -0.149706 2.640416
v 0.025843 -0.148254 2.640416
v 0.051244 -0.143923 2.640416
v 0.075767 -0.136788 2.640416
v 0.098995 -0.126969 2.640416
v 0.120529 -0.114637 2.640416
v 0.140000 -0.100000 2.640416
v 0.157076 -0.083310 2.640416
v 0.171464 -0.064853 2.640416
v 0.182919 -0.044944 2.640416
v 0.191244 -0.023923 2.640416
v 0.196296 -0.002151 2.640416
v 0.226525 0.020000 2.599847
v 0.224587 0.045343 2.599847
v 0.218806 0.070253 2.599847
v 0.209282 0.094303 2.599847
v 0.196176 0.117082 2.599847
v 0.179714 0.138200 2.599847
v 0.160177 0.157295 2.599847
v 0.137900 0.174041 2.599847
v 0.113262 0.188151 2.599847
v 0.086687 0.199384 2.599847
v 0.058629 0.207548 2.599847
v 0.029567 0.212503 2.599847
v 0.000000 0.214164 2.599847
v -0.029567 0.212503 2.599847
v -0.058629 0.207548 2.599847
v -0.086687 0.199384 2.599847
v -0.113262 0.188151 2.599847
v -0.137900 0.174041 2.599847
v -0.160177 0.157295 2.599847
v -0.179714 0.138200 2.599847
v -0.196176 0.117082 2.599847
v -0.209282 0.094303 2.599847
v -0.218806 0.070253 2.599847
v -0.224587 0.045343 2.599847
v -0.226525 0.020000 2.599847
v -0.224587 -0.005343 2.599847
v -0.218806 -0.030253 2.599847
v -0.209282 -0.054303 2.599847
v -0.196176 -0.077082 2.599847
v -0.179714 -0.098200 2.599847
v -0.160177 -0.117295 2.599847
v -0.137900 -0.134041 2.599847
v -0.113262 -0.148151 2.599847
v -0.086687 -0.159384 2.599847
v -0.058629 -0.167548 2.599847
v -0.029567 -0.172503 2.599847
v -0.000000 -0.174164 2.599847
v 0.029567 -0.172503 2.599847
v 0.058629 -0.167548 2.599847
v 0.086687 -0.159384 2.599847
v 0.113262 -0.148151 2.599847
v 0.137900 -0.134041 2.599847
v 0.160177 -0.117295 2.599847
v 0.179714 -0.098200 2.599847
v 0.196176 -0.077082 2.599847
v 0.209282 -0.054303 2.599847
v 0.218806 -0.030253 2.599847
v 0.224587 -0.005343 2.599847
v 0.249482 0.020000 2.554357
v 0.247347 0.047912 2.554357
v 0.240981 0.075346 2.554357
v 0.230491 0.101834 2.554357
v 0.216058 0.126921 2.554357
v 0.197927 0.150178 2.554357
v 0.176410 0.171209 2.554357
v 0.151875 0.189652 2.554357
v 0.124741 0.205192 2.554357
v 0.095473 0.217564 2.554357
v 0.064571 0.226555 2.554357
v 0.032564 0.232012 2.554357
v 0.000000 0.233842 2.554357
v -0.032564 0.232012 2.554357
v -0.064571 0.226555 2.554357
v -0.095473 0.217564 2.554357
v -0.124741 0.205192 2.554357
v -0.151875 0.189652 2.554357
v -0.176410 0.171209 2.554357
v -0.197927 0.150178 2.554357
v -0.216058 0.126921 2.554357
v -0.230491 0.101834 2.554357
v -0.240981 0.075346 2.554357
v -0.247347 0.047912 2.554357
v -0.249482 0.020000 2.554357
v -0.247347 -0.007912 2.554357
v -0.240981 -0.035346 2.554357
v -0.230491 -0.061834 2.554357
v -0.216058 -0.086921 2.554357
v -0.197927 -0.110178 2.554357
v -0.176410 -0.131209 2.554357
v -0.151875 -0.149652 2.554357
v -0.124741 -0.165192 2.554357
v -0.095473 -0.177564 2.554357
v -0.064571 -0.186555 2.554357
v -0.032564 -0.192012 2.554357
v -0.000000 -0.193842 2.554357
v 0.032564 -0.192012 2.554357
v 0.064571 -0.186555 2.554357
v 0.095473 -0.177564 2.554357
v 0.124741 -0.165192 2.554357
v 0.151875 -0.149652 2.554357
v 0.176410 -0.131209 2.554357
v 0.197927 -0.110178 2.554357
v 0.216058 -0.086921 2.554357
v 0.230491 -0.061834 2.554357
v 0.240981 -0.035346 2.554357
v 0.247347 -0.007912 2.554357
v 0.266296 0.020000 2.505066
v 0.264018 0.049793 2.505066
v 0.257222 0.079076 2.505066
v 0.246025 0.107349 2.505066
v 0.230619 0.134127 2.505066
v 0.211267 0.158952 2.505066
v 0.188300 0.181400 2.505066
v 0.162111 0.201086 2.505066
v 0.133148 0.217673 2.505066
v 0.101907 0.230879 2.505066
v 0.068922 0.240476 2.505066
v 0.034759 0.246301 2.505066
v 0.000000 0.248254 2.505066
v -0.034759 0.246301 2.505066
v -0.068922 0.240476 2.505066
v -0.101907 0.230879 2.505066
v -0.133148 0.217673 2.505066
v -0.162111 0.201086 2.505066
v -0.188300 0.181400 2.505066
v -0.211267 0.158952 2.505066
v -0.230619 0.134127 2.505066
v -0.246025 0.107349 2.505066
v -0.257222 0.079076 2.505066
v -0.264018 0.049793 2.505066
v -0.266296 0.020000 2.505066
v -0.264018 -0.009793 2.505066
v -0.257222 -0.039076 2.505066
v -0.246025 -0.067349 2.505066
v -0.230619 -0.094127 2.505066
v -0.211267 -0.118952 2.505066
v -0.188300 -0.141400 2.505066
v -0.162111 -0.161086 2.505066
v -0.133148 -0.177673 2.505066
v -0.101907 -0.190879 2.505066
v -0.068922 -0.200476 2.505066
v -0.034759 -0.206301 2.505066
v -0.000000 -0.208254 2.505066
v 0.034759 -0.206301 2.505066
v 0.068922 -0.200476 2.505066
v 0.101907 -0.190879 2.505066
v 0.133148 -0.177673 2.505066
v 0.162111 -0.161086 2.505066
v 0.188300 -0.141400 2.505066
v 0.211267 -0.118952 2.505066
v 0.230619 -0.094127 2.505066
v 0.246025 -0.067349 2.505066
v 0.257222 -0.039076 2.505066
v 0.264018 -0.009793 2.505066
v 0.276553 0.020000 2.453188
v 0.274187 0.050941 2.453188
v 0.267129 0.081352 2.453188
v 0.255501 0.110713 2.453188
v 0.239502 0.138523 2.453188
v 0.219404 0.164304 2.453188
v 0.195552 0.187616 2.453188
v 0.168355 0.208061 2.453188
v 0.138276 0.225287 2.453188
v 0.105832 0.239001 2.453188
v 0.071577 0.248968 2.453188
v 0.036097 0.255017 2.453188
v 0.000000 0.257045 2.453188
v -0.036097 0.255017 2.453188
v -0.071577 0.248968 2.453188
v -0.105832 0.239001 2.453188
v -0.138276 0.225287 2.453188
v -0.168355 0.208061 2.453188
v -0.195552 0.187616 2.453188
v -0.219404 0.164304 2.453188
v -0.239502 0.138523 2.453188
v -0.255501 0.110713 2.453188
v -0.267129 0.081352 2.453188
v -0.274187 0.050941 2.453188
v -0.276553 0.020000 2.453188
v -0.274187 -0.010941 2.453188
v -0.267129 -0.041352 2.453188
v -0.255501 -0.070713 2.453188
v -0.239502 -0.098523 2.453188
v -0.219404 -0.124304 2.453188
v -0.195552 -0.147616 2.453188
v -0.168355 -0.168061 2.453188
v -0.138276 -0.185287 2.453188
v -0.105832 -0.199001 2.453188
v -0.071577 -0.208968 2.453188
v -0.036097 -0.215017 2.453188
v -0.000000 -0.217045 2.453188
v 0.036097 -0.215017 2.453188
v 0.071577 -0.208968 2.453188
v 0.105832 -0.199001 2.453188
v 0.138276 -0.185287 2.453188
v 0.168355 -0.168061 2.453188
v 0.195552 -0.147616 2.453188
v 0.219404 -0.124304 2.453188
v 0.239502 -0.098523 2.453188
v 0.255501 -0.070713 2.453188
v 0.267129 -0.041352 2.453188
v 0.274187 -0.010941 2.453188
v 0.280000 0.020000 2.400000
v 0.277605 0.051326 2.400000
v 0.270459 0.082117 2.400000
v 0.258686 0.111844 2.400000
v 0.242487 0.140000 2.400000
v 0.222139 0.166103 2.400000
v 0.197990 0.189706 2.400000
v 0.170453 0.210405 2.400000
v 0.140000 0.227846 2.400000
v 0.107151 0.241731 2.400000
v 0.072469 0.251822 2.400000
v 0.036547 0.257947 2.400000
v 0.000000 0.260000 2.400000
v -0.036547 0.257947 2.400000
v -0.072469 0.251822 2.400000
v -0.107151 0.241731 2.400000
v -0.140000 0.227846 2.400000
v -0.170453 0.210405 2.400000
v -0.197990 0.189706 2.400000
v -0.222139 0.166103 2.400000
v -0.242487 0.140000 2.400000
v -0.258686 0.111844 2.400000
v -0.270459 0.082117 2.400000
v -0.277605 0.051326 2.400000
v -0.280000 0.020000 2.400000
v -0.277605 -0.011326 2.400000
v -0.270459 -0.042117 2.400000
v -0.258686 -0.071844 2.400000
v -0.242487 -0.100000 2.400000
v -0.222139 -0.126103 2.400000
v -0.197990 -0.149706 2.400000
v -0.170453 -0.170405 2.400000
v -0.140000 -0.187846 2.400000
v -0.107151 -0.201731 2.400000
v -0.072469 -0.211822 2.400000
v -0.036547 -0.217947 2.400000
v -0.000000 -0.220000 2.400000
v 0.036547 -0.217947 2.400000
v 0.072469 -0.211822 2.400000
v 0.107151 -0.201731 2.400000
v 0.140000 -0.187846 2.400000
v 0.170453 -0.170405 2.400000
v 0.197990 -0.149706 2.400000
v 0.222139 -0.126103 2.400000
v 0.242487 -0.100000 2.400000
v 0.258686 -0.071844 2.400000
v 0.270459 -0.042117 2.400000
v 0.277605 -0.011326 2.400000
v 0.276553 0.020000 2.346812
v 0.274187 0.050941 2.346812
v 0.267129 0.081352 2.346812
v 0.255501 0.110713 2.346812
v 0.239502 0.138523 2.346812
v 0.219404 0.164304 2.346812
v 0.195552 0.187616 2.346812
v 0.168355 0.208061 2.346812
v 0.138276 0.225287 2.346812
v 0.105832 0.239001 2.346812
v 0.071577 0.248968 2.346812
v 0.036097 0.255017 2.346812
v 0.000000 0.257045 2.346812
v -0.036097 0.255017 2.346812
v -0.071577 0.248968 2.346812
v -0.105832 0.239001 2.346812
v -0.138276 0.225287 2.346812
v -0.168355 0.208061 2.346812
v -0.195552 0.187616 2.346812
v -0.219404 0.164304 2.346812
v -0.239502 0.138523 2.346812
v -0.255501 0.110713 2.346812
v -0.267129 0.081352 2.346812
v -0.274187 0.050941 2.346812
v -0.276553 0.020000 2.346812
v -0.274187 -0.010941 2.346812
v -0.267129 -0.041352 2.346812
v -0.255501 -0.070713 2.346812
v -0.239502 -0.098523 2.346812
v -0.219404 -0.124304 2.346812
v -0.195552 -0.147616 2.346812
v -0.168355 -0.168061 2.346812
v -0.138276 -0.185287 2.346812
v -0.105832 -0.199001 2.346812
v -0.071577 -0.208968 2.346812
v -0.036097 -0.215017 2.346812
v -0.000000 -0.217045 2.346812
v 0.036097 -0.215017 2.346812
v 0.071577 -0.208968 2.346812
v 0.105832 -0.199001 2.346812
v 0.138276 -0.185287 2.346812
v 0.168355 -0.168061 2.346812
v 0.195552 -0.147616 2.346812
v 0.219404 -0.124304 2.346812
v 0.239502 -0.098523 2.346812
v 0.255501 -0.070713 2.346812
v 0.267129 -0.041352 2.346812
v 0.274187 -0.010941 2.346812
v 0.266296 0.020000 2.294934
v 0.264018 0.049793 2.294934
v 0.257222 0.079076 2.294934
v 0.246025 0.107349 2.294934
v 0.230619 0.134127 2.294934
v 0.211267 0.158952 2.294934
v 0.188300 0.181400 2.294934
v 0.162111 0.201086 2.294934
v 0.133148 0.217673 2.294934
v 0.101907 0.230879 2.294934
v 0.068922 0.240476 2.294934
v 0.034759 0.246301 2.294934
v 0.000000 0.248254 2.294934
v -0.034759 0.246301 2.294934
v -0.068922 0.240476 2.294934
v -0.101907 0.230879 2.294934
v -0.133148 0.217673 2.294934
v -0.162111 0.201086 2.294934
v -0.188300 0.181400 2.294934
v -0.211267 0.158952 2.294934
v -0.230619 0.134127 2.294934
v -0.246025 0.107349 2.294934
v -0.257222 0.079076 2.294934
v -0.264018 0.049793 2.294934
v -0.266296 0.020000 2.294934
v -0.264018 -0.009793 2.294934
v -0.257222 -0.039076 2.294934
v -0.246025 -0.067349 2.294934
v -0.230619 -0.094127 2.294934
v -0.211267 -0.118952 2.294934
v -0.188300 -0.141400 2.294934
v -0.162111 -0.161086 2.294934
v -0.133148 -0.177673 2.294934
v -0.101907 -0.190879 2.294934
v -0.068922 -0.200476 2.294934
v -0.034759 -0.206301 2.294934
v -0.000000 -0.208254 2.294934
v 0.034759 -0.206301 2.294934
v 0.068922 -0.200476 2.294934
v 0.101907 -0.190879 2.294934
v 0.133148 -0.177673 2.294934
v 0.162111 -0.161086 2.294934
v 0.188300 -0.141400 2.294934
v 0.211267 -0.118952 2.294934
v 0.230619 -0.094127 2.294934
v 0.246025 -0.067349 2.294934
v 0.257222 -0.039076 2.294934
v 0.264018 -0.009793 2.294934
v 0.249482 0.020000 2.245643
v 0.247347 0.047912 2.245643
v 0.240981 0.075346 2.245643
v 0.230491 0.101834 2.245643
v 0.216058 0.126921 2.245643
v 0.197927 0.150178 2.245643
v 0.176410 0.171209 2.245643
v 0.151875 0.189652 2.245643
v 0.124741 0.205192 2.245643
v 0.095473 0.217564 2.245643
v 0.064571 0.226555 2.245643
v 0.032564 0.232012 2.245643
v 0.000000 0.233842 2.245643
v -0.032564 0.232012 2.245643
v -0.064571 0.226555 2.245643
v -0.095473 0.217564 2.245643
v -0.124741 0.205192 2.245643
v -0.151875 0.189652 2.245643
v -0.176410 0.171209 2.245643
v -0.197927 0.150178 2.245643
v -0.216058 0.126921 2.245643
v -0.230491 0.101834 2.245643
v -0.240981 0.075346 2.245643
v -0.247347 0.047912 2.245643
v -0.249482 0.020000 2.245643
v -0.247347 -0.007912 2.245643
v -0.240981 -0.035346 2.245643
v -0.230491 -0.061834 2.245643
v -0.216058 -0.086921 2.245643
v -0.197927 -0.110178 2.245643
v -0.176410 -0.131209 2.245643
v -0.151875 -0.149652 2.245643
v -0.124741 -0.165192 2.245643
v -0.095473 -0.177564 2.245643
v -0.064571 -0.186555 2.245643
v -0.032564 -0.192012 2.245643
v -0.000000 -0.193842 2.245643
v 0.032564 -0.192012 2.245643
v 0.064571 -0.186555 2.245643
v 0.095473 -0.177564 2.245643
v 0.124741 -0.165192 2.245643
v 0.151875 -0.149652 2.245643
v 0.176410 -0.131209 2.245643
v 0.197927 -0.110178 2.245643
v 0.216058 -0.086921 2.245643
v 0.230491 -0.061834 2.245643
v 0.240981 -0.035346 2.245643
v 0.247347 -0.007912 2.245643
v 0.226525 0.020000 2.200153
v 0.224587 0.045343 2.200153
v 0.218806 0.070253 2.200153
v 0.209282 0.094303 2.200153
v 0.196176 0.117082 2.200153
v 0.179714 0.138200 2.200153
v 0.160177 0.157295 2.200153
v 0.137900 0.174041 2.200153
v 0.113262 0.188151 2.200153
v 0.086687 0.199384 2.200153
v 0.058629 0.207548 2.200153
v 0.029567 0.212503 2.200153
v 0.000000 0.214164 2.200153
v -0.029567 0.212503 2.200153
v -0.058629 0.207548 2.200153
v -0.086687 0.199384 2.200153
v -0.113262 0.188151 2.200153
v -0.137900 0.174041 2.200153
v -0.160177 0.157295 2.200153
v -0.179714 0.138200 2.200153
v -0.196176 0.117082 2.200153
v -0.209282 0.094303 2.200153
v -0.218806 0.070253 2.200153
v -0.224587 0.045343 2.200153
v -0.226525 0.020000 2.200153
v -0.224587 -0.005343 2.200153
v -0.218806 -0.030253 2.200153
v -0.209282 -0.054303 2.200153
v -0.196176 -0.077082 2.200153
v -0.179714 -0.098200 2.200153
v -0.160177 -0.117295 2.200153
v -0.137900 -0.134041 2.200153
v -0.113262 -0.148151 2.200153
v -0.086687 -0.159384 2.200153
v -0.058629 -0.167548 2.200153
v -0.029567 -0.172503 2.200153
v -0.000000 -0.174164 2.200153
v 0.029567 -0.172503 2.200153
v 0.058629 -0.167548 2.200153
v 0.086687 -0.159384 2.200153
v 0.113262 -0.148151 2.200153
v 0.137900 -0.134041 2.200153
v 0.160177 -0.117295 2.200153
v 0.179714 -0.098200 2.200153
v 0.196176 -0.077082 2.200153
v 0.209282 -0.054303 2.200153
v 0.218806 -0.030253 2.200153
v 0.224587 -0.005343 2.200153
v 0.197990 0.020000 2.159584
v 0.196296 0.042151 2.159584
v 0.191244 0.063923 2.159584
v 0.182919 0.084944 2.159584
v 0.171464 0.104853 2.159584
v 0.157076 0.123310 2.159584
v 0.140000 0.140000 2.159584
v 0.120529 0.154637 2.159584
v 0.098995 0.166969 2.159584
v 0.075767 0.176788 2.159584
v 0.051244 0.183923 2.159584
v 0.025843 0.188254 2.159584
v 0.000000 0.189706 2.159584
v -0.025843 0.188254 2.159584
v -0.051244 0.183923 2.159584
v -0.075767 0.176788 2.159584
v -0.098995 0.166969 2.159584
v -0.120529 0.154637 2.159584
v -0.140000 0.140000 2.159584
v -0.157076 0.123310 2.159584
v -0.171464 0.104853 2.159584
v -0.182919 0.084944 2.159584
v -0.191244 0.063923 2.159584
v -0.196296 0.042151 2.159584
v -0.197990 0.020000 2.159584
v -0.196296 -0.002151 2.159584
v -0.191244 -0.023923 2.159584
v -0.182919 -0.044944 2.159584
v -0.171464 -0.064853 2.159584
v -0.157076 -0.083310 2.159584
v -0.140000 -0.100000 2.159584
v -0.120529 -0.114637 2.159584
v -0.098995 -0.126969 2.159584
v -0.075767 -0.136788 2.159584
v -0.051244 -0.143923 2.159584
v -0.025843 -0.148254 2.159584
v -0.000000 -0.149706 2.159584
v 0.025843 -0.148254 2.159584
v 0.051244 -0.143923 2.159584
v 0.075767 -0.136788 2.159584
v 0.098995 -0.126969 2.159584
v 0.120529 -0.114637 2.159584
v 0.140000 -0.100000 2.159584
v 0.157076 -0.083310 2.159584
v 0.171464 -0.064853 2.159584
v 0.182919 -0.044944 2.159584
v 0.191244 -0.023923 2.159584
v 0.196296 -0.002151 2.159584
v 0.164580 0.020000 2.124934
v 0.163172 0.038413 2.124934
v 0.158972 0.056511 2.124934
v 0.152052 0.073985 2.124934
v 0.142530 0.090534 2.124934
v 0.130570 0.105877 2.124934
v 0.116376 0.119750 2.124934
v 0.100190 0.131917 2.124934
v 0.082290 0.142169 2.124934
v 0.062982 0.150330 2.124934
v 0.042596 0.156262 2.124934
v 0.021482 0.159862 2.124934
v 0.000000 0.161068 2.124934
v -0.021482 0.159862 2.124934
v -0.042596 0.156262 2.124934
v -0.062982 0.150330 2.124934
v -0.082290 0.142169 2.124934
v -0.100190 0.131917 2.124934
v -0.116376 0.119750 2.124934
v -0.130570 0.105877 2.124934
v -0.142530 0.090534 2.124934
v -0.152052 0.073985 2.124934
v -0.158972 0.056511 2.124934
v -0.163172 0.038413 2.124934
v -0.164580 0.020000 2.124934
v -0.163172 0.001587 2.124934
v -0.158972 -0.016511 2.124934
v -0.152052 -0.033985 2.124934
v -0.142530 -0.050534 2.124934
v -0.130570 -0.065877 2.124934
v -0.116376 -0.079750 2.124934
v -0.100190 -0.091917 2.124934
v -0.082290 -0.102169 2.124934
v -0.062982 -0.110330 2.124934
v -0.042596 -0.116262 2.124934
v -0.021482 -0.119862 2.124934
v -0.000000 -0.121068 2.124934
v 0.021482 -0.119862 2.124934
v 0.042596 -0.116262 2.124934
v 0.062982 -0.110330 2.124934
v 0.082290 -0.102169 2.124934
v 0.100190 -0.091917 2.124934
v 0.116376 -0.079750 2.124934
v 0.130570 -0.065877 2.124934
v 0.142530 -0.050534 2.124934
v 0.152052 -0.033985 2.124934
v 0.158972 -0.016511 2.124934
v 0.163172 0.001587 2.124934
v 0.127117 0.020000 2.097058
v 0.126030 0.034222 2.097058
v 0.122786 0.048200 2.097058
v 0.117441 0.061696 2.097058
v 0.110087 0.074479 2.097058
v 0.100849 0.086329 2.097058
v 0.089886 0.097045 2.097058
v 0.077384 0.106442 2.097058
v 0.063559 0.114360 2.097058
v 0.048646 0.120664 2.097058
v 0.032900 0.125245 2.097058
v 0.016592 0.128026 2.097058
v 0.000000 0.128958 2.097058
v -0.016592 0.128026 2.097058
v -0.032900 0.125245 2.097058
v -0.048646 0.120664 2.097058
v -0.063559 0.114360 2.097058
v -0.077384 0.106442 2.097058
v -0.089886 0.097045 2.097058
v -0.100849 0.086329 2.097058
v -0.110087 0.074479 2.097058
v -0.117441 0.061696 2.097058
v -0.122786 0.048200 2.097058
v -0.126030 0.034222 2.097058
v -0.127117 0.020000 2.097058
v -0.126030 0.005778 2.097058
v -0.122786 -0.008200 2.097058
v -0.117441 -0.021696 2.097058
v -0.110087 -0.034479 2.097058
v -0.100849 -0.046329 2.097058
v -0.089886 -0.057045 2.097058
v -0.077384 -0.066442 2.097058
v -0.063559 -0.074360 2.097058
v -0.048646 -0.080664 2.097058
v -0.032900 -0.085245 2.097058
v -0.016592 -0.088026 2.097058
v -0.000000 -0.088958 2.097058
v 0.016592 -0.088026 2.097058
v 0.032900 -0.085245 2.097058
v 0.048646 -0.080664 2.097058
v 0.063559 -0.074360 2.097058
v 0.077384 -0.066442 2.097058
v 0.089886 -0.057045 2.097058
v 0.100849 -0.046329 2.097058
v 0.110087 -0.034479 2.097058
v 0.117441 -0.021696 2.097058
v 0.122786 -0.008200 2.097058
v 0.126030 0.005778 2.097058
v 0.086525 0.020000 2.076641
v 0.085785 0.029680 2.076641
v 0.083576 0.039195 2.076641
v 0.079938 0.048381 2.076641
v 0.074933 0.057082 2.076641
v 0.068645 0.065148 2.076641
v 0.061182 0.072442 2.076641
v 0.052673 0.078838 2.076641
v 0.043262 0.084228 2.076641
v 0.033112 0.088519 2.076641
v 0.022394 0.091637 2.076641
v 0.011294 0.093530 2.076641
v 0.000000 0.094164 2.076641
v -0.011294 0.093530 2.076641
v -0.022394 0.091637 2.076641
v -0.033112 0.088519 2.076641
v -0.043262 0.084228 2.076641
v -0.052673 0.078838 2.076641
v -0.061182 0.072442 2.076641
v -0.068645 0.065148 2.076641
v -0.074933 0.057082 2.076641
v -0.079938 0.048381 2.076641
v -0.083576 0.039195 2.076641
v -0.085785 0.029680 2.076641
v -0.086525 0.020000 2.076641
v -0.085785 0.010320 2.076641
v -0.083576 0.000805 2.076641
v -0.079938 -0.008381 2.076641
v -0.074933 -0.017082 2.076641
v -0.068645 -0.025148 2.076641
v -0.061182 -0.032442 2.076641
v -0.052673 -0.038838 2.076641
v -0.043262 -0.044228 2.076641
v -0.033112 -0.048519 2.076641
v -0.022394 -0.051637 2.076641
v -0.011294 -0.053530 2.076641
v -0.000000 -0.054164 2.076641
v 0.011294 -0.053530 2.076641
v 0.022394 -0.051637 2.076641
v 0.033112 -0.048519 2.076641
v 0.043262 -0.044228 2.076641
v 0.052673 -0.038838 2.076641
v 0.061182 -0.032442 2.076641
v 0.068645 -0.025148 2.076641
v 0.074933 -0.017082 2.076641
v 0.079938 -0.008381 2.076641
v 0.083576 0.000805 2.076641
v 0.085785 0.010320 2.076641
v 0.043802 0.020000 2.064186
v 0.043427 0.024901 2.064186
v 0.042309 0.029717 2.064186
v 0.040467 0.034368 2.064186
v 0.037933 0.038772 2.064186
v 0.034750 0.042856 2.064186
v 0.030972 0.046548 2.064186
v 0.026665 0.049786 2.064186
v 0.021901 0.052514 2.064186
v 0.016762 0.054686 2.064186
v 0.011337 0.056265 2.064186
v 0.005717 0.057223 2.064186
v 0.000000 0.057544 2.064186
v -0.005717 0.057223 2.064186
v -0.011337 0.056265 2.064186
v -0.016762 0.054686 2.064186
v -0.021901 0.052514 2.064186
v -0.026665 0.049786 2.064186
v -0.030972 0.046548 2.064186
v -0.034750 0.042856 2.064186
v -0.037933 0.038772 2.064186
v -0.040467 0.034368 2.064186
v -0.042309 0.029717 2.064186
v -0.043427 0.024901 2.064186
v -0.043802 0.020000 2.064186
v -0.043427 0.015099 2.064186
v -0.042309 0.010283 2.064186
v -0.040467 0.005632 2.064186
v -0.037933 0.001228 2.064186
v -0.034750 -0.002856 2.064186
v -0.030972 -0.006548 2.064186
v -0.026665 -0.009786 2.064186
v -0.021901 -0.012514 2.064186
v -0.016762 -0.014686 2.064186
v -0.011337 -0.016265 2.064186
v -0.005717 -0.017223 2.064186
v -0.000000 -0.017544 2.064186
v 0.005717 -0.017223 2.064186
v 0.011337 -0.016265 2.064186
v 0.016762 -0.014686 2.064186
v 0.021901 -0.012514 2.064186
v 0.026665 -0.009786 2.064186
v 0.030972 -0.006548 2.064186
v 0.034750 -0.002856 2.064186
v 0.037933 0.001228 2.064186
v 0.040467 0.005632 2.064186
v 0.042309 0.010283 2.064186
v 0.043427 0.015099 2.064186
v 0.000000 0.020000 2.060000
v 0.000000 0.020000 2.060000
v 0.000000 0.020000 2.060000
v 0.000000 0.020000 2.060000
v 0.000000 0.020000 2.060000
v 0.000000 0.020000 2.060000
v 0.000000 0.020000 2.060000
v 0.000000 0.020000 2.060000
v 0.000000 0.020000 2.060000
v 0.000000 0.020000 2.060000
v 0.000000 0.020000 2.060000
v 0.000000 0.020000 2.060000
v 0.000000 0.020000 2.060000
v -0.000000 0.020000 2.060000
v -0.000000 0.020000 2.060000
v -0.000000 0.020000 2.060000
v -0.000000 0.020000 2.060000
v -0.000000 0.020000 2.060000
v -0.000000 0.020000 2.060000
v -0.000000 0.020000 2.060000
v -0.000000 0.020000 2.060000
v -0.000000 0.020000 2.060000
v -0.000000 0.020000 2.060000
v -0.000000 0.020000 2.060000
v -0.000000 0.020000 2.060000
v -0.000000 0.020000 2.060000
v -0.000000 0.020000 2.060000
v -0.000000 0.020000 2.060000
v -0.000000 0.020000 2.060000
v -0.000000 0.020000 2.060000
v -0.000000 0.020000 2.060000
v -0.000000 0.020000 2.060000
v -0.000000 0.020000 2.060000
v -0.000000 0.020000 2.060000
v -0.000000 0.020000 2.060000
v -0.000000 0.020000 2.060000
v -0.000000 0.020000 2.060000
v 0.000000 0.020000 2.060000
v 0.000000 0.020000 2.060000
v 0.000000 0.020000 2.060000
v 0.000000 0.020000 2.060000
v 0.000000 0.020000 2.060000
v 0.000000 0.020000 2.060000
v 0.000000 0.020000 2.060000
v 0.000000 0.020000 2.060000
v 0.000000 0.020000 2.060000
v 0.000000 0.020000 2.060000
v 0.000000 0.020000 2.060000
v -0.270000 0.020000 2.530000
v -0.270000 0.020000 2.530000
v -0.270000 0.020000 2.530000
v -0.270000 0.020000 2.530000
v -0.270000 0.020000 2.530000
v -0.270000 0.020000 2.530000
v -0.270000 0.020000 2.530000
v -0.270000 0.020000 2.530000
v -0.270000 0.020000 2.530000
v -0.270000 0.020000 2.530000
v -0.270000 0.020000 2.530000
v -0.270000 0.020000 2.530000
v -0.270000 0.020000 2.530000
v -0.270000 0.020000 2.530000
v -0.270000 0.020000 2.530000
v -0.270000 0.020000 2.530000
v -0.270000 0.020000 2.530000
v -0.270000 0.020000 2.530000
v -0.270000 0.020000 2.530000
v -0.270000 0.020000 2.530000
v -0.244118 0.020000 2.513644
v -0.245385 0.027998 2.513644
v -0.249061 0.035213 2.513644
v -0.254787 0.040939 2.513644
v -0.262002 0.044615 2.513644
v -0.270000 0.045882 2.513644
v -0.277998 0.044615 2.513644
v -0.285213 0.040939 2.513644
v -0.290939 0.035213 2.513644
v -0.294615 0.027998 2.513644
v -0.295882 0.020000 2.513644
v -0.294615 0.012002 2.513644
v -0.290939 0.004787 2.513644
v -0.285213 -0.000939 2.513644
v -0.277998 -0.004615 2.513644
v -0.270000 -0.005882 2.513644
v -0.262002 -0.004615 2.513644
v -0.254787 -0.000939 2.513644
v -0.249061 0.004787 2.513644
v -0.245385 0.012002 2.513644
v -0.220000 0.020000 2.465692
v -0.222447 0.035451 2.465692
v -0.229549 0.049389 2.465692
v -0.240611 0.060451 2.465692
v -0.254549 0.067553 2.465692
v -0.270000 0.070000 2.465692
v -0.285451 0.067553 2.465692
v -0.299389 0.060451 2.465692
v -0.310451 0.049389 2.465692
v -0.317553 0.035451 2.465692
v -0.320000 0.020000 2.465692
v -0.317553 0.004549 2.465692
v -0.310451 -0.009389 2.465692
v -0.299389 -0.020451 2.465692
v -0.285451 -0.027553 2.465692
v -0.270000 -0.030000 2.465692
v -0.254549 -0.027553 2.465692
v -0.240611 -0.020451 2.465692
v -0.229549 -0.009389 2.465692
v -0.222447 0.004549 2.465692
v -0.199289 0.020000 2.389411
v -0.202750 0.041851 2.389411
v -0.212794 0.061563 2.389411
v -0.228437 0.077206 2.389411
v -0.248149 0.087250 2.389411
v -0.270000 0.090711 2.389411
v -0.291851 0.087250 2.389411
v -0.311563 0.077206 2.389411
v -0.327206 0.061563 2.389411
v -0.337250 0.041851 2.389411
v -0.340711 0.020000 2.389411
v -0.337250 -0.001851 2.389411
v -0.327206 -0.021563 2.389411
v -0.311563 -0.037206 2.389411
v -0.291851 -0.047250 2.389411
v -0.270000 -0.050711 2.389411
v -0.248149 -0.047250 2.389411
v -0.228437 -0.037206 2.389411
v -0.212794 -0.021563 2.389411
v -0.202750 -0.001851 2.389411
v -0.183397 0.020000 2.290000
v -0.187636 0.046762 2.290000
v -0.199937 0.070904 2.290000
v -0.219096 0.090063 2.290000
v -0.243238 0.102364 2.290000
v -0.270000 0.106603 2.290000
v -0.296762 0.102364 2.290000
v -0.320904 0.090063 2.290000
v -0.340063 0.070904 2.290000
v -0.352364 0.046762 2.290000
v -0.356603 0.020000 2.290000
v -0.352364 -0.006762 2.290000
v -0.340063 -0.030904 2.290000
v -0.320904 -0.050063 2.290000
v -0.296762 -0.062364 2.290000
v -0.270000 -0.066603 2.290000
v -0.243238 -0.062364 2.290000
v -0.219096 -0.050063 2.290000
v -0.199937 -0.030904 2.290000
v -0.187636 -0.006762 2.290000
v -0.173407 0.020000 2.174233
v -0.178135 0.049849 2.174233
v -0.191855 0.076776 2.174233
v -0.213224 0.098145 2.174233
v -0.240151 0.111865 2.174233
v -0.270000 0.116593 2.174233
v -0.299849 0.111865 2.174233
v -0.326776 0.098145 2.174233
v -0.348145 0.076776 2.174233
v -0.361865 0.049849 2.174233
v -0.366593 0.020000 2.174233
v -0.361865 -0.009849 2.174233
v -0.348145 -0.036776 2.174233
v -0.326776 -0.058145 2.174233
v -0.299849 -0.071865 2.174233
v -0.270000 -0.076593 2.174233
v -0.240151 -0.071865 2.174233
v -0.213224 -0.058145 2.174233
v -0.191855 -0.036776 2.174233
v -0.178135 -0.009849 2.174233
v -0.170000 0.020000 2.050000
v -0.174894 0.050902 2.050000
v -0.189098 0.078779 2.050000
v -0.211221 0.100902 2.050000
v -0.239098 0.115106 2.050000
v -0.270000 0.120000 2.050000
v -0.300902 0.115106 2.050000
v -0.328779 0.100902 2.050000
v -0.350902 0.078779 2.050000
v -0.365106 0.050902 2.050000
v -0.370000 0.020000 2.050000
v -0.365106 -0.010902 2.050000
v -0.350902 -0.038779 2.050000
v -0.328779 -0.060902 2.050000
v -0.300902 -0.075106 2.050000
v -0.270000 -0.080000 2.050000
v -0.239098 -0.075106 2.050000
v -0.211221 -0.060902 2.050000
v -0.189098 -0.038779 2.050000
v -0.174894 -0.010902 2.050000
v -0.173407 0.020000 1.925767
v -0.178135 0.049849 1.925767
v -0.191855 0.076776 1.925767
v -0.213224 0.098145 1.925767
v -0.240151 0.111865 1.925767
v -0.270000 0.116593 1.925767
v -0.299849 0.111865 1.925767
v -0.326776 0.098145 1.925767
v -0.348145 0.076776 1.925767
v -0.361865 0.049849 1.925767
v -0.366593 0.020000 1.925767
v -0.361865 -0.009849 1.925767
v -0.348145 -0.036776 1.925767
v -0.326776 -0.058145 1.925767
v -0.299849 -0.071865 1.925767
v -0.270000 -0.076593 1.925767
v -0.240151 -0.071865 1.925767
v -0.213224 -0.058145 1.925767
v -0.191855 -0.036776 1.925767
v -0.178135 -0.009849 1.925767
v -0.183397 0.020000 1.810000
v -0.187636 0.046762 1.810000
v -0.199937 0.070904 1.810000
v -0.219096 0.090063 1.810000
v -0.243238 0.102364 1.810000
v -0.270000 0.106603 1.810000
v -0.296762 0.102364 1.810000
v -0.320904 0.090063 1.810000
v -0.340063 0.070904 1.810000
v -0.352364 0.046762 1.810000
v -0.356603 0.020000 1.810000
v -0.352364 -0.006762 1.810000
v -0.340063 -0.030904 1.810000
v -0.320904 -0.050063 1.810000
v -0.296762 -0.062364 1.810000
v -0.270000 -0.066603 1.810000
v -0.243238 -0.062364 1.810000
v -0.219096 -0.050063 1.810000
v -0.199937 -0.030904 1.810000
v -0.187636 -0.006762 1.810000
v -0.199289 0.020000 1.710589
v -0.202750 0.041851 1.710589
v -0.212794 0.061563 1.710589
v -0.228437 0.077206 1.710589
v -0.248149 0.087250 1.710589
v -0.270000 0.090711 1.710589
v -0.291851 0.087250 1.710589
v -0.311563 0.077206 1.710589
v -0.327206 0.061563 1.710589
v -0.337250 0.041851 1.710589
v -0.340711 0.020000 1.710589
v -0.337250 -0.001851 1.710589
v -0.327206 -0.021563 1.710589
v -0.311563 -0.037206 1.710589
v -0.291851 -0.047250 1.710589
v -0.270000 -0.050711 1.710589
v -0.248149 -0.047250 1.710589
v -0.228437 -0.037206 1.710589
v -0.212794 -0.021563 1.710589
v -0.202750 -0.001851 1.710589
v -0.220000 0.020000 1.634308
v -0.222447 0.035451 1.634308
v -0.229549 0.049389 1.634308
v -0.240611 0.060451 1.634308
v -0.254549 0.067553 1.634308
v -0.270000 0.070000 1.634308
v -0.285451 0.067553 1.634308
v -0.299389 0.060451 1.634308
v -0.310451 0.049389 1.634308
v -0.317553 0.035451 1.634308
v -0.320000 0.020000 1.634308
v -0.317553 0.004549 1.634308
v -0.310451 -0.009389 1.634308
v -0.299389 -0.020451 1.634308
v -0.285451 -0.027553 1.634308
v -0.270000 -0.030000 1.634308
v -0.254549 -0.027553 1.634308
v -0.240611 -0.020451 1.634308
v -0.229549 -0.009389 1.634308
v -0.222447 0.004549 1.634308
v -0.244118 0.020000 1.586356
v -0.245385 0.027998 1.586356
v -0.249061 0.035213 1.586356
v -0.254787 0.040939 1.586356
v -0.262002 0.044615 1.586356
v -0.270000 0.045882 1.586356
v -0.277998 0.044615 1.586356
v -0.285213 0.040939 1.586356
v -0.290939 0.035213 1.586356
v -0.294615 0.027998 1.586356
v -0.295882 0.020000 1.586356
v -0.294615 0.012002 1.586356
v -0.290939 0.004787 1.586356
v -0.285213 -0.000939 1.586356
v -0.277998 -0.004615 1.586356
v -0.270000 -0.005882 1.586356
v -0.262002 -0.004615 1.586356
v -0.254787 -0.000939 1.586356
v -0.249061 0.004787 1.586356
v -0.245385 0.012002 1.586356
v -0.270000 0.020000 1.570000
v -0.270000 0.020000 1.570000
v -0.270000 0.020000 1.570000
v -0.270000 0.020000 1.570000
v -0.270000 0.020000 1.570000
v -0.270000 0.020000 1.570000
v -0.270000 0.020000 1.570000
v -0.270000 0.020000 1.570000
v -0.270000 0.020000 1.570000
v -0.270000 0.020000 1.570000
v -0.270000 0.020000 1.570000
v -0.270000 0.020000 1.570000
v -0.270000 0.020000 1.570000
v -0.270000 0.020000 1.570000
v -0.270000 0.020000 1.570000
v -0.270000 0.020000 1.570000
v -0.270000 0.020000 1.570000
v -0.270000 0.020000 1.570000
v -0.270000 0.020000 1.570000
v -0.270000 0.020000 1.570000
v 0.270000 0.020000 2.530000
v 0.270000 0.020000 2.530000
v 0.270000 0.020000 2.530000
v 0.270000 0.020000 2.530000
v 0.270000 0.020000 2.530000
v 0.270000 0.020000 2.530000
v 0.270000 0.020000 2.530000
v 0.270000 0.020000 2.530000
v 0.270000 0.020000 2.530000
v 0.270000 0.020000 2.530000
v 0.270000 0.020000 2.530000
v 0.270000 0.020000 2.530000
v 0.270000 0.020000 2.530000
v 0.270000 0.020000 2.530000
v 0.270000 0.020000 2.530000
v 0.270000 0.020000 2.530000
v 0.270000 0.020000 2.530000
v 0.270000 0.020000 2.530000
v 0.270000 0.020000 2.530000
v 0.270000 0.020000 2.530000
v 0.295882 0.020000 2.513644
v 0.294615 0.027998 2.513644
v 0.290939 0.035213 2.513644
v 0.285213 0.040939 2.513644
v 0.277998 0.044615 2.513644
v 0.270000 0.045882 2.513644
v 0.262002 0.044615 2.513644
v 0.254787 0.040939 2.513644
v 0.249061 0.035213 2.513644
v 0.245385 0.027998 2.513644
v 0.244118 0.020000 2.513644
v 0.245385 0.012002 2.513644
v 0.249061 0.004787 2.513644
v 0.254787 -0.000939 2.513644
v 0.262002 -0.004615 2.513644
v 0.270000 -0.005882 2.513644
v 0.277998 -0.004615 2.513644
v 0.285213 -0.000939 2.513644
v 0.290939 0.004787 2.513644
v 0.294615 0.012002 2.513644
v 0.320000 0.020000 2.465692
v 0.317553 0.035451 2.465692
v 0.310451 0.049389 2.465692
v 0.299389 0.060451 2.465692
v 0.285451 0.067553 2.465692
v 0.270000 0.070000 2.465692
v 0.254549 0.067553 2.465692
v 0.240611 0.060451 2.465692
v 0.229549 0.049389 2.465692
v 0.222447 0.035451 2.465692
v 0.220000 0.020000 2.465692
v 0.222447 0.004549 2.465692
v 0.229549 -0.009389 2.465692
v 0.240611 -0.020451 2.465692
v 0.254549 -0.027553 2.465692
v 0.270000 -0.030000 2.465692
v 0.285451 -0.027553 2.465692
v 0.299389 -0.020451 2.465692
v 0.310451 -0.009389 2.465692
v 0.317553 0.004549 2.465692
v 0.340711 0.020000 2.389411
v 0.337250 0.041851 2.389411
v 0.327206 0.061563 2.389411
v 0.311563 0.077206 2.389411
v 0.291851 0.087250 2.389411
v 0.270000 0.090711 2.389411
v 0.248149 0.087250 2.389411
v 0.228437 0.077206 2.389411
v 0.212794 0.061563 2.389411
v 0.202750 0.041851 2.389411
v 0.199289 0.020000 2.389411
v 0.202750 -0.001851 2.389411
v 0.212794 -0.021563 2.389411
v 0.228437 -0.037206 2.389411
v 0.248149 -0.047250 2.389411
v 0.270000 -0.050711 2.389411
v 0.291851 -0.047250 2.389411
v 0.311563 -0.037206 2.389411
v 0.327206 -0.021563 2.389411
v 0.337250 -0.001851 2.389411
v 0.356603 0.020000 2.290000
v 0.352364 0.046762 2.290000
v 0.340063 0.070904 2.290000
v 0.320904 0.090063 2.290000
v 0.296762 0.102364 2.290000
v 0.270000 0.106603 2.290000
v 0.243238 0.102364 2.290000
v 0.219096 0.090063 2.290000
v 0.199937 0.070904 2.290000
v 0.187636 0.046762 2.290000
v 0.183397 0.020000 2.290000
v 0.187636 -0.006762 2.290000
v 0.199937 -0.030904 2.290000
v 0.219096 -0.050063 2.290000
v 0.243238 -0.062364 2.290000
v 0.270000 -0.066603 2.290000
v 0.296762 -0.062364 2.290000
v 0.320904 -0.050063 2.290000
v 0.340063 -0.030904 2.290000
v 0.352364 -0.006762 2.290000
v 0.366593 0.020000 2.174233
v 0.361865 0.049849 2.174233
v 0.348145 0.076776 2.174233
v 0.326776 0.098145 2.174233
v 0.299849 0.111865 2.174233
v 0.270000 0.116593 2.174233
v 0.240151 0.111865 2.174233
v 0.213224 0.098145 2.174233
v 0.191855 0.076776 2.174233
v 0.178135 0.049849 2.174233
v 0.173407 0.020000 2.174233
v 0.178135 -0.009849 2.174233
v 0.191855 -0.036776 2.174233
v 0.213224 -0.058145 2.174233
v 0.240151 -0.071865 2.174233
v 0.270000 -0.076593 2.174233
v 0.299849 -0.071865 2.174233
v 0.326776 -0.058145 2.174233
v 0.348145 -0.036776 2.174233
v 0.361865 -0.009849 2.174233
v 0.370000 0.020000 2.050000
v 0.365106 0.050902 2.050000
v 0.350902 0.078779 2.050000
v 0.328779 0.100902 2.050000
v 0.300902 0.115106 2.050000
v 0.270000 0.120000 2.050000
v 0.239098 0.115106 2.050000
v 0.211221 0.100902 2.050000
v 0.189098 0.078779 2.050000
v 0.174894 0.050902 2.050000
v 0.170000 0.020000 2.050000
v 0.174894 -0.010902 2.050000
v 0.189098 -0.038779 2.050000
v 0.211221 -0.060902 2.050000
v 0.239098 -0.075106 2.050000
v 0.270000 -0.080000 2.050000
v 0.300902 -0.075106 2.050000
v 0.328779 -0.060902 2.050000
v 0.350902 -0.038779 2.050000
v 0.365106 -0.010902 2.050000
v 0.366593 0.020000 1.925767
v 0.361865 0.049849 1.925767
v 0.348145 0.076776 1.925767
v 0.326776 0.098145 1.925767
v 0.299849 0.111865 1.925767
v 0.270000 0.116593 1.925767
v 0.240151 0.111865 1.925767
v 0.213224 0.098145 1.925767
v 0.191855 0.076776 1.925767
v 0.178135 0.049849 1.925767
v 0.173407 0.020000 1.925767
v 0.178135 -0.009849 1.925767
v 0.191855 -0.036776 1.925767
v 0.213224 -0.058145 1.925767
v 0.240151 -0.071865 1.925767
v 0.270000 -0.076593 1.925767
v 0.299849 -0.071865 1.925767
v 0.326776 -0.058145 1.925767
v 0.348145 -0.036776 1.925767
v 0.361865 -0.009849 1.925767
v 0.356603 0.020000 1.810000
v 0.352364 0.046762 1.810000
v 0.340063 0.070904 1.810000
v 0.320904 0.090063 1.810000
v 0.296762 0.102364 1.810000
v 0.270000 0.106603 1.810000
v 0.243238 0.102364 1.810000
v 0.219096 0.090063 1.810000
v 0.199937 0.070904 1.810000
v 0.187636 0.046762 1.810000
v 0.183397 0.020000 1.810000
v 0.187636 -0.006762 1.810000
v 0.199937 -0.030904 1.810000
v 0.219096 -0.050063 1.810000
v 0.243238 -0.062364 1.810000
v 0.270000 -0.066603 1.810000
v 0.296762 -0.062364 1.810000
v 0.320904 -0.050063 1.810000
v 0.340063 -0.030904 1.810000
v 0.352364 -0.006762 1.810000
v 0.340711 0.020000 1.710589
v 0.337250 0.041851 1.710589
v 0.327206 0.061563 1.710589
v 0.311563 0.077206 1.710589
v 0.291851 0.087250 1.710589
v 0.270000 0.090711 1.710589
v 0.248149 0.087250 1.710589
v 0.228437 0.077206 1.710589
v 0.212794 0.061563 1.710589
v 0.202750 0.041851 1.710589
v 0.199289 0.020000 1.710589
v 0.202750 -0.001851 1.710589
v 0.212794 -0.021563 1.710589
v 0.228437 -0.037206 1.710589
v 0.248149 -0.047250 1.710589
v 0.270000 -0.050711 1.710589
v 0.291851 -0.047250 1.710589
v 0.311563 -0.037206 1.710589
v 0.327206 -0.021563 1.710589
v 0.337250 -0.001851 1.710589
v 0.320000 0.020000 1.634308
v 0.317553 0.035451 1.634308
v 0.310451 0.049389 1.634308
v 0.299389 0.060451 1.634308
v 0.285451 0.067553 1.634308
v 0.270000 0.070000 1.634308
v 0.254549 0.067553 1.634308
v 0.240611 0.060451 1.634308
v 0.229549 0.049389 1.634308
v 0.222447 0.035451 1.634308
v 0.220000 0.020000 1.634308
v 0.222447 0.004549 1.634308
v 0.229549 -0.009389 1.634308
v 0.240611 -0.020451 1.634308
v 0.254549 -0.027553 1.634308
v 0.270000 -0.030000 1.634308
v 0.285451 -0.027553 1.634308
v 0.299389 -0.020451 1.634308
v 0.310451 -0.009389 1.634308
v 0.317553 0.004549 1.634308
v 0.295882 0.020000 1.586356
v 0.294615 0.027998 1.586356
v 0.290939 0.035213 1.586356
v 0.285213 0.040939 1.586356
v 0.277998 0.044615 1.586356
v 0.270000 0.045882 1.586356
v 0.262002 0.044615 1.586356
v 0.254787 0.040939 1.586356
v 0.249061 0.035213 1.586356
v 0.245385 0.027998 1.586356
v 0.244118 0.020000 1.586356
v 0.245385 0.012002 1.586356
v 0.249061 0.004787 1.586356
v 0.254787 -0.000939 1.586356
v 0.262002 -0.004615 1.586356
v 0.270000 -0.005882 1.586356
v 0.277998 -0.004615 1.586356
v 0.285213 -0.000939 1.586356
v 0.290939 0.004787 1.586356
v 0.294615 0.012002 1.586356
v 0.270000 0.020000 1.570000
v 0.270000 0.020000 1.570000
v 0.270000 0.020000 1.570000
v 0.270000 0.020000 1.570000
v 0.270000 0.020000 1.570000
v 0.270000 0.020000 1.570000
v 0.270000 0.020000 1.570000
v 0.270000 0.020000 1.570000
v 0.270000 0.020000 1.570000
v 0.270000 0.020000 1.570000
v 0.270000 0.020000 1.570000
v 0.270000 0.020000 1.570000
v 0.270000 0.020000 1.570000
v 0.270000 0.020000 1.570000
v 0.270000 0.020000 1.570000
v 0.270000 0.020000 1.570000
v 0.270000 0.020000 1.570000
v 0.270000 0.020000 1.570000
v 0.270000 0.020000 1.570000
v 0.270000 0.020000 1.570000
v -0.360000 0.000000 2.270000
v -0.360000 0.000000 2.270000
v -0.360000 0.000000 2.270000
v -0.360000 0.000000 2.270000
v -0.360000 0.000000 2.270000
v -0.360000 0.000000 2.270000
v -0.360000 0.000000 2.270000
v -0.360000 0.000000 2.270000
v -0.360000 0.000000 2.270000
v -0.360000 0.000000 2.270000
v -0.360000 0.000000 2.270000
v -0.360000 0.000000 2.270000
v -0.360000 0.000000 2.270000
v -0.360000 0.000000 2.270000
v -0.360000 0.000000 2.270000
v -0.360000 0.000000 2.270000
v -0.360000 0.000000 2.270000
v -0.360000 0.000000 2.270000
v -0.360000 0.000000 2.270000
v -0.360000 0.000000 2.270000
v -0.336706 0.000000 2.251259
v -0.337846 0.007198 2.251259
v -0.341155 0.013692 2.251259
v -0.346308 0.018845 2.251259
v -0.352802 0.022154 2.251259
v -0.360000 0.023294 2.251259
v -0.367198 0.022154 2.251259
v -0.373692 0.018845 2.251259
v -0.378845 0.013692 2.251259
v -0.382154 0.007198 2.251259
v -0.383294 0.000000 2.251259
v -0.382154 -0.007198 2.251259
v -0.378845 -0.013692 2.251259
v -0.373692 -0.018845 2.251259
v -0.367198 -0.022154 2.251259
v -0.360000 -0.023294 2.251259
v -0.352802 -0.022154 2.251259
v -0.346308 -0.018845 2.251259
v -0.341155 -0.013692 2.251259
v -0.337846 -0.007198 2.251259
v -0.315000 0.000000 2.196314
v -0.317202 0.013906 2.196314
v -0.323594 0.026450 2.196314
v -0.333550 0.036406 2.196314
v -0.346094 0.042798 2.196314
v -0.360000 0.045000 2.196314
v -0.373906 0.042798 2.196314
v -0.386450 0.036406 2.196314
v -0.396406 0.026450 2.196314
v -0.402798 0.013906 2.196314
v -0.405000 0.000000 2.196314
v -0.402798 -0.013906 2.196314
v -0.396406 -0.026450 2.196314
v -0.386450 -0.036406 2.196314
v -0.373906 -0.042798 2.196314
v -0.360000 -0.045000 2.196314
v -0.346094 -0.042798 2.196314
v -0.333550 -0.036406 2.196314
v -0.323594 -0.026450 2.196314
v -0.317202 -0.013906 2.196314
v -0.296360 0.000000 2.108909
v -0.299475 0.019666 2.108909
v -0.308514 0.037406 2.108909
v -0.322594 0.051486 2.108909
v -0.340334 0.060525 2.108909
v -0.360000 0.063640 2.108909
v -0.379666 0.060525 2.108909
v -0.397406 0.051486 2.108909
v -0.411486 0.037406 2.108909
v -0.420525 0.019666 2.108909
v -0.423640 0.000000 2.108909
v -0.420525 -0.019666 2.108909
v -0.411486 -0.037406 2.108909
v -0.397406 -0.051486 2.108909
v -0.379666 -0.060525 2.108909
v -0.360000 -0.063640 2.108909
v -0.340334 -0.060525 2.108909
v -0.322594 -0.051486 2.108909
v -0.308514 -0.037406 2.108909
v -0.299475 -0.019666 2.108909
v -0.282058 0.000000 1.995000
v -0.285872 0.024085 1.995000
v -0.296943 0.045813 1.995000
v -0.314187 0.063057 1.995000
v -0.335915 0.074128 1.995000
v -0.360000 0.077942 1.995000
v -0.384085 0.074128 1.995000
v -0.405813 0.063057 1.995000
v -0.423057 0.045813 1.995000
v -0.434128 0.024085 1.995000
v -0.437942 0.000000 1.995000
v -0.434128 -0.024085 1.995000
v -0.423057 -0.045813 1.995000
v -0.405813 -0.063057 1.995000
v -0.384085 -0.074128 1.995000
v -0.360000 -0.077942 1.995000
v -0.335915 -0.074128 1.995000
v -0.314187 -0.063057 1.995000
v -0.296943 -0.045813 1.995000
v -0.285872 -0.024085 1.995000
v -0.273067 0.000000 1.862350
v -0.277321 0.026864 1.862350
v -0.289669 0.051098 1.862350
v -0.308902 0.070331 1.862350
v -0.333136 0.082679 1.862350
v -0.360000 0.086933 1.862350
v -0.386864 0.082679 1.862350
v -0.411098 0.070331 1.862350
v -0.430331 0.051098 1.862350
v -0.442679 0.026864 1.862350
v -0.446933 0.000000 1.862350
v -0.442679 -0.026864 1.862350
v -0.430331 -0.051098 1.862350
v -0.411098 -0.070331 1.862350
v -0.386864 -0.082679 1.862350
v -0.360000 -0.086933 1.862350
v -0.333136 -0.082679 1.862350
v -0.308902 -0.070331 1.862350
v -0.289669 -0.051098 1.862350
v -0.277321 -0.026864 1.862350
v -0.270000 0.000000 1.720000
v -0.274405 0.027812 1.720000
v -0.287188 0.052901 1.720000
v -0.307099 0.072812 1.720000
v -0.332188 0.085595 1.720000
v -0.360000 0.090000 1.720000
v -0.387812 0.085595 1.720000
v -0.412901 0.072812 1.720000
v -0.432812 0.052901 1.720000
v -0.445595 0.027812 1.720000
v -0.450000 0.000000 1.720000
v -0.445595 -0.027812 1.720000
v -0.432812 -0.052901 1.720000
v -0.412901 -0.072812 1.720000
v -0.387812 -0.085595 1.720000
v -0.360000 -0.090000 1.720000
v -0.332188 -0.085595 1.720000
v -0.307099 -0.072812 1.720000
v -0.287188 -0.052901 1.720000
v -0.274405 -0.027812 1.720000
v -0.273067 0.000000 1.577650
v -0.277321 0.026864 1.577650
v -0.289669 0.051098 1.577650
v -0.308902 0.070331 1.577650
v -0.333136 0.082679 1.577650
v -0.360000 0.086933 1.577650
v -0.386864 0.082679 1.577650
v -0.411098 0.070331 1.577650
v -0.430331 0.051098 1.577650
v -0.442679 0.026864 1.577650
v -0.446933 0.000000 1.577650
v -0.442679 -0.026864 1.577650
v -0.430331 -0.051098 1.577650
v -0.411098 -0.070331 1.577650
v -0.386864 -0.082679 1.577650
v -0.360000 -0.086933 1.577650
v -0.333136 -0.082679 1.577650
v -0.308902 -0.070331 1.577650
v -0.289669 -0.051098 1.577650
v -0.277321 -0.026864 1.577650
v -0.282058 0.000000 1.445000
v -0.285872 0.024085 1.445000
v -0.296943 0.045813 1.445000
v -0.314187 0.063057 1.445000
v -0.335915 0.074128 1.445000
v -0.360000 0.077942 1.445000
v -0.384085 0.074128 1.445000
v -0.405813 0.063057 1.445000
v -0.423057 0.045813 1.445000
v -0.434128 0.024085 1.445000
v -0.437942 0.000000 1.445000
v -0.434128 -0.024085 1.445000
v -0.423057 -0.045813 1.445000
v -0.405813 -0.063057 1.445000
v -0.384085 -0.074128 1.445000
v -0.360000 -0.077942 1.445000
v -0.335915 -0.074128 1.445000
v -0.314187 -0.063057 1.445000
v -0.296943 -0.045813 1.445000
v -0.285872 -0.024085 1.445000
v -0.296360 0.000000 1.331091
v -0.299475 0.019666 1.331091
v -0.308514 0.037406 1.331091
v -0.322594 0.051486 1.331091
v -0.340334 0.060525 1.331091
v -0.360000 0.063640 1.331091
v -0.379666 0.060525 1.331091
v -0.397406 0.051486 1.331091
v -0.411486 0.037406 1.331091
v -0.420525 0.019666 1.331091
v -0.423640 0.000000 1.331091
v -0.420525 -0.019666 1.331091
v -0.411486 -0.037406 1.331091
v -0.397406 -0.051486 1.331091
v -0.379666 -0.060525 1.331091
v -0.360000 -0.063640 1.331091
v -0.340334 -0.060525 1.331091
v -0.322594 -0.051486 1.331091
v -0.308514 -0.037406 1.331091
v -0.299475 -0.019666 1.331091
v -0.315000 0.000000 1.243686
v -0.317202 0.013906 1.243686
v -0.323594 0.026450 1.243686
v -0.333550 0.036406 1.243686
v -0.346094 0.042798 1.243686
v -0.360000 0.045000 1.243686
v -0.373906 0.042798 1.243686
v -0.386450 0.036406 1.243686
v -0.396406 0.026450 1.243686
v -0.402798 0.013906 1.243686
v -0.405000 0.000000 1.243686
v -0.402798 -0.013906 1.243686
v -0.396406 -0.026450 1.243686
v -0.386450 -0.036406 1.243686
v -0.373906 -0.042798 1.243686
v -0.360000 -0.045000 1.243686
v -0.346094 -0.042798 1.243686
v -0.333550 -0.036406 1.243686
v -0.323594 -0.026450 1.243686
v -0.317202 -0.013906 1.243686
v -0.336706 0.000000 1.188741
v -0.337846 0.007198 1.188741
v -0.341155 0.013692 1.188741
v -0.346308 0.018845 1.188741
v -0.352802 0.022154 1.188741
v -0.360000 0.023294 1.188741
v -0.367198 0.022154 1.188741
v -0.373692 0.018845 1.188741
v -0.378845 0.013692 1.188741
v -0.382154 0.007198 1.188741
v -0.383294 0.000000 1.188741
v -0.382154 -0.007198 1.188741
v -0.378845 -0.013692 1.188741
v -0.373692 -0.018845 1.188741
v -0.367198 -0.022154 1.188741
v -0.360000 -0.023294 1.188741
v -0.352802 -0.022154 1.188741
v -0.346308 -0.018845 1.188741
v -0.341155 -0.013692 1.188741
v -0.337846 -0.007198 1.188741
v -0.360000 0.000000 1.170000
v -0.360000 0.000000 1.170000
v -0.360000 0.000000 1.170000
v -0.360000 0.000000 1.170000
v -0.360000 0.000000 1.170000
v -0.360000 0.000000 1.170000
v -0.360000 0.000000 1.170000
v -0.360000 0.000000 1.170000
v -0.360000 0.000000 1.170000
v -0.360000 0.000000 1.170000
v -0.360000 0.000000 1.170000
v -0.360000 -0.000000 1.170000
v -0.360000 -0.000000 1.170000
v -0.360000 -0.000000 1.170000
v -0.360000 -0.000000 1.170000
v -0.360000 -0.000000 1.170000
v -0.360000 -0.000000 1.170000
v -0.360000 -0.000000 1.170000
v -0.360000 -0.000000 1.170000
v -0.360000 -0.000000 1.170000
v 0.360000 0.000000 2.270000
v 0.360000 0.000000 2.270000
v 0.360000 0.000000 2.270000
v 0.360000 0.000000 2.270000
v 0.360000 0.000000 2.270000
v 0.360000 0.000000 2.270000
v 0.360000 0.000000 2.270000
v 0.360000 0.000000 2.270000
v 0.360000 0.000000 2.270000
v 0.360000 0.000000 2.270000
v 0.360000 0.000000 2.270000
v 0.360000 0.000000 2.270000
v 0.360000 0.000000 2.270000
v 0.360000 0.000000 2.270000
v 0.360000 0.000000 2.270000
v 0.360000 0.000000 2.270000
v 0.360000 0.000000 2.270000
v 0.360000 0.000000 2.270000
v 0.360000 0.000000 2.270000
v 0.360000 0.000000 2.270000
v 0.383294 0.000000 2.251259
v 0.382154 0.007198 2.251259
v 0.378845 0.013692 2.251259
v 0.373692 0.018845 2.251259
v 0.367198 0.022154 2.251259
v 0.360000 0.023294 2.251259
v 0.352802 0.022154 2.251259
v 0.346308 0.018845 2.251259
v 0.341155 0.013692 2.251259
v 0.337846 0.007198 2.251259
v 0.336706 0.000000 2.251259
v 0.337846 -0.007198 2.251259
v 0.341155 -0.013692 2.251259
v 0.346308 -0.018845 2.251259
v 0.352802 -0.022154 2.251259
v 0.360000 -0.023294 2.251259
v 0.367198 -0.022154 2.251259
v 0.373692 -0.018845 2.251259
v 0.378845 -0.013692 2.251259
v 0.382154 -0.007198 2.251259
v 0.405000 0.000000 2.196314
v 0.402798 0.013906 2.196314
v 0.396406 0.026450 2.196314
v 0.386450 0.036406 2.196314
v 0.373906 0.042798 2.196314
v 0.360000 0.045000 2.196314
v 0.346094 0.042798 2.196314
v 0.333550 0.036406 2.196314
v 0.323594 0.026450 2.196314
v 0.317202 0.013906 2.196314
v 0.315000 0.000000 2.196314
v 0.317202 -0.013906 2.196314
v 0.323594 -0.026450 2.196314
v 0.333550 -0.036406 2.196314
v 0.346094 -0.042798 2.196314
v 0.360000 -0.045000 2.196314
v 0.373906 -0.042798 2.196314
v 0.386450 -0.036406 2.196314
v 0.396406 -0.026450 2.196314
v 0.402798 -0.013906 2.196314
v 0.423640 0.000000 2.108909
v 0.420525 0.019666 2.108909
v 0.411486 0.037406 2.108909
v 0.397406 0.051486 2.108909
v 0.379666 0.060525 2.108909
v 0.360000 0.063640 2.108909
v 0.340334 0.060525 2.108909
v 0.322594 0.051486 2.108909
v 0.308514 0.037406 2.108909
v 0.299475 0.019666 2.108909
v 0.296360 0.000000 2.108909
v 0.299475 -0.019666 2.108909
v 0.308514 -0.037406 2.108909
v 0.322594 -0.051486 2.108909
v 0.340334 -0.060525 2.108909
v 0.360000 -0.063640 2.108909
v 0.379666 -0.060525 2.108909
v 0.397406 -0.051486 2.108909
v 0.411486 -0.037406 2.108909
v 0.420525 -0.019666 2.108909
v 0.437942 0.000000 1.995000
v 0.434128 0.024085 1.995000
v 0.423057 0.045813 1.995000
v 0.405813 0.063057 1.995000
v 0.384085 0.074128 1.995000
v 0.360000 0.077942 1.995000
v 0.335915 0.074128 1.995000
v 0.314187 0.063057 1.995000
v 0.296943 0.045813 1.995000
v 0.285872 0.024085 1.995000
v 0.282058 0.000000 1.995000
v 0.285872 -0.024085 1.995000
v 0.296943 -0.045813 1.995000
v 0.314187 -0.063057 1.995000
v 0.335915 -0.074128 1.995000
v 0.360000 -0.077942 1.995000
v 0.384085 -0.074128 1.995000
v 0.405813 -0.063057 1.995000
v 0.423057 -0.045813 1.995000
v 0.434128 -0.024085 1.995000
v 0.446933 0.000000 1.862350
v 0.442679 0.026864 1.862350
v 0.430331 0.051098 1.862350
v 0.411098 0.070331 1.862350
v 0.386864 0.082679 1.862350
v 0.360000 0.086933 1.862350
v 0.333136 0.082679 1.862350
v 0.308902 0.070331 1.862350
v 0.289669 0.051098 1.862350
v 0.277321 0.026864 1.862350
v 0.273067 0.000000 1.862350
v 0.277321 -0.026864 1.862350
v 0.289669 -0.051098 1.862350
v 0.308902 -0.070331 1.862350
v 0.333136 -0.082679 1.862350
v 0.360000 -0.086933 1.862350
v 0.386864 -0.082679 1.862350
v 0.411098 -0.070331 1.862350
v 0.430331 -0.051098 1.862350
v 0.442679 -0.026864 1.862350
v 0.450000 0.000000 1.720000
v 0.445595 0.027812 1.720000
v 0.432812 0.052901 1.720000
v 0.412901 0.072812 1.720000
v 0.387812 0.085595 1.720000
v 0.360000 0.090000 1.720000
v 0.332188 0.085595 1.720000
v 0.307099 0.072812 1.720000
v 0.287188 0.052901 1.720000
v 0.274405 0.027812 1.720000
v 0.270000 0.000000 1.720000
v 0.274405 -0.027812 1.720000
v 0.287188 -0.052901 1.720000
v 0.307099 -0.072812 1.720000
v 0.332188 -0.085595 1.720000
v 0.360000 -0.090000 1.720000
v 0.387812 -0.085595 1.720000
v 0.412901 -0.072812 1.720000
v 0.432812 -0.052901 1.720000
v 0.445595 -0.027812 1.720000
v 0.446933 0.000000 1.577650
v 0.442679 0.026864 1.577650
v 0.430331 0.051098 1.577650
v 0.411098 0.070331 1.577650
v 0.386864 0.082679 1.577650
v 0.360000 0.086933 1.577650
v 0.333136 0.082679 1.577650
v 0.308902 0.070331 1.577650
v 0.289669 0.051098 1.577650
v 0.277321 0.026864 1.577650
v 0.273067 0.000000 1.577650
v 0.277321 -0.026864 1.577650
v 0.289669 -0.051098 1.577650
v 0.308902 -0.070331 1.577650
v 0.333136 -0.082679 1.577650
v 0.360000 -0.086933 1.577650
v 0.386864 -0.082679 1.577650
v 0.411098 -0.070331 1.577650
v 0.430331 -0.051098 1.577650
v 0.442679 -0.026864 1.577650
v 0.437942 0.000000 1.445000
v 0.434128 0.024085 1.445000
v 0.423057 0.045813 1.445000
v 0.405813 0.063057 1.445000
v 0.384085 0.074128 1.445000
v 0.360000 0.077942 1.445000
v 0.335915 0.074128 1.445000
v 0.314187 0.063057 1.445000
v 0.296943 0.045813 1.445000
v 0.285872 0.024085 1.445000
v 0.282058 0.000000 1.445000
v 0.285872 -0.024085 1.445000
v 0.296943 -0.045813 1.445000
v 0.314187 -0.063057 1.445000
v 0.335915 -0.074128 1.445000
v 0.360000 -0.077942 1.445000
v 0.384085 -0.074128 1.445000
v 0.405813 -0.063057 1.445000
v 0.423057 -0.045813 1.445000
v 0.434128 -0.024085 1.445000
v 0.423640 0.000000 1.331091
v 0.420525 0.019666 1.331091
v 0.411486 0.037406 1.331091
v 0.397406 0.051486 1.331091
v 0.379666 0.060525 1.331091
v 0.360000 0.063640 1.331091
v 0.340334 0.060525 1.331091
v 0.322594 0.051486 1.331091
v 0.308514 0.037406 1.331091
v 0.299475 0.019666 1.331091
v 0.296360 0.000000 1.331091
v 0.299475 -0.019666 1.331091
v 0.308514 -0.037406 1.331091
v 0.322594 -0.051486 1.331091
v 0.340334 -0.060525 1.331091
v 0.360000 -0.063640 1.331091
v 0.379666 -0.060525 1.331091
v 0.397406 -0.051486 1.331091
v 0.411486 -0.037406 1.331091
v 0.420525 -0.019666 1.331091
v 0.405000 0.000000 1.243686
v 0.402798 0.013906 1.243686
v 0.396406 0.026450 1.243686
v 0.386450 0.036406 1.243686
v 0.373906 0.042798 1.243686
v 0.360000 0.045000 1.243686
v 0.346094 0.042798 1.243686
v 0.333550 0.036406 1.243686
v 0.323594 0.026450 1.243686
v 0.317202 0.013906 1.243686
v 0.315000 0.000000 1.243686
v 0.317202 -0.013906 1.243686
v 0.323594 -0.026450 1.243686
v 0.333550 -0.036406 1.243686
v 0.346094 -0.042798 1.243686
v 0.360000 -0.045000 1.243686
v 0.373906 -0.042798 1.243686
v 0.386450 -0.036406 1.243686
v 0.396406 -0.026450 1.243686
v 0.402798 -0.013906 1.243686
v 0.383294 0.000000 1.188741
v 0.382154 0.007198 1.188741
v 0.378845 0.013692 1.188741
v 0.373692 0.018845 1.188741
v 0.367198 0.022154 1.188741
v 0.360000 0.023294 1.188741
v 0.352802 0.022154 1.188741
v 0.346308 0.018845 1.188741
v 0.341155 0.013692 1.188741
v 0.337846 0.007198 1.188741
v 0.336706 0.000000 1.188741
v 0.337846 -0.007198 1.188741
v 0.341155 -0.013692 1.188741
v 0.346308 -0.018845 1.188741
v 0.352802 -0.022154 1.188741
v 0.360000 -0.023294 1.188741
v 0.367198 -0.022154 1.188741
v 0.373692 -0.018845 1.188741
v 0.378845 -0.013692 1.188741
v 0.382154 -0.007198 1.188741
v 0.360000 0.000000 1.170000
v 0.360000 0.000000 1.170000
v 0.360000 0.000000 1.170000
v 0.360000 0.000000 1.170000
v 0.360000 0.000000 1.170000
v 0.360000 0.000000 1.170000
v 0.360000 0.000000 1.170000
v 0.360000 0.000000 1.170000
v 0.360000 0.000000 1.170000
v 0.360000 0.000000 1.170000
v 0.360000 0.000000 1.170000
v 0.360000 -0.000000 1.170000
v 0.360000 -0.000000 1.170000
v 0.360000 -0.000000 1.170000
v 0.360000 -0.000000 1.170000
v 0.360000 -0.000000 1.170000
v 0.360000 -0.000000 1.170000
v 0.360000 -0.000000 1.170000
v 0.360000 -0.000000 1.170000
v 0.360000 -0.000000 1.170000
v -0.450000 0.030000 2.000000
v -0.450000 0.030000 2.000000
v -0.450000 0.030000 2.000000
v -0.450000 0.030000 2.000000
v -0.450000 0.030000 2.000000
v -0.450000 0.030000 2.000000
v -0.450000 0.030000 2.000000
v -0.450000 0.030000 2.000000
v -0.450000 0.030000 2.000000
v -0.450000 0.030000 2.000000
v -0.450000 0.030000 2.000000
v -0.450000 0.030000 2.000000
v -0.450000 0.030000 2.000000
v -0.450000 0.030000 2.000000
v -0.450000 0.030000 2.000000
v -0.450000 0.030000 2.000000
v -0.450000 0.030000 2.000000
v -0.450000 0.030000 2.000000
v -0.450000 0.030000 2.000000
v -0.450000 0.030000 2.000000
v -0.429294 0.030000 1.982281
v -0.430308 0.036398 1.982281
v -0.433249 0.042170 1.982281
v -0.437830 0.046751 1.982281
v -0.443602 0.049692 1.982281
v -0.450000 0.050706 1.982281
v -0.456398 0.049692 1.982281
v -0.462170 0.046751 1.982281
v -0.466751 0.042170 1.982281
v -0.469692 0.036398 1.982281
v -0.470706 0.030000 1.982281
v -0.469692 0.023602 1.982281
v -0.466751 0.017830 1.982281
v -0.462170 0.013249 1.982281
v -0.456398 0.010308 1.982281
v -0.450000 0.009294 1.982281
v -0.443602 0.010308 1.982281
v -0.437830 0.013249 1.982281
v -0.433249 0.017830 1.982281
v -0.430308 0.023602 1.982281
v -0.410000 0.030000 1.930333
v -0.411958 0.042361 1.930333
v -0.417639 0.053511 1.930333
v -0.426489 0.062361 1.930333
v -0.437639 0.068042 1.930333
v -0.450000 0.070000 1.930333
v -0.462361 0.068042 1.930333
v -0.473511 0.062361 1.930333
v -0.482361 0.053511 1.930333
v -0.488042 0.042361 1.930333
v -0.490000 0.030000 1.930333
v -0.488042 0.017639 1.930333
v -0.482361 0.006489 1.930333
v -0.473511 -0.002361 1.930333
v -0.462361 -0.008042 1.930333
v -0.450000 -0.010000 1.930333
v -0.437639 -0.008042 1.930333
v -0.426489 -0.002361 1.930333
v -0.417639 0.006489 1.930333
v -0.411958 0.017639 1.930333
v -0.393431 0.030000 1.847696
v -0.396200 0.047481 1.847696
v -0.404235 0.063250 1.847696
v -0.416750 0.075765 1.847696
v -0.432519 0.083800 1.847696
v -0.450000 0.086569 1.847696
v -0.467481 0.083800 1.847696
v -0.483250 0.075765 1.847696
v -0.495765 0.063250 1.847696
v -0.503800 0.047481 1.847696
v -0.506569 0.030000 1.847696
v -0.503800 0.012519 1.847696
v -0.495765 -0.003250 1.847696
v -0.483250 -0.015765 1.847696
v -0.467481 -0.023800 1.847696
v -0.450000 -0.026569 1.847696
v -0.432519 -0.023800 1.847696
v -0.416750 -0.015765 1.847696
v -0.404235 -0.003250 1.847696
v -0.396200 0.012519 1.847696
v -0.380718 0.030000 1.740000
v -0.384109 0.051409 1.740000
v -0.393950 0.070723 1.740000
v -0.409277 0.086050 1.740000
v -0.428591 0.095891 1.740000
v -0.450000 0.099282 1.740000
v -0.471409 0.095891 1.740000
v -0.490723 0.086050 1.740000
v -0.506050 0.070723 1.740000
v -0.515891 0.051409 1.740000
v -0.519282 0.030000 1.740000
v -0.515891 0.008591 1.740000
v -0.506050 -0.010723 1.740000
v -0.490723 -0.026050 1.740000
v -0.471409 -0.035891 1.740000
v -0.450000 -0.039282 1.740000
v -0.428591 -0.035891 1.740000
v -0.409277 -0.026050 1.740000
v -0.393950 -0.010723 1.740000
v -0.384109 0.008591 1.740000
v -0.372726 0.030000 1.614586
v -0.376508 0.053879 1.614586
v -0.387484 0.075421 1.614586
v -0.404579 0.092516 1.614586
v -0.426121 0.103492 1.614586
v -0.450000 0.107274 1.614586
v -0.473879 0.103492 1.614586
v -0.495421 0.092516 1.614586
v -0.512516 0.075421 1.614586
v -0.523492 0.053879 1.614586
v -0.527274 0.030000 1.614586
v -0.523492 0.006121 1.614586
v -0.512516 -0.015421 1.614586
v -0.495421 -0.032516 1.614586
v -0.473879 -0.043492 1.614586
v -0.450000 -0.047274 1.614586
v -0.426121 -0.043492 1.614586
v -0.404579 -0.032516 1.614586
v -0.387484 -0.015421 1.614586
v -0.376508 0.006121 1.614586
v -0.370000 0.030000 1.480000
v -0.373915 0.054721 1.480000
v -0.385279 0.077023 1.480000
v -0.402977 0.094721 1.480000
v -0.425279 0.106085 1.480000
v -0.450000 0.110000 1.480000
v -0.474721 0.106085 1.480000
v -0.497023 0.094721 1.480000
v -0.514721 0.077023 1.480000
v -0.526085 0.054721 1.480000
v -0.530000 0.030000 1.480000
v -0.526085 0.005279 1.480000
v -0.514721 -0.017023 1.480000
v -0.497023 -0.034721 1.480000
v -0.474721 -0.046085 1.480000
v -0.450000 -0.050000 1.480000
v -0.425279 -0.046085 1.480000
v -0.402977 -0.034721 1.480000
v -0.385279 -0.017023 1.480000
v -0.373915 0.005279 1.480000
v -0.372726 0.030000 1.345414
v -0.376508 0.053879 1.345414
v -0.387484 0.075421 1.345414
v -0.404579 0.092516 1.345414
v -0.426121 0.103492 1.345414
v -0.450000 0.107274 1.345414
v -0.473879 0.103492 1.345414
v -0.495421 0.092516 1.345414
v -0.512516 0.075421 1.345414
v -0.523492 0.053879 1.345414
v -0.527274 0.030000 1.345414
v -0.523492 0.006121 1.345414
v -0.512516 -0.015421 1.345414
v -0.495421 -0.032516 1.345414
v -0.473879 -0.043492 1.345414
v -0.450000 -0.047274 1.345414
v -0.426121 -0.043492 1.345414
v -0.404579 -0.032516 1.345414
v -0.387484 -0.015421 1.345414
v -0.376508 0.006121 1.345414
v -0.380718 0.030000 1.220000
v -0.384109 0.051409 1.220000
v -0.393950 0.070723 1.220000
v -0.409277 0.086050 1.220000
v -0.428591 0.095891 1.220000
v -0.450000 0.099282 1.220000
v -0.471409 0.095891 1.220000
v -0.490723 0.086050 1.220000
v -0.506050 0.070723 1.220000
v -0.515891 0.051409 1.220000
v -0.519282 0.030000 1.220000
v -0.515891 0.008591 1.220000
v -0.506050 -0.010723 1.220000
v -0.490723 -0.026050 1.220000
v -0.471409 -0.035891 1.220000
v -0.450000 -0.039282 1.220000
v -0.428591 -0.035891 1.220000
v -0.409277 -0.026050 1.220000
v -0.393950 -0.010723 1.220000
v -0.384109 0.008591 1.220000
v -0.393431 0.030000 1.112304
v -0.396200 0.047481 1.112304
v -0.404235 0.063250 1.112304
v -0.416750 0.075765 1.112304
v -0.432519 0.083800 1.112304
v -0.450000 0.086569 1.112304
v -0.467481 0.083800 1.112304
v -0.483250 0.075765 1.112304
v -0.495765 0.063250 1.112304
v -0.503800 0.047481 1.112304
v -0.506569 0.030000 1.112304
v -0.503800 0.012519 1.112304
v -0.495765 -0.003250 1.112304
v -0.483250 -0.015765 1.112304
v -0.467481 -0.023800 1.112304
v -0.450000 -0.026569 1.112304
v -0.432519 -0.023800 1.112304
v -0.416750 -0.015765 1.112304
v -0.404235 -0.003250 1.112304
v -0.396200 0.012519 1.112304
v -0.410000 0.030000 1.029667
v -0.411958 0.042361 1.029667
v -0.417639 0.053511 1.029667
v -0.426489 0.062361 1.029667
v -0.437639 0.068042 1.029667
v -0.450000 0.070000 1.029667
v -0.462361 0.068042 1.029667
v -0.473511 0.062361 1.029667
v -0.482361 0.053511 1.029667
v -0.488042 0.042361 1.029667
v -0.490000 0.030000 1.029667
v -0.488042 0.017639 1.029667
v -0.482361 0.006489 1.029667
v -0.473511 -0.002361 1.029667
v -0.462361 -0.008042 1.029667
v -0.450000 -0.010000 1.029667
v -0.437639 -0.008042 1.029667
v -0.426489 -0.002361 1.029667
v -0.417639 0.006489 1.029667
v -0.411958 0.017639 1.029667
v -0.429294 0.030000 0.977719
v -0.430308 0.036398 0.977719
v -0.433249 0.042170 0.977719
v -0.437830 0.046751 0.977719
v -0.443602 0.049692 0.977719
v -0.450000 0.050706 0.977719
v -0.456398 0.049692 0.977719
v -0.462170 0.046751 0.977719
v -0.466751 0.042170 0.977719
v -0.469692 0.036398 0.977719
v -0.470706 0.030000 0.977719
v -0.469692 0.023602 0.977719
v -0.466751 0.017830 0.977719
v -0.462170 0.013249 0.977719
v -0.456398 0.010308 0.977719
v -0.450000 0.009294 0.977719
v -0.443602 0.010308 0.977719
v -0.437830 0.013249 0.977719
v -0.433249 0.017830 0.977719
v -0.430308 0.023602 0.977719
v -0.450000 0.030000 0.960000
v -0.450000 0.030000 0.960000
v -0.450000 0.030000 0.960000
v -0.450000 0.030000 0.960000
v -0.450000 0.030000 0.960000
v -0.450000 0.030000 0.960000
v -0.450000 0.030000 0.960000
v -0.450000 0.030000 0.960000
v -0.450000 0.030000 0.960000
v -0.450000 0.030000 0.960000
v -0.450000 0.030000 0.960000
v -0.450000 0.030000 0.960000
v -0.450000 0.030000 0.960000
v -0.450000 0.030000 0.960000
v -0.450000 0.030000 0.960000
v -0.450000 0.030000 0.960000
v -0.450000 0.030000 0.960000
v -0.450000 0.030000 0.960000
v -0.450000 0.030000 0.960000
v -0.450000 0.030000 0.960000
v 0.450000 0.030000 2.000000
v 0.450000 0.030000 2.000000
v 0.450000 0.030000 2.000000
v 0.450000 0.030000 2.000000
v 0.450000 0.030000 2.000000
v 0.450000 0.030000 2.000000
v 0.450000 0.030000 2.000000
v 0.450000 0.030000 2.000000
v 0.450000 0.030000 2.000000
v 0.450000 0.030000 2.000000
v 0.450000 0.030000 2.000000
v 0.450000 0.030000 2.000000
v 0.450000 0.030000 2.000000
v 0.450000 0.030000 2.000000
v 0.450000 0.030000 2.000000
v 0.450000 0.030000 2.000000
v 0.450000 0.030000 2.000000
v 0.450000 0.030000 2.000000
v 0.450000 0.030000 2.000000
v 0.450000 0.030000 2.000000
v 0.470706 0.030000 1.982281
v 0.469692 0.036398 1.982281
v 0.466751 0.042170 1.982281
v 0.462170 0.046751 1.982281
v 0.456398 0.049692 1.982281
v 0.450000 0.050706 1.982281
v 0.443602 0.049692 1.982281
v 0.437830 0.046751 1.982281
v 0.433249 0.042170 1.982281
v 0.430308 0.036398 1.982281
v 0.429294 0.030000 1.982281
v 0.430308 0.023602 1.982281
v 0.433249 0.017830 1.982281
v 0.437830 0.013249 1.982281
v 0.443602 0.010308 1.982281
v 0.450000 0.009294 1.982281
v 0.456398 0.010308 1.982281
v 0.462170 0.013249 1.982281
v 0.466751 0.017830 1.982281
v 0.469692 0.023602 1.982281
v 0.490000 0.030000 1.930333
v 0.488042 0.042361 1.930333
v 0.482361 0.053511 1.930333
v 0.473511 0.062361 1.930333
v 0.462361 0.068042 1.930333
v 0.450000 0.070000 1.930333
v 0.437639 0.068042 1.930333
v 0.426489 0.062361 1.930333
v 0.417639 0.053511 1.930333
v 0.411958 0.042361 1.930333
v 0.410000 0.030000 1.930333
v 0.411958 0.017639 1.930333
v 0.417639 0.006489 1.930333
v 0.426489 -0.002361 1.930333
v 0.437639 -0.008042 1.930333
v 0.450000 -0.010000 1.930333
v 0.462361 -0.008042 1.930333
v 0.473511 -0.002361 1.930333
v 0.482361 0.006489 1.930333
v 0.488042 0.017639 1.930333
v 0.506569 0.030000 1.847696
v 0.503800 0.047481 1.847696
v 0.495765 0.063250 1.847696
v 0.483250 0.075765 1.847696
v 0.467481 0.083800 1.847696
v 0.450000 0.086569 1.847696
v 0.432519 0.083800 1.847696
v 0.416750 0.075765 1.847696
v 0.404235 0.063250 1.847696
v 0.396200 0.047481 1.847696
v 0.393431 0.030000 1.847696
v 0.396200 0.012519 1.847696
v 0.404235 -0.003250 1.847696
v 0.416750 -0.015765 1.847696
v 0.432519 -0.023800 1.847696
v 0.450000 -0.026569 1.847696
v 0.467481 -0.023800 1.847696
v 0.483250 -0.015765 1.847696
v 0.495765 -0.003250 1.847696
v 0.503800 0.012519 1.847696
v 0.519282 0.030000 1.740000
v 0.515891 0.051409 1.740000
v 0.506050 0.070723 1.740000
v 0.490723 0.086050 1.740000
v 0.471409 0.095891 1.740000
v 0.450000 0.099282 1.740000
v 0.428591 0.095891 1.740000
v 0.409277 0.086050 1.740000
v 0.393950 0.070723 1.740000
v 0.384109 0.051409 1.740000
v 0.380718 0.030000 1.740000
v 0.384109 0.008591 1.740000
v 0.393950 -0.010723 1.740000
v 0.409277 -0.026050 1.740000
v 0.428591 -0.035891 1.740000
v 0.450000 -0.039282 1.740000
v 0.471409 -0.035891 1.740000
v 0.490723 -0.026050 1.740000
v 0.506050 -0.010723 1.740000
v 0.515891 0.008591 1.740000
v 0.527274 0.030000 1.614586
v 0.523492 0.053879 1.614586
v 0.512516 0.075421 1.614586
v 0.495421 0.092516 1.614586
v 0.473879 0.103492 1.614586
v 0.450000 0.107274 1.614586
v 0.426121 0.103492 1.614586
v 0.404579 0.092516 1.614586
v 0.387484 0.075421 1.614586
v 0.376508 0.053879 1.614586
v 0.372726 0.030000 1.614586
v 0.376508 0.006121 1.614586
v 0.387484 -0.015421 1.614586
v 0.404579 -0.032516 1.614586
v 0.426121 -0.043492 1.614586
v 0.450000 -0.047274 1.614586
v 0.473879 -0.043492 1.614586
v 0.495421 -0.032516 1.614586
v 0.512516 -0.015421 1.614586
v 0.523492 0.006121 1.614586
v 0.530000 0.030000 1.480000
v 0.526085 0.054721 1.480000
v 0.514721 0.077023 1.480000
v 0.497023 0.094721 1.480000
v 0.474721 0.106085 1.480000
v 0.450000 0.110000 1.480000
v 0.425279 0.106085 1.480000
v 0.402977 0.094721 1.480000
v 0.385279 0.077023 1.480000
v 0.373915 0.054721 1.480000
v 0.370000 0.030000 1.480000
v 0.373915 0.005279 1.480000
v 0.385279 -0.017023 1.480000
v 0.402977 -0.034721 1.480000
v 0.425279 -0.046085 1.480000
v 0.450000 -0.050000 1.480000
v 0.474721 -0.046085 1.480000
v 0.497023 -0.034721 1.480000
v 0.514721 -0.017023 1.480000
v 0.526085 0.005279 1.480000
v 0.527274 0.030000 1.345414
v 0.523492 0.053879 1.345414
v 0.512516 0.075421 1.345414
v 0.495421 0.092516 1.345414
v 0.473879 0.103492 1.345414
v 0.450000 0.107274 1.345414
v 0.426121 0.103492 1.345414
v 0.404579 0.092516 1.345414
v 0.387484 0.075421 1.345414
v 0.376508 0.053879 1.345414
v 0.372726 0.030000 1.345414
v 0.376508 0.006121 1.345414
v 0.387484 -0.015421 1.345414
v 0.404579 -0.032516 1.345414
v 0.426121 -0.043492 1.345414
v 0.450000 -0.047274 1.345414
v 0.473879 -0.043492 1.345414
v 0.495421 -0.032516 1.345414
v 0.512516 -0.015421 1.345414
v 0.523492 0.006121 1.345414
v 0.519282 0.030000 1.220000
v 0.515891 0.051409 1.220000
v 0.506050 0.070723 1.220000
v 0.490723 0.086050 1.220000
v 0.471409 0.095891 1.220000
v 0.450000 0.099282 1.220000
v 0.428591 0.095891 1.220000
v 0.409277 0.086050 1.220000
v 0.393950 0.070723 1.220000
v 0.384109 0.051409 1.220000
v 0.380718 0.030000 1.220000
v 0.384109 0.008591 1.220000
v 0.393950 -0.010723 1.220000
v 0.409277 -0.026050 1.220000
v 0.428591 -0.035891 1.220000
v 0.450000 -0.039282 1.220000
v 0.471409 -0.035891 1.220000
v 0.490723 -0.026050 1.220000
v 0.506050 -0.010723 1.220000
v 0.515891 0.008591 1.220000
v 0.506569 0.030000 1.112304
v 0.503800 0.047481 1.112304
v 0.495765 0.063250 1.112304
v 0.483250 0.075765 1.112304
v 0.467481 0.083800 1.112304
v 0.450000 0.086569 1.112304
v 0.432519 0.083800 1.112304
v 0.416750 0.075765 1.112304
v 0.404235 0.063250 1.112304
v 0.396200 0.047481 1.112304
v 0.393431 0.030000 1.112304
v 0.396200 0.012519 1.112304
v 0.404235 -0.003250 1.112304
v 0.416750 -0.015765 1.112304
v 0.432519 -0.023800 1.112304
v 0.450000 -0.026569 1.112304
v 0.467481 -0.023800 1.112304
v 0.483250 -0.015765 1.112304
v 0.495765 -0.003250 1.112304
v 0.503800 0.012519 1.112304
v 0.490000 0.030000 1.029667
v 0.488042 0.042361 1.029667
v 0.482361 0.053511 1.029667
v 0.473511 0.062361 1.029667
v 0.462361 0.068042 1.029667
v 0.450000 0.070000 1.029667
v 0.437639 0.068042 1.029667
v 0.426489 0.062361 1.029667
v 0.417639 0.053511 1.029667
v 0.411958 0.042361 1.029667
v 0.410000 0.030000 1.029667
v 0.411958 0.017639 1.029667
v 0.417639 0.006489 1.029667
v 0.426489 -0.002361 1.029667
v 0.437639 -0.008042 1.029667
v 0.450000 -0.010000 1.029667
v 0.462361 -0.008042 1.029667
v 0.473511 -0.002361 1.029667
v 0.482361 0.006489 1.029667
v 0.488042 0.017639 1.029667
v 0.470706 0.030000 0.977719
v 0.469692 0.036398 0.977719
v 0.466751 0.042170 0.977719
v 0.462170 0.046751 0.977719
v 0.456398 0.049692 0.977719
v 0.450000 0.050706 0.977719
v 0.443602 0.049692 0.977719
v 0.437830 0.046751 0.977719
v 0.433249 0.042170 0.977719
v 0.430308 0.036398 0.977719
v 0.429294 0.030000 0.977719
v 0.430308 0.023602 0.977719
v 0.433249 0.017830 0.977719
v 0.437830 0.013249 0.977719
v 0.443602 0.010308 0.977719
v 0.450000 0.009294 0.977719
v 0.456398 0.010308 0.977719
v 0.462170 0.013249 0.977719
v 0.466751 0.017830 0.977719
v 0.469692 0.023602 0.977719
v 0.450000 0.030000 0.960000
v 0.450000 0.030000 0.960000
v 0.450000 0.030000 0.960000
v 0.450000 0.030000 0.960000
v 0.450000 0.030000 0.960000
v 0.450000 0.030000 0.960000
v 0.450000 0.030000 0.960000
v 0.450000 0.030000 0.960000
v 0.450000 0.030000 0.960000
v 0.450000 0.030000 0.960000
v 0.450000 0.030000 0.960000
v 0.450000 0.030000 0.960000
v 0.450000 0.030000 0.960000
v 0.450000 0.030000 0.960000
v 0.450000 0.030000 0.960000
v 0.450000 0.030000 0.960000
v 0.450000 0.030000 0.960000
v 0.450000 0.030000 0.960000
v 0.450000 0.030000 0.960000
v 0.450000 0.030000 0.960000
v -0.520000 0.040000 1.680000
v -0.520000 0.040000 1.680000
v -0.520000 0.040000 1.680000
v -0.520000 0.040000 1.680000
v -0.520000 0.040000 1.680000
v -0.520000 0.040000 1.680000
v -0.520000 0.040000 1.680000
v -0.520000 0.040000 1.680000
v -0.520000 0.040000 1.680000
v -0.520000 0.040000 1.680000
v -0.520000 0.040000 1.680000
v -0.520000 0.040000 1.680000
v -0.520000 0.040000 1.680000
v -0.520000 0.040000 1.680000
v -0.520000 0.040000 1.680000
v -0.520000 0.040000 1.680000
v -0.520000 0.040000 1.680000
v -0.520000 0.040000 1.680000
v -0.520000 0.040000 1.680000
v -0.520000 0.040000 1.680000
v -0.501883 0.040000 1.666370
v -0.502769 0.045599 1.666370
v -0.505343 0.050649 1.666370
v -0.509351 0.054657 1.666370
v -0.514401 0.057231 1.666370
v -0.520000 0.058117 1.666370
v -0.525599 0.057231 1.666370
v -0.530649 0.054657 1.666370
v -0.534657 0.050649 1.666370
v -0.537231 0.045599 1.666370
v -0.538117 0.040000 1.666370
v -0.537231 0.034401 1.666370
v -0.534657 0.029351 1.666370
v -0.530649 0.025343 1.666370
v -0.525599 0.022769 1.666370
v -0.520000 0.021883 1.666370
v -0.514401 0.022769 1.666370
v -0.509351 0.025343 1.666370
v -0.505343 0.029351 1.666370
v -0.502769 0.034401 1.666370
v -0.485000 0.040000 1.626410
v -0.486713 0.050816 1.626410
v -0.491684 0.060572 1.626410
v -0.499428 0.068316 1.626410
v -0.509184 0.073287 1.626410
v -0.520000 0.075000 1.626410
v -0.530816 0.073287 1.626410
v -0.540572 0.068316 1.626410
v -0.548316 0.060572 1.626410
v -0.553287 0.050816 1.626410
v -0.555000 0.040000 1.626410
v -0.553287 0.029184 1.626410
v -0.548316 0.019428 1.626410
v -0.540572 0.011684 1.626410
v -0.530816 0.006713 1.626410
v -0.520000 0.005000 1.626410
v -0.509184 0.006713 1.626410
v -0.499428 0.011684 1.626410
v -0.491684 0.019428 1.626410
v -0.486713 0.029184 1.626410
v -0.470503 0.040000 1.562843
v -0.472925 0.055296 1.562843
v -0.479956 0.069094 1.562843
v -0.490906 0.080044 1.562843
v -0.504704 0.087075 1.562843
v -0.520000 0.089497 1.562843
v -0.535296 0.087075 1.562843
v -0.549094 0.080044 1.562843
v -0.560044 0.069094 1.562843
v -0.567075 0.055296 1.562843
v -0.569497 0.040000 1.562843
v -0.567075 0.024704 1.562843
v -0.560044 0.010906 1.562843
v -0.549094 -0.000044 1.562843
v -0.535296 -0.007075 1.562843
v -0.520000 -0.009497 1.562843
v -0.504704 -0.007075 1.562843
v -0.490906 -0.000044 1.562843
v -0.479956 0.010906 1.562843
v -0.472925 0.024704 1.562843
v -0.459378 0.040000 1.480000
v -0.462345 0.058733 1.480000
v -0.470956 0.075633 1.480000
v -0.484367 0.089044 1.480000
v -0.501267 0.097655 1.480000
v -0.520000 0.100622 1.480000
v -0.538733 0.097655 1.480000
v -0.555633 0.089044 1.480000
v -0.569044 0.075633 1.480000
v -0.577655 0.058733 1.480000
v -0.580622 0.040000 1.480000
v -0.577655 0.021267 1.480000
v -0.569044 0.004367 1.480000
v -0.555633 -0.009044 1.480000
v -0.538733 -0.017655 1.480000
v -0.520000 -0.020622 1.480000
v -0.501267 -0.017655 1.480000
v -0.484367 -0.009044 1.480000
v -0.470956 0.004367 1.480000
v -0.462345 0.021267 1.480000
v -0.452385 0.040000 1.383528
v -0.455694 0.060894 1.383528
v -0.465298 0.079743 1.383528
v -0.480257 0.094702 1.383528
v -0.499106 0.104306 1.383528
v -0.520000 0.107615 1.383528
v -0.540894 0.104306 1.383528
v -0.559743 0.094702 1.383528
v -0.574702 0.079743 1.383528
v -0.584306 0.060894 1.383528
v -0.587615 0.040000 1.383528
v -0.584306 0.019106 1.383528
v -0.574702 0.000257 1.383528
v -0.559743 -0.014702 1.383528
v -0.540894 -0.024306 1.383528
v -0.520000 -0.027615 1.383528
v -0.499106 -0.024306 1.383528
v -0.480257 -0.014702 1.383528
v -0.465298 0.000257 1.383528
v -0.455694 0.019106 1.383528
v -0.450000 0.040000 1.280000
v -0.453426 0.061631 1.280000
v -0.463369 0.081145 1.280000
v -0.478855 0.096631 1.280000
v -0.498369 0.106574 1.280000
v -0.520000 0.110000 1.280000
v -0.541631 0.106574 1.280000
v -0.561145 0.096631 1.280000
v -0.576631 0.081145 1.280000
v -0.586574 0.061631 1.280000
v -0.590000 0.040000 1.280000
v -0.586574 0.018369 1.280000
v -0.576631 -0.001145 1.280000
v -0.561145 -0.016631 1.280000
v -0.541631 -0.026574 1.280000
v -0.520000 -0.030000 1.280000
v -0.498369 -0.026574 1.280000
v -0.478855 -0.016631 1.280000
v -0.463369 -0.001145 1.280000
v -0.453426 0.018369 1.280000
v -0.452385 0.040000 1.176472
v -0.455694 0.060894 1.176472
v -0.465298 0.079743 1.176472
v -0.480257 0.094702 1.176472
v -0.499106 0.104306 1.176472
v -0.520000 0.107615 1.176472
v -0.540894 0.104306 1.176472
v -0.559743 0.094702 1.176472
v -0.574702 0.079743 1.176472
v -0.584306 0.060894 1.176472
v -0.587615 0.040000 1.176472
v -0.584306 0.019106 1.176472
v -0.574702 0.000257 1.176472
v -0.559743 -0.014702 1.176472
v -0.540894 -0.024306 1.176472
v -0.520000 -0.027615 1.176472
v -0.499106 -0.024306 1.176472
v -0.480257 -0.014702 1.176472
v -0.465298 0.000257 1.176472
v -0.455694 0.019106 1.176472
v -0.459378 0.040000 1.080000
v -0.462345 0.058733 1.080000
v -0.470956 0.075633 1.080000
v -0.484367 0.089044 1.080000
v -0.501267 0.097655 1.080000
v -0.520000 0.100622 1.080000
v -0.538733 0.097655 1.080000
v -0.555633 0.089044 1.080000
v -0.569044 0.075633 1.080000
v -0.577655 0.058733 1.080000
v -0.580622 0.040000 1.080000
v -0.577655 0.021267 1.080000
v -0.569044 0.004367 1.080000
v -0.555633 -0.009044 1.080000
v -0.538733 -0.017655 1.080000
v -0.520000 -0.020622 1.080000
v -0.501267 -0.017655 1.080000
v -0.484367 -0.009044 1.080000
v -0.470956 0.004367 1.080000
v -0.462345 0.021267 1.080000
v -0.470503 0.040000 0.997157
v -0.472925 0.055296 0.997157
v -0.479956 0.069094 0.997157
v -0.490906 0.080044 0.997157
v -0.504704 0.087075 0.997157
v -0.520000 0.089497 0.997157
v -0.535296 0.087075 0.997157
v -0.549094 0.080044 0.997157
v -0.560044 0.069094 0.997157
v -0.567075 0.055296 0.997157
v -0.569497 0.040000 0.997157
v -0.567075 0.024704 0.997157
v -0.560044 0.010906 0.997157
v -0.549094 -0.000044 0.997157
v -0.535296 -0.007075 0.997157
v -0.520000 -0.009497 0.997157
v -0.504704 -0.007075 0.997157
v -0.490906 -0.000044 0.997157
v -0.479956 0.010906 0.997157
v -0.472925 0.024704 0.997157
v -0.485000 0.040000 0.933590
v -0.486713 0.050816 0.933590
v -0.491684 0.060572 0.933590
v -0.499428 0.068316 0.933590
v -0.509184 0.073287 0.933590
v -0.520000 0.075000 0.933590
v -0.530816 0.073287 0.933590
v -0.540572 0.068316 0.933590
v -0.548316 0.060572 0.933590
v -0.553287 0.050816 0.933590
v -0.555000 0.040000 0.933590
v -0.553287 0.029184 0.933590
v -0.548316 0.019428 0.933590
v -0.540572 0.011684 0.933590
v -0.530816 0.006713 0.933590
v -0.520000 0.005000 0.933590
v -0.509184 0.006713 0.933590
v -0.499428 0.011684 0.933590
v -0.491684 0.019428 0.933590
v -0.486713 0.029184 0.933590
v -0.501883 0.040000 0.893630
v -0.502769 0.045599 0.893630
v -0.505343 0.050649 0.893630
v -0.509351 0.054657 0.893630
v -0.514401 0.057231 0.893630
v -0.520000 0.058117 0.893630
v -0.525599 0.057231 0.893630
v -0.530649 0.054657 0.893630
v -0.534657 0.050649 0.893630
v -0.537231 0.045599 0.893630
v -0.538117 0.040000 0.893630
v -0.537231 0.034401 0.893630
v -0.534657 0.029351 0.893630
v -0.530649 0.025343 0.893630
v -0.525599 0.022769 0.893630
v -0.520000 0.021883 0.893630
v -0.514401 0.022769 0.893630
v -0.509351 0.025343 0.893630
v -0.505343 0.029351 0.893630
v -0.502769 0.034401 0.893630
v -0.520000 0.040000 0.880000
v -0.520000 0.040000 0.880000
v -0.520000 0.040000 0.880000
v -0.520000 0.040000 0.880000
v -0.520000 0.040000 0.880000
v -0.520000 0.040000 0.880000
v -0.520000 0.040000 0.880000
v -0.520000 0.040000 0.880000
v -0.520000 0.040000 0.880000
v -0.520000 0.040000 0.880000
v -0.520000 0.040000 0.880000
v -0.520000 0.040000 0.880000
v -0.520000 0.040000 0.880000
v -0.520000 0.040000 0.880000
v -0.520000 0.040000 0.880000
v -0.520000 0.040000 0.880000
v -0.520000 0.040000 0.880000
v -0.520000 0.040000 0.880000
v -0.520000 0.040000 0.880000
v -0.520000 0.040000 0.880000
v 0.520000 0.040000 1.680000
v 0.520000 0.040000 1.680000
v 0.520000 0.040000 1.680000
v 0.520000 0.040000 1.680000
v 0.520000 0.040000 1.680000
v 0.520000 0.040000 1.680000
v 0.520000 0.040000 1.680000
v 0.520000 0.040000 1.680000
v 0.520000 0.040000 1.680000
v 0.520000 0.040000 1.680000
v 0.520000 0.040000 1.680000
v 0.520000 0.040000 1.680000
v 0.520000 0.040000 1.680000
v 0.520000 0.040000 1.680000
v 0.520000 0.040000 1.680000
v 0.520000 0.040000 1.680000
v 0.520000 0.040000 1.680000
v 0.520000 0.040000 1.680000
v 0.520000 0.040000 1.680000
v 0.520000 0.040000 1.680000
v 0.538117 0.040000 1.666370
v 0.537231 0.045599 1.666370
v 0.534657 0.050649 1.666370
v 0.530649 0.054657 1.666370
v 0.525599 0.057231 1.666370
v 0.520000 0.058117 1.666370
v 0.514401 0.057231 1.666370
v 0.509351 0.054657 1.666370
v 0.505343 0.050649 1.666370
v 0.502769 0.045599 1.666370
v 0.501883 0.040000 1.666370
v 0.502769 0.034401 1.666370
v 0.505343 0.029351 1.666370
v 0.509351 0.025343 1.666370
v 0.514401 0.022769 1.666370
v 0.520000 0.021883 1.666370
v 0.525599 0.022769 1.666370
v 0.530649 0.025343 1.666370
v 0.534657 0.029351 1.666370
v 0.537231 0.034401 1.666370
v 0.555000 0.040000 1.626410
v 0.553287 0.050816 1.626410
v 0.548316 0.060572 1.626410
v 0.540572 0.068316 1.626410
v 0.530816 0.073287 1.626410
v 0.520000 0.075000 1.626410
v 0.509184 0.073287 1.626410
v 0.499428 0.068316 1.626410
v 0.491684 0.060572 1.626410
v 0.486713 0.050816 1.626410
v 0.485000 0.040000 1.626410
v 0.486713 0.029184 1.626410
v 0.491684 0.019428 1.626410
v 0.499428 0.011684 1.626410
v 0.509184 0.006713 1.626410
v 0.520000 0.005000 1.626410
v 0.530816 0.006713 1.626410
v 0.540572 0.011684 1.626410
v 0.548316 0.019428 1.626410
v 0.553287 0.029184 1.626410
v 0.569497 0.040000 1.562843
v 0.567075 0.055296 1.562843
v 0.560044 0.069094 1.562843
v 0.549094 0.080044 1.562843
v 0.535296 0.087075 1.562843
v 0.520000 0.089497 1.562843
v 0.504704 0.087075 1.562843
v 0.490906 0.080044 1.562843
v 0.479956 0.069094 1.562843
v 0.472925 0.055296 1.562843
v 0.470503 0.040000 1.562843
v 0.472925 0.024704 1.562843
v 0.479956 0.010906 1.562843
v 0.490906 -0.000044 1.562843
v 0.504704 -0.007075 1.562843
v 0.520000 -0.009497 1.562843
v 0.535296 -0.007075 1.562843
v 0.549094 -0.000044 1.562843
v 0.560044 0.010906 1.562843
v 0.567075 0.024704 1.562843
v 0.580622 0.040000 1.480000
v 0.577655 0.058733 1.480000
v 0.569044 0.075633 1.480000
v 0.555633 0.089044 1.480000
v 0.538733 0.097655 1.480000
v 0.520000 0.100622 1.480000
v 0.501267 0.097655 1.480000
v 0.484367 0.089044 1.480000
v 0.470956 0.075633 1.480000
v 0.462345 0.058733 1.480000
v 0.459378 0.040000 1.480000
v 0.462345 0.021267 1.480000
v 0.470956 0.004367 1.480000
v 0.484367 -0.009044 1.480000
v 0.501267 -0.017655 1.480000
v 0.520000 -0.020622 1.480000
v 0.538733 -0.017655 1.480000
v 0.555633 -0.009044 1.480000
v 0.569044 0.004367 1.480000
v 0.577655 0.021267 1.480000
v 0.587615 0.040000 1.383528
v 0.584306 0.060894 1.383528
v 0.574702 0.079743 1.383528
v 0.559743 0.094702 1.383528
v 0.540894 0.104306 1.383528
v 0.520000 0.107615 1.383528
v 0.499106 0.104306 1.383528
v 0.480257 0.094702 1.383528
v 0.465298 0.079743 1.383528
v 0.455694 0.060894 1.383528
v 0.452385 0.040000 1.383528
v 0.455694 0.019106 1.383528
v 0.465298 0.000257 1.383528
v 0.480257 -0.014702 1.383528
v 0.499106 -0.024306 1.383528
v 0.520000 -0.027615 1.383528
v 0.540894 -0.024306 1.383528
v 0.559743 -0.014702 1.383528
v 0.574702 0.000257 1.383528
v 0.584306 0.019106 1.383528
v 0.590000 0.040000 1.280000
v 0.586574 0.061631 1.280000
v 0.576631 0.081145 1.280000
v 0.561145 0.096631 1.280000
v 0.541631 0.106574 1.280000
v 0.520000 0.110000 1.280000
v 0.498369 0.106574 1.280000
v 0.478855 0.096631 1.280000
v 0.463369 0.081145 1.280000
v 0.453426 0.061631 1.280000
v 0.450000 0.040000 1.280000
v 0.453426 0.018369 1.280000
v 0.463369 -0.001145 1.280000
v 0.478855 -0.016631 1.280000
v 0.498369 -0.026574 1.280000
v 0.520000 -0.030000 1.280000
v 0.541631 -0.026574 1.280000
v 0.561145 -0.016631 1.280000
v 0.576631 -0.001145 1.280000
v 0.586574 0.018369 1.280000
v 0.587615 0.040000 1.176472
v 0.584306 0.060894 1.176472
v 0.574702 0.079743 1.176472
v 0.559743 0.094702 1.176472
v 0.540894 0.104306 1.176472
v 0.520000 0.107615 1.176472
v 0.499106 0.104306 1.176472
v 0.480257 0.094702 1.176472
v 0.465298 0.079743 1.176472
v 0.455694 0.060894 1.176472
v 0.452385 0.040000 1.176472
v 0.455694 0.019106 1.176472
v 0.465298 0.000257 1.176472
v 0.480257 -0.014702 1.176472
v 0.499106 -0.024306 1.176472
v 0.520000 -0.027615 1.176472
v 0.540894 -0.024306 1.176472
v 0.559743 -0.014702 1.176472
v 0.574702 0.000257 1.176472
v 0.584306 0.019106 1.176472
v 0.580622 0.040000 1.080000
v 0.577655 0.058733 1.080000
v 0.569044 0.075633 1.080000
v 0.555633 0.089044 1.080000
v 0.538733 0.097655 1.080000
v 0.520000 0.100622 1.080000
v 0.501267 0.097655 1.080000
v 0.484367 0.089044 1.080000
v 0.470956 0.075633 1.080000
v 0.462345 0.058733 1.080000
v 0.459378 0.040000 1.080000
v 0.462345 0.021267 1.080000
v 0.470956 0.004367 1.080000
v 0.484367 -0.009044 1.080000
v 0.501267 -0.017655 1.080000
v 0.520000 -0.020622 1.080000
v 0.538733 -0.017655 1.080000
v 0.555633 -0.009044 1.080000
v 0.569044 0.004367 1.080000
v 0.577655 0.021267 1.080000
v 0.569497 0.040000 0.997157
v 0.567075 0.055296 0.997157
v 0.560044 0.069094 0.997157
v 0.549094 0.080044 0.997157
v 0.535296 0.087075 0.997157
v 0.520000 0.089497 0.997157
v 0.504704 0.087075 0.997157
v 0.490906 0.080044 0.997157
v 0.479956 0.069094 0.997157
v 0.472925 0.055296 0.997157
v 0.470503 0.040000 0.997157
v 0.472925 0.024704 0.997157
v 0.479956 0.010906 0.997157
v 0.490906 -0.000044 0.997157
v 0.504704 -0.007075 0.997157
v 0.520000 -0.009497 0.997157
v 0.535296 -0.007075 0.997157
v 0.549094 -0.000044 0.997157
v 0.560044 0.010906 0.997157
v 0.567075 0.024704 0.997157
v 0.555000 0.040000 0.933590
v 0.553287 0.050816 0.933590
v 0.548316 0.060572 0.933590
v 0.540572 0.068316 0.933590
v 0.530816 0.073287 0.933590
v 0.520000 0.075000 0.933590
v 0.509184 0.073287 0.933590
v 0.499428 0.068316 0.933590
v 0.491684 0.060572 0.933590
v 0.486713 0.050816 0.933590
v 0.485000 0.040000 0.933590
v 0.486713 0.029184 0.933590
v 0.491684 0.019428 0.933590
v 0.499428 0.011684 0.933590
v 0.509184 0.006713 0.933590
v 0.520000 0.005000 0.933590
v 0.530816 0.006713 0.933590
v 0.540572 0.011684 0.933590
v 0.548316 0.019428 0.933590
v 0.553287 0.029184 0.933590
v 0.538117 0.040000 0.893630
v 0.537231 0.045599 0.893630
v 0.534657 0.050649 0.893630
v 0.530649 0.054657 0.893630
v 0.525599 0.057231 0.893630
v 0.520000 0.058117 0.893630
v 0.514401 0.057231 0.893630
v 0.509351 0.054657 0.893630
v 0.505343 0.050649 0.893630
v 0.502769 0.045599 0.893630
v 0.501883 0.040000 0.893630
v 0.502769 0.034401 0.893630
v 0.505343 0.029351 0.893630
v 0.509351 0.025343 0.893630
v 0.514401 0.022769 0.893630
v 0.520000 0.021883 0.893630
v 0.525599 0.022769 0.893630
v 0.530649 0.025343 0.893630
v 0.534657 0.029351 0.893630
v 0.537231 0.034401 0.893630
v 0.520000 0.040000 0.880000
v 0.520000 0.040000 0.880000
v 0.520000 0.040000 0.880000
v 0.520000 0.040000 0.880000
v 0.520000 0.040000 0.880000
v 0.520000 0.040000 0.880000
v 0.520000 0.040000 0.880000
v 0.520000 0.040000 0.880000
v 0.520000 0.040000 0.880000
v 0.520000 0.040000 0.880000
v 0.520000 0.040000 0.880000
v 0.520000 0.040000 0.880000
v 0.520000 0.040000 0.880000
v 0.520000 0.040000 0.880000
v 0.520000 0.040000 0.880000
v 0.520000 0.040000 0.880000
v 0.520000 0.040000 0.880000
v 0.520000 0.040000 0.880000
v 0.520000 0.040000 0.880000
v 0.520000 0.040000 0.880000
v -0.200000 -0.075000 1.900000
v -0.480000 -0.060000 1.620000
v -0.216388 -0.071329 1.916388
v -0.493110 -0.057063 1.633110
v -0.231172 -0.060676 1.931172
v -0.504938 -0.048541 1.644938
v -0.242905 -0.044084 1.942905
v -0.514324 -0.035267 1.654324
v -0.250437 -0.023176 1.950437
v -0.520350 -0.018541 1.660350
v -0.253033 -0.000000 1.953033
v -0.522426 -0.000000 1.662426
v -0.250437 0.023176 1.950437
v -0.520350 0.018541 1.660350
v -0.242905 0.044084 1.942905
v -0.514324 0.035267 1.654324
v -0.231172 0.060676 1.931172
v -0.504938 0.048541 1.644938
v -0.216388 0.071329 1.916388
v -0.493110 0.057063 1.633110
v -0.200000 0.075000 1.900000
v -0.480000 0.060000 1.620000
v -0.183612 0.071329 1.883612
v -0.466890 0.057063 1.606890
v -0.168828 0.060676 1.868828
v -0.455062 0.048541 1.595062
v -0.157095 0.044084 1.857095
v -0.445676 0.035267 1.585676
v -0.149563 0.023176 1.849563
v -0.439650 0.018541 1.579650
v -0.146967 0.000000 1.846967
v -0.437574 0.000000 1.577574
v -0.149563 -0.023176 1.849563
v -0.439650 -0.018541 1.579650
v -0.157095 -0.044084 1.857095
v -0.445676 -0.035267 1.585676
v -0.168828 -0.060676 1.868828
v -0.455062 -0.048541 1.595062
v -0.183612 -0.071329 1.883612
v -0.466890 -0.057063 1.606890
v -0.480000 -0.060000 1.620000
v -0.780000 -0.045000 1.780000
v -0.471275 -0.057063 1.636360
v -0.773456 -0.042798 1.792270
v -0.463404 -0.048541 1.651118
v -0.767553 -0.036406 1.803339
v -0.457157 -0.035267 1.662830
v -0.762868 -0.026450 1.812123
v -0.453147 -0.018541 1.670350
v -0.759860 -0.013906 1.817763
v -0.451765 -0.000000 1.672941
v -0.758824 -0.000000 1.819706
v -0.453147 0.018541 1.670350
v -0.759860 0.013906 1.817763
v -0.457157 0.035267 1.662830
v -0.762868 0.026450 1.812123
v -0.463404 0.048541 1.651118
v -0.767553 0.036406 1.803339
v -0.471275 0.057063 1.636360
v -0.773456 0.042798 1.792270
v -0.480000 0.060000 1.620000
v -0.780000 0.045000 1.780000
v -0.488725 0.057063 1.603640
v -0.786544 0.042798 1.767730
v -0.496596 0.048541 1.588882
v -0.792447 0.036406 1.756661
v -0.502843 0.035267 1.577170
v -0.797132 0.026450 1.747877
v -0.506853 0.018541 1.569650
v -0.800140 0.013906 1.742237
v -0.508235 0.000000 1.567059
v -0.801176 0.000000 1.740294
v -0.506853 -0.018541 1.569650
v -0.800140 -0.013906 1.742237
v -0.502843 -0.035267 1.577170
v -0.797132 -0.026450 1.747877
v -0.496596 -0.048541 1.588882
v -0.792447 -0.036406 1.756661
v -0.488725 -0.057063 1.603640
v -0.786544 -0.042798 1.767730
v 0.200000 0.075000 1.900000
v 0.480000 0.060000 1.620000
v 0.216388 0.071329 1.916388
v 0.493110 0.057063 1.633110
v 0.231172 0.060676 1.931172
v 0.504938 0.048541 1.644938
v 0.242905 0.044084 1.942905
v 0.514324 0.035267 1.654324
v 0.250437 0.023176 1.950437
v 0.520350 0.018541 1.660350
v 0.253033 0.000000 1.953033
v 0.522426 0.000000 1.662426
v 0.250437 -0.023176 1.950437
v 0.520350 -0.018541 1.660350
v 0.242905 -0.044084 1.942905
v 0.514324 -0.035267 1.654324
v 0.231172 -0.060676 1.931172
v 0.504938 -0.048541 1.644938
v 0.216388 -0.071329 1.916388
v 0.493110 -0.057063 1.633110
v 0.200000 -0.075000 1.900000
v 0.480000 -0.060000 1.620000
v 0.183612 -0.071329 1.883612
v 0.466890 -0.057063 1.606890
v 0.168828 -0.060676 1.868828
v 0.455062 -0.048541 1.595062
v 0.157095 -0.044084 1.857095
v 0.445676 -0.035267 1.585676
v 0.149563 -0.023176 1.849563
v 0.439650 -0.018541 1.579650
v 0.146967 -0.000000 1.846967
v 0.437574 -0.000000 1.577574
v 0.149563 0.023176 1.849563
v 0.439650 0.018541 1.579650
v 0.157095 0.044084 1.857095
v 0.445676 0.035267 1.585676
v 0.168828 0.060676 1.868828
v 0.455062 0.048541 1.595062
v 0.183612 0.071329 1.883612
v 0.466890 0.057063 1.606890
v 0.480000 0.060000 1.620000
v 0.780000 0.045000 1.780000
v 0.471275 0.057063 1.636360
v 0.773456 0.042798 1.792270
v 0.463404 0.048541 1.651118
v 0.767553 0.036406 1.803339
v 0.457157 0.035267 1.662830
v 0.762868 0.026450 1.812123
v 0.453147 0.018541 1.670350
v 0.759860 0.013906 1.817763
v 0.451765 0.000000 1.672941
v 0.758824 0.000000 1.819706
v 0.453147 -0.018541 1.670350
v 0.759860 -0.013906 1.817763
v 0.457157 -0.035267 1.662830
v 0.762868 -0.026450 1.812123
v 0.463404 -0.048541 1.651118
v 0.767553 -0.036406 1.803339
v 0.471275 -0.057063 1.636360
v 0.773456 -0.042798 1.792270
v 0.480000 -0.060000 1.620000
v 0.780000 -0.045000 1.780000
v 0.488725 -0.057063 1.603640
v 0.786544 -0.042798 1.767730
v 0.496596 -0.048541 1.588882
v 0.792447 -0.036406 1.756661
v 0.502843 -0.035267 1.577170
v 0.797132 -0.026450 1.747877
v 0.506853 -0.018541 1.569650
v 0.800140 -0.013906 1.742237
v 0.508235 -0.000000 1.567059
v 0.801176 -0.000000 1.740294
v 0.506853 0.018541 1.569650
v 0.800140 0.013906 1.742237
v 0.502843 0.035267 1.577170
v 0.797132 0.026450 1.747877
v 0.496596 0.048541 1.588882
v 0.792447 0.036406 1.756661
v 0.488725 0.057063 1.603640
v 0.786544 0.042798 1.767730
v -0.810000 0.000000 1.875000
v -0.810000 0.000000 1.875000
v -0.810000 0.000000 1.875000
v -0.810000 0.000000 1.875000
v -0.810000 0.000000 1.875000
v -0.810000 0.000000 1.875000
v -0.810000 0.000000 1.875000
v -0.810000 0.000000 1.875000
v -0.810000 0.000000 1.875000
v -0.810000 0.000000 1.875000
v -0.810000 0.000000 1.875000
v -0.810000 0.000000 1.875000
v -0.810000 0.000000 1.875000
v -0.810000 0.000000 1.875000
v -0.810000 0.000000 1.875000
v -0.810000 0.000000 1.875000
v -0.810000 0.000000 1.875000
v -0.810000 0.000000 1.875000
v -0.810000 0.000000 1.875000
v -0.810000 0.000000 1.875000
v -0.793004 0.000000 1.871819
v -0.793836 0.004775 1.871819
v -0.796250 0.009082 1.871819
v -0.800010 0.012500 1.871819
v -0.804748 0.014695 1.871819
v -0.810000 0.015451 1.871819
v -0.815252 0.014695 1.871819
v -0.819990 0.012500 1.871819
v -0.823750 0.009082 1.871819
v -0.826164 0.004775 1.871819
v -0.826996 0.000000 1.871819
v -0.826164 -0.004775 1.871819
v -0.823750 -0.009082 1.871819
v -0.819990 -0.012500 1.871819
v -0.815252 -0.014695 1.871819
v -0.810000 -0.015451 1.871819
v -0.804748 -0.014695 1.871819
v -0.800010 -0.012500 1.871819
v -0.796250 -0.009082 1.871819
v -0.793836 -0.004775 1.871819
v -0.777672 0.000000 1.862586
v -0.779254 0.009082 1.862586
v -0.783846 0.017275 1.862586
v -0.790998 0.023776 1.862586
v -0.800010 0.027951 1.862586
v -0.810000 0.029389 1.862586
v -0.819990 0.027951 1.862586
v -0.829002 0.023776 1.862586
v -0.836154 0.017275 1.862586
v -0.840746 0.009082 1.862586
v -0.842328 0.000000 1.862586
v -0.840746 -0.009082 1.862586
v -0.836154 -0.017275 1.862586
v -0.829002 -0.023776 1.862586
v -0.819990 -0.027951 1.862586
v -0.810000 -0.029389 1.862586
v -0.800010 -0.027951 1.862586
v -0.790998 -0.023776 1.862586
v -0.783846 -0.017275 1.862586
v -0.779254 -0.009082 1.862586
v -0.765504 0.000000 1.848206
v -0.767682 0.012500 1.848206
v -0.774002 0.023776 1.848206
v -0.783846 0.032725 1.848206
v -0.796250 0.038471 1.848206
v -0.810000 0.040451 1.848206
v -0.823750 0.038471 1.848206
v -0.836154 0.032725 1.848206
v -0.845998 0.023776 1.848206
v -0.852318 0.012500 1.848206
v -0.854496 0.000000 1.848206
v -0.852318 -0.012500 1.848206
v -0.845998 -0.023776 1.848206
v -0.836154 -0.032725 1.848206
v -0.823750 -0.038471 1.848206
v -0.810000 -0.040451 1.848206
v -0.796250 -0.038471 1.848206
v -0.783846 -0.032725 1.848206
v -0.774002 -0.023776 1.848206
v -0.767682 -0.012500 1.848206
v -0.757692 0.000000 1.830086
v -0.760252 0.014695 1.830086
v -0.767682 0.027951 1.830086
v -0.779254 0.038471 1.830086
v -0.793836 0.045225 1.830086
v -0.810000 0.047553 1.830086
v -0.826164 0.045225 1.830086
v -0.840746 0.038471 1.830086
v -0.852318 0.027951 1.830086
v -0.859748 0.014695 1.830086
v -0.862308 0.000000 1.830086
v -0.859748 -0.014695 1.830086
v -0.852318 -0.027951 1.830086
v -0.840746 -0.038471 1.830086
v -0.826164 -0.045225 1.830086
v -0.810000 -0.047553 1.830086
v -0.793836 -0.045225 1.830086
v -0.779254 -0.038471 1.830086
v -0.767682 -0.027951 1.830086
v -0.760252 -0.014695 1.830086
v -0.755000 0.000000 1.810000
v -0.757692 0.015451 1.810000
v -0.765504 0.029389 1.810000
v -0.777672 0.040451 1.810000
v -0.793004 0.047553 1.810000
v -0.810000 0.050000 1.810000
v -0.826996 0.047553 1.810000
v -0.842328 0.040451 1.810000
v -0.854496 0.029389 1.810000
v -0.862308 0.015451 1.810000
v -0.865000 0.000000 1.810000
v -0.862308 -0.015451 1.810000
v -0.854496 -0.029389 1.810000
v -0.842328 -0.040451 1.810000
v -0.826996 -0.047553 1.810000
v -0.810000 -0.050000 1.810000
v -0.793004 -0.047553 1.810000
v -0.777672 -0.040451 1.810000
v -0.765504 -0.029389 1.810000
v -0.757692 -0.015451 1.810000
v -0.757692 0.000000 1.789914
v -0.760252 0.014695 1.789914
v -0.767682 0.027951 1.789914
v -0.779254 0.038471 1.789914
v -0.793836 0.045225 1.789914
v -0.810000 0.047553 1.789914
v -0.826164 0.045225 1.789914
v -0.840746 0.038471 1.789914
v -0.852318 0.027951 1.789914
v -0.859748 0.014695 1.789914
v -0.862308 0.000000 1.789914
v -0.859748 -0.014695 1.789914
v -0.852318 -0.027951 1.789914
v -0.840746 -0.038471 1.789914
v -0.826164 -0.045225 1.789914
v -0.810000 -0.047553 1.789914
v -0.793836 -0.045225 1.789914
v -0.779254 -0.038471 1.789914
v -0.767682 -0.027951 1.789914
v -0.760252 -0.014695 1.789914
v -0.765504 0.000000 1.771794
v -0.767682 0.012500 1.771794
v -0.774002 0.023776 1.771794
v -0.783846 0.032725 1.771794
v -0.796250 0.038471 1.771794
v -0.810000 0.040451 1.771794
v -0.823750 0.038471 1.771794
v -0.836154 0.032725 1.771794
v -0.845998 0.023776 1.771794
v -0.852318 0.012500 1.771794
v -0.854496 0.000000 1.771794
v -0.852318 -0.012500 1.771794
v -0.845998 -0.023776 1.771794
v -0.836154 -0.032725 1.771794
v -0.823750 -0.038471 1.771794
v -0.810000 -0.040451 1.771794
v -0.796250 -0.038471 1.771794
v -0.783846 -0.032725 1.771794
v -0.774002 -0.023776 1.771794
v -0.767682 -0.012500 1.771794
v -0.777672 0.000000 1.757414
v -0.779254 0.009082 1.757414
v -0.783846 0.017275 1.757414
v -0.790998 0.023776 1.757414
v -0.800010 0.027951 1.757414
v -0.810000 0.029389 1.757414
v -0.819990 0.027951 1.757414
v -0.829002 0.023776 1.757414
v -0.836154 0.017275 1.757414
v -0.840746 0.009082 1.757414
v -0.842328 0.000000 1.757414
v -0.840746 -0.009082 1.757414
v -0.836154 -0.017275 1.757414
v -0.829002 -0.023776 1.757414
v -0.819990 -0.027951 1.757414
v -0.810000 -0.029389 1.757414
v -0.800010 -0.027951 1.757414
v -0.790998 -0.023776 1.757414
v -0.783846 -0.017275 1.757414
v -0.779254 -0.009082 1.757414
v -0.793004 0.000000 1.748181
v -0.793836 0.004775 1.748181
v -0.796250 0.009082 1.748181
v -0.800010 0.012500 1.748181
v -0.804748 0.014695 1.748181
v -0.810000 0.015451 1.748181
v -0.815252 0.014695 1.748181
v -0.819990 0.012500 1.748181
v -0.823750 0.009082 1.748181
v -0.826164 0.004775 1.748181
v -0.826996 0.000000 1.748181
v -0.826164 -0.004775 1.748181
v -0.823750 -0.009082 1.748181
v -0.819990 -0.012500 1.748181
v -0.815252 -0.014695 1.748181
v -0.810000 -0.015451 1.748181
v -0.804748 -0.014695 1.748181
v -0.800010 -0.012500 1.748181
v -0.796250 -0.009082 1.748181
v -0.793836 -0.004775 1.748181
v -0.810000 0.000000 1.745000
v -0.810000 0.000000 1.745000
v -0.810000 0.000000 1.745000
v -0.810000 0.000000 1.745000
v -0.810000 0.000000 1.745000
v -0.810000 0.000000 1.745000
v -0.810000 0.000000 1.745000
v -0.810000 0.000000 1.745000
v -0.810000 0.000000 1.745000
v -0.810000 0.000000 1.745000
v -0.810000 0.000000 1.745000
v -0.810000 -0.000000 1.745000
v -0.810000 -0.000000 1.745000
v -0.810000 -0.000000 1.745000
v -0.810000 -0.000000 1.745000
v -0.810000 -0.000000 1.745000
v -0.810000 -0.000000 1.745000
v -0.810000 -0.000000 1.745000
v -0.810000 -0.000000 1.745000
v -0.810000 -0.000000 1.745000
v 0.810000 0.000000 1.875000
v 0.810000 0.000000 1.875000
v 0.810000 0.000000 1.875000
v 0.810000 0.000000 1.875000
v 0.810000 0.000000 1.875000
v 0.810000 0.000000 1.875000
v 0.810000 0.000000 1.875000
v 0.810000 0.000000 1.875000
v 0.810000 0.000000 1.875000
v 0.810000 0.000000 1.875000
v 0.810000 0.000000 1.875000
v 0.810000 0.000000 1.875000
v 0.810000 0.000000 1.875000
v 0.810000 0.000000 1.875000
v 0.810000 0.000000 1.875000
v 0.810000 0.000000 1.875000
v 0.810000 0.000000 1.875000
v 0.810000 0.000000 1.875000
v 0.810000 0.000000 1.875000
v 0.810000 0.000000 1.875000
v 0.826996 0.000000 1.871819
v 0.826164 0.004775 1.871819
v 0.823750 0.009082 1.871819
v 0.819990 0.012500 1.871819
v 0.815252 0.014695 1.871819
v 0.810000 0.015451 1.871819
v 0.804748 0.014695 1.871819
v 0.800010 0.012500 1.871819
v 0.796250 0.009082 1.871819
v 0.793836 0.004775 1.871819
v 0.793004 0.000000 1.871819
v 0.793836 -0.004775 1.871819
v 0.796250 -0.009082 1.871819
v 0.800010 -0.012500 1.871819
v 0.804748 -0.014695 1.871819
v 0.810000 -0.015451 1.871819
v 0.815252 -0.014695 1.871819
v 0.819990 -0.012500 1.871819
v 0.823750 -0.009082 1.871819
v 0.826164 -0.004775 1.871819
v 0.842328 0.000000 1.862586
v 0.840746 0.009082 1.862586
v 0.836154 0.017275 1.862586
v 0.829002 0.023776 1.862586
v 0.819990 0.027951 1.862586
v 0.810000 0.029389 1.862586
v 0.800010 0.027951 1.862586
v 0.790998 0.023776 1.862586
v 0.783846 0.017275 1.862586
v 0.779254 0.009082 1.862586
v 0.777672 0.000000 1.862586
v 0.779254 -0.009082 1.862586
v 0.783846 -0.017275 1.862586
v 0.790998 -0.023776 1.862586
v 0.800010 -0.027951 1.862586
v 0.810000 -0.029389 1.862586
v 0.819990 -0.027951 1.862586
v 0.829002 -0.023776 1.862586
v 0.836154 -0.017275 1.862586
v 0.840746 -0.009082 1.862586
v 0.854496 0.000000 1.848206
v 0.852318 0.012500 1.848206
v 0.845998 0.023776 1.848206
v 0.836154 0.032725 1.848206
v 0.823750 0.038471 1.848206
v 0.810000 0.040451 1.848206
v 0.796250 0.038471 1.848206
v 0.783846 0.032725 1.848206
v 0.774002 0.023776 1.848206
v 0.767682 0.012500 1.848206
v 0.765504 0.000000 1.848206
v 0.767682 -0.012500 1.848206
v 0.774002 -0.023776 1.848206
v 0.783846 -0.032725 1.848206
v 0.796250 -0.038471 1.848206
v 0.810000 -0.040451 1.848206
v 0.823750 -0.038471 1.848206
v 0.836154 -0.032725 1.848206
v 0.845998 -0.023776 1.848206
v 0.852318 -0.012500 1.848206
v 0.862308 0.000000 1.830086
v 0.859748 0.014695 1.830086
v 0.852318 0.027951 1.830086
v 0.840746 0.038471 1.830086
v 0.826164 0.045225 1.830086
v 0.810000 0.047553 1.830086
v 0.793836 0.045225 1.830086
v 0.779254 0.038471 1.830086
v 0.767682 0.027951 1.830086
v 0.760252 0.014695 1.830086
v 0.757692 0.000000 1.830086
v 0.760252 -0.014695 1.830086
v 0.767682 -0.027951 1.830086
v 0.779254 -0.038471 1.830086
v 0.793836 -0.045225 1.830086
v 0.810000 -0.047553 1.830086
v 0.826164 -0.045225 1.830086
v 0.840746 -0.038471 1.830086
v 0.852318 -0.027951 1.830086
v 0.859748 -0.014695 1.830086
v 0.865000 0.000000 1.810000
v 0.862308 0.015451 1.810000
v 0.854496 0.029389 1.810000
v 0.842328 0.040451 1.810000
v 0.826996 0.047553 1.810000
v 0.810000 0.050000 1.810000
v 0.793004 0.047553 1.810000
v 0.777672 0.040451 1.810000
v 0.765504 0.029389 1.810000
v 0.757692 0.015451 1.810000
v 0.755000 0.000000 1.810000
v 0.757692 -0.015451 1.810000
v 0.765504 -0.029389 1.810000
v 0.777672 -0.040451 1.810000
v 0.793004 -0.047553 1.810000
v 0.810000 -0.050000 1.810000
v 0.826996 -0.047553 1.810000
v 0.842328 -0.040451 1.810000
v 0.854496 -0.029389 1.810000
v 0.862308 -0.015451 1.810000
v 0.862308 0.000000 1.789914
v 0.859748 0.014695 1.789914
v 0.852318 0.027951 1.789914
v 0.840746 0.038471 1.789914
v 0.826164 0.045225 1.789914
v 0.810000 0.047553 1.789914
v 0.793836 0.045225 1.789914
v 0.779254 0.038471 1.789914
v 0.767682 0.027951 1.789914
v 0.760252 0.014695 1.789914
v 0.757692 0.000000 1.789914
v 0.760252 -0.014695 1.789914
v 0.767682 -0.027951 1.789914
v 0.779254 -0.038471 1.789914
v 0.793836 -0.045225 1.789914
v 0.810000 -0.047553 1.789914
v 0.826164 -0.045225 1.789914
v 0.840746 -0.038471 1.789914
v 0.852318 -0.027951 1.789914
v 0.859748 -0.014695 1.789914
v 0.854496 0.000000 1.771794
v 0.852318 0.012500 1.771794
v 0.845998 0.023776 1.771794
v 0.836154 0.032725 1.771794
v 0.823750 0.038471 1.771794
v 0.810000 0.040451 1.771794
v 0.796250 0.038471 1.771794
v 0.783846 0.032725 1.771794
v 0.774002 0.023776 1.771794
v 0.767682 0.012500 1.771794
v 0.765504 0.000000 1.771794
v 0.767682 -0.012500 1.771794
v 0.774002 -0.023776 1.771794
v 0.783846 -0.032725 1.771794
v 0.796250 -0.038471 1.771794
v 0.810000 -0.040451 1.771794
v 0.823750 -0.038471 1.771794
v 0.836154 -0.032725 1.771794
v 0.845998 -0.023776 1.771794
v 0.852318 -0.012500 1.771794
v 0.842328 0.000000 1.757414
v 0.840746 0.009082 1.757414
v 0.836154 0.017275 1.757414
v 0.829002 0.023776 1.757414
v 0.819990 0.027951 1.757414
v 0.810000 0.029389 1.757414
v 0.800010 0.027951 1.757414
v 0.790998 0.023776 1.757414
v 0.783846 0.017275 1.757414
v 0.779254 0.009082 1.757414
v 0.777672 0.000000 1.757414
v 0.779254 -0.009082 1.757414
v 0.783846 -0.017275 1.757414
v 0.790998 -0.023776 1.757414
v 0.800010 -0.027951 1.757414
v 0.810000 -0.029389 1.757414
v 0.819990 -0.027951 1.757414
v 0.829002 -0.023776 1.757414
v 0.836154 -0.017275 1.757414
v 0.840746 -0.009082 1.757414
v 0.826996 0.000000 1.748181
v 0.826164 0.004775 1.748181
v 0.823750 0.009082 1.748181
v 0.819990 0.012500 1.748181
v 0.815252 0.014695 1.748181
v 0.810000 0.015451 1.748181
v 0.804748 0.014695 1.748181
v 0.800010 0.012500 1.748181
v 0.796250 0.009082 1.748181
v 0.793836 0.004775 1.748181
v 0.793004 0.000000 1.748181
v 0.793836 -0.004775 1.748181
v 0.796250 -0.009082 1.748181
v 0.800010 -0.012500 1.748181
v 0.804748 -0.014695 1.748181
v 0.810000 -0.015451 1.748181
v 0.815252 -0.014695 1.748181
v 0.819990 -0.012500 1.748181
v 0.823750 -0.009082 1.748181
v 0.826164 -0.004775 1.748181
v 0.810000 0.000000 1.745000
v 0.810000 0.000000 1.745000
v 0.810000 0.000000 1.745000
v 0.810000 0.000000 1.745000
v 0.810000 0.000000 1.745000
v 0.810000 0.000000 1.745000
v 0.810000 0.000000 1.745000
v 0.810000 0.000000 1.745000
v 0.810000 0.000000 1.745000
v 0.810000 0.000000 1.745000
v 0.810000 0.000000 1.745000
v 0.810000 -0.000000 1.745000
v 0.810000 -0.000000 1.745000
v 0.810000 -0.000000 1.745000
v 0.810000 -0.000000 1.745000
v 0.810000 -0.000000 1.745000
v 0.810000 -0.000000 1.745000
v 0.810000 -0.000000 1.745000
v 0.810000 -0.000000 1.745000
v 0.810000 -0.000000 1.745000
v 0.200000 0.000000 1.300000
v 0.199037 0.019603 1.300000
v 0.196157 0.039018 1.300000
v 0.191388 0.058057 1.300000
v 0.184776 0.076537 1.300000
v 0.176384 0.094279 1.300000
v 0.166294 0.111114 1.300000
v 0.154602 0.126879 1.300000
v 0.141421 0.141421 1.300000
v 0.126879 0.154602 1.300000
v 0.111114 0.166294 1.300000
v 0.094279 0.176384 1.300000
v 0.076537 0.184776 1.300000
v 0.058057 0.191388 1.300000
v 0.039018 0.196157 1.300000
v 0.019603 0.199037 1.300000
v 0.000000 0.200000 1.300000
v -0.019603 0.199037 1.300000
v -0.039018 0.196157 1.300000
v -0.058057 0.191388 1.300000
v -0.076537 0.184776 1.300000
v -0.094279 0.176384 1.300000
v -0.111114 0.166294 1.300000
v -0.126879 0.154602 1.300000
v -0.141421 0.141421 1.300000
v -0.154602 0.126879 1.300000
v -0.166294 0.111114 1.300000
v -0.176384 0.094279 1.300000
v -0.184776 0.076537 1.300000
v -0.191388 0.058057 1.300000
v -0.196157 0.039018 1.300000
v -0.199037 0.019603 1.300000
v -0.200000 0.000000 1.300000
v -0.199037 -0.019603 1.300000
v -0.196157 -0.039018 1.300000
v -0.191388 -0.058057 1.300000
v -0.184776 -0.076537 1.300000
v -0.176384 -0.094279 1.300000
v -0.166294 -0.111114 1.300000
v -0.154602 -0.126879 1.300000
v -0.141421 -0.141421 1.300000
v -0.126879 -0.154602 1.300000
v -0.111114 -0.166294 1.300000
v -0.094279 -0.176384 1.300000
v -0.076537 -0.184776 1.300000
v -0.058057 -0.191388 1.300000
v -0.039018 -0.196157 1.300000
v -0.019603 -0.199037 1.300000
v -0.000000 -0.200000 1.300000
v 0.019603 -0.199037 1.300000
v 0.039018 -0.196157 1.300000
v 0.058057 -0.191388 1.300000
v 0.076537 -0.184776 1.300000
v 0.094279 -0.176384 1.300000
v 0.111114 -0.166294 1.300000
v 0.126879 -0.154602 1.300000
v 0.141421 -0.141421 1.300000
v 0.154602 -0.126879 1.300000
v 0.166294 -0.111114 1.300000
v 0.176384 -0.094279 1.300000
v 0.184776 -0.076537 1.300000
v 0.191388 -0.058057 1.300000
v 0.196157 -0.039018 1.300000
v 0.199037 -0.019603 1.300000
v 0.240000 0.000000 1.450000
v 0.238844 0.023524 1.450000
v 0.235388 0.046822 1.450000
v 0.229666 0.069668 1.450000
v 0.221731 0.091844 1.450000
v 0.211661 0.113135 1.450000
v 0.199553 0.133337 1.450000
v 0.185523 0.152254 1.450000
v 0.169706 0.169706 1.450000
v 0.152254 0.185523 1.450000
v 0.133337 0.199553 1.450000
v 0.113135 0.211661 1.450000
v 0.091844 0.221731 1.450000
v 0.069668 0.229666 1.450000
v 0.046822 0.235388 1.450000
v 0.023524 0.238844 1.450000
v 0.000000 0.240000 1.450000
v -0.023524 0.238844 1.450000
v -0.046822 0.235388 1.450000
v -0.069668 0.229666 1.450000
v -0.091844 0.221731 1.450000
v -0.113135 0.211661 1.450000
v -0.133337 0.199553 1.450000
v -0.152254 0.185523 1.450000
v -0.169706 0.169706 1.450000
v -0.185523 0.152254 1.450000
v -0.199553 0.133337 1.450000
v -0.211661 0.113135 1.450000
v -0.221731 0.091844 1.450000
v -0.229666 0.069668 1.450000
v -0.235388 0.046822 1.450000
v -0.238844 0.023524 1.450000
v -0.240000 0.000000 1.450000
v -0.238844 -0.023524 1.450000
v -0.235388 -0.046822 1.450000
v -0.229666 -0.069668 1.450000
v -0.221731 -0.091844 1.450000
v -0.211661 -0.113135 1.450000
v -0.199553 -0.133337 1.450000
v -0.185523 -0.152254 1.450000
v -0.169706 -0.169706 1.450000
v -0.152254 -0.185523 1.450000
v -0.133337 -0.199553 1.450000
v -0.113135 -0.211661 1.450000
v -0.091844 -0.221731 1.450000
v -0.069668 -0.229666 1.450000
v -0.046822 -0.235388 1.450000
v -0.023524 -0.238844 1.450000
v -0.000000 -0.240000 1.450000
v 0.023524 -0.238844 1.450000
v 0.046822 -0.235388 1.450000
v 0.069668 -0.229666 1.450000
v 0.091844 -0.221731 1.450000
v 0.113135 -0.211661 1.450000
v 0.133337 -0.199553 1.450000
v 0.152254 -0.185523 1.450000
v 0.169706 -0.169706 1.450000
v 0.185523 -0.152254 1.450000
v 0.199553 -0.133337 1.450000
v 0.211661 -0.113135 1.450000
v 0.221731 -0.091844 1.450000
v 0.229666 -0.069668 1.450000
v 0.235388 -0.046822 1.450000
v 0.238844 -0.023524 1.450000
v 0.270000 0.000000 1.620000
v 0.268700 0.026465 1.620000
v 0.264812 0.052674 1.620000
v 0.258374 0.078377 1.620000
v 0.249447 0.103325 1.620000
v 0.238119 0.127277 1.620000
v 0.224497 0.150004 1.620000
v 0.208713 0.171286 1.620000
v 0.190919 0.190919 1.620000
v 0.171286 0.208713 1.620000
v 0.150004 0.224497 1.620000
v 0.127277 0.238119 1.620000
v 0.103325 0.249447 1.620000
v 0.078377 0.258374 1.620000
v 0.052674 0.264812 1.620000
v 0.026465 0.268700 1.620000
v 0.000000 0.270000 1.620000
v -0.026465 0.268700 1.620000
v -0.052674 0.264812 1.620000
v -0.078377 0.258374 1.620000
v -0.103325 0.249447 1.620000
v -0.127277 0.238119 1.620000
v -0.150004 0.224497 1.620000
v -0.171286 0.208713 1.620000
v -0.190919 0.190919 1.620000
v -0.208713 0.171286 1.620000
v -0.224497 0.150004 1.620000
v -0.238119 0.127277 1.620000
v -0.249447 0.103325 1.620000
v -0.258374 0.078377 1.620000
v -0.264812 0.052674 1.620000
v -0.268700 0.026465 1.620000
v -0.270000 0.000000 1.620000
v -0.268700 -0.026465 1.620000
v -0.264812 -0.052674 1.620000
v -0.258374 -0.078377 1.620000
v -0.249447 -0.103325 1.620000
v -0.238119 -0.127277 1.620000
v -0.224497 -0.150004 1.620000
v -0.208713 -0.171286 1.620000
v -0.190919 -0.190919 1.620000
v -0.171286 -0.208713 1.620000
v -0.150004 -0.224497 1.620000
v -0.127277 -0.238119 1.620000
v -0.103325 -0.249447 1.620000
v -0.078377 -0.258374 1.620000
v -0.052674 -0.264812 1.620000
v -0.026465 -0.268700 1.620000
v -0.000000 -0.270000 1.620000
v 0.026465 -0.268700 1.620000
v 0.052674 -0.264812 1.620000
v 0.078377 -0.258374 1.620000
v 0.103325 -0.249447 1.620000
v 0.127277 -0.238119 1.620000
v 0.150004 -0.224497 1.620000
v 0.171286 -0.208713 1.620000
v 0.190919 -0.190919 1.620000
v 0.208713 -0.171286 1.620000
v 0.224497 -0.150004 1.620000
v 0.238119 -0.127277 1.620000
v 0.249447 -0.103325 1.620000
v 0.258374 -0.078377 1.620000
v 0.264812 -0.052674 1.620000
v 0.268700 -0.026465 1.620000
v 0.310000 0.000000 1.820000
v 0.308507 0.030385 1.820000
v 0.304043 0.060478 1.820000
v 0.296652 0.089988 1.820000
v 0.286403 0.118632 1.820000
v 0.273396 0.146133 1.820000
v 0.257756 0.172227 1.820000
v 0.239633 0.196662 1.820000
v 0.219203 0.219203 1.820000
v 0.196662 0.239633 1.820000
v 0.172227 0.257756 1.820000
v 0.146133 0.273396 1.820000
v 0.118632 0.286403 1.820000
v 0.089988 0.296652 1.820000
v 0.060478 0.304043 1.820000
v 0.030385 0.308507 1.820000
v 0.000000 0.310000 1.820000
v -0.030385 0.308507 1.820000
v -0.060478 0.304043 1.820000
v -0.089988 0.296652 1.820000
v -0.118632 0.286403 1.820000
v -0.146133 0.273396 1.820000
v -0.172227 0.257756 1.820000
v -0.196662 0.239633 1.820000
v -0.219203 0.219203 1.820000
v -0.239633 0.196662 1.820000
v -0.257756 0.172227 1.820000
v -0.273396 0.146133 1.820000
v -0.286403 0.118632 1.820000
v -0.296652 0.089988 1.820000
v -0.304043 0.060478 1.820000
v -0.308507 0.030385 1.820000
v -0.310000 0.000000 1.820000
v -0.308507 -0.030385 1.820000
v -0.304043 -0.060478 1.820000
v -0.296652 -0.089988 1.820000
v -0.286403 -0.118632 1.820000
v -0.273396 -0.146133 1.820000
v -0.257756 -0.172227 1.820000
v -0.239633 -0.196662 1.820000
v -0.219203 -0.219203 1.820000
v -0.196662 -0.239633 1.820000
v -0.172227 -0.257756 1.820000
v -0.146133 -0.273396 1.820000
v -0.118632 -0.286403 1.820000
v -0.089988 -0.296652 1.820000
v -0.060478 -0.304043 1.820000
v -0.030385 -0.308507 1.820000
v -0.000000 -0.310000 1.820000
v 0.030385 -0.308507 1.820000
v 0.060478 -0.304043 1.820000
v 0.089988 -0.296652 1.820000
v 0.118632 -0.286403 1.820000
v 0.146133 -0.273396 1.820000
v 0.172227 -0.257756 1.820000
v 0.196662 -0.239633 1.820000
v 0.219203 -0.219203 1.820000
v 0.239633 -0.196662 1.820000
v 0.257756 -0.172227 1.820000
v 0.273396 -0.146133 1.820000
v 0.286403 -0.118632 1.820000
v 0.296652 -0.089988 1.820000
v 0.304043 -0.060478 1.820000
v 0.308507 -0.030385 1.820000
v 0.250000 0.000000 2.000000
v 0.248796 0.024504 2.000000
v 0.245196 0.048773 2.000000
v 0.239235 0.072571 2.000000
v 0.230970 0.095671 2.000000
v 0.220480 0.117849 2.000000
v 0.207867 0.138893 2.000000
v 0.193253 0.158598 2.000000
v 0.176777 0.176777 2.000000
v 0.158598 0.193253 2.000000
v 0.138893 0.207867 2.000000
v 0.117849 0.220480 2.000000
v 0.095671 0.230970 2.000000
v 0.072571 0.239235 2.000000
v 0.048773 0.245196 2.000000
v 0.024504 0.248796 2.000000
v 0.000000 0.250000 2.000000
v -0.024504 0.248796 2.000000
v -0.048773 0.245196 2.000000
v -0.072571 0.239235 2.000000
v -0.095671 0.230970 2.000000
v -0.117849 0.220480 2.000000
v -0.138893 0.207867 2.000000
v -0.158598 0.193253 2.000000
v -0.176777 0.176777 2.000000
v -0.193253 0.158598 2.000000
v -0.207867 0.138893 2.000000
v -0.220480 0.117849 2.000000
v -0.230970 0.095671 2.000000
v -0.239235 0.072571 2.000000
v -0.245196 0.048773 2.000000
v -0.248796 0.024504 2.000000
v -0.250000 0.000000 2.000000
v -0.248796 -0.024504 2.000000
v -0.245196 -0.048773 2.000000
v -0.239235 -0.072571 2.000000
v -0.230970 -0.095671 2.000000
v -0.220480 -0.117849 2.000000
v -0.207867 -0.138893 2.000000
v -0.193253 -0.158598 2.000000
v -0.176777 -0.176777 2.000000
v -0.158598 -0.193253 2.000000
v -0.138893 -0.207867 2.000000
v -0.117849 -0.220480 2.000000
v -0.095671 -0.230970 2.000000
v -0.072571 -0.239235 2.000000
v -0.048773 -0.245196 2.000000
v -0.024504 -0.248796 2.000000
v -0.000000 -0.250000 2.000000
v 0.024504 -0.248796 2.000000
v 0.048773 -0.245196 2.000000
v 0.072571 -0.239235 2.000000
v 0.095671 -0.230970 2.000000
v 0.117849 -0.220480 2.000000
v 0.138893 -0.207867 2.000000
v 0.158598 -0.193253 2.000000
v 0.176777 -0.176777 2.000000
v 0.193253 -0.158598 2.000000
v 0.207867 -0.138893 2.000000
v 0.220480 -0.117849 2.000000
v 0.230970 -0.095671 2.000000
v 0.239235 -0.072571 2.000000
v 0.245196 -0.048773 2.000000
v 0.248796 -0.024504 2.000000
v 0.219989 0.002200 1.300000
v 0.219374 0.016583 1.300000
v 0.217820 0.030895 1.300000
v 0.215333 0.045075 1.300000
v 0.211924 0.059062 1.300000
v 0.207607 0.072796 1.300000
v 0.202401 0.086219 1.300000
v 0.196329 0.099272 1.300000
v 0.189416 0.111900 1.300000
v 0.181692 0.124049 1.300000
v 0.173190 0.135666 1.300000
v 0.163946 0.146703 1.300000
v 0.154000 0.157111 1.300000
v 0.143395 0.166847 1.300000
v 0.132175 0.175868 1.300000
v 0.120390 0.184136 1.300000
v 0.108089 0.191616 1.300000
v 0.095326 0.198275 1.300000
v 0.082154 0.204085 1.300000
v 0.068630 0.209021 1.300000
v 0.054812 0.213062 1.300000
v 0.040760 0.216191 1.300000
v 0.026533 0.218394 1.300000
v 0.012193 0.219662 1.300000
v -0.002200 0.219989 1.300000
v -0.016583 0.219374 1.300000
v -0.030895 0.217820 1.300000
v -0.045075 0.215333 1.300000
v -0.059062 0.211924 1.300000
v -0.072796 0.207607 1.300000
v -0.086219 0.202401 1.300000
v -0.099272 0.196329 1.300000
v -0.111900 0.189416 1.300000
v -0.124049 0.181692 1.300000
v -0.135666 0.173190 1.300000
v -0.146703 0.163946 1.300000
v -0.157111 0.154000 1.300000
v -0.166847 0.143395 1.300000
v -0.175868 0.132175 1.300000
v -0.184136 0.120390 1.300000
v -0.191616 0.108089 1.300000
v -0.198275 0.095326 1.300000
v -0.204085 0.082154 1.300000
v -0.209021 0.068630 1.300000
v -0.213062 0.054812 1.300000
v -0.216191 0.040760 1.300000
v -0.218394 0.026533 1.300000
v -0.219662 0.012193 1.300000
v -0.219989 -0.002200 1.300000
v -0.219374 -0.016583 1.300000
v -0.217820 -0.030895 1.300000
v -0.215333 -0.045075 1.300000
v -0.211924 -0.059062 1.300000
v -0.207607 -0.072796 1.300000
v -0.202401 -0.086219 1.300000
v -0.196329 -0.099272 1.300000
v -0.189416 -0.111900 1.300000
v -0.181692 -0.124049 1.300000
v -0.173190 -0.135666 1.300000
v -0.163946 -0.146703 1.300000
v -0.154000 -0.157111 1.300000
v -0.143395 -0.166847 1.300000
v -0.132175 -0.175868 1.300000
v -0.120390 -0.184136 1.300000
v -0.108089 -0.191616 1.300000
v -0.095326 -0.198275 1.300000
v -0.082154 -0.204085 1.300000
v -0.068630 -0.209021 1.300000
v -0.054812 -0.213062 1.300000
v -0.040760 -0.216191 1.300000
v -0.026533 -0.218394 1.300000
v -0.012193 -0.219662 1.300000
v 0.002200 -0.219989 1.300000
v 0.016583 -0.219374 1.300000
v 0.030895 -0.217820 1.300000
v 0.045075 -0.215333 1.300000
v 0.059062 -0.211924 1.300000
v 0.072796 -0.207607 1.300000
v 0.086219 -0.202401 1.300000
v 0.099272 -0.196329 1.300000
v 0.111900 -0.189416 1.300000
v 0.124049 -0.181692 1.300000
v 0.135666 -0.173190 1.300000
v 0.146703 -0.163946 1.300000
v 0.157111 -0.154000 1.300000
v 0.166847 -0.143395 1.300000
v 0.175868 -0.132175 1.300000
v 0.184136 -0.120390 1.300000
v 0.191616 -0.108089 1.300000
v 0.198275 -0.095326 1.300000
v 0.204085 -0.082154 1.300000
v 0.209021 -0.068630 1.300000
v 0.213062 -0.054812 1.300000
v 0.216191 -0.040760 1.300000
v 0.218394 -0.026533 1.300000
v 0.219662 -0.012193 1.300000
v 0.339983 0.003400 1.150000
v 0.339033 0.025629 1.150000
v 0.336631 0.047748 1.150000
v 0.332787 0.069662 1.150000
v 0.327518 0.091278 1.150000
v 0.320847 0.112503 1.150000
v 0.312802 0.133247 1.150000
v 0.303418 0.153420 1.150000
v 0.292734 0.172936 1.150000
v 0.280797 0.191711 1.150000
v 0.267657 0.209666 1.150000
v 0.253371 0.226723 1.150000
v 0.238000 0.242808 1.150000
v 0.221610 0.257854 1.150000
v 0.204271 0.271796 1.150000
v 0.186057 0.284574 1.150000
v 0.167047 0.296134 1.150000
v 0.147321 0.306425 1.150000
v 0.126965 0.315404 1.150000
v 0.106064 0.323033 1.150000
v 0.084710 0.329278 1.150000
v 0.062993 0.334114 1.150000
v 0.041006 0.337518 1.150000
v 0.018843 0.339477 1.150000
v -0.003400 0.339983 1.150000
v -0.025629 0.339033 1.150000
v -0.047748 0.336631 1.150000
v -0.069662 0.332787 1.150000
v -0.091278 0.327518 1.150000
v -0.112503 0.320847 1.150000
v -0.133247 0.312802 1.150000
v -0.153420 0.303418 1.150000
v -0.172936 0.292734 1.150000
v -0.191711 0.280797 1.150000
v -0.209666 0.267657 1.150000
v -0.226723 0.253371 1.150000
v -0.242808 0.238000 1.150000
v -0.257854 0.221610 1.150000
v -0.271796 0.204271 1.150000
v -0.284574 0.186057 1.150000
v -0.296134 0.167047 1.150000
v -0.306425 0.147321 1.150000
v -0.315404 0.126965 1.150000
v -0.323033 0.106064 1.150000
v -0.329278 0.084710 1.150000
v -0.334114 0.062993 1.150000
v -0.337518 0.041006 1.150000
v -0.339477 0.018843 1.150000
v -0.339983 -0.003400 1.150000
v -0.339033 -0.025629 1.150000
v -0.336631 -0.047748 1.150000
v -0.332787 -0.069662 1.150000
v -0.327518 -0.091278 1.150000
v -0.320847 -0.112503 1.150000
v -0.312802 -0.133247 1.150000
v -0.303418 -0.153420 1.150000
v -0.292734 -0.172936 1.150000
v -0.280797 -0.191711 1.150000
v -0.267657 -0.209666 1.150000
v -0.253371 -0.226723 1.150000
v -0.238000 -0.242808 1.150000
v -0.221610 -0.257854 1.150000
v -0.204271 -0.271796 1.150000
v -0.186057 -0.284574 1.150000
v -0.167047 -0.296134 1.150000
v -0.147321 -0.306425 1.150000
v -0.126965 -0.315404 1.150000
v -0.106064 -0.323033 1.150000
v -0.084710 -0.329278 1.150000
v -0.062993 -0.334114 1.150000
v -0.041006 -0.337518 1.150000
v -0.018843 -0.339477 1.150000
v 0.003400 -0.339983 1.150000
v 0.025629 -0.339033 1.150000
v 0.047748 -0.336631 1.150000
v 0.069662 -0.332787 1.150000
v 0.091278 -0.327518 1.150000
v 0.112503 -0.320847 1.150000
v 0.133247 -0.312802 1.150000
v 0.153420 -0.303418 1.150000
v 0.172936 -0.292734 1.150000
v 0.191711 -0.280797 1.150000
v 0.209666 -0.267657 1.150000
v 0.226723 -0.253371 1.150000
v 0.242808 -0.238000 1.150000
v 0.257854 -0.221610 1.150000
v 0.271796 -0.204271 1.150000
v 0.284574 -0.186057 1.150000
v 0.296134 -0.167047 1.150000
v 0.306425 -0.147321 1.150000
v 0.315404 -0.126965 1.150000
v 0.323033 -0.106064 1.150000
v 0.329278 -0.084710 1.150000
v 0.334114 -0.062993 1.150000
v 0.337518 -0.041006 1.150000
v 0.339477 -0.018843 1.150000
v 0.479976 0.004800 0.950000
v 0.478634 0.036182 0.950000
v 0.475243 0.067408 0.950000
v 0.469817 0.098346 0.950000
v 0.462379 0.128863 0.950000
v 0.452961 0.158828 0.950000
v 0.441603 0.188113 0.950000
v 0.428354 0.216593 0.950000
v 0.413271 0.244145 0.950000
v 0.396419 0.270651 0.950000
v 0.377869 0.295999 0.950000
v 0.357700 0.320079 0.950000
v 0.336000 0.342788 0.950000
v 0.312861 0.364030 0.950000
v 0.288383 0.383713 0.950000
v 0.262669 0.401752 0.950000
v 0.235831 0.418071 0.950000
v 0.207983 0.432600 0.950000
v 0.179244 0.445277 0.950000
v 0.149738 0.456047 0.950000
v 0.119591 0.464864 0.950000
v 0.088931 0.471690 0.950000
v 0.057891 0.476496 0.950000
v 0.026602 0.479262 0.950000
v -0.004800 0.479976 0.950000
v -0.036182 0.478634 0.950000
v -0.067408 0.475243 0.950000
v -0.098346 0.469817 0.950000
v -0.128863 0.462379 0.950000
v -0.158828 0.452961 0.950000
v -0.188113 0.441603 0.950000
v -0.216593 0.428354 0.950000
v -0.244145 0.413271 0.950000
v -0.270651 0.396419 0.950000
v -0.295999 0.377869 0.950000
v -0.320079 0.357700 0.950000
v -0.342788 0.336000 0.950000
v -0.364030 0.312861 0.950000
v -0.383713 0.288383 0.950000
v -0.401752 0.262669 0.950000
v -0.418071 0.235831 0.950000
v -0.432600 0.207983 0.950000
v -0.445277 0.179244 0.950000
v -0.456047 0.149738 0.950000
v -0.464864 0.119591 0.950000
v -0.471690 0.088931 0.950000
v -0.476496 0.057891 0.950000
v -0.479262 0.026602 0.950000
v -0.479976 -0.004800 0.950000
v -0.478634 -0.036182 0.950000
v -0.475243 -0.067408 0.950000
v -0.469817 -0.098346 0.950000
v -0.462379 -0.128863 0.950000
v -0.452961 -0.158828 0.950000
v -0.441603 -0.188113 0.950000
v -0.428354 -0.216593 0.950000
v -0.413271 -0.244145 0.950000
v -0.396419 -0.270651 0.950000
v -0.377869 -0.295999 0.950000
v -0.357700 -0.320079 0.950000
v -0.336000 -0.342788 0.950000
v -0.312861 -0.364030 0.950000
v -0.288383 -0.383713 0.950000
v -0.262669 -0.401752 0.950000
v -0.235831 -0.418071 0.950000
v -0.207983 -0.432600 0.950000
v -0.179244 -0.445277 0.950000
v -0.149738 -0.456047 0.950000
v -0.119591 -0.464864 0.950000
v -0.088931 -0.471690 0.950000
v -0.057891 -0.476496 0.950000
v -0.026602 -0.479262 0.950000
v 0.004800 -0.479976 0.950000
v 0.036182 -0.478634 0.950000
v 0.067408 -0.475243 0.950000
v 0.098346 -0.469817 0.950000
v 0.128863 -0.462379 0.950000
v 0.158828 -0.452961 0.950000
v 0.188113 -0.441603 0.950000
v 0.216593 -0.428354 0.950000
v 0.244145 -0.413271 0.950000
v 0.270651 -0.396419 0.950000
v 0.295999 -0.377869 0.950000
v 0.320079 -0.357700 0.950000
v 0.342788 -0.336000 0.950000
v 0.364030 -0.312861 0.950000
v 0.383713 -0.288383 0.950000
v 0.401752 -0.262669 0.950000
v 0.418071 -0.235831 0.950000
v 0.432600 -0.207983 0.950000
v 0.445277 -0.179244 0.950000
v 0.456047 -0.149738 0.950000
v 0.464864 -0.119591 0.950000
v 0.471690 -0.088931 0.950000
v 0.476496 -0.057891 0.950000
v 0.479262 -0.026602 0.950000
v 0.619969 0.006200 0.700000
v 0.618236 0.046735 0.700000
v 0.613856 0.087069 0.700000
v 0.606847 0.127031 0.700000
v 0.597239 0.166448 0.700000
v 0.585074 0.205153 0.700000
v 0.570404 0.242980 0.700000
v 0.553291 0.279766 0.700000
v 0.533809 0.315354 0.700000
v 0.512041 0.349591 0.700000
v 0.488080 0.382332 0.700000
v 0.462029 0.413435 0.700000
v 0.434000 0.442768 0.700000
v 0.404113 0.470205 0.700000
v 0.372495 0.495629 0.700000
v 0.339281 0.518930 0.700000
v 0.304615 0.540009 0.700000
v 0.268645 0.558775 0.700000
v 0.231524 0.575149 0.700000
v 0.193412 0.589060 0.700000
v 0.154471 0.600449 0.700000
v 0.114869 0.609266 0.700000
v 0.074775 0.615474 0.700000
v 0.034361 0.619047 0.700000
v -0.006200 0.619969 0.700000
v -0.046735 0.618236 0.700000
v -0.087069 0.613856 0.700000
v -0.127031 0.606847 0.700000
v -0.166448 0.597239 0.700000
v -0.205153 0.585074 0.700000
v -0.242980 0.570404 0.700000
v -0.279766 0.553291 0.700000
v -0.315354 0.533809 0.700000
v -0.349591 0.512041 0.700000
v -0.382332 0.488080 0.700000
v -0.413435 0.462029 0.700000
v -0.442768 0.434000 0.700000
v -0.470205 0.404113 0.700000
v -0.495629 0.372495 0.700000
v -0.518930 0.339281 0.700000
v -0.540009 0.304615 0.700000
v -0.558775 0.268645 0.700000
v -0.575149 0.231524 0.700000
v -0.589060 0.193412 0.700000
v -0.600449 0.154471 0.700000
v -0.609266 0.114869 0.700000
v -0.615474 0.074775 0.700000
v -0.619047 0.034361 0.700000
v -0.619969 -0.006200 0.700000
v -0.618236 -0.046735 0.700000
v -0.613856 -0.087069 0.700000
v -0.606847 -0.127031 0.700000
v -0.597239 -0.166448 0.700000
v -0.585074 -0.205153 0.700000
v -0.570404 -0.242980 0.700000
v -0.553291 -0.279766 0.700000
v -0.533809 -0.315354 0.700000
v -0.512041 -0.349591 0.700000
v -0.488080 -0.382332 0.700000
v -0.462029 -0.413435 0.700000
v -0.434000 -0.442768 0.700000
v -0.404113 -0.470205 0.700000
v -0.372495 -0.495629 0.700000
v -0.339281 -0.518930 0.700000
v -0.304615 -0.540009 0.700000
v -0.268645 -0.558775 0.700000
v -0.231524 -0.575149 0.700000
v -0.193412 -0.589060 0.700000
v -0.154471 -0.600449 0.700000
v -0.114869 -0.609266 0.700000
v -0.074775 -0.615474 0.700000
v -0.034361 -0.619047 0.700000
v 0.006200 -0.619969 0.700000
v 0.046735 -0.618236 0.700000
v 0.087069 -0.613856 0.700000
v 0.127031 -0.606847 0.700000
v 0.166448 -0.597239 0.700000
v 0.205153 -0.585074 0.700000
v 0.242980 -0.570404 0.700000
v 0.279766 -0.553291 0.700000
v 0.315354 -0.533809 0.700000
v 0.349591 -0.512041 0.700000
v 0.382332 -0.488080 0.700000
v 0.413435 -0.462029 0.700000
v 0.442768 -0.434000 0.700000
v 0.470205 -0.404113 0.700000
v 0.495629 -0.372495 0.700000
v 0.518930 -0.339281 0.700000
v 0.540009 -0.304615 0.700000
v 0.558775 -0.268645 0.700000
v 0.575149 -0.231524 0.700000
v 0.589060 -0.193412 0.700000
v 0.600449 -0.154471 0.700000
v 0.609266 -0.114869 0.700000
v 0.615474 -0.074775 0.700000
v 0.619047 -0.034361 0.700000
v 0.759962 0.007600 0.420000
v 0.757838 0.057287 0.420000
v 0.752468 0.106730 0.420000
v 0.743877 0.155715 0.420000
v 0.732100 0.204034 0.420000
v 0.717188 0.251478 0.420000
v 0.699205 0.297846 0.420000
v 0.678228 0.342939 0.420000
v 0.654346 0.386563 0.420000
v 0.627663 0.428531 0.420000
v 0.598292 0.468665 0.420000
v 0.566359 0.506792 0.420000
v 0.532000 0.542748 0.420000
v 0.495364 0.576381 0.420000
v 0.456606 0.607545 0.420000
v 0.415893 0.636108 0.420000
v 0.373399 0.661946 0.420000
v 0.329306 0.684951 0.420000
v 0.283803 0.705022 0.420000
v 0.237085 0.722074 0.420000
v 0.189352 0.736034 0.420000
v 0.140807 0.746842 0.420000
v 0.091660 0.754452 0.420000
v 0.042120 0.758832 0.420000
v -0.007600 0.759962 0.420000
v -0.057287 0.757838 0.420000
v -0.106730 0.752468 0.420000
v -0.155715 0.743877 0.420000
v -0.204034 0.732100 0.420000
v -0.251478 0.717188 0.420000
v -0.297846 0.699205 0.420000
v -0.342939 0.678228 0.420000
v -0.386563 0.654346 0.420000
v -0.428531 0.627663 0.420000
v -0.468665 0.598292 0.420000
v -0.506792 0.566359 0.420000
v -0.542748 0.532000 0.420000
v -0.576381 0.495364 0.420000
v -0.607545 0.456606 0.420000
v -0.636108 0.415893 0.420000
v -0.661946 0.373399 0.420000
v -0.684951 0.329306 0.420000
v -0.705022 0.283803 0.420000
v -0.722074 0.237085 0.420000
v -0.736034 0.189352 0.420000
v -0.746842 0.140807 0.420000
v -0.754452 0.091660 0.420000
v -0.758832 0.042120 0.420000
v -0.759962 -0.007600 0.420000
v -0.757838 -0.057287 0.420000
v -0.752468 -0.106730 0.420000
v -0.743877 -0.155715 0.420000
v -0.732100 -0.204034 0.420000
v -0.717188 -0.251478 0.420000
v -0.699205 -0.297846 0.420000
v -0.678228 -0.342939 0.420000
v -0.654346 -0.386563 0.420000
v -0.627663 -0.428531 0.420000
v -0.598292 -0.468665 0.420000
v -0.566359 -0.506792 0.420000
v -0.532000 -0.542748 0.420000
v -0.495364 -0.576381 0.420000
v -0.456606 -0.607545 0.420000
v -0.415893 -0.636108 0.420000
v -0.373399 -0.661946 0.420000
v -0.329306 -0.684951 0.420000
v -0.283803 -0.705022 0.420000
v -0.237085 -0.722074 0.420000
v -0.189352 -0.736034 0.420000
v -0.140807 -0.746842 0.420000
v -0.091660 -0.754452 0.420000
v -0.042120 -0.758832 0.420000
v 0.007600 -0.759962 0.420000
v 0.057287 -0.757838 0.420000
v 0.106730 -0.752468 0.420000
v 0.155715 -0.743877 0.420000
v 0.204034 -0.732100 0.420000
v 0.251478 -0.717188 0.420000
v 0.297846 -0.699205 0.420000
v 0.342939 -0.678228 0.420000
v 0.386563 -0.654346 0.420000
v 0.428531 -0.627663 0.420000
v 0.468665 -0.598292 0.420000
v 0.506792 -0.566359 0.420000
v 0.542748 -0.532000 0.420000
v 0.576381 -0.495364 0.420000
v 0.607545 -0.456606 0.420000
v 0.636108 -0.415893 0.420000
v 0.661946 -0.373399 0.420000
v 0.684951 -0.329306 0.420000
v 0.705022 -0.283803 0.420000
v 0.722074 -0.237085 0.420000
v 0.736034 -0.189352 0.420000
v 0.746842 -0.140807 0.420000
v 0.754452 -0.091660 0.420000
v 0.758832 -0.042120 0.420000
v 0.879956 0.008800 0.160000
v 0.877496 0.066333 0.160000
v 0.871279 0.123582 0.160000
v 0.861331 0.180302 0.160000
v 0.847695 0.236249 0.160000
v 0.830428 0.291185 0.160000
v 0.809606 0.344875 0.160000
v 0.785316 0.397087 0.160000
v 0.757664 0.447599 0.160000
v 0.726768 0.496194 0.160000
v 0.692759 0.542665 0.160000
v 0.655784 0.586811 0.160000
v 0.616000 0.628445 0.160000
v 0.573579 0.667388 0.160000
v 0.528702 0.703473 0.160000
v 0.481561 0.736546 0.160000
v 0.432357 0.766464 0.160000
v 0.381302 0.793101 0.160000
v 0.328615 0.816341 0.160000
v 0.274520 0.836085 0.160000
v 0.219249 0.852250 0.160000
v 0.163040 0.864765 0.160000
v 0.106133 0.873576 0.160000
v 0.048771 0.878647 0.160000
v -0.008800 0.879956 0.160000
v -0.066333 0.877496 0.160000
v -0.123582 0.871279 0.160000
v -0.180302 0.861331 0.160000
v -0.236249 0.847695 0.160000
v -0.291185 0.830428 0.160000
v -0.344875 0.809606 0.160000
v -0.397087 0.785316 0.160000
v -0.447599 0.757664 0.160000
v -0.496194 0.726768 0.160000
v -0.542665 0.692759 0.160000
v -0.586811 0.655784 0.160000
v -0.628445 0.616000 0.160000
v -0.667388 0.573579 0.160000
v -0.703473 0.528702 0.160000
v -0.736546 0.481561 0.160000
v -0.766464 0.432357 0.160000
v -0.793101 0.381302 0.160000
v -0.816341 0.328615 0.160000
v -0.836085 0.274520 0.160000
v -0.852250 0.219249 0.160000
v -0.864765 0.163040 0.160000
v -0.873576 0.106133 0.160000
v -0.878647 0.048771 0.160000
v -0.879956 -0.008800 0.160000
v -0.877496 -0.066333 0.160000
v -0.871279 -0.123582 0.160000
v -0.861331 -0.180302 0.160000
v -0.847695 -0.236249 0.160000
v -0.830428 -0.291185 0.160000
v -0.809606 -0.344875 0.160000
v -0.785316 -0.397087 0.160000
v -0.757664 -0.447599 0.160000
v -0.726768 -0.496194 0.160000
v -0.692759 -0.542665 0.160000
v -0.655784 -0.586811 0.160000
v -0.616000 -0.628445 0.160000
v -0.573579 -0.667388 0.160000
v -0.528702 -0.703473 0.160000
v -0.481561 -0.736546 0.160000
v -0.432357 -0.766464 0.160000
v -0.381302 -0.793101 0.160000
v -0.328615 -0.816341 0.160000
v -0.274520 -0.836085 0.160000
v -0.219249 -0.852250 0.160000
v -0.163040 -0.864765 0.160000
v -0.106133 -0.873576 0.160000
v -0.048771 -0.878647 0.160000
v 0.008800 -0.879956 0.160000
v 0.066333 -0.877496 0.160000
v 0.123582 -0.871279 0.160000
v 0.180302 -0.861331 0.160000
v 0.236249 -0.847695 0.160000
v 0.291185 -0.830428 0.160000
v 0.344875 -0.809606 0.160000
v 0.397087 -0.785316 0.160000
v 0.447599 -0.757664 0.160000
v 0.496194 -0.726768 0.160000
v 0.542665 -0.692759 0.160000
v 0.586811 -0.655784 0.160000
v 0.628445 -0.616000 0.160000
v 0.667388 -0.573579 0.160000
v 0.703473 -0.528702 0.160000
v 0.736546 -0.481561 0.160000
v 0.766464 -0.432357 0.160000
v 0.793101 -0.381302 0.160000
v 0.816341 -0.328615 0.160000
v 0.836085 -0.274520 0.160000
v 0.852250 -0.219249 0.160000
v 0.864765 -0.163040 0.160000
v 0.873576 -0.106133 0.160000
v 0.878647 -0.048771 0.160000
v 0.979951 0.009800 0.070000
v 0.977212 0.073871 0.070000
v 0.970288 0.137625 0.070000
v 0.959210 0.200790 0.070000
v 0.944024 0.263096 0.070000
v 0.924795 0.324275 0.070000
v 0.901606 0.384065 0.070000
v 0.874557 0.442210 0.070000
v 0.843763 0.498462 0.070000
v 0.809355 0.552580 0.070000
v 0.771482 0.604331 0.070000
v 0.730305 0.653494 0.070000
v 0.686000 0.699860 0.070000
v 0.638759 0.743228 0.070000
v 0.588782 0.783413 0.070000
v 0.536283 0.820244 0.070000
v 0.481489 0.853562 0.070000
v 0.424632 0.883226 0.070000
v 0.365957 0.909107 0.070000
v 0.305715 0.931095 0.070000
v 0.244164 0.949096 0.070000
v 0.181567 0.963033 0.070000
v 0.118193 0.972847 0.070000
v 0.054313 0.978494 0.070000
v -0.009800 0.979951 0.070000
v -0.073871 0.977212 0.070000
v -0.137625 0.970288 0.070000
v -0.200790 0.959210 0.070000
v -0.263096 0.944024 0.070000
v -0.324275 0.924795 0.070000
v -0.384065 0.901606 0.070000
v -0.442210 0.874557 0.070000
v -0.498462 0.843763 0.070000
v -0.552580 0.809355 0.070000
v -0.604331 0.771482 0.070000
v -0.653494 0.730305 0.070000
v -0.699860 0.686000 0.070000
v -0.743228 0.638759 0.070000
v -0.783413 0.588782 0.070000
v -0.820244 0.536283 0.070000
v -0.853562 0.481489 0.070000
v -0.883226 0.424632 0.070000
v -0.909107 0.365957 0.070000
v -0.931095 0.305715 0.070000
v -0.949096 0.244164 0.070000
v -0.963033 0.181567 0.070000
v -0.972847 0.118193 0.070000
v -0.978494 0.054313 0.070000
v -0.979951 -0.009800 0.070000
v -0.977212 -0.073871 0.070000
v -0.970288 -0.137625 0.070000
v -0.959210 -0.200790 0.070000
v -0.944024 -0.263096 0.070000
v -0.924795 -0.324275 0.070000
v -0.901606 -0.384065 0.070000
v -0.874557 -0.442210 0.070000
v -0.843763 -0.498462 0.070000
v -0.809355 -0.552580 0.070000
v -0.771482 -0.604331 0.070000
v -0.730305 -0.653494 0.070000
v -0.686000 -0.699860 0.070000
v -0.638759 -0.743228 0.070000
v -0.588782 -0.783413 0.070000
v -0.536283 -0.820244 0.070000
v -0.481489 -0.853562 0.070000
v -0.424632 -0.883226 0.070000
v -0.365957 -0.909107 0.070000
v -0.305715 -0.931095 0.070000
v -0.244164 -0.949096 0.070000
v -0.181567 -0.963033 0.070000
v -0.118193 -0.972847 0.070000
v -0.054313 -0.978494 0.070000
v 0.009800 -0.979951 0.070000
v 0.073871 -0.977212 0.070000
v 0.137625 -0.970288 0.070000
v 0.200790 -0.959210 0.070000
v 0.263096 -0.944024 0.070000
v 0.324275 -0.924795 0.070000
v 0.384065 -0.901606 0.070000
v 0.442210 -0.874557 0.070000
v 0.498462 -0.843763 0.070000
v 0.552580 -0.809355 0.070000
v 0.604331 -0.771482 0.070000
v 0.653494 -0.730305 0.070000
v 0.699860 -0.686000 0.070000
v 0.743228 -0.638759 0.070000
v 0.783413 -0.588782 0.070000
v 0.820244 -0.536283 0.070000
v 0.853562 -0.481489 0.070000
v 0.883226 -0.424632 0.070000
v 0.909107 -0.365957 0.070000
v 0.931095 -0.305715 0.070000
v 0.949096 -0.244164 0.070000
v 0.963033 -0.181567 0.070000
v 0.972847 -0.118193 0.070000
v 0.978494 -0.054313 0.070000
v 0.249866 0.008180 1.200000
v 0.248796 0.024504 1.200000
v 0.246661 0.040724 1.200000
v 0.243469 0.056769 1.200000
v 0.239235 0.072571 1.200000
v 0.233976 0.088063 1.200000
v 0.227716 0.103177 1.200000
v 0.220480 0.117849 1.200000
v 0.212301 0.132017 1.200000
v 0.203212 0.145619 1.200000
v 0.193253 0.158598 1.200000
v 0.182466 0.170898 1.200000
v 0.170898 0.182466 1.200000
v 0.158598 0.193253 1.200000
v 0.145619 0.203212 1.200000
v 0.132017 0.212301 1.200000
v 0.117849 0.220480 1.200000
v 0.103177 0.227716 1.200000
v 0.088063 0.233976 1.200000
v 0.072571 0.239235 1.200000
v 0.056769 0.243469 1.200000
v 0.040724 0.246661 1.200000
v 0.024504 0.248796 1.200000
v 0.008180 0.249866 1.200000
v -0.008180 0.249866 1.200000
v -0.024504 0.248796 1.200000
v -0.040724 0.246661 1.200000
v -0.056769 0.243469 1.200000
v -0.072571 0.239235 1.200000
v -0.088063 0.233976 1.200000
v -0.103177 0.227716 1.200000
v -0.117849 0.220480 1.200000
v -0.132017 0.212301 1.200000
v -0.145619 0.203212 1.200000
v -0.158598 0.193253 1.200000
v -0.170898 0.182466 1.200000
v -0.182466 0.170898 1.200000
v -0.193253 0.158598 1.200000
v -0.203212 0.145619 1.200000
v -0.212301 0.132017 1.200000
v -0.220480 0.117849 1.200000
v -0.227716 0.103177 1.200000
v -0.233976 0.088063 1.200000
v -0.239235 0.072571 1.200000
v -0.243469 0.056769 1.200000
v -0.246661 0.040724 1.200000
v -0.248796 0.024504 1.200000
v -0.249866 0.008180 1.200000
v -0.249866 -0.008180 1.200000
v -0.248796 -0.024504 1.200000
v -0.246661 -0.040724 1.200000
v -0.243469 -0.056769 1.200000
v -0.239235 -0.072571 1.200000
v -0.233976 -0.088063 1.200000
v -0.227716 -0.103177 1.200000
v -0.220480 -0.117849 1.200000
v -0.212301 -0.132017 1.200000
v -0.203212 -0.145619 1.200000
v -0.193253 -0.158598 1.200000
v -0.182466 -0.170898 1.200000
v -0.170898 -0.182466 1.200000
v -0.158598 -0.193253 1.200000
v -0.145619 -0.203212 1.200000
v -0.132017 -0.212301 1.200000
v -0.117849 -0.220480 1.200000
v -0.103177 -0.227716 1.200000
v -0.088063 -0.233976 1.200000
v -0.072571 -0.239235 1.200000
v -0.056769 -0.243469 1.200000
v -0.040724 -0.246661 1.200000
v -0.024504 -0.248796 1.200000
v -0.008180 -0.249866 1.200000
v 0.008180 -0.249866 1.200000
v 0.024504 -0.248796 1.200000
v 0.040724 -0.246661 1.200000
v 0.056769 -0.243469 1.200000
v 0.072571 -0.239235 1.200000
v 0.088063 -0.233976 1.200000
v 0.103177 -0.227716 1.200000
v 0.117849 -0.220480 1.200000
v 0.132017 -0.212301 1.200000
v 0.145619 -0.203212 1.200000
v 0.158598 -0.193253 1.200000
v 0.170898 -0.182466 1.200000
v 0.182466 -0.170898 1.200000
v 0.193253 -0.158598 1.200000
v 0.203212 -0.145619 1.200000
v 0.212301 -0.132017 1.200000
v 0.220480 -0.117849 1.200000
v 0.227716 -0.103177 1.200000
v 0.233976 -0.088063 1.200000
v 0.239235 -0.072571 1.200000
v 0.243469 -0.056769 1.200000
v 0.246661 -0.040724 1.200000
v 0.248796 -0.024504 1.200000
v 0.249866 -0.008180 1.200000
v 0.459754 0.015051 0.950000
v 0.457785 0.045088 0.950000
v 0.453856 0.074932 0.950000
v 0.447983 0.104455 0.950000
v 0.440193 0.133531 0.950000
v 0.430517 0.162035 0.950000
v 0.418997 0.189845 0.950000
v 0.405684 0.216842 0.950000
v 0.390633 0.242911 0.950000
v 0.373909 0.267940 0.950000
v 0.355585 0.291821 0.950000
v 0.335737 0.314452 0.950000
v 0.314452 0.335737 0.950000
v 0.291821 0.355585 0.950000
v 0.267940 0.373909 0.950000
v 0.242911 0.390633 0.950000
v 0.216842 0.405684 0.950000
v 0.189845 0.418997 0.950000
v 0.162035 0.430517 0.950000
v 0.133531 0.440193 0.950000
v 0.104455 0.447983 0.950000
v 0.074932 0.453856 0.950000
v 0.045088 0.457785 0.950000
v 0.015051 0.459754 0.950000
v -0.015051 0.459754 0.950000
v -0.045088 0.457785 0.950000
v -0.074932 0.453856 0.950000
v -0.104455 0.447983 0.950000
v -0.133531 0.440193 0.950000
v -0.162035 0.430517 0.950000
v -0.189845 0.418997 0.950000
v -0.216842 0.405684 0.950000
v -0.242911 0.390633 0.950000
v -0.267940 0.373909 0.950000
v -0.291821 0.355585 0.950000
v -0.314452 0.335737 0.950000
v -0.335737 0.314452 0.950000
v -0.355585 0.291821 0.950000
v -0.373909 0.267940 0.950000
v -0.390633 0.242911 0.950000
v -0.405684 0.216842 0.950000
v -0.418997 0.189845 0.950000
v -0.430517 0.162035 0.950000
v -0.440193 0.133531 0.950000
v -0.447983 0.104455 0.950000
v -0.453856 0.074932 0.950000
v -0.457785 0.045088 0.950000
v -0.459754 0.015051 0.950000
v -0.459754 -0.015051 0.950000
v -0.457785 -0.045088 0.950000
v -0.453856 -0.074932 0.950000
v -0.447983 -0.104455 0.950000
v -0.440193 -0.133531 0.950000
v -0.430517 -0.162035 0.950000
v -0.418997 -0.189845 0.950000
v -0.405684 -0.216842 0.950000
v -0.390633 -0.242911 0.950000
v -0.373909 -0.267940 0.950000
v -0.355585 -0.291821 0.950000
v -0.335737 -0.314452 0.950000
v -0.314452 -0.335737 0.950000
v -0.291821 -0.355585 0.950000
v -0.267940 -0.373909 0.950000
v -0.242911 -0.390633 0.950000
v -0.216842 -0.405684 0.950000
v -0.189845 -0.418997 0.950000
v -0.162035 -0.430517 0.950000
v -0.133531 -0.440193 0.950000
v -0.104455 -0.447983 0.950000
v -0.074932 -0.453856 0.950000
v -0.045088 -0.457785 0.950000
v -0.015051 -0.459754 0.950000
v 0.015051 -0.459754 0.950000
v 0.045088 -0.457785 0.950000
v 0.074932 -0.453856 0.950000
v 0.104455 -0.447983 0.950000
v 0.133531 -0.440193 0.950000
v 0.162035 -0.430517 0.950000
v 0.189845 -0.418997 0.950000
v 0.216842 -0.405684 0.950000
v 0.242911 -0.390633 0.950000
v 0.267940 -0.373909 0.950000
v 0.291821 -0.355585 0.950000
v 0.314452 -0.335737 0.950000
v 0.335737 -0.314452 0.950000
v 0.355585 -0.291821 0.950000
v 0.373909 -0.267940 0.950000
v 0.390633 -0.242911 0.950000
v 0.405684 -0.216842 0.950000
v 0.418997 -0.189845 0.950000
v 0.430517 -0.162035 0.950000
v 0.440193 -0.133531 0.950000
v 0.447983 -0.104455 0.950000
v 0.453856 -0.074932 0.950000
v 0.457785 -0.045088 0.950000
v 0.459754 -0.015051 0.950000
v 0.669641 0.021922 0.620000
v 0.666774 0.065671 0.620000
v 0.661051 0.109140 0.620000
v 0.652498 0.152141 0.620000
v 0.641150 0.194491 0.620000
v 0.627057 0.236008 0.620000
v 0.610279 0.276514 0.620000
v 0.590887 0.315836 0.620000
v 0.568965 0.353805 0.620000
v 0.544607 0.390260 0.620000
v 0.517917 0.425044 0.620000
v 0.489009 0.458007 0.620000
v 0.458007 0.489009 0.620000
v 0.425044 0.517917 0.620000
v 0.390260 0.544607 0.620000
v 0.353805 0.568965 0.620000
v 0.315836 0.590887 0.620000
v 0.276514 0.610279 0.620000
v 0.236008 0.627057 0.620000
v 0.194491 0.641150 0.620000
v 0.152141 0.652498 0.620000
v 0.109140 0.661051 0.620000
v 0.065671 0.666774 0.620000
v 0.021922 0.669641 0.620000
v -0.021922 0.669641 0.620000
v -0.065671 0.666774 0.620000
v -0.109140 0.661051 0.620000
v -0.152141 0.652498 0.620000
v -0.194491 0.641150 0.620000
v -0.236008 0.627057 0.620000
v -0.276514 0.610279 0.620000
v -0.315836 0.590887 0.620000
v -0.353805 0.568965 0.620000
v -0.390260 0.544607 0.620000
v -0.425044 0.517917 0.620000
v -0.458007 0.489009 0.620000
v -0.489009 0.458007 0.620000
v -0.517917 0.425044 0.620000
v -0.544607 0.390260 0.620000
v -0.568965 0.353805 0.620000
v -0.590887 0.315836 0.620000
v -0.610279 0.276514 0.620000
v -0.627057 0.236008 0.620000
v -0.641150 0.194491 0.620000
v -0.652498 0.152141 0.620000
v -0.661051 0.109140 0.620000
v -0.666774 0.065671 0.620000
v -0.669641 0.021922 0.620000
v -0.669641 -0.021922 0.620000
v -0.666774 -0.065671 0.620000
v -0.661051 -0.109140 0.620000
v -0.652498 -0.152141 0.620000
v -0.641150 -0.194491 0.620000
v -0.627057 -0.236008 0.620000
v -0.610279 -0.276514 0.620000
v -0.590887 -0.315836 0.620000
v -0.568965 -0.353805 0.620000
v -0.544607 -0.390260 0.620000
v -0.517917 -0.425044 0.620000
v -0.489009 -0.458007 0.620000
v -0.458007 -0.489009 0.620000
v -0.425044 -0.517917 0.620000
v -0.390260 -0.544607 0.620000
v -0.353805 -0.568965 0.620000
v -0.315836 -0.590887 0.620000
v -0.276514 -0.610279 0.620000
v -0.236008 -0.627057 0.620000
v -0.194491 -0.641150 0.620000
v -0.152141 -0.652498 0.620000
v -0.109140 -0.661051 0.620000
v -0.065671 -0.666774 0.620000
v -0.021922 -0.669641 0.620000
v 0.021922 -0.669641 0.620000
v 0.065671 -0.666774 0.620000
v 0.109140 -0.661051 0.620000
v 0.152141 -0.652498 0.620000
v 0.194491 -0.641150 0.620000
v 0.236008 -0.627057 0.620000
v 0.276514 -0.610279 0.620000
v 0.315836 -0.590887 0.620000
v 0.353805 -0.568965 0.620000
v 0.390260 -0.544607 0.620000
v 0.425044 -0.517917 0.620000
v 0.458007 -0.489009 0.620000
v 0.489009 -0.458007 0.620000
v 0.517917 -0.425044 0.620000
v 0.544607 -0.390260 0.620000
v 0.568965 -0.353805 0.620000
v 0.590887 -0.315836 0.620000
v 0.610279 -0.276514 0.620000
v 0.627057 -0.236008 0.620000
v 0.641150 -0.194491 0.620000
v 0.652498 -0.152141 0.620000
v 0.661051 -0.109140 0.620000
v 0.666774 -0.065671 0.620000
v 0.669641 -0.021922 0.620000
v 0.859540 0.028138 0.300000
v 0.855859 0.084295 0.300000
v 0.848513 0.140090 0.300000
v 0.837534 0.195286 0.300000
v 0.822969 0.249645 0.300000
v 0.804879 0.302935 0.300000
v 0.783343 0.354928 0.300000
v 0.758452 0.405401 0.300000
v 0.730314 0.454138 0.300000
v 0.699048 0.500931 0.300000
v 0.664789 0.545578 0.300000
v 0.627683 0.587889 0.300000
v 0.587889 0.627683 0.300000
v 0.545578 0.664789 0.300000
v 0.500931 0.699048 0.300000
v 0.454138 0.730314 0.300000
v 0.405401 0.758452 0.300000
v 0.354928 0.783343 0.300000
v 0.302935 0.804879 0.300000
v 0.249645 0.822969 0.300000
v 0.195286 0.837534 0.300000
v 0.140090 0.848513 0.300000
v 0.084295 0.855859 0.300000
v 0.028138 0.859540 0.300000
v -0.028138 0.859540 0.300000
v -0.084295 0.855859 0.300000
v -0.140090 0.848513 0.300000
v -0.195286 0.837534 0.300000
v -0.249645 0.822969 0.300000
v -0.302935 0.804879 0.300000
v -0.354928 0.783343 0.300000
v -0.405401 0.758452 0.300000
v -0.454138 0.730314 0.300000
v -0.500931 0.699048 0.300000
v -0.545578 0.664789 0.300000
v -0.587889 0.627683 0.300000
v -0.627683 0.587889 0.300000
v -0.664789 0.545578 0.300000
v -0.699048 0.500931 0.300000
v -0.730314 0.454138 0.300000
v -0.758452 0.405401 0.300000
v -0.783343 0.354928 0.300000
v -0.804879 0.302935 0.300000
v -0.822969 0.249645 0.300000
v -0.837534 0.195286 0.300000
v -0.848513 0.140090 0.300000
v -0.855859 0.084295 0.300000
v -0.859540 0.028138 0.300000
v -0.859540 -0.028138 0.300000
v -0.855859 -0.084295 0.300000
v -0.848513 -0.140090 0.300000
v -0.837534 -0.195286 0.300000
v -0.822969 -0.249645 0.300000
v -0.804879 -0.302935 0.300000
v -0.783343 -0.354928 0.300000
v -0.758452 -0.405401 0.300000
v -0.730314 -0.454138 0.300000
v -0.699048 -0.500931 0.300000
v -0.664789 -0.545578 0.300000
v -0.627683 -0.587889 0.300000
v -0.587889 -0.627683 0.300000
v -0.545578 -0.664789 0.300000
v -0.500931 -0.699048 0.300000
v -0.454138 -0.730314 0.300000
v -0.405401 -0.758452 0.300000
v -0.354928 -0.783343 0.300000
v -0.302935 -0.804879 0.300000
v -0.249645 -0.822969 0.300000
v -0.195286 -0.837534 0.300000
v -0.140090 -0.848513 0.300000
v -0.084295 -0.855859 0.300000
v -0.028138 -0.859540 0.300000
v 0.028138 -0.859540 0.300000
v 0.084295 -0.855859 0.300000
v 0.140090 -0.848513 0.300000
v 0.195286 -0.837534 0.300000
v 0.249645 -0.822969 0.300000
v 0.302935 -0.804879 0.300000
v 0.354928 -0.783343 0.300000
v 0.405401 -0.758452 0.300000
v 0.454138 -0.730314 0.300000
v 0.500931 -0.699048 0.300000
v 0.545578 -0.664789 0.300000
v 0.587889 -0.627683 0.300000
v 0.627683 -0.587889 0.300000
v 0.664789 -0.545578 0.300000
v 0.699048 -0.500931 0.300000
v 0.730314 -0.454138 0.300000
v 0.758452 -0.405401 0.300000
v 0.783343 -0.354928 0.300000
v 0.804879 -0.302935 0.300000
v 0.822969 -0.249645 0.300000
v 0.837534 -0.195286 0.300000
v 0.848513 -0.140090 0.300000
v 0.855859 -0.084295 0.300000
v 0.859540 -0.028138 0.300000
v 1.029449 0.033701 0.100000
v 1.025040 0.100958 0.100000
v 1.016243 0.167782 0.100000
v 1.003093 0.233889 0.100000
v 0.985649 0.298993 0.100000
v 0.963983 0.362818 0.100000
v 0.938190 0.425088 0.100000
v 0.908379 0.485539 0.100000
v 0.874678 0.543910 0.100000
v 0.837232 0.599952 0.100000
v 0.796201 0.653425 0.100000
v 0.751760 0.704100 0.100000
v 0.704100 0.751760 0.100000
v 0.653425 0.796201 0.100000
v 0.599952 0.837232 0.100000
v 0.543910 0.874678 0.100000
v 0.485539 0.908379 0.100000
v 0.425088 0.938190 0.100000
v 0.362818 0.963983 0.100000
v 0.298993 0.985649 0.100000
v 0.233889 1.003093 0.100000
v 0.167782 1.016243 0.100000
v 0.100958 1.025040 0.100000
v 0.033701 1.029449 0.100000
v -0.033701 1.029449 0.100000
v -0.100958 1.025040 0.100000
v -0.167782 1.016243 0.100000
v -0.233889 1.003093 0.100000
v -0.298993 0.985649 0.100000
v -0.362818 0.963983 0.100000
v -0.425088 0.938190 0.100000
v -0.485539 0.908379 0.100000
v -0.543910 0.874678 0.100000
v -0.599952 0.837232 0.100000
v -0.653425 0.796201 0.100000
v -0.704100 0.751760 0.100000
v -0.751760 0.704100 0.100000
v -0.796201 0.653425 0.100000
v -0.837232 0.599952 0.100000
v -0.874678 0.543910 0.100000
v -0.908379 0.485539 0.100000
v -0.938190 0.425088 0.100000
v -0.963983 0.362818 0.100000
v -0.985649 0.298993 0.100000
v -1.003093 0.233889 0.100000
v -1.016243 0.167782 0.100000
v -1.025040 0.100958 0.100000
v -1.029449 0.033701 0.100000
v -1.029449 -0.033701 0.100000
v -1.025040 -0.100958 0.100000
v -1.016243 -0.167782 0.100000
v -1.003093 -0.233889 0.100000
v -0.985649 -0.298993 0.100000
v -0.963983 -0.362818 0.100000
v -0.938190 -0.425088 0.100000
v -0.908379 -0.485539 0.100000
v -0.874678 -0.543910 0.100000
v -0.837232 -0.599952 0.100000
v -0.796201 -0.653425 0.100000
v -0.751760 -0.704100 0.100000
v -0.704100 -0.751760 0.100000
v -0.653425 -0.796201 0.100000
v -0.599952 -0.837232 0.100000
v -0.543910 -0.874678 0.100000
v -0.485539 -0.908379 0.100000
v -0.425088 -0.938190 0.100000
v -0.362818 -0.963983 0.100000
v -0.298993 -0.985649 0.100000
v -0.233889 -1.003093 0.100000
v -0.167782 -1.016243 0.100000
v -0.100958 -1.025040 0.100000
v -0.033701 -1.029449 0.100000
v 0.033701 -1.029449 0.100000
v 0.100958 -1.025040 0.100000
v 0.167782 -1.016243 0.100000
v 0.233889 -1.003093 0.100000
v 0.298993 -0.985649 0.100000
v 0.362818 -0.963983 0.100000
v 0.425088 -0.938190 0.100000
v 0.485539 -0.908379 0.100000
v 0.543910 -0.874678 0.100000
v 0.599952 -0.837232 0.100000
v 0.653425 -0.796201 0.100000
v 0.704100 -0.751760 0.100000
v 0.751760 -0.704100 0.100000
v 0.796201 -0.653425 0.100000
v 0.837232 -0.599952 0.100000
v 0.874678 -0.543910 0.100000
v 0.908379 -0.485539 0.100000
v 0.938190 -0.425088 0.100000
v 0.963983 -0.362818 0.100000
v 0.985649 -0.298993 0.100000
v 1.003093 -0.233889 0.100000
v 1.016243 -0.167782 0.100000
v 1.025040 -0.100958 0.100000
v 1.029449 -0.033701 0.100000
v 0.279963 0.004581 1.100000
v 0.279063 0.022882 1.100000
v 0.276969 0.041085 1.100000
v 0.273689 0.059111 1.100000
v 0.269237 0.076885 1.100000
v 0.263632 0.094329 1.100000
v 0.256898 0.111370 1.100000
v 0.249065 0.127933 1.100000
v 0.240164 0.143949 1.100000
v 0.230235 0.159348 1.100000
v 0.219320 0.174065 1.100000
v 0.207466 0.188037 1.100000
v 0.194724 0.201203 1.100000
v 0.181148 0.213508 1.100000
v 0.166796 0.224898 1.100000
v 0.151730 0.235326 1.100000
v 0.136014 0.244745 1.100000
v 0.119715 0.253117 1.100000
v 0.102904 0.260405 1.100000
v 0.085653 0.266578 1.100000
v 0.068034 0.271609 1.100000
v 0.050125 0.275477 1.100000
v 0.032000 0.278165 1.100000
v 0.013739 0.279663 1.100000
v -0.004581 0.279963 1.100000
v -0.022882 0.279063 1.100000
v -0.041085 0.276969 1.100000
v -0.059111 0.273689 1.100000
v -0.076885 0.269237 1.100000
v -0.094329 0.263632 1.100000
v -0.111370 0.256898 1.100000
v -0.127933 0.249065 1.100000
v -0.143949 0.240164 1.100000
v -0.159348 0.230235 1.100000
v -0.174065 0.219320 1.100000
v -0.188037 0.207466 1.100000
v -0.201203 0.194724 1.100000
v -0.213508 0.181148 1.100000
v -0.224898 0.166796 1.100000
v -0.235326 0.151730 1.100000
v -0.244745 0.136014 1.100000
v -0.253117 0.119715 1.100000
v -0.260405 0.102904 1.100000
v -0.266578 0.085653 1.100000
v -0.271609 0.068034 1.100000
v -0.275477 0.050125 1.100000
v -0.278165 0.032000 1.100000
v -0.279663 0.013739 1.100000
v -0.279963 -0.004581 1.100000
v -0.279063 -0.022882 1.100000
v -0.276969 -0.041085 1.100000
v -0.273689 -0.059111 1.100000
v -0.269237 -0.076885 1.100000
v -0.263632 -0.094329 1.100000
v -0.256898 -0.111370 1.100000
v -0.249065 -0.127933 1.100000
v -0.240164 -0.143949 1.100000
v -0.230235 -0.159348 1.100000
v -0.219320 -0.174065 1.100000
v -0.207466 -0.188037 1.100000
v -0.194724 -0.201203 1.100000
v -0.181148 -0.213508 1.100000
v -0.166796 -0.224898 1.100000
v -0.151730 -0.235326 1.100000
v -0.136014 -0.244745 1.100000
v -0.119715 -0.253117 1.100000
v -0.102904 -0.260405 1.100000
v -0.085653 -0.266578 1.100000
v -0.068034 -0.271609 1.100000
v -0.050125 -0.275477 1.100000
v -0.032000 -0.278165 1.100000
v -0.013739 -0.279663 1.100000
v 0.004581 -0.279963 1.100000
v 0.022882 -0.279063 1.100000
v 0.041085 -0.276969 1.100000
v 0.059111 -0.273689 1.100000
v 0.076885 -0.269237 1.100000
v 0.094329 -0.263632 1.100000
v 0.111370 -0.256898 1.100000
v 0.127933 -0.249065 1.100000
v 0.143949 -0.240164 1.100000
v 0.159348 -0.230235 1.100000
v 0.174065 -0.219320 1.100000
v 0.188037 -0.207466 1.100000
v 0.201203 -0.194724 1.100000
v 0.213508 -0.181148 1.100000
v 0.224898 -0.166796 1.100000
v 0.235326 -0.151730 1.100000
v 0.244745 -0.136014 1.100000
v 0.253117 -0.119715 1.100000
v 0.260405 -0.102904 1.100000
v 0.266578 -0.085653 1.100000
v 0.271609 -0.068034 1.100000
v 0.275477 -0.050125 1.100000
v 0.278165 -0.032000 1.100000
v 0.279663 -0.013739 1.100000
v 0.519930 0.008508 0.780000
v 0.518261 0.042495 0.780000
v 0.514372 0.076300 0.780000
v 0.508280 0.109778 0.780000
v 0.500012 0.142786 0.780000
v 0.489603 0.175183 0.780000
v 0.477097 0.206829 0.780000
v 0.462548 0.237590 0.780000
v 0.446019 0.267333 0.780000
v 0.427579 0.295932 0.780000
v 0.407309 0.323263 0.780000
v 0.385295 0.349211 0.780000
v 0.361630 0.373662 0.780000
v 0.336417 0.396514 0.780000
v 0.309764 0.417668 0.780000
v 0.281784 0.437033 0.780000
v 0.252597 0.454527 0.780000
v 0.222329 0.470074 0.780000
v 0.191108 0.483609 0.780000
v 0.159070 0.495073 0.780000
v 0.126350 0.504416 0.780000
v 0.093089 0.511600 0.780000
v 0.059429 0.516593 0.780000
v 0.025515 0.519374 0.780000
v -0.008508 0.519930 0.780000
v -0.042495 0.518261 0.780000
v -0.076300 0.514372 0.780000
v -0.109778 0.508280 0.780000
v -0.142786 0.500012 0.780000
v -0.175183 0.489603 0.780000
v -0.206829 0.477097 0.780000
v -0.237590 0.462548 0.780000
v -0.267333 0.446019 0.780000
v -0.295932 0.427579 0.780000
v -0.323263 0.407309 0.780000
v -0.349211 0.385295 0.780000
v -0.373662 0.361630 0.780000
v -0.396514 0.336417 0.780000
v -0.417668 0.309764 0.780000
v -0.437033 0.281784 0.780000
v -0.454527 0.252597 0.780000
v -0.470074 0.222329 0.780000
v -0.483609 0.191108 0.780000
v -0.495073 0.159070 0.780000
v -0.504416 0.126350 0.780000
v -0.511600 0.093089 0.780000
v -0.516593 0.059429 0.780000
v -0.519374 0.025515 0.780000
v -0.519930 -0.008508 0.780000
v -0.518261 -0.042495 0.780000
v -0.514372 -0.076300 0.780000
v -0.508280 -0.109778 0.780000
v -0.500012 -0.142786 0.780000
v -0.489603 -0.175183 0.780000
v -0.477097 -0.206829 0.780000
v -0.462548 -0.237590 0.780000
v -0.446019 -0.267333 0.780000
v -0.427579 -0.295932 0.780000
v -0.407309 -0.323263 0.780000
v -0.385295 -0.349211 0.780000
v -0.361630 -0.373662 0.780000
v -0.336417 -0.396514 0.780000
v -0.309764 -0.417668 0.780000
v -0.281784 -0.437033 0.780000
v -0.252597 -0.454527 0.780000
v -0.222329 -0.470074 0.780000
v -0.191108 -0.483609 0.780000
v -0.159070 -0.495073 0.780000
v -0.126350 -0.504416 0.780000
v -0.093089 -0.511600 0.780000
v -0.059429 -0.516593 0.780000
v -0.025515 -0.519374 0.780000
v 0.008508 -0.519930 0.780000
v 0.042495 -0.518261 0.780000
v 0.076300 -0.514372 0.780000
v 0.109778 -0.508280 0.780000
v 0.142786 -0.500012 0.780000
v 0.175183 -0.489603 0.780000
v 0.206829 -0.477097 0.780000
v 0.237590 -0.462548 0.780000
v 0.267333 -0.446019 0.780000
v 0.295932 -0.427579 0.780000
v 0.323263 -0.407309 0.780000
v 0.349211 -0.385295 0.780000
v 0.373662 -0.361630 0.780000
v 0.396514 -0.336417 0.780000
v 0.417668 -0.309764 0.780000
v 0.437033 -0.281784 0.780000
v 0.454527 -0.252597 0.780000
v 0.470074 -0.222329 0.780000
v 0.483609 -0.191108 0.780000
v 0.495073 -0.159070 0.780000
v 0.504416 -0.126350 0.780000
v 0.511600 -0.093089 0.780000
v 0.516593 -0.059429 0.780000
v 0.519374 -0.025515 0.780000
v 0.729902 0.011944 0.460000
v 0.727558 0.059656 0.460000
v 0.722099 0.107113 0.460000
v 0.713547 0.154111 0.460000
v 0.701940 0.200450 0.460000
v 0.687327 0.245930 0.460000
v 0.669771 0.290356 0.460000
v 0.649347 0.333540 0.460000
v 0.626142 0.375295 0.460000
v 0.600256 0.415443 0.460000
v 0.571799 0.453812 0.460000
v 0.540894 0.490238 0.460000
v 0.507673 0.524565 0.460000
v 0.472278 0.556645 0.460000
v 0.434860 0.586341 0.460000
v 0.395581 0.613527 0.460000
v 0.354607 0.638086 0.460000
v 0.312115 0.659912 0.460000
v 0.268287 0.678913 0.460000
v 0.223309 0.695006 0.460000
v 0.177376 0.708123 0.460000
v 0.130682 0.718208 0.460000
v 0.083429 0.725217 0.460000
v 0.035819 0.729121 0.460000
v -0.011944 0.729902 0.460000
v -0.059656 0.727558 0.460000
v -0.107113 0.722099 0.460000
v -0.154111 0.713547 0.460000
v -0.200450 0.701940 0.460000
v -0.245930 0.687327 0.460000
v -0.290356 0.669771 0.460000
v -0.333540 0.649347 0.460000
v -0.375295 0.626142 0.460000
v -0.415443 0.600256 0.460000
v -0.453812 0.571799 0.460000
v -0.490238 0.540894 0.460000
v -0.524565 0.507673 0.460000
v -0.556645 0.472278 0.460000
v -0.586341 0.434860 0.460000
v -0.613527 0.395581 0.460000
v -0.638086 0.354607 0.460000
v -0.659912 0.312115 0.460000
v -0.678913 0.268287 0.460000
v -0.695006 0.223309 0.460000
v -0.708123 0.177376 0.460000
v -0.718208 0.130682 0.460000
v -0.725217 0.083429 0.460000
v -0.729121 0.035819 0.460000
v -0.729902 -0.011944 0.460000
v -0.727558 -0.059656 0.460000
v -0.722099 -0.107113 0.460000
v -0.713547 -0.154111 0.460000
v -0.701940 -0.200450 0.460000
v -0.687327 -0.245930 0.460000
v -0.669771 -0.290356 0.460000
v -0.649347 -0.333540 0.460000
v -0.626142 -0.375295 0.460000
v -0.600256 -0.415443 0.460000
v -0.571799 -0.453812 0.460000
v -0.540894 -0.490238 0.460000
v -0.507673 -0.524565 0.460000
v -0.472278 -0.556645 0.460000
v -0.434860 -0.586341 0.460000
v -0.395581 -0.613527 0.460000
v -0.354607 -0.638086 0.460000
v -0.312115 -0.659912 0.460000
v -0.268287 -0.678913 0.460000
v -0.223309 -0.695006 0.460000
v -0.177376 -0.708123 0.460000
v -0.130682 -0.718208 0.460000
v -0.083429 -0.725217 0.460000
v -0.035819 -0.729121 0.460000
v 0.011944 -0.729902 0.460000
v 0.059656 -0.727558 0.460000
v 0.107113 -0.722099 0.460000
v 0.154111 -0.713547 0.460000
v 0.200450 -0.701940 0.460000
v 0.245930 -0.687327 0.460000
v 0.290356 -0.669771 0.460000
v 0.333540 -0.649347 0.460000
v 0.375295 -0.626142 0.460000
v 0.415443 -0.600256 0.460000
v 0.453812 -0.571799 0.460000
v 0.490238 -0.540894 0.460000
v 0.524565 -0.507673 0.460000
v 0.556645 -0.472278 0.460000
v 0.586341 -0.434860 0.460000
v 0.613527 -0.395581 0.460000
v 0.638086 -0.354607 0.460000
v 0.659912 -0.312115 0.460000
v 0.678913 -0.268287 0.460000
v 0.695006 -0.223309 0.460000
v 0.708123 -0.177376 0.460000
v 0.718208 -0.130682 0.460000
v 0.725217 -0.083429 0.460000
v 0.729121 -0.035819 0.460000
v 0.939874 0.015380 0.180000
v 0.936856 0.076818 0.180000
v 0.929826 0.137927 0.180000
v 0.918814 0.198445 0.180000
v 0.903868 0.258113 0.180000
v 0.885051 0.316676 0.180000
v 0.862445 0.373884 0.180000
v 0.836145 0.429490 0.180000
v 0.806265 0.483257 0.180000
v 0.772932 0.534954 0.180000
v 0.736290 0.584361 0.180000
v 0.696494 0.631265 0.180000
v 0.653716 0.675467 0.180000
v 0.608139 0.716776 0.180000
v 0.559957 0.755015 0.180000
v 0.509378 0.790021 0.180000
v 0.456618 0.821645 0.180000
v 0.401902 0.849750 0.180000
v 0.345465 0.874216 0.180000
v 0.287549 0.894939 0.180000
v 0.228401 0.911829 0.180000
v 0.168276 0.924815 0.180000
v 0.107430 0.933841 0.180000
v 0.046124 0.938868 0.180000
v -0.015380 0.939874 0.180000
v -0.076818 0.936856 0.180000
v -0.137927 0.929826 0.180000
v -0.198445 0.918814 0.180000
v -0.258113 0.903868 0.180000
v -0.316676 0.885051 0.180000
v -0.373884 0.862445 0.180000
v -0.429490 0.836145 0.180000
v -0.483257 0.806265 0.180000
v -0.534954 0.772932 0.180000
v -0.584361 0.736290 0.180000
v -0.631265 0.696494 0.180000
v -0.675467 0.653716 0.180000
v -0.716776 0.608139 0.180000
v -0.755015 0.559957 0.180000
v -0.790021 0.509378 0.180000
v -0.821645 0.456618 0.180000
v -0.849750 0.401902 0.180000
v -0.874216 0.345465 0.180000
v -0.894939 0.287549 0.180000
v -0.911829 0.228401 0.180000
v -0.924815 0.168276 0.180000
v -0.933841 0.107430 0.180000
v -0.938868 0.046124 0.180000
v -0.939874 -0.015380 0.180000
v -0.936856 -0.076818 0.180000
v -0.929826 -0.137927 0.180000
v -0.918814 -0.198445 0.180000
v -0.903868 -0.258113 0.180000
v -0.885051 -0.316676 0.180000
v -0.862445 -0.373884 0.180000
v -0.836145 -0.429490 0.180000
v -0.806265 -0.483257 0.180000
v -0.772932 -0.534954 0.180000
v -0.736290 -0.584361 0.180000
v -0.696494 -0.631265 0.180000
v -0.653716 -0.675467 0.180000
v -0.608139 -0.716776 0.180000
v -0.559957 -0.755015 0.180000
v -0.509378 -0.790021 0.180000
v -0.456618 -0.821645 0.180000
v -0.401902 -0.849750 0.180000
v -0.345465 -0.874216 0.180000
v -0.287549 -0.894939 0.180000
v -0.228401 -0.911829 0.180000
v -0.168276 -0.924815 0.180000
v -0.107430 -0.933841 0.180000
v -0.046124 -0.938868 0.180000
v 0.015380 -0.939874 0.180000
v 0.076818 -0.936856 0.180000
v 0.137927 -0.929826 0.180000
v 0.198445 -0.918814 0.180000
v 0.258113 -0.903868 0.180000
v 0.316676 -0.885051 0.180000
v 0.373884 -0.862445 0.180000
v 0.429490 -0.836145 0.180000
v 0.483257 -0.806265 0.180000
v 0.534954 -0.772932 0.180000
v 0.584361 -0.736290 0.180000
v 0.631265 -0.696494 0.180000
v 0.675467 -0.653716 0.180000
v 0.716776 -0.608139 0.180000
v 0.755015 -0.559957 0.180000
v 0.790021 -0.509378 0.180000
v 0.821645 -0.456618 0.180000
v 0.849750 -0.401902 0.180000
v 0.874216 -0.345465 0.180000
v 0.894939 -0.287549 0.180000
v 0.911829 -0.228401 0.180000
v 0.924815 -0.168276 0.180000
v 0.933841 -0.107430 0.180000
v 0.938868 -0.046124 0.180000
v 1.099853 0.017998 0.060000
v 1.096321 0.089893 0.060000
v 1.088094 0.161404 0.060000
v 1.075208 0.232223 0.060000
v 1.057718 0.302047 0.060000
v 1.035698 0.370579 0.060000
v 1.009244 0.437523 0.060000
v 0.978468 0.502594 0.060000
v 0.943501 0.565513 0.060000
v 0.904495 0.626010 0.060000
v 0.861615 0.683827 0.060000
v 0.815046 0.738715 0.060000
v 0.764987 0.790440 0.060000
v 0.711652 0.838780 0.060000
v 0.655269 0.883528 0.060000
v 0.596081 0.924493 0.060000
v 0.534340 0.961499 0.060000
v 0.470311 0.994388 0.060000
v 0.404268 1.023019 0.060000
v 0.336493 1.047269 0.060000
v 0.267278 1.067034 0.060000
v 0.196919 1.082231 0.060000
v 0.125716 1.092793 0.060000
v 0.053974 1.098675 0.060000
v -0.017998 1.099853 0.060000
v -0.089893 1.096321 0.060000
v -0.161404 1.088094 0.060000
v -0.232223 1.075208 0.060000
v -0.302047 1.057718 0.060000
v -0.370579 1.035698 0.060000
v -0.437523 1.009244 0.060000
v -0.502594 0.978468 0.060000
v -0.565513 0.943501 0.060000
v -0.626010 0.904495 0.060000
v -0.683827 0.861615 0.060000
v -0.738715 0.815046 0.060000
v -0.790440 0.764987 0.060000
v -0.838780 0.711652 0.060000
v -0.883528 0.655269 0.060000
v -0.924493 0.596081 0.060000
v -0.961499 0.534340 0.060000
v -0.994388 0.470311 0.060000
v -1.023019 0.404268 0.060000
v -1.047269 0.336493 0.060000
v -1.067034 0.267278 0.060000
v -1.082231 0.196919 0.060000
v -1.092793 0.125716 0.060000
v -1.098675 0.053974 0.060000
v -1.099853 -0.017998 0.060000
v -1.096321 -0.089893 0.060000
v -1.088094 -0.161404 0.060000
v -1.075208 -0.232223 0.060000
v -1.057718 -0.302047 0.060000
v -1.035698 -0.370579 0.060000
v -1.009244 -0.437523 0.060000
v -0.978468 -0.502594 0.060000
v -0.943501 -0.565513 0.060000
v -0.904495 -0.626010 0.060000
v -0.861615 -0.683827 0.060000
v -0.815046 -0.738715 0.060000
v -0.764987 -0.790440 0.060000
v -0.711652 -0.838780 0.060000
v -0.655269 -0.883528 0.060000
v -0.596081 -0.924493 0.060000
v -0.534340 -0.961499 0.060000
v -0.470311 -0.994388 0.060000
v -0.404268 -1.023019 0.060000
v -0.336493 -1.047269 0.060000
v -0.267278 -1.067034 0.060000
v -0.196919 -1.082231 0.060000
v -0.125716 -1.092793 0.060000
v -0.053974 -1.098675 0.060000
v 0.017998 -1.099853 0.060000
v 0.089893 -1.096321 0.060000
v 0.161404 -1.088094 0.060000
v 0.232223 -1.075208 0.060000
v 0.302047 -1.057718 0.060000
v 0.370579 -1.035698 0.060000
v 0.437523 -1.009244 0.060000
v 0.502594 -0.978468 0.060000
v 0.565513 -0.943501 0.060000
v 0.626010 -0.904495 0.060000
v 0.683827 -0.861615 0.060000
v 0.738715 -0.815046 0.060000
v 0.790440 -0.764987 0.060000
v 0.838780 -0.711652 0.060000
v 0.883528 -0.655269 0.060000
v 0.924493 -0.596081 0.060000
v 0.961499 -0.534340 0.060000
v 0.994388 -0.470311 0.060000
v 1.023019 -0.404268 0.060000
v 1.047269 -0.336493 0.060000
v 1.067034 -0.267278 0.060000
v 1.082231 -0.196919 0.060000
v 1.092793 -0.125716 0.060000
v 1.098675 -0.053974 0.060000
v -0.161980 0.099311 1.300000
v -0.175521 0.072749 1.300000
v -0.184740 0.044396 1.300000
v -0.189411 0.014949 1.300000
v -0.189418 -0.014865 1.300000
v -0.184760 -0.044314 1.300000
v -0.175553 -0.072671 1.300000
v -0.162024 -0.099239 1.300000
v -0.144504 -0.123363 1.300000
v -0.123427 -0.144450 1.300000
v -0.099311 -0.161980 1.300000
v -0.072749 -0.175521 1.300000
v -0.044396 -0.184740 1.300000
v -0.014949 -0.189411 1.300000
v 0.014865 -0.189418 1.300000
v 0.044314 -0.184760 1.300000
v 0.072671 -0.175553 1.300000
v 0.099239 -0.162024 1.300000
v 0.123363 -0.144504 1.300000
v 0.144450 -0.123427 1.300000
v 0.161980 -0.099311 1.300000
v 0.175521 -0.072749 1.300000
v 0.184740 -0.044396 1.300000
v 0.189411 -0.014949 1.300000
v 0.189418 0.014865 1.300000
v 0.184760 0.044314 1.300000
v 0.175553 0.072671 1.300000
v 0.162024 0.099239 1.300000
v 0.144504 0.123363 1.300000
v 0.123427 0.144450 1.300000
v 0.099311 0.161980 1.300000
v 0.072749 0.175521 1.300000
v 0.044396 0.184740 1.300000
v 0.014949 0.189411 1.300000
v -0.014865 0.189418 1.300000
v -0.044314 0.184760 1.300000
v -0.072671 0.175553 1.300000
v -0.099239 0.162024 1.300000
v -0.123363 0.144504 1.300000
v -0.144450 0.123427 1.300000
v -0.230182 0.141126 0.950000
v -0.249425 0.103380 0.950000
v -0.262526 0.063088 0.950000
v -0.269163 0.021244 0.950000
v -0.269172 -0.021124 0.950000
v -0.262554 -0.062972 0.950000
v -0.249470 -0.103269 0.950000
v -0.230244 -0.141024 0.950000
v -0.205348 -0.175306 0.950000
v -0.175396 -0.205271 0.950000
v -0.141126 -0.230182 0.950000
v -0.103380 -0.249425 0.950000
v -0.063088 -0.262526 0.950000
v -0.021244 -0.269163 0.950000
v 0.021124 -0.269172 0.950000
v 0.062972 -0.262554 0.950000
v 0.103269 -0.249470 0.950000
v 0.141024 -0.230244 0.950000
v 0.175306 -0.205348 0.950000
v 0.205271 -0.175396 0.950000
v 0.230182 -0.141126 0.950000
v 0.249425 -0.103380 0.950000
v 0.262526 -0.063088 0.950000
v 0.269163 -0.021244 0.950000
v 0.269172 0.021124 0.950000
v 0.262554 0.062972 0.950000
v 0.249470 0.103269 0.950000
v 0.230244 0.141024 0.950000
v 0.205348 0.175306 0.950000
v 0.175396 0.205271 0.950000
v 0.141126 0.230182 0.950000
v 0.103380 0.249425 0.950000
v 0.063088 0.262526 0.950000
v 0.021244 0.269163 0.950000
v -0.021124 0.269172 0.950000
v -0.062972 0.262554 0.950000
v -0.103269 0.249470 0.950000
v -0.141024 0.230244 0.950000
v -0.175306 0.205348 0.950000
v -0.205271 0.175396 0.950000
v -0.264283 0.162033 0.550000
v -0.286376 0.118695 0.550000
v -0.301419 0.072435 0.550000
v -0.309039 0.024391 0.550000
v -0.309050 -0.024254 0.550000
v -0.301451 -0.072301 0.550000
v -0.286429 -0.118568 0.550000
v -0.264354 -0.161916 0.550000
v -0.235770 -0.201277 0.550000
v -0.201381 -0.235681 0.550000
v -0.162033 -0.264283 0.550000
v -0.118695 -0.286376 0.550000
v -0.072435 -0.301419 0.550000
v -0.024391 -0.309039 0.550000
v 0.024254 -0.309050 0.550000
v 0.072301 -0.301451 0.550000
v 0.118568 -0.286429 0.550000
v 0.161916 -0.264354 0.550000
v 0.201277 -0.235770 0.550000
v 0.235681 -0.201381 0.550000
v 0.264283 -0.162033 0.550000
v 0.286376 -0.118695 0.550000
v 0.301419 -0.072435 0.550000
v 0.309039 -0.024391 0.550000
v 0.309050 0.024254 0.550000
v 0.301451 0.072301 0.550000
v 0.286429 0.118568 0.550000
v 0.264354 0.161916 0.550000
v 0.235770 0.201277 0.550000
v 0.201381 0.235681 0.550000
v 0.162033 0.264283 0.550000
v 0.118695 0.286376 0.550000
v 0.072435 0.301419 0.550000
v 0.024391 0.309039 0.550000
v -0.024254 0.309050 0.550000
v -0.072301 0.301451 0.550000
v -0.118568 0.286429 0.550000
v -0.161916 0.264354 0.550000
v -0.201277 0.235770 0.550000
v -0.235681 0.201381 0.550000
v -0.323959 0.198621 0.180000
v -0.351042 0.145497 0.180000
v -0.369481 0.088791 0.180000
v -0.378822 0.029898 0.180000
v -0.378835 -0.029731 0.180000
v -0.369520 -0.088627 0.180000
v -0.351106 -0.145342 0.180000
v -0.324047 -0.198478 0.180000
v -0.289009 -0.246726 0.180000
v -0.246854 -0.288900 0.180000
v -0.198621 -0.323959 0.180000
v -0.145497 -0.351042 0.180000
v -0.088791 -0.369481 0.180000
v -0.029898 -0.378822 0.180000
v 0.029731 -0.378835 0.180000
v 0.088627 -0.369520 0.180000
v 0.145342 -0.351106 0.180000
v 0.198478 -0.324047 0.180000
v 0.246726 -0.289009 0.180000
v 0.288900 -0.246854 0.180000
v 0.323959 -0.198621 0.180000
v 0.351042 -0.145497 0.180000
v 0.369481 -0.088791 0.180000
v 0.378822 -0.029898 0.180000
v 0.378835 0.029731 0.180000
v 0.369520 0.088627 0.180000
v 0.351106 0.145342 0.180000
v 0.324047 0.198478 0.180000
v 0.289009 0.246726 0.180000
v 0.246854 0.288900 0.180000
v 0.198621 0.323959 0.180000
v 0.145497 0.351042 0.180000
v 0.088791 0.369481 0.180000
v 0.029898 0.378822 0.180000
v -0.029731 0.378835 0.180000
v -0.088627 0.369520 0.180000
v -0.145342 0.351106 0.180000
v -0.198478 0.324047 0.180000
v -0.246726 0.289009 0.180000
v -0.288900 0.246854 0.180000
v -0.375111 0.229982 0.080000
v -0.406470 0.168471 0.080000
v -0.427820 0.102811 0.080000
v -0.438636 0.034619 0.080000
v -0.438651 -0.034425 0.080000
v -0.427865 -0.102621 0.080000
v -0.406544 -0.168291 0.080000
v -0.375213 -0.229816 0.080000
v -0.334642 -0.285683 0.080000
v -0.285831 -0.334515 0.080000
v -0.229982 -0.375111 0.080000
v -0.168471 -0.406470 0.080000
v -0.102811 -0.427820 0.080000
v -0.034619 -0.438636 0.080000
v 0.034425 -0.438651 0.080000
v 0.102621 -0.427865 0.080000
v 0.168291 -0.406544 0.080000
v 0.229816 -0.375213 0.080000
v 0.285683 -0.334642 0.080000
v 0.334515 -0.285831 0.080000
v 0.375111 -0.229982 0.080000
v 0.406470 -0.168471 0.080000
v 0.427820 -0.102811 0.080000
v 0.438636 -0.034619 0.080000
v 0.438651 0.034425 0.080000
v 0.427865 0.102621 0.080000
v 0.406544 0.168291 0.080000
v 0.375213 0.229816 0.080000
v 0.334642 0.285683 0.080000
v 0.285831 0.334515 0.080000
v 0.229982 0.375111 0.080000
v 0.168471 0.406470 0.080000
v 0.102811 0.427820 0.080000
v 0.034619 0.438636 0.080000
v -0.034425 0.438651 0.080000
v -0.102621 0.427865 0.080000
v -0.168291 0.406544 0.080000
v -0.229816 0.375213 0.080000
v -0.285683 0.334642 0.080000
v -0.334515 0.285831 0.080000
v 0.161980 0.099311 1.300000
v 0.144450 0.123427 1.300000
v 0.123363 0.144504 1.300000
v 0.099239 0.162024 1.300000
v 0.072671 0.175553 1.300000
v 0.044314 0.184760 1.300000
v 0.014865 0.189418 1.300000
v -0.014949 0.189411 1.300000
v -0.044396 0.184740 1.300000
v -0.072749 0.175521 1.300000
v -0.099311 0.161980 1.300000
v -0.123427 0.144450 1.300000
v -0.144504 0.123363 1.300000
v -0.162024 0.099239 1.300000
v -0.175553 0.072671 1.300000
v -0.184760 0.044314 1.300000
v -0.189418 0.014865 1.300000
v -0.189411 -0.014949 1.300000
v -0.184740 -0.044396 1.300000
v -0.175521 -0.072749 1.300000
v -0.161980 -0.099311 1.300000
v -0.144450 -0.123427 1.300000
v -0.123363 -0.144504 1.300000
v -0.099239 -0.162024 1.300000
v -0.072671 -0.175553 1.300000
v -0.044314 -0.184760 1.300000
v -0.014865 -0.189418 1.300000
v 0.014949 -0.189411 1.300000
v 0.044396 -0.184740 1.300000
v 0.072749 -0.175521 1.300000
v 0.099311 -0.161980 1.300000
v 0.123427 -0.144450 1.300000
v 0.144504 -0.123363 1.300000
v 0.162024 -0.099239 1.300000
v 0.175553 -0.072671 1.300000
v 0.184760 -0.044314 1.300000
v 0.189418 -0.014865 1.300000
v 0.189411 0.014949 1.300000
v 0.184740 0.044396 1.300000
v 0.175521 0.072749 1.300000
v 0.230182 0.141126 0.950000
v 0.205271 0.175396 0.950000
v 0.175306 0.205348 0.950000
v 0.141024 0.230244 0.950000
v 0.103269 0.249470 0.950000
v 0.062972 0.262554 0.950000
v 0.021124 0.269172 0.950000
v -0.021244 0.269163 0.950000
v -0.063088 0.262526 0.950000
v -0.103380 0.249425 0.950000
v -0.141126 0.230182 0.950000
v -0.175396 0.205271 0.950000
v -0.205348 0.175306 0.950000
v -0.230244 0.141024 0.950000
v -0.249470 0.103269 0.950000
v -0.262554 0.062972 0.950000
v -0.269172 0.021124 0.950000
v -0.269163 -0.021244 0.950000
v -0.262526 -0.063088 0.950000
v -0.249425 -0.103380 0.950000
v -0.230182 -0.141126 0.950000
v -0.205271 -0.175396 0.950000
v -0.175306 -0.205348 0.950000
v -0.141024 -0.230244 0.950000
v -0.103269 -0.249470 0.950000
v -0.062972 -0.262554 0.950000
v -0.021124 -0.269172 0.950000
v 0.021244 -0.269163 0.950000
v 0.063088 -0.262526 0.950000
v 0.103380 -0.249425 0.950000
v 0.141126 -0.230182 0.950000
v 0.175396 -0.205271 0.950000
v 0.205348 -0.175306 0.950000
v 0.230244 -0.141024 0.950000
v 0.249470 -0.103269 0.950000
v 0.262554 -0.062972 0.950000
v 0.269172 -0.021124 0.950000
v 0.269163 0.021244 0.950000
v 0.262526 0.063088 0.950000
v 0.249425 0.103380 0.950000
v 0.264283 0.162033 0.550000
v 0.235681 0.201381 0.550000
v 0.201277 0.235770 0.550000
v 0.161916 0.264354 0.550000
v 0.118568 0.286429 0.550000
v 0.072301 0.301451 0.550000
v 0.024254 0.309050 0.550000
v -0.024391 0.309039 0.550000
v -0.072435 0.301419 0.550000
v -0.118695 0.286376 0.550000
v -0.162033 0.264283 0.550000
v -0.201381 0.235681 0.550000
v -0.235770 0.201277 0.550000
v -0.264354 0.161916 0.550000
v -0.286429 0.118568 0.550000
v -0.301451 0.072301 0.550000
v -0.309050 0.024254 0.550000
v -0.309039 -0.024391 0.550000
v -0.301419 -0.072435 0.550000
v -0.286376 -0.118695 0.550000
v -0.264283 -0.162033 0.550000
v -0.235681 -0.201381 0.550000
v -0.201277 -0.235770 0.550000
v -0.161916 -0.264354 0.550000
v -0.118568 -0.286429 0.550000
v -0.072301 -0.301451 0.550000
v -0.024254 -0.309050 0.550000
v 0.024391 -0.309039 0.550000
v 0.072435 -0.301419 0.550000
v 0.118695 -0.286376 0.550000
v 0.162033 -0.264283 0.550000
v 0.201381 -0.235681 0.550000
v 0.235770 -0.201277 0.550000
v 0.264354 -0.161916 0.550000
v 0.286429 -0.118568 0.550000
v 0.301451 -0.072301 0.550000
v 0.309050 -0.024254 0.550000
v 0.309039 0.024391 0.550000
v 0.301419 0.072435 0.550000
v 0.286376 0.118695 0.550000
v 0.323959 0.198621 0.180000
v 0.288900 0.246854 0.180000
v 0.246726 0.289009 0.180000
v 0.198478 0.324047 0.180000
v 0.145342 0.351106 0.180000
v 0.088627 0.369520 0.180000
v 0.029731 0.378835 0.180000
v -0.029898 0.378822 0.180000
v -0.088791 0.369481 0.180000
v -0.145497 0.351042 0.180000
v -0.198621 0.323959 0.180000
v -0.246854 0.288900 0.180000
v -0.289009 0.246726 0.180000
v -0.324047 0.198478 0.180000
v -0.351106 0.145342 0.180000
v -0.369520 0.088627 0.180000
v -0.378835 0.029731 0.180000
v -0.378822 -0.029898 0.180000
v -0.369481 -0.088791 0.180000
v -0.351042 -0.145497 0.180000
v -0.323959 -0.198621 0.180000
v -0.288900 -0.246854 0.180000
v -0.246726 -0.289009 0.180000
v -0.198478 -0.324047 0.180000
v -0.145342 -0.351106 0.180000
v -0.088627 -0.369520 0.180000
v -0.029731 -0.378835 0.180000
v 0.029898 -0.378822 0.180000
v 0.088791 -0.369481 0.180000
v 0.145497 -0.351042 0.180000
v 0.198621 -0.323959 0.180000
v 0.246854 -0.288900 0.180000
v 0.289009 -0.246726 0.180000
v 0.324047 -0.198478 0.180000
v 0.351106 -0.145342 0.180000
v 0.369520 -0.088627 0.180000
v 0.378835 -0.029731 0.180000
v 0.378822 0.029898 0.180000
v 0.369481 0.088791 0.180000
v 0.351042 0.145497 0.180000
v 0.375111 0.229982 0.080000
v 0.334515 0.285831 0.080000
v 0.285683 0.334642 0.080000
v 0.229816 0.375213 0.080000
v 0.168291 0.406544 0.080000
v 0.102621 0.427865 0.080000
v 0.034425 0.438651 0.080000
v -0.034619 0.438636 0.080000
v -0.102811 0.427820 0.080000
v -0.168471 0.406470 0.080000
v -0.229982 0.375111 0.080000
v -0.285831 0.334515 0.080000
v -0.334642 0.285683 0.080000
v -0.375213 0.229816 0.080000
v -0.406544 0.168291 0.080000
v -0.427865 0.102621 0.080000
v -0.438651 0.034425 0.080000
v -0.438636 -0.034619 0.080000
v -0.427820 -0.102811 0.080000
v -0.406470 -0.168471 0.080000
v -0.375111 -0.229982 0.080000
v -0.334515 -0.285831 0.080000
v -0.285683 -0.334642 0.080000
v -0.229816 -0.375213 0.080000
v -0.168291 -0.406544 0.080000
v -0.102621 -0.427865 0.080000
v -0.034425 -0.438651 0.080000
v 0.034619 -0.438636 0.080000
v 0.102811 -0.427820 0.080000
v 0.168471 -0.406470 0.080000
v 0.229982 -0.375111 0.080000
v 0.285831 -0.334515 0.080000
v 0.334642 -0.285683 0.080000
v 0.375213 -0.229816 0.080000
v 0.406544 -0.168291 0.080000
v 0.427865 -0.102621 0.080000
v 0.438651 -0.034425 0.080000
v 0.438636 0.034619 0.080000
v 0.427820 0.102811 0.080000
v 0.406470 0.168471 0.080000
v -0.200000 -0.110000 1.910000
v -0.500000 -0.105000 1.600000
v -0.216790 -0.107367 1.926248
v -0.515990 -0.102493 1.615475
v -0.232738 -0.099602 1.941682
v -0.531179 -0.095097 1.630173
v -0.247044 -0.087092 1.955527
v -0.544804 -0.083183 1.643359
v -0.258992 -0.070466 1.967089
v -0.556183 -0.067349 1.654370
v -0.267981 -0.050558 1.975788
v -0.564744 -0.048388 1.662655
v -0.273561 -0.028365 1.981189
v -0.570059 -0.027252 1.667799
v -0.275453 -0.005000 1.983019
v -0.571860 -0.005000 1.669542
v -0.273561 0.018365 1.981189
v -0.570059 0.017252 1.667799
v -0.267981 0.040558 1.975788
v -0.564744 0.038388 1.662655
v -0.258992 0.060466 1.967089
v -0.556183 0.057349 1.654370
v -0.247044 0.077092 1.955527
v -0.544804 0.073183 1.643359
v -0.232738 0.089602 1.941682
v -0.531179 0.085097 1.630173
v -0.216790 0.097367 1.926248
v -0.515990 0.092493 1.615475
v -0.200000 0.100000 1.910000
v -0.500000 0.095000 1.600000
v -0.183210 0.097367 1.893752
v -0.484010 0.092493 1.584525
v -0.167262 0.089602 1.878318
v -0.468821 0.085097 1.569827
v -0.152956 0.077092 1.864473
v -0.455196 0.073183 1.556641
v -0.141008 0.060466 1.852911
v -0.443817 0.057349 1.545630
v -0.132019 0.040558 1.844212
v -0.435256 0.038388 1.537345
v -0.126439 0.018365 1.838811
v -0.429941 0.017252 1.532201
v -0.124547 -0.005000 1.836981
v -0.428140 -0.005000 1.530458
v -0.126439 -0.028365 1.838811
v -0.429941 -0.027252 1.532201
v -0.132019 -0.050558 1.844212
v -0.435256 -0.048388 1.537345
v -0.141008 -0.070466 1.852911
v -0.443817 -0.067349 1.545630
v -0.152956 -0.087092 1.864473
v -0.455196 -0.083183 1.556641
v -0.167262 -0.099602 1.878318
v -0.468821 -0.095097 1.569827
v -0.183210 -0.107367 1.893752
v -0.484010 -0.102493 1.584525
v -0.500000 -0.105000 1.600000
v -0.800000 -0.080000 1.780000
v -0.488551 -0.102493 1.619081
v -0.791414 -0.078120 1.794311
v -0.477677 -0.095097 1.637205
v -0.783258 -0.072573 1.807904
v -0.467922 -0.083183 1.653464
v -0.775941 -0.063637 1.820098
v -0.459775 -0.067349 1.667041
v -0.769831 -0.051762 1.830281
v -0.453646 -0.048388 1.677257
v -0.765234 -0.037541 1.837943
v -0.449840 -0.027252 1.683599
v -0.762380 -0.021689 1.842700
v -0.448550 -0.005000 1.685749
v -0.761413 -0.005000 1.844312
v -0.449840 0.017252 1.683599
v -0.762380 0.011689 1.842700
v -0.453646 0.038388 1.677257
v -0.765234 0.027541 1.837943
v -0.459775 0.057349 1.667041
v -0.769831 0.041762 1.830281
v -0.467922 0.073183 1.653464
v -0.775941 0.053637 1.820098
v -0.477677 0.085097 1.637205
v -0.783258 0.062573 1.807904
v -0.488551 0.092493 1.619081
v -0.791414 0.068120 1.794311
v -0.500000 0.095000 1.600000
v -0.800000 0.070000 1.780000
v -0.511449 0.092493 1.580919
v -0.808586 0.068120 1.765689
v -0.522323 0.085097 1.562795
v -0.816742 0.062573 1.752096
v -0.532078 0.073183 1.546536
v -0.824059 0.053637 1.739902
v -0.540225 0.057349 1.532959
v -0.830169 0.041762 1.729719
v -0.546354 0.038388 1.522743
v -0.834766 0.027541 1.722057
v -0.550160 0.017252 1.516401
v -0.837620 0.011689 1.717300
v -0.551450 -0.005000 1.514251
v -0.838587 -0.005000 1.715688
v -0.550160 -0.027252 1.516401
v -0.837620 -0.021689 1.717300
v -0.546354 -0.048388 1.522743
v -0.834766 -0.037541 1.722057
v -0.540225 -0.067349 1.532959
v -0.830169 -0.051762 1.729719
v -0.532078 -0.083183 1.546536
v -0.824059 -0.063637 1.739902
v -0.522323 -0.095097 1.562795
v -0.816742 -0.072573 1.752096
v -0.511449 -0.102493 1.580919
v -0.808586 -0.078120 1.765689
v 0.200000 0.100000 1.910000
v 0.500000 0.095000 1.600000
v 0.216790 0.097367 1.926248
v 0.515990 0.092493 1.615475
v 0.232738 0.089602 1.941682
v 0.531179 0.085097 1.630173
v 0.247044 0.077092 1.955527
v 0.544804 0.073183 1.643359
v 0.258992 0.060466 1.967089
v 0.556183 0.057349 1.654370
v 0.267981 0.040558 1.975788
v 0.564744 0.038388 1.662655
v 0.273561 0.018365 1.981189
v 0.570059 0.017252 1.667799
v 0.275453 -0.005000 1.983019
v 0.571860 -0.005000 1.669542
v 0.273561 -0.028365 1.981189
v 0.570059 -0.027252 1.667799
v 0.267981 -0.050558 1.975788
v 0.564744 -0.048388 1.662655
v 0.258992 -0.070466 1.967089
v 0.556183 -0.067349 1.654370
v 0.247044 -0.087092 1.955527
v 0.544804 -0.083183 1.643359
v 0.232738 -0.099602 1.941682
v 0.531179 -0.095097 1.630173
v 0.216790 -0.107367 1.926248
v 0.515990 -0.102493 1.615475
v 0.200000 -0.110000 1.910000
v 0.500000 -0.105000 1.600000
v 0.183210 -0.107367 1.893752
v 0.484010 -0.102493 1.584525
v 0.167262 -0.099602 1.878318
v 0.468821 -0.095097 1.569827
v 0.152956 -0.087092 1.864473
v 0.455196 -0.083183 1.556641
v 0.141008 -0.070466 1.852911
v 0.443817 -0.067349 1.545630
v 0.132019 -0.050558 1.844212
v 0.435256 -0.048388 1.537345
v 0.126439 -0.028365 1.838811
v 0.429941 -0.027252 1.532201
v 0.124547 -0.005000 1.836981
v 0.428140 -0.005000 1.530458
v 0.126439 0.018365 1.838811
v 0.429941 0.017252 1.532201
v 0.132019 0.040558 1.844212
v 0.435256 0.038388 1.537345
v 0.141008 0.060466 1.852911
v 0.443817 0.057349 1.545630
v 0.152956 0.077092 1.864473
v 0.455196 0.073183 1.556641
v 0.167262 0.089602 1.878318
v 0.468821 0.085097 1.569827
v 0.183210 0.097367 1.893752
v 0.484010 0.092493 1.584525
v 0.500000 0.095000 1.600000
v 0.800000 0.070000 1.780000
v 0.488551 0.092493 1.619081
v 0.791414 0.068120 1.794311
v 0.477677 0.085097 1.637205
v 0.783258 0.062573 1.807904
v 0.467922 0.073183 1.653464
v 0.775941 0.053637 1.820098
v 0.459775 0.057349 1.667041
v 0.769831 0.041762 1.830281
v 0.453646 0.038388 1.677257
v 0.765234 0.027541 1.837943
v 0.449840 0.017252 1.683599
v 0.762380 0.011689 1.842700
v 0.448550 -0.005000 1.685749
v 0.761413 -0.005000 1.844312
v 0.449840 -0.027252 1.683599
v 0.762380 -0.021689 1.842700
v 0.453646 -0.048388 1.677257
v 0.765234 -0.037541 1.837943
v 0.459775 -0.067349 1.667041
v 0.769831 -0.051762 1.830281
v 0.467922 -0.083183 1.653464
v 0.775941 -0.063637 1.820098
v 0.477677 -0.095097 1.637205
v 0.783258 -0.072573 1.807904
v 0.488551 -0.102493 1.619081
v 0.791414 -0.078120 1.794311
v 0.500000 -0.105000 1.600000
v 0.800000 -0.080000 1.780000
v 0.511449 -0.102493 1.580919
v 0.808586 -0.078120 1.765689
v 0.522323 -0.095097 1.562795
v 0.816742 -0.072573 1.752096
v 0.532078 -0.083183 1.546536
v 0.824059 -0.063637 1.739902
v 0.540225 -0.067349 1.532959
v 0.830169 -0.051762 1.729719
v 0.546354 -0.048388 1.522743
v 0.834766 -0.037541 1.722057
v 0.550160 -0.027252 1.516401
v 0.837620 -0.021689 1.717300
v 0.551450 -0.005000 1.514251
v 0.838587 -0.005000 1.715688
v 0.550160 0.017252 1.516401
v 0.837620 0.011689 1.717300
v 0.546354 0.038388 1.522743
v 0.834766 0.027541 1.722057
v 0.540225 0.057349 1.532959
v 0.830169 0.041762 1.729719
v 0.532078 0.073183 1.546536
v 0.824059 0.053637 1.739902
v 0.522323 0.085097 1.562795
v 0.816742 0.062573 1.752096
v 0.511449 0.092493 1.580919
v 0.808586 0.068120 1.765689
v 0.255000 0.000000 1.480000
v 0.253772 0.024994 1.480000
v 0.250100 0.049748 1.480000
v 0.244020 0.074023 1.480000
v 0.235589 0.097584 1.480000
v 0.224890 0.120206 1.480000
v 0.212025 0.141670 1.480000
v 0.197118 0.161770 1.480000
v 0.180312 0.180312 1.480000
v 0.161770 0.197118 1.480000
v 0.141670 0.212025 1.480000
v 0.120206 0.224890 1.480000
v 0.097584 0.235589 1.480000
v 0.074023 0.244020 1.480000
v 0.049748 0.250100 1.480000
v 0.024994 0.253772 1.480000
v 0.000000 0.255000 1.480000
v -0.024994 0.253772 1.480000
v -0.049748 0.250100 1.480000
v -0.074023 0.244020 1.480000
v -0.097584 0.235589 1.480000
v -0.120206 0.224890 1.480000
v -0.141670 0.212025 1.480000
v -0.161770 0.197118 1.480000
v -0.180312 0.180312 1.480000
v -0.197118 0.161770 1.480000
v -0.212025 0.141670 1.480000
v -0.224890 0.120206 1.480000
v -0.235589 0.097584 1.480000
v -0.244020 0.074023 1.480000
v -0.250100 0.049748 1.480000
v -0.253772 0.024994 1.480000
v -0.255000 0.000000 1.480000
v -0.253772 -0.024994 1.480000
v -0.250100 -0.049748 1.480000
v -0.244020 -0.074023 1.480000
v -0.235589 -0.097584 1.480000
v -0.224890 -0.120206 1.480000
v -0.212025 -0.141670 1.480000
v -0.197118 -0.161770 1.480000
v -0.180312 -0.180312 1.480000
v -0.161770 -0.197118 1.480000
v -0.141670 -0.212025 1.480000
v -0.120206 -0.224890 1.480000
v -0.097584 -0.235589 1.480000
v -0.074023 -0.244020 1.480000
v -0.049748 -0.250100 1.480000
v -0.024994 -0.253772 1.480000
v -0.000000 -0.255000 1.480000
v 0.024994 -0.253772 1.480000
v 0.049748 -0.250100 1.480000
v 0.074023 -0.244020 1.480000
v 0.097584 -0.235589 1.480000
v 0.120206 -0.224890 1.480000
v 0.141670 -0.212025 1.480000
v 0.161770 -0.197118 1.480000
v 0.180312 -0.180312 1.480000
v 0.197118 -0.161770 1.480000
v 0.212025 -0.141670 1.480000
v 0.224890 -0.120206 1.480000
v 0.235589 -0.097584 1.480000
v 0.244020 -0.074023 1.480000
v 0.250100 -0.049748 1.480000
v 0.253772 -0.024994 1.480000
v 0.265000 0.000000 1.510000
v 0.263724 0.025975 1.510000
v 0.259908 0.051699 1.510000
v 0.253589 0.076925 1.510000
v 0.244828 0.101411 1.510000
v 0.233709 0.124920 1.510000
v 0.220339 0.147226 1.510000
v 0.204848 0.168114 1.510000
v 0.187383 0.187383 1.510000
v 0.168114 0.204848 1.510000
v 0.147226 0.220339 1.510000
v 0.124920 0.233709 1.510000
v 0.101411 0.244828 1.510000
v 0.076925 0.253589 1.510000
v 0.051699 0.259908 1.510000
v 0.025975 0.263724 1.510000
v 0.000000 0.265000 1.510000
v -0.025975 0.263724 1.510000
v -0.051699 0.259908 1.510000
v -0.076925 0.253589 1.510000
v -0.101411 0.244828 1.510000
v -0.124920 0.233709 1.510000
v -0.147226 0.220339 1.510000
v -0.168114 0.204848 1.510000
v -0.187383 0.187383 1.510000
v -0.204848 0.168114 1.510000
v -0.220339 0.147226 1.510000
v -0.233709 0.124920 1.510000
v -0.244828 0.101411 1.510000
v -0.253589 0.076925 1.510000
v -0.259908 0.051699 1.510000
v -0.263724 0.025975 1.510000
v -0.265000 0.000000 1.510000
v -0.263724 -0.025975 1.510000
v -0.259908 -0.051699 1.510000
v -0.253589 -0.076925 1.510000
v -0.244828 -0.101411 1.510000
v -0.233709 -0.124920 1.510000
v -0.220339 -0.147226 1.510000
v -0.204848 -0.168114 1.510000
v -0.187383 -0.187383 1.510000
v -0.168114 -0.204848 1.510000
v -0.147226 -0.220339 1.510000
v -0.124920 -0.233709 1.510000
v -0.101411 -0.244828 1.510000
v -0.076925 -0.253589 1.510000
v -0.051699 -0.259908 1.510000
v -0.025975 -0.263724 1.510000
v -0.000000 -0.265000 1.510000
v 0.025975 -0.263724 1.510000
v 0.051699 -0.259908 1.510000
v 0.076925 -0.253589 1.510000
v 0.101411 -0.244828 1.510000
v 0.124920 -0.233709 1.510000
v 0.147226 -0.220339 1.510000
v 0.168114 -0.204848 1.510000
v 0.187383 -0.187383 1.510000
v 0.204848 -0.168114 1.510000
v 0.220339 -0.147226 1.510000
v 0.233709 -0.124920 1.510000
v 0.244828 -0.101411 1.510000
v 0.253589 -0.076925 1.510000
v 0.259908 -0.051699 1.510000
v 0.263724 -0.025975 1.510000
v 0.255000 0.000000 1.540000
v 0.253772 0.024994 1.540000
v 0.250100 0.049748 1.540000
v 0.244020 0.074023 1.540000
v 0.235589 0.097584 1.540000
v 0.224890 0.120206 1.540000
v 0.212025 0.141670 1.540000
v 0.197118 0.161770 1.540000
v 0.180312 0.180312 1.540000
v 0.161770 0.197118 1.540000
v 0.141670 0.212025 1.540000
v 0.120206 0.224890 1.540000
v 0.097584 0.235589 1.540000
v 0.074023 0.244020 1.540000
v 0.049748 0.250100 1.540000
v 0.024994 0.253772 1.540000
v 0.000000 0.255000 1.540000
v -0.024994 0.253772 1.540000
v -0.049748 0.250100 1.540000
v -0.074023 0.244020 1.540000
v -0.097584 0.235589 1.540000
v -0.120206 0.224890 1.540000
v -0.141670 0.212025 1.540000
v -0.161770 0.197118 1.540000
v -0.180312 0.180312 1.540000
v -0.197118 0.161770 1.540000
v -0.212025 0.141670 1.540000
v -0.224890 0.120206 1.540000
v -0.235589 0.097584 1.540000
v -0.244020 0.074023 1.540000
v -0.250100 0.049748 1.540000
v -0.253772 0.024994 1.540000
v -0.255000 0.000000 1.540000
v -0.253772 -0.024994 1.540000
v -0.250100 -0.049748 1.540000
v -0.244020 -0.074023 1.540000
v -0.235589 -0.097584 1.540000
v -0.224890 -0.120206 1.540000
v -0.212025 -0.141670 1.540000
v -0.197118 -0.161770 1.540000
v -0.180312 -0.180312 1.540000
v -0.161770 -0.197118 1.540000
v -0.141670 -0.212025 1.540000
v -0.120206 -0.224890 1.540000
v -0.097584 -0.235589 1.540000
v -0.074023 -0.244020 1.540000
v -0.049748 -0.250100 1.540000
v -0.024994 -0.253772 1.540000
v -0.000000 -0.255000 1.540000
v 0.024994 -0.253772 1.540000
v 0.049748 -0.250100 1.540000
v 0.074023 -0.244020 1.540000
v 0.097584 -0.235589 1.540000
v 0.120206 -0.224890 1.540000
v 0.141670 -0.212025 1.540000
v 0.161770 -0.197118 1.540000
v 0.180312 -0.180312 1.540000
v 0.197118 -0.161770 1.540000
v 0.212025 -0.141670 1.540000
v 0.224890 -0.120206 1.540000
v 0.235589 -0.097584 1.540000
v 0.244020 -0.074023 1.540000
v 0.250100 -0.049748 1.540000
v 0.253772 -0.024994 1.540000
v 0.275000 0.000000 1.720000
v 0.273676 0.026955 1.720000
v 0.269716 0.053650 1.720000
v 0.263159 0.079828 1.720000
v 0.254067 0.105238 1.720000
v 0.242528 0.129634 1.720000
v 0.228654 0.152782 1.720000
v 0.212578 0.174458 1.720000
v 0.194454 0.194454 1.720000
v 0.174458 0.212578 1.720000
v 0.152782 0.228654 1.720000
v 0.129634 0.242528 1.720000
v 0.105238 0.254067 1.720000
v 0.079828 0.263159 1.720000
v 0.053650 0.269716 1.720000
v 0.026955 0.273676 1.720000
v 0.000000 0.275000 1.720000
v -0.026955 0.273676 1.720000
v -0.053650 0.269716 1.720000
v -0.079828 0.263159 1.720000
v -0.105238 0.254067 1.720000
v -0.129634 0.242528 1.720000
v -0.152782 0.228654 1.720000
v -0.174458 0.212578 1.720000
v -0.194454 0.194454 1.720000
v -0.212578 0.174458 1.720000
v -0.228654 0.152782 1.720000
v -0.242528 0.129634 1.720000
v -0.254067 0.105238 1.720000
v -0.263159 0.079828 1.720000
v -0.269716 0.053650 1.720000
v -0.273676 0.026955 1.720000
v -0.275000 0.000000 1.720000
v -0.273676 -0.026955 1.720000
v -0.269716 -0.053650 1.720000
v -0.263159 -0.079828 1.720000
v -0.254067 -0.105238 1.720000
v -0.242528 -0.129634 1.720000
v -0.228654 -0.152782 1.720000
v -0.212578 -0.174458 1.720000
v -0.194454 -0.194454 1.720000
v -0.174458 -0.212578 1.720000
v -0.152782 -0.228654 1.720000
v -0.129634 -0.242528 1.720000
v -0.105238 -0.254067 1.720000
v -0.079828 -0.263159 1.720000
v -0.053650 -0.269716 1.720000
v -0.026955 -0.273676 1.720000
v -0.000000 -0.275000 1.720000
v 0.026955 -0.273676 1.720000
v 0.053650 -0.269716 1.720000
v 0.079828 -0.263159 1.720000
v 0.105238 -0.254067 1.720000
v 0.129634 -0.242528 1.720000
v 0.152782 -0.228654 1.720000
v 0.174458 -0.212578 1.720000
v 0.194454 -0.194454 1.720000
v 0.212578 -0.174458 1.720000
v 0.228654 -0.152782 1.720000
v 0.242528 -0.129634 1.720000
v 0.254067 -0.105238 1.720000
v 0.263159 -0.079828 1.720000
v 0.269716 -0.053650 1.720000
v 0.273676 -0.026955 1.720000
v 0.285000 0.000000 1.740000
v 0.283628 0.027935 1.740000
v 0.279524 0.055601 1.740000
v 0.272728 0.082731 1.740000
v 0.263306 0.109065 1.740000
v 0.251348 0.134348 1.740000
v 0.236969 0.158338 1.740000
v 0.220308 0.180802 1.740000
v 0.201525 0.201525 1.740000
v 0.180802 0.220308 1.740000
v 0.158338 0.236969 1.740000
v 0.134348 0.251348 1.740000
v 0.109065 0.263306 1.740000
v 0.082731 0.272728 1.740000
v 0.055601 0.279524 1.740000
v 0.027935 0.283628 1.740000
v 0.000000 0.285000 1.740000
v -0.027935 0.283628 1.740000
v -0.055601 0.279524 1.740000
v -0.082731 0.272728 1.740000
v -0.109065 0.263306 1.740000
v -0.134348 0.251348 1.740000
v -0.158338 0.236969 1.740000
v -0.180802 0.220308 1.740000
v -0.201525 0.201525 1.740000
v -0.220308 0.180802 1.740000
v -0.236969 0.158338 1.740000
v -0.251348 0.134348 1.740000
v -0.263306 0.109065 1.740000
v -0.272728 0.082731 1.740000
v -0.279524 0.055601 1.740000
v -0.283628 0.027935 1.740000
v -0.285000 0.000000 1.740000
v -0.283628 -0.027935 1.740000
v -0.279524 -0.055601 1.740000
v -0.272728 -0.082731 1.740000
v -0.263306 -0.109065 1.740000
v -0.251348 -0.134348 1.740000
v -0.236969 -0.158338 1.740000
v -0.220308 -0.180802 1.740000
v -0.201525 -0.201525 1.740000
v -0.180802 -0.220308 1.740000
v -0.158338 -0.236969 1.740000
v -0.134348 -0.251348 1.740000
v -0.109065 -0.263306 1.740000
v -0.082731 -0.272728 1.740000
v -0.055601 -0.279524 1.740000
v -0.027935 -0.283628 1.740000
v -0.000000 -0.285000 1.740000
v 0.027935 -0.283628 1.740000
v 0.055601 -0.279524 1.740000
v 0.082731 -0.272728 1.740000
v 0.109065 -0.263306 1.740000
v 0.134348 -0.251348 1.740000
v 0.158338 -0.236969 1.740000
v 0.180802 -0.220308 1.740000
v 0.201525 -0.201525 1.740000
v 0.220308 -0.180802 1.740000
v 0.236969 -0.158338 1.740000
v 0.251348 -0.134348 1.740000
v 0.263306 -0.109065 1.740000
v 0.272728 -0.082731 1.740000
v 0.279524 -0.055601 1.740000
v 0.283628 -0.027935 1.740000
v 0.275000 0.000000 1.760000
v 0.273676 0.026955 1.760000
v 0.269716 0.053650 1.760000
v 0.263159 0.079828 1.760000
v 0.254067 0.105238 1.760000
v 0.242528 0.129634 1.760000
v 0.228654 0.152782 1.760000
v 0.212578 0.174458 1.760000
v 0.194454 0.194454 1.760000
v 0.174458 0.212578 1.760000
v 0.152782 0.228654 1.760000
v 0.129634 0.242528 1.760000
v 0.105238 0.254067 1.760000
v 0.079828 0.263159 1.760000
v 0.053650 0.269716 1.760000
v 0.026955 0.273676 1.760000
v 0.000000 0.275000 1.760000
v -0.026955 0.273676 1.760000
v -0.053650 0.269716 1.760000
v -0.079828 0.263159 1.760000
v -0.105238 0.254067 1.760000
v -0.129634 0.242528 1.760000
v -0.152782 0.228654 1.760000
v -0.174458 0.212578 1.760000
v -0.194454 0.194454 1.760000
v -0.212578 0.174458 1.760000
v -0.228654 0.152782 1.760000
v -0.242528 0.129634 1.760000
v -0.254067 0.105238 1.760000
v -0.263159 0.079828 1.760000
v -0.269716 0.053650 1.760000
v -0.273676 0.026955 1.760000
v -0.275000 0.000000 1.760000
v -0.273676 -0.026955 1.760000
v -0.269716 -0.053650 1.760000
v -0.263159 -0.079828 1.760000
v -0.254067 -0.105238 1.760000
v -0.242528 -0.129634 1.760000
v -0.228654 -0.152782 1.760000
v -0.212578 -0.174458 1.760000
v -0.194454 -0.194454 1.760000
v -0.174458 -0.212578 1.760000
v -0.152782 -0.228654 1.760000
v -0.129634 -0.242528 1.760000
v -0.105238 -0.254067 1.760000
v -0.079828 -0.263159 1.760000
v -0.053650 -0.269716 1.760000
v -0.026955 -0.273676 1.760000
v -0.000000 -0.275000 1.760000
v 0.026955 -0.273676 1.760000
v 0.053650 -0.269716 1.760000
v 0.079828 -0.263159 1.760000
v 0.105238 -0.254067 1.760000
v 0.129634 -0.242528 1.760000
v 0.152782 -0.228654 1.760000
v 0.174458 -0.212578 1.760000
v 0.194454 -0.194454 1.760000
v 0.212578 -0.174458 1.760000
v 0.228654 -0.152782 1.760000
v 0.242528 -0.129634 1.760000
v 0.254067 -0.105238 1.760000
v 0.263159 -0.079828 1.760000
v 0.269716 -0.053650 1.760000
v 0.273676 -0.026955 1.760000
v 0.245000 0.000000 1.920000
v 0.243820 0.024014 1.920000
v 0.240292 0.047797 1.920000
v 0.234450 0.071120 1.920000
v 0.226350 0.093757 1.920000
v 0.216071 0.115492 1.920000
v 0.203710 0.136115 1.920000
v 0.189388 0.155426 1.920000
v 0.173241 0.173241 1.920000
v 0.155426 0.189388 1.920000
v 0.136115 0.203710 1.920000
v 0.115492 0.216071 1.920000
v 0.093757 0.226350 1.920000
v 0.071120 0.234450 1.920000
v 0.047797 0.240292 1.920000
v 0.024014 0.243820 1.920000
v 0.000000 0.245000 1.920000
v -0.024014 0.243820 1.920000
v -0.047797 0.240292 1.920000
v -0.071120 0.234450 1.920000
v -0.093757 0.226350 1.920000
v -0.115492 0.216071 1.920000
v -0.136115 0.203710 1.920000
v -0.155426 0.189388 1.920000
v -0.173241 0.173241 1.920000
v -0.189388 0.155426 1.920000
v -0.203710 0.136115 1.920000
v -0.216071 0.115492 1.920000
v -0.226350 0.093757 1.920000
v -0.234450 0.071120 1.920000
v -0.240292 0.047797 1.920000
v -0.243820 0.024014 1.920000
v -0.245000 0.000000 1.920000
v -0.243820 -0.024014 1.920000
v -0.240292 -0.047797 1.920000
v -0.234450 -0.071120 1.920000
v -0.226350 -0.093757 1.920000
v -0.216071 -0.115492 1.920000
v -0.203710 -0.136115 1.920000
v -0.189388 -0.155426 1.920000
v -0.173241 -0.173241 1.920000
v -0.155426 -0.189388 1.920000
v -0.136115 -0.203710 1.920000
v -0.115492 -0.216071 1.920000
v -0.093757 -0.226350 1.920000
v -0.071120 -0.234450 1.920000
v -0.047797 -0.240292 1.920000
v -0.024014 -0.243820 1.920000
v -0.000000 -0.245000 1.920000
v 0.024014 -0.243820 1.920000
v 0.047797 -0.240292 1.920000
v 0.071120 -0.234450 1.920000
v 0.093757 -0.226350 1.920000
v 0.115492 -0.216071 1.920000
v 0.136115 -0.203710 1.920000
v 0.155426 -0.189388 1.920000
v 0.173241 -0.173241 1.920000
v 0.189388 -0.155426 1.920000
v 0.203710 -0.136115 1.920000
v 0.216071 -0.115492 1.920000
v 0.226350 -0.093757 1.920000
v 0.234450 -0.071120 1.920000
v 0.240292 -0.047797 1.920000
v 0.243820 -0.024014 1.920000
v 0.255000 0.000000 1.940000
v 0.253772 0.024994 1.940000
v 0.250100 0.049748 1.940000
v 0.244020 0.074023 1.940000
v 0.235589 0.097584 1.940000
v 0.224890 0.120206 1.940000
v 0.212025 0.141670 1.940000
v 0.197118 0.161770 1.940000
v 0.180312 0.180312 1.940000
v 0.161770 0.197118 1.940000
v 0.141670 0.212025 1.940000
v 0.120206 0.224890 1.940000
v 0.097584 0.235589 1.940000
v 0.074023 0.244020 1.940000
v 0.049748 0.250100 1.940000
v 0.024994 0.253772 1.940000
v 0.000000 0.255000 1.940000
v -0.024994 0.253772 1.940000
v -0.049748 0.250100 1.940000
v -0.074023 0.244020 1.940000
v -0.097584 0.235589 1.940000
v -0.120206 0.224890 1.940000
v -0.141670 0.212025 1.940000
v -0.161770 0.197118 1.940000
v -0.180312 0.180312 1.940000
v -0.197118 0.161770 1.940000
v -0.212025 0.141670 1.940000
v -0.224890 0.120206 1.940000
v -0.235589 0.097584 1.940000
v -0.244020 0.074023 1.940000
v -0.250100 0.049748 1.940000
v -0.253772 0.024994 1.940000
v -0.255000 0.000000 1.940000
v -0.253772 -0.024994 1.940000
v -0.250100 -0.049748 1.940000
v -0.244020 -0.074023 1.940000
v -0.235589 -0.097584 1.940000
v -0.224890 -0.120206 1.940000
v -0.212025 -0.141670 1.940000
v -0.197118 -0.161770 1.940000
v -0.180312 -0.180312 1.940000
v -0.161770 -0.197118 1.940000
v -0.141670 -0.212025 1.940000
v -0.120206 -0.224890 1.940000
v -0.097584 -0.235589 1.940000
v -0.074023 -0.244020 1.940000
v -0.049748 -0.250100 1.940000
v -0.024994 -0.253772 1.940000
v -0.000000 -0.255000 1.940000
v 0.024994 -0.253772 1.940000
v 0.049748 -0.250100 1.940000
v 0.074023 -0.244020 1.940000
v 0.097584 -0.235589 1.940000
v 0.120206 -0.224890 1.940000
v 0.141670 -0.212025 1.940000
v 0.161770 -0.197118 1.940000
v 0.180312 -0.180312 1.940000
v 0.197118 -0.161770 1.940000
v 0.212025 -0.141670 1.940000
v 0.224890 -0.120206 1.940000
v 0.235589 -0.097584 1.940000
v 0.244020 -0.074023 1.940000
v 0.250100 -0.049748 1.940000
v 0.253772 -0.024994 1.940000
v 0.245000 0.000000 1.960000
v 0.243820 0.024014 1.960000
v 0.240292 0.047797 1.960000
v 0.234450 0.071120 1.960000
v 0.226350 0.093757 1.960000
v 0.216071 0.115492 1.960000
v 0.203710 0.136115 1.960000
v 0.189388 0.155426 1.960000
v 0.173241 0.173241 1.960000
v 0.155426 0.189388 1.960000
v 0.136115 0.203710 1.960000
v 0.115492 0.216071 1.960000
v 0.093757 0.226350 1.960000
v 0.071120 0.234450 1.960000
v 0.047797 0.240292 1.960000
v 0.024014 0.243820 1.960000
v 0.000000 0.245000 1.960000
v -0.024014 0.243820 1.960000
v -0.047797 0.240292 1.960000
v -0.071120 0.234450 1.960000
v -0.093757 0.226350 1.960000
v -0.115492 0.216071 1.960000
v -0.136115 0.203710 1.960000
v -0.155426 0.189388 1.960000
v -0.173241 0.173241 1.960000
v -0.189388 0.155426 1.960000
v -0.203710 0.136115 1.960000
v -0.216071 0.115492 1.960000
v -0.226350 0.093757 1.960000
v -0.234450 0.071120 1.960000
v -0.240292 0.047797 1.960000
v -0.243820 0.024014 1.960000
v -0.245000 0.000000 1.960000
v -0.243820 -0.024014 1.960000
v -0.240292 -0.047797 1.960000
v -0.234450 -0.071120 1.960000
v -0.226350 -0.093757 1.960000
v -0.216071 -0.115492 1.960000
v -0.203710 -0.136115 1.960000
v -0.189388 -0.155426 1.960000
v -0.173241 -0.173241 1.960000
v -0.155426 -0.189388 1.960000
v -0.136115 -0.203710 1.960000
v -0.115492 -0.216071 1.960000
v -0.093757 -0.226350 1.960000
v -0.071120 -0.234450 1.960000
v -0.047797 -0.240292 1.960000
v -0.024014 -0.243820 1.960000
v -0.000000 -0.245000 1.960000
v 0.024014 -0.243820 1.960000
v 0.047797 -0.240292 1.960000
v 0.071120 -0.234450 1.960000
v 0.093757 -0.226350 1.960000
v 0.115492 -0.216071 1.960000
v 0.136115 -0.203710 1.960000
v 0.155426 -0.189388 1.960000
v 0.173241 -0.173241 1.960000
v 0.189388 -0.155426 1.960000
v 0.203710 -0.136115 1.960000
v 0.216071 -0.115492 1.960000
v 0.226350 -0.093757 1.960000
v 0.234450 -0.071120 1.960000
v 0.240292 -0.047797 1.960000
v 0.243820 -0.024014 1.960000
v 0.120000 0.000000 2.550000
v 0.118973 0.015663 2.550000
v 0.115911 0.031058 2.550000
v 0.110866 0.045922 2.550000
v 0.103923 0.060000 2.550000
v 0.095202 0.073051 2.550000
v 0.084853 0.084853 2.550000
v 0.073051 0.095202 2.550000
v 0.060000 0.103923 2.550000
v 0.045922 0.110866 2.550000
v 0.031058 0.115911 2.550000
v 0.015663 0.118973 2.550000
v 0.000000 0.120000 2.550000
v -0.015663 0.118973 2.550000
v -0.031058 0.115911 2.550000
v -0.045922 0.110866 2.550000
v -0.060000 0.103923 2.550000
v -0.073051 0.095202 2.550000
v -0.084853 0.084853 2.550000
v -0.095202 0.073051 2.550000
v -0.103923 0.060000 2.550000
v -0.110866 0.045922 2.550000
v -0.115911 0.031058 2.550000
v -0.118973 0.015663 2.550000
v -0.120000 0.000000 2.550000
v -0.118973 -0.015663 2.550000
v -0.115911 -0.031058 2.550000
v -0.110866 -0.045922 2.550000
v -0.103923 -0.060000 2.550000
v -0.095202 -0.073051 2.550000
v -0.084853 -0.084853 2.550000
v -0.073051 -0.095202 2.550000
v -0.060000 -0.103923 2.550000
v -0.045922 -0.110866 2.550000
v -0.031058 -0.115911 2.550000
v -0.015663 -0.118973 2.550000
v -0.000000 -0.120000 2.550000
v 0.015663 -0.118973 2.550000
v 0.031058 -0.115911 2.550000
v 0.045922 -0.110866 2.550000
v 0.060000 -0.103923 2.550000
v 0.073051 -0.095202 2.550000
v 0.084853 -0.084853 2.550000
v 0.095202 -0.073051 2.550000
v 0.103923 -0.060000 2.550000
v 0.110866 -0.045922 2.550000
v 0.115911 -0.031058 2.550000
v 0.118973 -0.015663 2.550000
v 0.130000 0.000000 2.580000
v 0.128888 0.016968 2.580000
v 0.125570 0.033646 2.580000
v 0.120104 0.049749 2.580000
v 0.112583 0.065000 2.580000
v 0.103136 0.079139 2.580000
v 0.091924 0.091924 2.580000
v 0.079139 0.103136 2.580000
v 0.065000 0.112583 2.580000
v 0.049749 0.120104 2.580000
v 0.033646 0.125570 2.580000
v 0.016968 0.128888 2.580000
v 0.000000 0.130000 2.580000
v -0.016968 0.128888 2.580000
v -0.033646 0.125570 2.580000
v -0.049749 0.120104 2.580000
v -0.065000 0.112583 2.580000
v -0.079139 0.103136 2.580000
v -0.091924 0.091924 2.580000
v -0.103136 0.079139 2.580000
v -0.112583 0.065000 2.580000
v -0.120104 0.049749 2.580000
v -0.125570 0.033646 2.580000
v -0.128888 0.016968 2.580000
v -0.130000 0.000000 2.580000
v -0.128888 -0.016968 2.580000
v -0.125570 -0.033646 2.580000
v -0.120104 -0.049749 2.580000
v -0.112583 -0.065000 2.580000
v -0.103136 -0.079139 2.580000
v -0.091924 -0.091924 2.580000
v -0.079139 -0.103136 2.580000
v -0.065000 -0.112583 2.580000
v -0.049749 -0.120104 2.580000
v -0.033646 -0.125570 2.580000
v -0.016968 -0.128888 2.580000
v -0.000000 -0.130000 2.580000
v 0.016968 -0.128888 2.580000
v 0.033646 -0.125570 2.580000
v 0.049749 -0.120104 2.580000
v 0.065000 -0.112583 2.580000
v 0.079139 -0.103136 2.580000
v 0.091924 -0.091924 2.580000
v 0.103136 -0.079139 2.580000
v 0.112583 -0.065000 2.580000
v 0.120104 -0.049749 2.580000
v 0.125570 -0.033646 2.580000
v 0.128888 -0.016968 2.580000
v 0.100000 0.000000 2.610000
v 0.099144 0.013053 2.610000
v 0.096593 0.025882 2.610000
v 0.092388 0.038268 2.610000
v 0.086603 0.050000 2.610000
v 0.079335 0.060876 2.610000
v 0.070711 0.070711 2.610000
v 0.060876 0.079335 2.610000
v 0.050000 0.086603 2.610000
v 0.038268 0.092388 2.610000
v 0.025882 0.096593 2.610000
v 0.013053 0.099144 2.610000
v 0.000000 0.100000 2.610000
v -0.013053 0.099144 2.610000
v -0.025882 0.096593 2.610000
v -0.038268 0.092388 2.610000
v -0.050000 0.086603 2.610000
v -0.060876 0.079335 2.610000
v -0.070711 0.070711 2.610000
v -0.079335 0.060876 2.610000
v -0.086603 0.050000 2.610000
v -0.092388 0.038268 2.610000
v -0.096593 0.025882 2.610000
v -0.099144 0.013053 2.610000
v -0.100000 0.000000 2.610000
v -0.099144 -0.013053 2.610000
v -0.096593 -0.025882 2.610000
v -0.092388 -0.038268 2.610000
v -0.086603 -0.050000 2.610000
v -0.079335 -0.060876 2.610000
v -0.070711 -0.070711 2.610000
v -0.060876 -0.079335 2.610000
v -0.050000 -0.086603 2.610000
v -0.038268 -0.092388 2.610000
v -0.025882 -0.096593 2.610000
v -0.013053 -0.099144 2.610000
v -0.000000 -0.100000 2.610000
v 0.013053 -0.099144 2.610000
v 0.025882 -0.096593 2.610000
v 0.038268 -0.092388 2.610000
v 0.050000 -0.086603 2.610000
v 0.060876 -0.079335 2.610000
v 0.070711 -0.070711 2.610000
v 0.079335 -0.060876 2.610000
v 0.086603 -0.050000 2.610000
v 0.092388 -0.038268 2.610000
v 0.096593 -0.025882 2.610000
v 0.099144 -0.013053 2.610000
v -0.820000 -0.018000 1.820000
v -1.020000 -0.022000 2.350000
v -0.812693 -0.016217 1.822757
v -1.011069 -0.019821 2.353370
v -0.806833 -0.011223 1.824969
v -1.003907 -0.013717 2.356073
v -0.803581 -0.004005 1.826196
v -0.999933 -0.004895 2.357573
v -0.803581 0.004005 1.826196
v -0.999933 0.004895 2.357573
v -0.806833 0.011223 1.824969
v -1.003907 0.013717 2.356073
v -0.812693 0.016217 1.822757
v -1.011069 0.019821 2.353370
v -0.820000 0.018000 1.820000
v -1.020000 0.022000 2.350000
v -0.827307 0.016217 1.817243
v -1.028931 0.019821 2.346630
v -0.833167 0.011223 1.815031
v -1.036093 0.013717 2.343927
v -0.836419 0.004005 1.813804
v -1.040067 0.004895 2.342427
v -0.836419 -0.004005 1.813804
v -1.040067 -0.004895 2.342427
v -0.833167 -0.011223 1.815031
v -1.036093 -0.013717 2.343927
v -0.827307 -0.016217 1.817243
v -1.028931 -0.019821 2.346630
v -1.020000 0.000000 2.530000
v -1.020000 0.000000 2.530000
v -1.020000 0.000000 2.530000
v -1.020000 0.000000 2.530000
v -1.020000 0.000000 2.530000
v -1.020000 0.000000 2.530000
v -1.020000 0.000000 2.530000
v -1.020000 0.000000 2.530000
v -1.020000 0.000000 2.530000
v -1.020000 0.000000 2.530000
v -1.020000 0.000000 2.530000
v -1.020000 0.000000 2.530000
v -1.020000 0.000000 2.530000
v -1.020000 0.000000 2.530000
v -1.020000 0.000000 2.530000
v -1.020000 0.000000 2.530000
v -1.020000 0.000000 2.530000
v -1.020000 0.000000 2.530000
v -1.020000 0.000000 2.530000
v -1.020000 0.000000 2.530000
v -1.020000 0.000000 2.530000
v -1.020000 0.000000 2.530000
v -1.020000 0.000000 2.530000
v -1.020000 0.000000 2.530000
v -0.994118 0.000000 2.526593
v -0.995000 0.006699 2.526593
v -0.997586 0.012941 2.526593
v -1.001699 0.018301 2.526593
v -1.007059 0.022414 2.526593
v -1.013301 0.025000 2.526593
v -1.020000 0.025882 2.526593
v -1.026699 0.025000 2.526593
v -1.032941 0.022414 2.526593
v -1.038301 0.018301 2.526593
v -1.042414 0.012941 2.526593
v -1.045000 0.006699 2.526593
v -1.045882 0.000000 2.526593
v -1.045000 -0.006699 2.526593
v -1.042414 -0.012941 2.526593
v -1.038301 -0.018301 2.526593
v -1.032941 -0.022414 2.526593
v -1.026699 -0.025000 2.526593
v -1.020000 -0.025882 2.526593
v -1.013301 -0.025000 2.526593
v -1.007059 -0.022414 2.526593
v -1.001699 -0.018301 2.526593
v -0.997586 -0.012941 2.526593
v -0.995000 -0.006699 2.526593
v -0.970000 0.000000 2.516603
v -0.971704 0.012941 2.516603
v -0.976699 0.025000 2.516603
v -0.984645 0.035355 2.516603
v -0.995000 0.043301 2.516603
v -1.007059 0.048296 2.516603
v -1.020000 0.050000 2.516603
v -1.032941 0.048296 2.516603
v -1.045000 0.043301 2.516603
v -1.055355 0.035355 2.516603
v -1.063301 0.025000 2.516603
v -1.068296 0.012941 2.516603
v -1.070000 0.000000 2.516603
v -1.068296 -0.012941 2.516603
v -1.063301 -0.025000 2.516603
v -1.055355 -0.035355 2.516603
v -1.045000 -0.043301 2.516603
v -1.032941 -0.048296 2.516603
v -1.020000 -0.050000 2.516603
v -1.007059 -0.048296 2.516603
v -0.995000 -0.043301 2.516603
v -0.984645 -0.035355 2.516603
v -0.976699 -0.025000 2.516603
v -0.971704 -0.012941 2.516603
v -0.949289 0.000000 2.500711
v -0.951699 0.018301 2.500711
v -0.958763 0.035355 2.500711
v -0.970000 0.050000 2.500711
v -0.984645 0.061237 2.500711
v -1.001699 0.068301 2.500711
v -1.020000 0.070711 2.500711
v -1.038301 0.068301 2.500711
v -1.055355 0.061237 2.500711
v -1.070000 0.050000 2.500711
v -1.081237 0.035355 2.500711
v -1.088301 0.018301 2.500711
v -1.090711 0.000000 2.500711
v -1.088301 -0.018301 2.500711
v -1.081237 -0.035355 2.500711
v -1.070000 -0.050000 2.500711
v -1.055355 -0.061237 2.500711
v -1.038301 -0.068301 2.500711
v -1.020000 -0.070711 2.500711
v -1.001699 -0.068301 2.500711
v -0.984645 -0.061237 2.500711
v -0.970000 -0.050000 2.500711
v -0.958763 -0.035355 2.500711
v -0.951699 -0.018301 2.500711
v -0.933397 0.000000 2.480000
v -0.936348 0.022414 2.480000
v -0.945000 0.043301 2.480000
v -0.958763 0.061237 2.480000
v -0.976699 0.075000 2.480000
v -0.997586 0.083652 2.480000
v -1.020000 0.086603 2.480000
v -1.042414 0.083652 2.480000
v -1.063301 0.075000 2.480000
v -1.081237 0.061237 2.480000
v -1.095000 0.043301 2.480000
v -1.103652 0.022414 2.480000
v -1.106603 0.000000 2.480000
v -1.103652 -0.022414 2.480000
v -1.095000 -0.043301 2.480000
v -1.081237 -0.061237 2.480000
v -1.063301 -0.075000 2.480000
v -1.042414 -0.083652 2.480000
v -1.020000 -0.086603 2.480000
v -0.997586 -0.083652 2.480000
v -0.976699 -0.075000 2.480000
v -0.958763 -0.061237 2.480000
v -0.945000 -0.043301 2.480000
v -0.936348 -0.022414 2.480000
v -0.923407 0.000000 2.455882
v -0.926699 0.025000 2.455882
v -0.936348 0.048296 2.455882
v -0.951699 0.068301 2.455882
v -0.971704 0.083652 2.455882
v -0.995000 0.093301 2.455882
v -1.020000 0.096593 2.455882
v -1.045000 0.093301 2.455882
v -1.068296 0.083652 2.455882
v -1.088301 0.068301 2.455882
v -1.103652 0.048296 2.455882
v -1.113301 0.025000 2.455882
v -1.116593 0.000000 2.455882
v -1.113301 -0.025000 2.455882
v -1.103652 -0.048296 2.455882
v -1.088301 -0.068301 2.455882
v -1.068296 -0.083652 2.455882
v -1.045000 -0.093301 2.455882
v -1.020000 -0.096593 2.455882
v -0.995000 -0.093301 2.455882
v -0.971704 -0.083652 2.455882
v -0.951699 -0.068301 2.455882
v -0.936348 -0.048296 2.455882
v -0.926699 -0.025000 2.455882
v -0.920000 0.000000 2.430000
v -0.923407 0.025882 2.430000
v -0.933397 0.050000 2.430000
v -0.949289 0.070711 2.430000
v -0.970000 0.086603 2.430000
v -0.994118 0.096593 2.430000
v -1.020000 0.100000 2.430000
v -1.045882 0.096593 2.430000
v -1.070000 0.086603 2.430000
v -1.090711 0.070711 2.430000
v -1.106603 0.050000 2.430000
v -1.116593 0.025882 2.430000
v -1.120000 0.000000 2.430000
v -1.116593 -0.025882 2.430000
v -1.106603 -0.050000 2.430000
v -1.090711 -0.070711 2.430000
v -1.070000 -0.086603 2.430000
v -1.045882 -0.096593 2.430000
v -1.020000 -0.100000 2.430000
v -0.994118 -0.096593 2.430000
v -0.970000 -0.086603 2.430000
v -0.949289 -0.070711 2.430000
v -0.933397 -0.050000 2.430000
v -0.923407 -0.025882 2.430000
v -0.923407 0.000000 2.404118
v -0.926699 0.025000 2.404118
v -0.936348 0.048296 2.404118
v -0.951699 0.068301 2.404118
v -0.971704 0.083652 2.404118
v -0.995000 0.093301 2.404118
v -1.020000 0.096593 2.404118
v -1.045000 0.093301 2.404118
v -1.068296 0.083652 2.404118
v -1.088301 0.068301 2.404118
v -1.103652 0.048296 2.404118
v -1.113301 0.025000 2.404118
v -1.116593 0.000000 2.404118
v -1.113301 -0.025000 2.404118
v -1.103652 -0.048296 2.404118
v -1.088301 -0.068301 2.404118
v -1.068296 -0.083652 2.404118
v -1.045000 -0.093301 2.404118
v -1.020000 -0.096593 2.404118
v -0.995000 -0.093301 2.404118
v -0.971704 -0.083652 2.404118
v -0.951699 -0.068301 2.404118
v -0.936348 -0.048296 2.404118
v -0.926699 -0.025000 2.404118
v -0.933397 0.000000 2.380000
v -0.936348 0.022414 2.380000
v -0.945000 0.043301 2.380000
v -0.958763 0.061237 2.380000
v -0.976699 0.075000 2.380000
v -0.997586 0.083652 2.380000
v -1.020000 0.086603 2.380000
v -1.042414 0.083652 2.380000
v -1.063301 0.075000 2.380000
v -1.081237 0.061237 2.380000
v -1.095000 0.043301 2.380000
v -1.103652 0.022414 2.380000
v -1.106603 0.000000 2.380000
v -1.103652 -0.022414 2.380000
v -1.095000 -0.043301 2.380000
v -1.081237 -0.061237 2.380000
v -1.063301 -0.075000 2.380000
v -1.042414 -0.083652 2.380000
v -1.020000 -0.086603 2.380000
v -0.997586 -0.083652 2.380000
v -0.976699 -0.075000 2.380000
v -0.958763 -0.061237 2.380000
v -0.945000 -0.043301 2.380000
v -0.936348 -0.022414 2.380000
v -0.949289 0.000000 2.359289
v -0.951699 0.018301 2.359289
v -0.958763 0.035355 2.359289
v -0.970000 0.050000 2.359289
v -0.984645 0.061237 2.359289
v -1.001699 0.068301 2.359289
v -1.020000 0.070711 2.359289
v -1.038301 0.068301 2.359289
v -1.055355 0.061237 2.359289
v -1.070000 0.050000 2.359289
v -1.081237 0.035355 2.359289
v -1.088301 0.018301 2.359289
v -1.090711 0.000000 2.359289
v -1.088301 -0.018301 2.359289
v -1.081237 -0.035355 2.359289
v -1.070000 -0.050000 2.359289
v -1.055355 -0.061237 2.359289
v -1.038301 -0.068301 2.359289
v -1.020000 -0.070711 2.359289
v -1.001699 -0.068301 2.359289
v -0.984645 -0.061237 2.359289
v -0.970000 -0.050000 2.359289
v -0.958763 -0.035355 2.359289
v -0.951699 -0.018301 2.359289
v -0.970000 0.000000 2.343397
v -0.971704 0.012941 2.343397
v -0.976699 0.025000 2.343397
v -0.984645 0.035355 2.343397
v -0.995000 0.043301 2.343397
v -1.007059 0.048296 2.343397
v -1.020000 0.050000 2.343397
v -1.032941 0.048296 2.343397
v -1.045000 0.043301 2.343397
v -1.055355 0.035355 2.343397
v -1.063301 0.025000 2.343397
v -1.068296 0.012941 2.343397
v -1.070000 0.000000 2.343397
v -1.068296 -0.012941 2.343397
v -1.063301 -0.025000 2.343397
v -1.055355 -0.035355 2.343397
v -1.045000 -0.043301 2.343397
v -1.032941 -0.048296 2.343397
v -1.020000 -0.050000 2.343397
v -1.007059 -0.048296 2.343397
v -0.995000 -0.043301 2.343397
v -0.984645 -0.035355 2.343397
v -0.976699 -0.025000 2.343397
v -0.971704 -0.012941 2.343397
v -0.994118 0.000000 2.333407
v -0.995000 0.006699 2.333407
v -0.997586 0.012941 2.333407
v -1.001699 0.018301 2.333407
v -1.007059 0.022414 2.333407
v -1.013301 0.025000 2.333407
v -1.020000 0.025882 2.333407
v -1.026699 0.025000 2.333407
v -1.032941 0.022414 2.333407
v -1.038301 0.018301 2.333407
v -1.042414 0.012941 2.333407
v -1.045000 0.006699 2.333407
v -1.045882 0.000000 2.333407
v -1.045000 -0.006699 2.333407
v -1.042414 -0.012941 2.333407
v -1.038301 -0.018301 2.333407
v -1.032941 -0.022414 2.333407
v -1.026699 -0.025000 2.333407
v -1.020000 -0.025882 2.333407
v -1.013301 -0.025000 2.333407
v -1.007059 -0.022414 2.333407
v -1.001699 -0.018301 2.333407
v -0.997586 -0.012941 2.333407
v -0.995000 -0.006699 2.333407
v -1.020000 0.000000 2.330000
v -1.020000 0.000000 2.330000
v -1.020000 0.000000 2.330000
v -1.020000 0.000000 2.330000
v -1.020000 0.000000 2.330000
v -1.020000 0.000000 2.330000
v -1.020000 0.000000 2.330000
v -1.020000 0.000000 2.330000
v -1.020000 0.000000 2.330000
v -1.020000 0.000000 2.330000
v -1.020000 0.000000 2.330000
v -1.020000 0.000000 2.330000
v -1.020000 0.000000 2.330000
v -1.020000 -0.000000 2.330000
v -1.020000 -0.000000 2.330000
v -1.020000 -0.000000 2.330000
v -1.020000 -0.000000 2.330000
v -1.020000 -0.000000 2.330000
v -1.020000 -0.000000 2.330000
v -1.020000 -0.000000 2.330000
v -1.020000 -0.000000 2.330000
v -1.020000 -0.000000 2.330000
v -1.020000 -0.000000 2.330000
v -1.020000 -0.000000 2.330000
v -0.127647 -0.231767 1.920000
v -0.178235 -0.238825 1.600000
v -0.134926 -0.230886 1.921110
v -0.183695 -0.238164 1.600832
v -0.140324 -0.225847 1.921796
v -0.187743 -0.234385 1.601347
v -0.141779 -0.218574 1.921796
v -0.188834 -0.228931 1.601347
v -0.138734 -0.211846 1.921110
v -0.186551 -0.223885 1.600832
v -0.132353 -0.208233 1.920000
v -0.181765 -0.221175 1.600000
v -0.125074 -0.209114 1.918890
v -0.176305 -0.221836 1.599168
v -0.119676 -0.214153 1.918204
v -0.172257 -0.225615 1.598653
v -0.118221 -0.221426 1.918204
v -0.171166 -0.231069 1.598653
v -0.121266 -0.228154 1.918890
v -0.173449 -0.236115 1.599168
v -0.169581 -0.235954 1.600000
v -0.212186 -0.304465 1.200000
v -0.175001 -0.240820 1.601394
v -0.216251 -0.308115 1.201045
v -0.182331 -0.241553 1.602255
v -0.221748 -0.308665 1.201691
v -0.188770 -0.237874 1.602255
v -0.226578 -0.305905 1.201691
v -0.191860 -0.231187 1.601394
v -0.228895 -0.300890 1.201045
v -0.190419 -0.224046 1.600000
v -0.227814 -0.295535 1.200000
v -0.184999 -0.219180 1.598606
v -0.223749 -0.291885 1.198955
v -0.177669 -0.218447 1.597745
v -0.218252 -0.291335 1.198309
v -0.171230 -0.222126 1.597745
v -0.213422 -0.294095 1.198309
v -0.168140 -0.228813 1.598606
v -0.211105 -0.299110 1.198955
v -0.209267 -0.305367 1.200000
v -0.271950 -0.424025 0.700000
v -0.214363 -0.310435 1.201828
v -0.275772 -0.427826 0.701371
v -0.221613 -0.311517 1.202958
v -0.281210 -0.428638 0.702218
v -0.228246 -0.308201 1.202958
v -0.286185 -0.426151 0.702218
v -0.231730 -0.301752 1.201828
v -0.288797 -0.421314 0.701371
v -0.230733 -0.294633 1.200000
v -0.288050 -0.415975 0.700000
v -0.225637 -0.289565 1.198172
v -0.284228 -0.412174 0.698629
v -0.218387 -0.288483 1.197042
v -0.278790 -0.411362 0.697782
v -0.211754 -0.291799 1.197042
v -0.273815 -0.413849 0.697782
v -0.208270 -0.298248 1.198172
v -0.271203 -0.418686 0.698629
v -0.269104 -0.425029 0.700000
v -0.331828 -0.553772 0.200000
v -0.274027 -0.430225 0.701942
v -0.335520 -0.557669 0.201456
v -0.281231 -0.431516 0.703142
v -0.340923 -0.558637 0.202356
v -0.287965 -0.428408 0.703142
v -0.345974 -0.556306 0.202356
v -0.291656 -0.422088 0.701942
v -0.348742 -0.551566 0.201456
v -0.290896 -0.414971 0.700000
v -0.348172 -0.546228 0.200000
v -0.285973 -0.409775 0.698058
v -0.344480 -0.542331 0.198544
v -0.278769 -0.408484 0.696858
v -0.339077 -0.541363 0.197644
v -0.272035 -0.411592 0.696858
v -0.334026 -0.543694 0.197644
v -0.268344 -0.417912 0.698058
v -0.331258 -0.548434 0.198544
v 0.132353 -0.208233 1.920000
v 0.181765 -0.221175 1.600000
v 0.138734 -0.211846 1.921110
v 0.186551 -0.223885 1.600832
v 0.141779 -0.218574 1.921796
v 0.188834 -0.228931 1.601347
v 0.140324 -0.225847 1.921796
v 0.187743 -0.234385 1.601347
v 0.134926 -0.230886 1.921110
v 0.183695 -0.238164 1.600832
v 0.127647 -0.231767 1.920000
v 0.178235 -0.238825 1.600000
v 0.121266 -0.228154 1.918890
v 0.173449 -0.236115 1.599168
v 0.118221 -0.221426 1.918204
v 0.171166 -0.231069 1.598653
v 0.119676 -0.214153 1.918204
v 0.172257 -0.225615 1.598653
v 0.125074 -0.209114 1.918890
v 0.176305 -0.221836 1.599168
v 0.190419 -0.224046 1.600000
v 0.227814 -0.295535 1.200000
v 0.191860 -0.231187 1.601394
v 0.228895 -0.300890 1.201045
v 0.188770 -0.237874 1.602255
v 0.226578 -0.305905 1.201691
v 0.182331 -0.241553 1.602255
v 0.221748 -0.308665 1.201691
v 0.175001 -0.240820 1.601394
v 0.216251 -0.308115 1.201045
v 0.169581 -0.235954 1.600000
v 0.212186 -0.304465 1.200000
v 0.168140 -0.228813 1.598606
v 0.211105 -0.299110 1.198955
v 0.171230 -0.222126 1.597745
v 0.213422 -0.294095 1.198309
v 0.177669 -0.218447 1.597745
v 0.218252 -0.291335 1.198309
v 0.184999 -0.219180 1.598606
v 0.223749 -0.291885 1.198955
v 0.230733 -0.294633 1.200000
v 0.288050 -0.415975 0.700000
v 0.231730 -0.301752 1.201828
v 0.288797 -0.421314 0.701371
v 0.228246 -0.308201 1.202958
v 0.286185 -0.426151 0.702218
v 0.221613 -0.311517 1.202958
v 0.281210 -0.428638 0.702218
v 0.214363 -0.310435 1.201828
v 0.275772 -0.427826 0.701371
v 0.209267 -0.305367 1.200000
v 0.271950 -0.424025 0.700000
v 0.208270 -0.298248 1.198172
v 0.271203 -0.418686 0.698629
v 0.211754 -0.291799 1.197042
v 0.273815 -0.413849 0.697782
v 0.218387 -0.288483 1.197042
v 0.278790 -0.411362 0.697782
v 0.225637 -0.289565 1.198172
v 0.284228 -0.412174 0.698629
v 0.290896 -0.414971 0.700000
v 0.348172 -0.546228 0.200000
v 0.291656 -0.422088 0.701942
v 0.348742 -0.551566 0.201456
v 0.287965 -0.428408 0.703142
v 0.345974 -0.556306 0.202356
v 0.281231 -0.431516 0.703142
v 0.340923 -0.558637 0.202356
v 0.274027 -0.430225 0.701942
v 0.335520 -0.557669 0.201456
v 0.269104 -0.425029 0.700000
v 0.331828 -0.553772 0.200000
v 0.268344 -0.417912 0.698058
v 0.331258 -0.548434 0.198544
v 0.272035 -0.411592 0.696858
v 0.334026 -0.543694 0.197644
v 0.278769 -0.408484 0.696858
v 0.339077 -0.541363 0.197644
v 0.285973 -0.409775 0.698058
v 0.344480 -0.542331 0.198544
usemtl skin
f 1 2 30
f 1 30 29
f 2 3 31
f 2 31 30
f 3 4 32
f 3 32 31
f 4 5 33
f 4 33 32
f 5 6 34
f 5 34 33
f 6 7 35
f 6 35 34
f 7 8 36
f 7 36 35
f 8 9 37
f 8 37 36
f 9 10 38
f 9 38 37
f 10 11 39
f 10 39 38
f 11 12 40
f 11 40 39
f 12 13 41
f 12 41 40
f 13 14 42
f 13 42 41
f 14 15 43
f 14 43 42
f 15 16 44
f 15 44 43
f 16 17 45
f 16 45 44
f 17 18 46
f 17 46 45
f 18 19 47
f 18 47 46
f 19 20 48
f 19 48 47
f 20 21 49
f 20 49 48
f 21 22 50
f 21 50 49
f 22 23 51
f 22 51 50
f 23 24 52
f 23 52 51
f 24 25 53
f 24 53 52
f 25 26 54
f 25 54 53
f 26 27 55
f 26 55 54
f 27 28 56
f 27 56 55
f 28 1 29
f 28 29 56
f 29 30 58
f 29 58 57
f 30 31 59
f 30 59 58
f 31 32 60
f 31 60 59
f 32 33 61
f 32 61 60
f 33 34 62
f 33 62 61
f 34 35 63
f 34 63 62
f 35 36 64
f 35 64 63
f 36 37 65
f 36 65 64
f 37 38 66
f 37 66 65
f 38 39 67
f 38 67 66
f 39 40 68
f 39 68 67
f 40 41 69
f 40 69 68
f 41 42 70
f 41 70 69
f 42 43 71
f 42 71 70
f 43 44 72
f 43 72 71
f 44 45 73
f 44 73 72
f 45 46 74
f 45 74 73
f 46 47 75
f 46 75 74
f 47 48 76
f 47 76 75
f 48 49 77
f 48 77 76
f 49 50 78
f 49 78 77
f 50 51 79
f 50 79 78
f 51 52 80
f 51 80 79
f 52 53 81
f 52 81 80
f 53 54 82
f 53 82 81
f 54 55 83
f 54 83 82
f 55 56 84
f 55 84 83
f 56 29 57
f 56 57 84
f 57 58 86
f 57 86 85
f 58 59 87
f 58 87 86
f 59 60 88
f 59 88 87
f 60 61 89
f 60 89 88
f 61 62 90
f 61 90 89
f 62 63 91
f 62 91 90
f 63 64 92
f 63 92 91
f 64 65 93
f 64 93 92
f 65 66 94
f 65 94 93
f 66 67 95
f 66 95 94
f 67 68 96
f 67 96 95
f 68 69 97
f 68 97 96
f 69 70 98
f 69 98 97
f 70 71 99
f 70 99 98
f 71 72 100
f 71 100 99
f 72 73 101
f 72 101 100
f 73 74 102
f 73 102 101
f 74 75 103
f 74 103 102
f 75 76 104
f 75 104 103
f 76 77 105
f 76 105 104
f 77 78 106
f 77 106 105
f 78 79 107
f 78 107 106
f 79 80 108
f 79 108 107
f 80 81 109
f 80 109 108
f 81 82 110
f 81 110 109
f 82 83 111
f 82 111 110
f 83 84 112
f 83 112 111
f 84 57 85
f 84 85 112
f 85 86 114
f 85 114 113
f 86 87 115
f 86 115 114
f 87 88 116
f 87 116 115
f 88 89 117
f 88 117 116
f 89 90 118
f 89 118 117
f 90 91 119
f 90 119 118
f 91 92 120
f 91 120 119
f 92 93 121
f 92 121 120
f 93 94 122
f 93 122 121
f 94 95 123
f 94 123 122
f 95 96 124
f 95 124 123
f 96 97 125
f 96 125 124
f 97 98 126
f 97 126 125
f 98 99 127
f 98 127 126
f 99 100 128
f 99 128 127
f 100 101 129
f 100 129 128
f 101 102 130
f 101 130 129
f 102 103 131
f 102 131 130
f 103 104 132
f 103 132 131
f 104 105 133
f 104 133 132
f 105 106 134
f 105 134 133
f 106 107 135
f 106 135 134
f 107 108 136
f 107 136 135
f 108 109 137
f 108 137 136
f 109 110 138
f 109 138 137
f 110 111 139
f 110 139 138
f 111 112 140
f 111 140 139
f 112 85 113
f 112 113 140
usemtl shoe
f 141 142 170
f 141 170 169
f 142 143 171
f 142 171 170
f 143 144 172
f 143 172 171
f 144 145 173
f 144 173 172
f 145 146 174
f 145 174 173
f 146 147 175
f 146 175 174
f 147 148 176
f 147 176 175
f 148 149 177
f 148 177 176
f 149 150 178
f 149 178 177
f 150 151 179
f 150 179 178
f 151 152 180
f 151 180 179
f 152 153 181
f 152 181 180
f 153 154 182
f 153 182 181
f 154 155 183
f 154 183 182
f 155 156 184
f 155 184 183
f 156 157 185
f 156 185 184
f 157 158 186
f 157 186 185
f 158 159 187
f 158 187 186
f 159 160 188
f 159 188 187
f 160 161 189
f 160 189 188
f 161 162 190
f 161 190 189
f 162 163 191
f 162 191 190
f 163 164 192
f 163 192 191
f 164 165 193
f 164 193 192
f 165 166 194
f 165 194 193
f 166 167 195
f 166 195 194
f 167 168 196
f 167 196 195
f 168 141 169
f 168 169 196
f 169 170 198
f 169 198 197
f 170 171 199
f 170 199 198
f 171 172 200
f 171 200 199
f 172 173 201
f 172 201 200
f 173 174 202
f 173 202 201
f 174 175 203
f 174 203 202
f 175 176 204
f 175 204 203
f 176 177 205
f 176 205 204
f 177 178 206
f 177 206 205
f 178 179 207
f 178 207 206
f 179 180 208
f 179 208 207
f 180 181 209
f 180 209 208
f 181 182 210
f 181 210 209
f 182 183 211
f 182 211 210
f 183 184 212
f 183 212 211
f 184 185 213
f 184 213 212
f 185 186 214
f 185 214 213
f 186 187 215
f 186 215 214
f 187 188 216
f 187 216 215
f 188 189 217
f 188 217 216
f 189 190 218
f 189 218 217
f 190 191 219
f 190 219 218
f 191 192 220
f 191 220 219
f 192 193 221
f 192 221 220
f 193 194 222
f 193 222 221
f 194 195 223
f 194 223 222
f 195 196 224
f 195 224 223
f 196 169 197
f 196 197 224
usemtl skin
f 225 226 254
f 225 254 253
f 226 227 255
f 226 255 254
f 227 228 256
f 227 256 255
f 228 229 257
f 228 257 256
f 229 230 258
f 229 258 257
f 230 231 259
f 230 259 258
f 231 232 260
f 231 260 259
f 232 233 261
f 232 261 260
f 233 234 262
f 233 262 261
f 234 235 263
f 234 263 262
f 235 236 264
f 235 264 263
f 236 237 265
f 236 265 264
f 237 238 266
f 237 266 265
f 238 239 267
f 238 267 266
f 239 240 268
f 239 268 267
f 240 241 269
f 240 269 268
f 241 242 270
f 241 270 269
f 242 243 271
f 242 271 270
f 243 244 272
f 243 272 271
f 244 245 273
f 244 273 272
f 245 246 274
f 245 274 273
f 246 247 275
f 246 275 274
f 247 248 276
f 247 276 275
f 248 249 277
f 248 277 276
f 249 250 278
f 249 278 277
f 250 251 279
f 250 279 278
f 251 252 280
f 251 280 279
f 252 225 253
f 252 253 280
f 253 254 282
f 253 282 281
f 254 255 283
f 254 283 282
f 255 256 284
f 255 284 283
f 256 257 285
f 256 285 284
f 257 258 286
f 257 286 285
f 258 259 287
f 258 287 286
f 259 260 288
f 259 288 287
f 260 261 289
f 260 289 288
f 261 262 290
f 261 290 289
f 262 263 291
f 262 291 290
f 263 264 292
f 263 292 291
f 264 265 293
f 264 293 292
f 265 266 294
f 265 294 293
f 266 267 295
f 266 295 294
f 267 268 296
f 267 296 295
f 268 269 297
f 268 297 296
f 269 270 298
f 269 298 297
f 270 271 299
f 270 299 298
f 271 272 300
f 271 300 299
f 272 273 301
f 272 301 300
f 273 274 302
f 273 302 301
f 274 275 303
f 274 303 302
f 275 276 304
f 275 304 303
f 276 277 305
f 276 305 304
f 277 278 306
f 277 306 305
f 278 279 307
f 278 307 306
f 279 280 308
f 279 308 307
f 280 253 281
f 280 281 308
f 281 282 310
f 281 310 309
f 282 283 311
f 282 311 310
f 283 284 312
f 283 312 311
f 284 285 313
f 284 313 312
f 285 286 314
f 285 314 313
f 286 287 315
f 286 315 314
f 287 288 316
f 287 316 315
f 288 289 317
f 288 317 316
f 289 290 318
f 289 318 317
f 290 291 319
f 290 319 318
f 291 292 320
f 291 320 319
f 292 293 321
f 292 321 320
f 293 294 322
f 293 322 321
f 294 295 323
f 294 323 322
f 295 296 324
f 295 324 323
f 296 297 325
f 296 325 324
f 297 298 326
f 297 326 325
f 298 299 327
f 298 327 326
f 299 300 328
f 299 328 327
f 300 301 329
f 300 329 328
f 301 302 330
f 301 330 329
f 302 303 331
f 302 331 330
f 303 304 332
f 303 332 331
f 304 305 333
f 304 333 332
f 305 306 334
f 305 334 333
f 306 307 335
f 306 335 334
f 307 308 336
f 307 336 335
f 308 281 309
f 308 309 336
f 309 310 338
f 309 338 337
f 310 311 339
f 310 339 338
f 311 312 340
f 311 340 339
f 312 313 341
f 312 341 340
f 313 314 342
f 313 342 341
f 314 315 343
f 314 343 342
f 315 316 344
f 315 344 343
f 316 317 345
f 316 345 344
f 317 318 346
f 317 346 345
f 318 319 347
f 318 347 346
f 319 320 348
f 319 348 347
f 320 321 349
f 320 349 348
f 321 322 350
f 321 350 349
f 322 323 351
f 322 351 350
f 323 324 352
f 323 352 351
f 324 325 353
f 324 353 352
f 325 326 354
f 325 354 353
f 326 327 355
f 326 355 354
f 327 328 356
f 327 356 355
f 328 329 357
f 328 357 356
f 329 330 358
f 329 358 357
f 330 331 359
f 330 359 358
f 331 332 360
f 331 360 359
f 332 333 361
f 332 361 360
f 333 334 362
f 333 362 361
f 334 335 363
f 334 363 362
f 335 336 364
f 335 364 363
f 336 309 337
f 336 337 364
usemtl shoe
f 365 366 394
f 365 394 393
f 366 367 395
f 366 395 394
f 367 368 396
f 367 396 395
f 368 369 397
f 368 397 396
f 369 370 398
f 369 398 397
f 370 371 399
f 370 399 398
f 371 372 400
f 371 400 399
f 372 373 401
f 372 401 400
f 373 374 402
f 373 402 401
f 374 375 403
f 374 403 402
f 375 376 404
f 375 404 403
f 376 377 405
f 376 405 404
f 377 378 406
f 377 406 405
f 378 379 407
f 378 407 406
f 379 380 408
f 379 408 407
f 380 381 409
f 380 409 408
f 381 382 410
f 381 410 409
f 382 383 411
f 382 411 410
f 383 384 412
f 383 412 411
f 384 385 413
f 384 413 412
f 385 386 414
f 385 414 413
f 386 387 415
f 386 415 414
f 387 388 416
f 387 416 415
f 388 389 417
f 388 417 416
f 389 390 418
f 389 418 417
f 390 391 419
f 390 419 418
f 391 392 420
f 391 420 419
f 392 365 393
f 392 393 420
f 393 394 422
f 393 422 421
f 394 395 423
f 394 423 422
f 395 396 424
f 395 424 423
f 396 397 425
f 396 425 424
f 397 398 426
f 397 426 425
f 398 399 427
f 398 427 426
f 399 400 428
f 399 428 427
f 400 401 429
f 400 429 428
f 401 402 430
f 401 430 429
f 402 403 431
f 402 431 430
f 403 404 432
f 403 432 431
f 404 405 433
f 404 433 432
f 405 406 434
f 405 434 433
f 406 407 435
f 406 435 434
f 407 408 436
f 407 436 435
f 408 409 437
f 408 437 436
f 409 410 438
f 409 438 437
f 410 411 439
f 410 439 438
f 411 412 440
f 411 440 439
f 412 413 441
f 412 441 440
f 413 414 442
f 413 442 441
f 414 415 443
f 414 443 442
f 415 416 444
f 415 444 443
f 416 417 445
f 416 445 444
f 417 418 446
f 417 446 445
f 418 419 447
f 418 447 446
f 419 420 448
f 419 448 447
f 420 393 421
f 420 421 448
usemtl skin
f 449 450 498
f 449 498 497
f 450 451 499
f 450 499 498
f 451 452 500
f 451 500 499
f 452 453 501
f 452 501 500
f 453 454 502
f 453 502 501
f 454 455 503
f 454 503 502
f 455 456 504
f 455 504 503
f 456 457 505
f 456 505 504
f 457 458 506
f 457 506 505
f 458 459 507
f 458 507 506
f 459 460 508
f 459 508 507
f 460 461 509
f 460 509 508
f 461 462 510
f 461 510 509
f 462 463 511
f 462 511 510
f 463 464 512
f 463 512 511
f 464 465 513
f 464 513 512
f 465 466 514
f 465 514 513
f 466 467 515
f 466 515 514
f 467 468 516
f 467 516 515
f 468 469 517
f 468 517 516
f 469 470 518
f 469 518 517
f 470 471 519
f 470 519 518
f 471 472 520
f 471 520 519
f 472 473 521
f 472 521 520
f 473 474 522
f 473 522 521
f 474 475 523
f 474 523 522
f 475 476 524
f 475 524 523
f 476 477 525
f 476 525 524
f 477 478 526
f 477 526 525
f 478 479 527
f 478 527 526
f 479 480 528
f 479 528 527
f 480 481 529
f 480 529 528
f 481 482 530
f 481 530 529
f 482 483 531
f 482 531 530
f 483 484 532
f 483 532 531
f 484 485 533
f 484 533 532
f 485 486 534
f 485 534 533
f 486 487 535
f 486 535 534
f 487 488 536
f 487 536 535
f 488 489 537
f 488 537 536
f 489 490 538
f 489 538 537
f 490 491 539
f 490 539 538
f 491 492 540
f 491 540 539
f 492 493 541
f 492 541 540
f 493 494 542
f 493 542 541
f 494 495 543
f 494 543 542
f 495 496 544
f 495 544 543
f 496 449 497
f 496 497 544
f 497 498 546
f 497 546 545
f 498 499 547
f 498 547 546
f 499 500 548
f 499 548 547
f 500 501 549
f 500 549 548
f 501 502 550
f 501 550 549
f 502 503 551
f 502 551 550
f 503 504 552
f 503 552 551
f 504 505 553
f 504 553 552
f 505 506 554
f 505 554 553
f 506 507 555
f 506 555 554
f 507 508 556
f 507 556 555
f 508 509 557
f 508 557 556
f 509 510 558
f 509 558 557
f 510 511 559
f 510 559 558
f 511 512 560
f 511 560 559
f 512 513 561
f 512 561 560
f 513 514 562
f 513 562 561
f 514 515 563
f 514 563 562
f 515 516 564
f 515 564 563
f 516 517 565
f 516 565 564
f 517 518 566
f 517 566 565
f 518 519 567
f 518 567 566
f 519 520 568
f 519 568 567
f 520 521 569
f 520 569 568
f 521 522 570
f 521 570 569
f 522 523 571
f 522 571 570
f 523 524 572
f 523 572 571
f 524 525 573
f 524 573 572
f 525 526 574
f 525 574 573
f 526 527 575
f 526 575 574
f 527 528 576
f 527 576 575
f 528 529 577
f 528 577 576
f 529 530 578
f 529 578 577
f 530 531 579
f 530 579 578
f 531 532 580
f 531 580 579
f 532 533 581
f 532 581 580
f 533 534 582
f 533 582 581
f 534 535 583
f 534 583 582
f 535 536 584
f 535 584 583
f 536 537 585
f 536 585 584
f 537 538 586
f 537 586 585
f 538 539 587
f 538 587 586
f 539 540 588
f 539 588 587
f 540 541 589
f 540 589 588
f 541 542 590
f 541 590 589
f 542 543 591
f 542 591 590
f 543 544 592
f 543 592 591
f 544 497 545
f 544 545 592
f 545 546 594
f 545 594 593
f 546 547 595
f 546 595 594
f 547 548 596
f 547 596 595
f 548 549 597
f 548 597 596
f 549 550 598
f 549 598 597
f 550 551 599
f 550 599 598
f 551 552 600
f 551 600 599
f 552 553 601
f 552 601 600
f 553 554 602
f 553 602 601
f 554 555 603
f 554 603 602
f 555 556 604
f 555 604 603
f 556 557 605
f 556 605 604
f 557 558 606
f 557 606 605
f 558 559 607
f 558 607 606
f 559 560 608
f 559 608 607
f 560 561 609
f 560 609 608
f 561 562 610
f 561 610 609
f 562 563 611
f 562 611 610
f 563 564 612
f 563 612 611
f 564 565 613
f 564 613 612
f 565 566 614
f 565 614 613
f 566 567 615
f 566 615 614
f 567 568 616
f 567 616 615
f 568 569 617
f 568 617 616
f 569 570 618
f 569 618 617
f 570 571 619
f 570 619 618
f 571 572 620
f 571 620 619
f 572 573 621
f 572 621 620
f 573 574 622
f 573 622 621
f 574 575 623
f 574 623 622
f 575 576 624
f 575 624 623
f 576 577 625
f 576 625 624
f 577 578 626
f 577 626 625
f 578 579 627
f 578 627 626
f 579 580 628
f 579 628 627
f 580 581 629
f 580 629 628
f 581 582 630
f 581 630 629
f 582 583 631
f 582 631 630
f 583 584 632
f 583 632 631
f 584 585 633
f 584 633 632
f 585 586 634
f 585 634 633
f 586 587 635
f 586 635 634
f 587 588 636
f 587 636 635
f 588 589 637
f 588 637 636
f 589 590 638
f 589 638 637
f 590 591 639
f 590 639 638
f 591 592 640
f 591 640 639
f 592 545 593
f 592 593 640
f 593 594 642
f 593 642 641
f 594 595 643
f 594 643 642
f 595 596 644
f 595 644 643
f 596 597 645
f 596 645 644
f 597 598 646
f 597 646 645
f 598 599 647
f 598 647 646
f 599 600 648
f 599 648 647
f 600 601 649
f 600 649 648
f 601 602 650
f 601 650 649
f 602 603 651
f 602 651 650
f 603 604 652
f 603 652 651
f 604 605 653
f 604 653 652
f 605 606 654
f 605 654 653
f 606 607 655
f 606 655 654
f 607 608 656
f 607 656 655
f 608 609 657
f 608 657 656
f 609 610 658
f 609 658 657
f 610 611 659
f 610 659 658
f 611 612 660
f 611 660 659
f 612 613 661
f 612 661 660
f 613 614 662
f 613 662 661
f 614 615 663
f 614 663 662
f 615 616 664
f 615 664 663
f 616 617 665
f 616 665 664
f 617 618 666
f 617 666 665
f 618 619 667
f 618 667 666
f 619 620 668
f 619 668 667
f 620 621 669
f 620 669 668
f 621 622 670
f 621 670 669
f 622 623 671
f 622 671 670
f 623 624 672
f 623 672 671
f 624 625 673
f 624 673 672
f 625 626 674
f 625 674 673
f 626 627 675
f 626 675 674
f 627 628 676
f 627 676 675
f 628 629 677
f 628 677 676
f 629 630 678
f 629 678 677
f 630 631 679
f 630 679 678
f 631 632 680
f 631 680 679
f 632 633 681
f 632 681 680
f 633 634 682
f 633 682 681
f 634 635 683
f 634 683 682
f 635 636 684
f 635 684 683
f 636 637 685
f 636 685 684
f 637 638 686
f 637 686 685
f 638 639 687
f 638 687 686
f 639 640 688
f 639 688 687
f 640 593 641
f 640 641 688
f 689 690 722
f 689 722 721
f 690 691 723
f 690 723 722
f 691 692 724
f 691 724 723
f 692 693 725
f 692 725 724
f 693 694 726
f 693 726 725
f 694 695 727
f 694 727 726
f 695 696 728
f 695 728 727
f 696 697 729
f 696 729 728
f 697 698 730
f 697 730 729
f 698 699 731
f 698 731 730
f 699 700 732
f 699 732 731
f 700 701 733
f 700 733 732
f 701 702 734
f 701 734 733
f 702 703 735
f 702 735 734
f 703 704 736
f 703 736 735
f 704 705 737
f 704 737 736
f 705 706 738
f 705 738 737
f 706 707 739
f 706 739 738
f 707 708 740
f 707 740 739
f 708 709 741
f 708 741 740
f 709 710 742
f 709 742 741
f 710 711 743
f 710 743 742
f 711 712 744
f 711 744 743
f 712 713 745
f 712 745 744
f 713 714 746
f 713 746 745
f 714 715 747
f 714 747 746
f 715 716 748
f 715 748 747
f 716 717 749
f 716 749 748
f 717 718 750
f 717 750 749
f 718 719 751
f 718 751 750
f 719 720 752
f 719 752 751
f 720 689 721
f 720 721 752
f 753 754 802
f 753 802 801
f 754 755 803
f 754 803 802
f 755 756 804
f 755 804 803
f 756 757 805
f 756 805 804
f 757 758 806
f 757 806 805
f 758 759 807
f 758 807 806
f 759 760 808
f 759 808 807
f 760 761 809
f 760 809 808
f 761 762 810
f 761 810 809
f 762 763 811
f 762 811 810
f 763 764 812
f 763 812 811
f 764 765 813
f 764 813 812
f 765 766 814
f 765 814 813
f 766 767 815
f 766 815 814
f 767 768 816
f 767 816 815
f 768 769 817
f 768 817 816
f 769 770 818
f 769 818 817
f 770 771 819
f 770 819 818
f 771 772 820
f 771 820 819
f 772 773 821
f 772 821 820
f 773 774 822
f 773 822 821
f 774 775 823
f 774 823 822
f 775 776 824
f 775 824 823
f 776 777 825
f 776 825 824
f 777 778 826
f 777 826 825
f 778 779 827
f 778 827 826
f 779 780 828
f 779 828 827
f 780 781 829
f 780 829 828
f 781 782 830
f 781 830 829
f 782 783 831
f 782 831 830
f 783 784 832
f 783 832 831
f 784 785 833
f 784 833 832
f 785 786 834
f 785 834 833
f 786 787 835
f 786 835 834
f 787 788 836
f 787 836 835
f 788 789 837
f 788 837 836
f 789 790 838
f 789 838 837
f 790 791 839
f 790 839 838
f 791 792 840
f 791 840 839
f 792 793 841
f 792 841 840
f 793 794 842
f 793 842 841
f 794 795 843
f 794 843 842
f 795 796 844
f 795 844 843
f 796 797 845
f 796 845 844
f 797 798 846
f 797 846 845
f 798 799 847
f 798 847 846
f 799 800 848
f 799 848 847
f 800 753 801
f 800 801 848
f 801 802 850
f 801 850 849
f 802 803 851
f 802 851 850
f 803 804 852
f 803 852 851
f 804 805 853
f 804 853 852
f 805 806 854
f 805 854 853
f 806 807 855
f 806 855 854
f 807 808 856
f 807 856 855
f 808 809 857
f 808 857 856
f 809 810 858
f 809 858 857
f 810 811 859
f 810 859 858
f 811 812 860
f 811 860 859
f 812 813 861
f 812 861 860
f 813 814 862
f 813 862 861
f 814 815 863
f 814 863 862
f 815 816 864
f 815 864 863
f 816 817 865
f 816 865 864
f 817 818 866
f 817 866 865
f 818 819 867
f 818 867 866
f 819 820 868
f 819 868 867
f 820 821 869
f 820 869 868
f 821 822 870
f 821 870 869
f 822 823 871
f 822 871 870
f 823 824 872
f 823 872 871
f 824 825 873
f 824 873 872
f 825 826 874
f 825 874 873
f 826 827 875
f 826 875 874
f 827 828 876
f 827 876 875
f 828 829 877
f 828 877 876
f 829 830 878
f 829 878 877
f 830 831 879
f 830 879 878
f 831 832 880
f 831 880 879
f 832 833 881
f 832 881 880
f 833 834 882
f 833 882 881
f 834 835 883
f 834 883 882
f 835 836 884
f 835 884 883
f 836 837 885
f 836 885 884
f 837 838 886
f 837 886 885
f 838 839 887
f 838 887 886
f 839 840 888
f 839 888 887
f 840 841 889
f 840 889 888
f 841 842 890
f 841 890 889
f 842 843 891
f 842 891 890
f 843 844 892
f 843 892 891
f 844 845 893
f 844 893 892
f 845 846 894
f 845 894 893
f 846 847 895
f 846 895 894
f 847 848 896
f 847 896 895
f 848 801 849
f 848 849 896
f 849 850 898
f 849 898 897
f 850 851 899
f 850 899 898
f 851 852 900
f 851 900 899
f 852 853 901
f 852 901 900
f 853 854 902
f 853 902 901
f 854 855 903
f 854 903 902
f 855 856 904
f 855 904 903
f 856 857 905
f 856 905 904
f 857 858 906
f 857 906 905
f 858 859 907
f 858 907 906
f 859 860 908
f 859 908 907
f 860 861 909
f 860 909 908
f 861 862 910
f 861 910 909
f 862 863 911
f 862 911 910
f 863 864 912
f 863 912 911
f 864 865 913
f 864 913 912
f 865 866 914
f 865 914 913
f 866 867 915
f 866 915 914
f 867 868 916
f 867 916 915
f 868 869 917
f 868 917 916
f 869 870 918
f 869 918 917
f 870 871 919
f 870 919 918
f 871 872 920
f 871 920 919
f 872 873 921
f 872 921 920
f 873 874 922
f 873 922 921
f 874 875 923
f 874 923 922
f 875 876 924
f 875 924 923
f 876 877 925
f 876 925 924
f 877 878 926
f 877 926 925
f 878 879 927
f 878 927 926
f 879 880 928
f 879 928 927
f 880 881 929
f 880 929 928
f 881 882 930
f 881 930 929
f 882 883 931
f 882 931 930
f 883 884 932
f 883 932 931
f 884 885 933
f 884 933 932
f 885 886 934
f 885 934 933
f 886 887 935
f 886 935 934
f 887 888 936
f 887 936 935
f 888 889 937
f 888 937 936
f 889 890 938
f 889 938 937
f 890 891 939
f 890 939 938
f 891 892 940
f 891 940 939
f 892 893 941
f 892 941 940
f 893 894 942
f 893 942 941
f 894 895 943
f 894 943 942
f 895 896 944
f 895 944 943
f 896 849 897
f 896 897 944
f 897 898 946
f 897 946 945
f 898 899 947
f 898 947 946
f 899 900 948
f 899 948 947
f 900 901 949
f 900 949 948
f 901 902 950
f 901 950 949
f 902 903 951
f 902 951 950
f 903 904 952
f 903 952 951
f 904 905 953
f 904 953 952
f 905 906 954
f 905 954 953
f 906 907 955
f 906 955 954
f 907 908 956
f 907 956 955
f 908 909 957
f 908 957 956
f 909 910 958
f 909 958 957
f 910 911 959
f 910 959 958
f 911 912 960
f 911 960 959
f 912 913 961
f 912 961 960
f 913 914 962
f 913 962 961
f 914 915 963
f 914 963 962
f 915 916 964
f 915 964 963
f 916 917 965
f 916 965 964
f 917 918 966
f 917 966 965
f 918 919 967
f 918 967 966
f 919 920 968
f 919 968 967
f 920 921 969
f 920 969 968
f 921 922 970
f 921 970 969
f 922 923 971
f 922 971 970
f 923 924 972
f 923 972 971
f 924 925 973
f 924 973 972
f 925 926 974
f 925 974 973
f 926 927 975
f 926 975 974
f 927 928 976
f 927 976 975
f 928 929 977
f 928 977 976
f 929 930 978
f 929 978 977
f 930 931 979
f 930 979 978
f 931 932 980
f 931 980 979
f 932 933 981
f 932 981 980
f 933 934 982
f 933 982 981
f 934 935 983
f 934 983 982
f 935 936 984
f 935 984 983
f 936 937 985
f 936 985 984
f 937 938 986
f 937 986 985
f 938 939 987
f 938 987 986
f 939 940 988
f 939 988 987
f 940 941 989
f 940 989 988
f 941 942 990
f 941 990 989
f 942 943 991
f 942 991 990
f 943 944 992
f 943 992 991
f 944 897 945
f 944 945 992
f 945 946 994
f 945 994 993
f 946 947 995
f 946 995 994
f 947 948 996
f 947 996 995
f 948 949 997
f 948 997 996
f 949 950 998
f 949 998 997
f 950 951 999
f 950 999 998
f 951 952 1000
f 951 1000 999
f 952 953 1001
f 952 1001 1000
f 953 954 1002
f 953 1002 1001
f 954 955 1003
f 954 1003 1002
f 955 956 1004
f 955 1004 1003
f 956 957 1005
f 956 1005 1004
f 957 958 1006
f 957 1006 1005
f 958 959 1007
f 958 1007 1006
f 959 960 1008
f 959 1008 1007
f 960 961 1009
f 960 1009 1008
f 961 962 1010
f 961 1010 1009
f 962 963 1011
f 962 1011 1010
f 963 964 1012
f 963 1012 1011
f 964 965 1013
f 964 1013 1012
f 965 966 1014
f 965 1014 1013
f 966 967 1015
f 966 1015 1014
f 967 968 1016
f 967 1016 1015
f 968 969 1017
f 968 1017 1016
f 969 970 1018
f 969 1018 1017
f 970 971 1019
f 970 1019 1018
f 971 972 1020
f 971 1020 1019
f 972 973 1021
f 972 1021 1020
f 973 974 1022
f 973 1022 1021
f 974 975 1023
f 974 1023 1022
f 975 976 1024
f 975 1024 1023
f 976 977 1025
f 976 1025 1024
f 977 978 1026
f 977 1026 1025
f 978 979 1027
f 978 1027 1026
f 979 980 1028
f 979 1028 1027
f 980 981 1029
f 980 1029 1028
f 981 982 1030
f 981 1030 1029
f 982 983 1031
f 982 1031 1030
f 983 984 1032
f 983 1032 1031
f 984 985 1033
f 984 1033 1032
f 985 986 1034
f 985 1034 1033
f 986 987 1035
f 986 1035 1034
f 987 988 1036
f 987 1036 1035
f 988 989 1037
f 988 1037 1036
f 989 990 1038
f 989 1038 1037
f 990 991 1039
f 990 1039 1038
f 991 992 1040
f 991 1040 1039
f 992 945 993
f 992 993 1040
f 993 994 1042
f 993 1042 1041
f 994 995 1043
f 994 1043 1042
f 995 996 1044
f 995 1044 1043
f 996 997 1045
f 996 1045 1044
f 997 998 1046
f 997 1046 1045
f 998 999 1047
f 998 1047 1046
f 999 1000 1048
f 999 1048 1047
f 1000 1001 1049
f 1000 1049 1048
f 1001 1002 1050
f 1001 1050 1049
f 1002 1003 1051
f 1002 1051 1050
f 1003 1004 1052
f 1003 1052 1051
f 1004 1005 1053
f 1004 1053 1052
f 1005 1006 1054
f 1005 1054 1053
f 1006 1007 1055
f 1006 1055 1054
f 1007 1008 1056
f 1007 1056 1055
f 1008 1009 1057
f 1008 1057 1056
f 1009 1010 1058
f 1009 1058 1057
f 1010 1011 1059
f 1010 1059 1058
f 1011 1012 1060
f 1011 1060 1059
f 1012 1013 1061
f 1012 1061 1060
f 1013 1014 1062
f 1013 1062 1061
f 1014 1015 1063
f 1014 1063 1062
f 1015 1016 1064
f 1015 1064 1063
f 1016 1017 1065
f 1016 1065 1064
f 1017 1018 1066
f 1017 1066 1065
f 1018 1019 1067
f 1018 1067 1066
f 1019 1020 1068
f 1019 1068 1067
f 1020 1021 1069
f 1020 1069 1068
f 1021 1022 1070
f 1021 1070 1069
f 1022 1023 1071
f 1022 1071 1070
f 1023 1024 1072
f 1023 1072 1071
f 1024 1025 1073
f 1024 1073 1072
f 1025 1026 1074
f 1025 1074 1073
f 1026 1027 1075
f 1026 1075 1074
f 1027 1028 1076
f 1027 1076 1075
f 1028 1029 1077
f 1028 1077 1076
f 1029 1030 1078
f 1029 1078 1077
f 1030 1031 1079
f 1030 1079 1078
f 1031 1032 1080
f 1031 1080 1079
f 1032 1033 1081
f 1032 1081 1080
f 1033 1034 1082
f 1033 1082 1081
f 1034 1035 1083
f 1034 1083 1082
f 1035 1036 1084
f 1035 1084 1083
f 1036 1037 1085
f 1036 1085 1084
f 1037 1038 1086
f 1037 1086 1085
f 1038 1039 1087
f 1038 1087 1086
f 1039 1040 1088
f 1039 1088 1087
f 1040 993 1041
f 1040 1041 1088
f 1041 1042 1090
f 1041 1090 1089
f 1042 1043 1091
f 1042 1091 1090
f 1043 1044 1092
f 1043 1092 1091
f 1044 1045 1093
f 1044 1093 1092
f 1045 1046 1094
f 1045 1094 1093
f 1046 1047 1095
f 1046 1095 1094
f 1047 1048 1096
f 1047 1096 1095
f 1048 1049 1097
f 1048 1097 1096
f 1049 1050 1098
f 1049 1098 1097
f 1050 1051 1099
f 1050 1099 1098
f 1051 1052 1100
f 1051 1100 1099
f 1052 1053 1101
f 1052 1101 1100
f 1053 1054 1102
f 1053 1102 1101
f 1054 1055 1103
f 1054 1103 1102
f 1055 1056 1104
f 1055 1104 1103
f 1056 1057 1105
f 1056 1105 1104
f 1057 1058 1106
f 1057 1106 1105
f 1058 1059 1107
f 1058 1107 1106
f 1059 1060 1108
f 1059 1108 1107
f 1060 1061 1109
f 1060 1109 1108
f 1061 1062 1110
f 1061 1110 1109
f 1062 1063 1111
f 1062 1111 1110
f 1063 1064 1112
f 1063 1112 1111
f 1064 1065 1113
f 1064 1113 1112
f 1065 1066 1114
f 1065 1114 1113
f 1066 1067 1115
f 1066 1115 1114
f 1067 1068 1116
f 1067 1116 1115
f 1068 1069 1117
f 1068 1117 1116
f 1069 1070 1118
f 1069 1118 1117
f 1070 1071 1119
f 1070 1119 1118
f 1071 1072 1120
f 1071 1120 1119
f 1072 1073 1121
f 1072 1121 1120
f 1073 1074 1122
f 1073 1122 1121
f 1074 1075 1123
f 1074 1123 1122
f 1075 1076 1124
f 1075 1124 1123
f 1076 1077 1125
f 1076 1125 1124
f 1077 1078 1126
f 1077 1126 1125
f 1078 1079 1127
f 1078 1127 1126
f 1079 1080 1128
f 1079 1128 1127
f 1080 1081 1129
f 1080 1129 1128
f 1081 1082 1130
f 1081 1130 1129
f 1082 1083 1131
f 1082 1131 1130
f 1083 1084 1132
f 1083 1132 1131
f 1084 1085 1133
f 1084 1133 1132
f 1085 1086 1134
f 1085 1134 1133
f 1086 1087 1135
f 1086 1135 1134
f 1087 1088 1136
f 1087 1136 1135
f 1088 1041 1089
f 1088 1089 1136
f 1089 1090 1138
f 1089 1138 1137
f 1090 1091 1139
f 1090 1139 1138
f 1091 1092 1140
f 1091 1140 1139
f 1092 1093 1141
f 1092 1141 1140
f 1093 1094 1142
f 1093 1142 1141
f 1094 1095 1143
f 1094 1143 1142
f 1095 1096 1144
f 1095 1144 1143
f 1096 1097 1145
f 1096 1145 1144
f 1097 1098 1146
f 1097 1146 1145
f 1098 1099 1147
f 1098 1147 1146
f 1099 1100 1148
f 1099 1148 1147
f 1100 1101 1149
f 1100 1149 1148
f 1101 1102 1150
f 1101 1150 1149
f 1102 1103 1151
f 1102 1151 1150
f 1103 1104 1152
f 1103 1152 1151
f 1104 1105 1153
f 1104 1153 1152
f 1105 1106 1154
f 1105 1154 1153
f 1106 1107 1155
f 1106 1155 1154
f 1107 1108 1156
f 1107 1156 1155
f 1108 1109 1157
f 1108 1157 1156
f 1109 1110 1158
f 1109 1158 1157
f 1110 1111 1159
f 1110 1159 1158
f 1111 1112 1160
f 1111 1160 1159
f 1112 1113 1161
f 1112 1161 1160
f 1113 1114 1162
f 1113 1162 1161
f 1114 1115 1163
f 1114 1163 1162
f 1115 1116 1164
f 1115 1164 1163
f 1116 1117 1165
f 1116 1165 1164
f 1117 1118 1166
f 1117 1166 1165
f 1118 1119 1167
f 1118 1167 1166
f 1119 1120 1168
f 1119 1168 1167
f 1120 1121 1169
f 1120 1169 1168
f 1121 1122 1170
f 1121 1170 1169
f 1122 1123 1171
f 1122 1171 1170
f 1123 1124 1172
f 1123 1172 1171
f 1124 1125 1173
f 1124 1173 1172
f 1125 1126 1174
f 1125 1174 1173
f 1126 1127 1175
f 1126 1175 1174
f 1127 1128 1176
f 1127 1176 1175
f 1128 1129 1177
f 1128 1177 1176
f 1129 1130 1178
f 1129 1178 1177
f 1130 1131 1179
f 1130 1179 1178
f 1131 1132 1180
f 1131 1180 1179
f 1132 1133 1181
f 1132 1181 1180
f 1133 1134 1182
f 1133 1182 1181
f 1134 1135 1183
f 1134 1183 1182
f 1135 1136 1184
f 1135 1184 1183
f 1136 1089 1137
f 1136 1137 1184
f 1137 1138 1186
f 1137 1186 1185
f 1138 1139 1187
f 1138 1187 1186
f 1139 1140 1188
f 1139 1188 1187
f 1140 1141 1189
f 1140 1189 1188
f 1141 1142 1190
f 1141 1190 1189
f 1142 1143 1191
f 1142 1191 1190
f 1143 1144 1192
f 1143 1192 1191
f 1144 1145 1193
f 1144 1193 1192
f 1145 1146 1194
f 1145 1194 1193
f 1146 1147 1195
f 1146 1195 1194
f 1147 1148 1196
f 1147 1196 1195
f 1148 1149 1197
f 1148 1197 1196
f 1149 1150 1198
f 1149 1198 1197
f 1150 1151 1199
f 1150 1199 1198
f 1151 1152 1200
f 1151 1200 1199
f 1152 1153 1201
f 1152 1201 1200
f 1153 1154 1202
f 1153 1202 1201
f 1154 1155 1203
f 1154 1203 1202
f 1155 1156 1204
f 1155 1204 1203
f 1156 1157 1205
f 1156 1205 1204
f 1157 1158 1206
f 1157 1206 1205
f 1158 1159 1207
f 1158 1207 1206
f 1159 1160 1208
f 1159 1208 1207
f 1160 1161 1209
f 1160 1209 1208
f 1161 1162 1210
f 1161 1210 1209
f 1162 1163 1211
f 1162 1211 1210
f 1163 1164 1212
f 1163 1212 1211
f 1164 1165 1213
f 1164 1213 1212
f 1165 1166 1214
f 1165 1214 1213
f 1166 1167 1215
f 1166 1215 1214
f 1167 1168 1216
f 1167 1216 1215
f 1168 1169 1217
f 1168 1217 1216
f 1169 1170 1218
f 1169 1218 1217
f 1170 1171 1219
f 1170 1219 1218
f 1171 1172 1220
f 1171 1220 1219
f 1172 1173 1221
f 1172 1221 1220
f 1173 1174 1222
f 1173 1222 1221
f 1174 1175 1223
f 1174 1223 1222
f 1175 1176 1224
f 1175 1224 1223
f 1176 1177 1225
f 1176 1225 1224
f 1177 1178 1226
f 1177 1226 1225
f 1178 1179 1227
f 1178 1227 1226
f 1179 1180 1228
f 1179 1228 1227
f 1180 1181 1229
f 1180 1229 1228
f 1181 1182 1230
f 1181 1230 1229
f 1182 1183 1231
f 1182 1231 1230
f 1183 1184 1232
f 1183 1232 1231
f 1184 1137 1185
f 1184 1185 1232
f 1185 1186 1234
f 1185 1234 1233
f 1186 1187 1235
f 1186 1235 1234
f 1187 1188 1236
f 1187 1236 1235
f 1188 1189 1237
f 1188 1237 1236
f 1189 1190 1238
f 1189 1238 1237
f 1190 1191 1239
f 1190 1239 1238
f 1191 1192 1240
f 1191 1240 1239
f 1192 1193 1241
f 1192 1241 1240
f 1193 1194 1242
f 1193 1242 1241
f 1194 1195 1243
f 1194 1243 1242
f 1195 1196 1244
f 1195 1244 1243
f 1196 1197 1245
f 1196 1245 1244
f 1197 1198 1246
f 1197 1246 1245
f 1198 1199 1247
f 1198 1247 1246
f 1199 1200 1248
f 1199 1248 1247
f 1200 1201 1249
f 1200 1249 1248
f 1201 1202 1250
f 1201 1250 1249
f 1202 1203 1251
f 1202 1251 1250
f 1203 1204 1252
f 1203 1252 1251
f 1204 1205 1253
f 1204 1253 1252
f 1205 1206 1254
f 1205 1254 1253
f 1206 1207 1255
f 1206 1255 1254
f 1207 1208 1256
f 1207 1256 1255
f 1208 1209 1257
f 1208 1257 1256
f 1209 1210 1258
f 1209 1258 1257
f 1210 1211 1259
f 1210 1259 1258
f 1211 1212 1260
f 1211 1260 1259
f 1212 1213 1261
f 1212 1261 1260
f 1213 1214 1262
f 1213 1262 1261
f 1214 1215 1263
f 1214 1263 1262
f 1215 1216 1264
f 1215 1264 1263
f 1216 1217 1265
f 1216 1265 1264
f 1217 1218 1266
f 1217 1266 1265
f 1218 1219 1267
f 1218 1267 1266
f 1219 1220 1268
f 1219 1268 1267
f 1220 1221 1269
f 1220 1269 1268
f 1221 1222 1270
f 1221 1270 1269
f 1222 1223 1271
f 1222 1271 1270
f 1223 1224 1272
f 1223 1272 1271
f 1224 1225 1273
f 1224 1273 1272
f 1225 1226 1274
f 1225 1274 1273
f 1226 1227 1275
f 1226 1275 1274
f 1227 1228 1276
f 1227 1276 1275
f 1228 1229 1277
f 1228 1277 1276
f 1229 1230 1278
f 1229 1278 1277
f 1230 1231 1279
f 1230 1279 1278
f 1231 1232 1280
f 1231 1280 1279
f 1232 1185 1233
f 1232 1233 1280
f 1233 1234 1282
f 1233 1282 1281
f 1234 1235 1283
f 1234 1283 1282
f 1235 1236 1284
f 1235 1284 1283
f 1236 1237 1285
f 1236 1285 1284
f 1237 1238 1286
f 1237 1286 1285
f 1238 1239 1287
f 1238 1287 1286
f 1239 1240 1288
f 1239 1288 1287
f 1240 1241 1289
f 1240 1289 1288
f 1241 1242 1290
f 1241 1290 1289
f 1242 1243 1291
f 1242 1291 1290
f 1243 1244 1292
f 1243 1292 1291
f 1244 1245 1293
f 1244 1293 1292
f 1245 1246 1294
f 1245 1294 1293
f 1246 1247 1295
f 1246 1295 1294
f 1247 1248 1296
f 1247 1296 1295
f 1248 1249 1297
f 1248 1297 1296
f 1249 1250 1298
f 1249 1298 1297
f 1250 1251 1299
f 1250 1299 1298
f 1251 1252 1300
f 1251 1300 1299
f 1252 1253 1301
f 1252 1301 1300
f 1253 1254 1302
f 1253 1302 1301
f 1254 1255 1303
f 1254 1303 1302
f 1255 1256 1304
f 1255 1304 1303
f 1256 1257 1305
f 1256 1305 1304
f 1257 1258 1306
f 1257 1306 1305
f 1258 1259 1307
f 1258 1307 1306
f 1259 1260 1308
f 1259 1308 1307
f 1260 1261 1309
f 1260 1309 1308
f 1261 1262 1310
f 1261 1310 1309
f 1262 1263 1311
f 1262 1311 1310
f 1263 1264 1312
f 1263 1312 1311
f 1264 1265 1313
f 1264 1313 1312
f 1265 1266 1314
f 1265 1314 1313
f 1266 1267 1315
f 1266 1315 1314
f 1267 1268 1316
f 1267 1316 1315
f 1268 1269 1317
f 1268 1317 1316
f 1269 1270 1318
f 1269 1318 1317
f 1270 1271 1319
f 1270 1319 1318
f 1271 1272 1320
f 1271 1320 1319
f 1272 1273 1321
f 1272 1321 1320
f 1273 1274 1322
f 1273 1322 1321
f 1274 1275 1323
f 1274 1323 1322
f 1275 1276 1324
f 1275 1324 1323
f 1276 1277 1325
f 1276 1325 1324
f 1277 1278 1326
f 1277 1326 1325
f 1278 1279 1327
f 1278 1327 1326
f 1279 1280 1328
f 1279 1328 1327
f 1280 1233 1281
f 1280 1281 1328
f 1281 1282 1330
f 1281 1330 1329
f 1282 1283 1331
f 1282 1331 1330
f 1283 1284 1332
f 1283 1332 1331
f 1284 1285 1333
f 1284 1333 1332
f 1285 1286 1334
f 1285 1334 1333
f 1286 1287 1335
f 1286 1335 1334
f 1287 1288 1336
f 1287 1336 1335
f 1288 1289 1337
f 1288 1337 1336
f 1289 1290 1338
f 1289 1338 1337
f 1290 1291 1339
f 1290 1339 1338
f 1291 1292 1340
f 1291 1340 1339
f 1292 1293 1341
f 1292 1341 1340
f 1293 1294 1342
f 1293 1342 1341
f 1294 1295 1343
f 1294 1343 1342
f 1295 1296 1344
f 1295 1344 1343
f 1296 1297 1345
f 1296 1345 1344
f 1297 1298 1346
f 1297 1346 1345
f 1298 1299 1347
f 1298 1347 1346
f 1299 1300 1348
f 1299 1348 1347
f 1300 1301 1349
f 1300 1349 1348
f 1301 1302 1350
f 1301 1350 1349
f 1302 1303 1351
f 1302 1351 1350
f 1303 1304 1352
f 1303 1352 1351
f 1304 1305 1353
f 1304 1353 1352
f 1305 1306 1354
f 1305 1354 1353
f 1306 1307 1355
f 1306 1355 1354
f 1307 1308 1356
f 1307 1356 1355
f 1308 1309 1357
f 1308 1357 1356
f 1309 1310 1358
f 1309 1358 1357
f 1310 1311 1359
f 1310 1359 1358
f 1311 1312 1360
f 1311 1360 1359
f 1312 1313 1361
f 1312 1361 1360
f 1313 1314 1362
f 1313 1362 1361
f 1314 1315 1363
f 1314 1363 1362
f 1315 1316 1364
f 1315 1364 1363
f 1316 1317 1365
f 1316 1365 1364
f 1317 1318 1366
f 1317 1366 1365
f 1318 1319 1367
f 1318 1367 1366
f 1319 1320 1368
f 1319 1368 1367
f 1320 1321 1369
f 1320 1369 1368
f 1321 1322 1370
f 1321 1370 1369
f 1322 1323 1371
f 1322 1371 1370
f 1323 1324 1372
f 1323 1372 1371
f 1324 1325 1373
f 1324 1373 1372
f 1325 1326 1374
f 1325 1374 1373
f 1326 1327 1375
f 1326 1375 1374
f 1327 1328 1376
f 1327 1376 1375
f 1328 1281 1329
f 1328 1329 1376
f 1329 1330 1378
f 1329 1378 1377
f 1330 1331 1379
f 1330 1379 1378
f 1331 1332 1380
f 1331 1380 1379
f 1332 1333 1381
f 1332 1381 1380
f 1333 1334 1382
f 1333 1382 1381
f 1334 1335 1383
f 1334 1383 1382
f 1335 1336 1384
f 1335 1384 1383
f 1336 1337 1385
f 1336 1385 1384
f 1337 1338 1386
f 1337 1386 1385
f 1338 1339 1387
f 1338 1387 1386
f 1339 1340 1388
f 1339 1388 1387
f 1340 1341 1389
f 1340 1389 1388
f 1341 1342 1390
f 1341 1390 1389
f 1342 1343 1391
f 1342 1391 1390
f 1343 1344 1392
f 1343 1392 1391
f 1344 1345 1393
f 1344 1393 1392
f 1345 1346 1394
f 1345 1394 1393
f 1346 1347 1395
f 1346 1395 1394
f 1347 1348 1396
f 1347 1396 1395
f 1348 1349 1397
f 1348 1397 1396
f 1349 1350 1398
f 1349 1398 1397
f 1350 1351 1399
f 1350 1399 1398
f 1351 1352 1400
f 1351 1400 1399
f 1352 1353 1401
f 1352 1401 1400
f 1353 1354 1402
f 1353 1402 1401
f 1354 1355 1403
f 1354 1403 1402
f 1355 1356 1404
f 1355 1404 1403
f 1356 1357 1405
f 1356 1405 1404
f 1357 1358 1406
f 1357 1406 1405
f 1358 1359 1407
f 1358 1407 1406
f 1359 1360 1408
f 1359 1408 1407
f 1360 1361 1409
f 1360 1409 1408
f 1361 1362 1410
f 1361 1410 1409
f 1362 1363 1411
f 1362 1411 1410
f 1363 1364 1412
f 1363 1412 1411
f 1364 1365 1413
f 1364 1413 1412
f 1365 1366 1414
f 1365 1414 1413
f 1366 1367 1415
f 1366 1415 1414
f 1367 1368 1416
f 1367 1416 1415
f 1368 1369 1417
f 1368 1417 1416
f 1369 1370 1418
f 1369 1418 1417
f 1370 1371 1419
f 1370 1419 1418
f 1371 1372 1420
f 1371 1420 1419
f 1372 1373 1421
f 1372 1421 1420
f 1373 1374 1422
f 1373 1422 1421
f 1374 1375 1423
f 1374 1423 1422
f 1375 1376 1424
f 1375 1424 1423
f 1376 1329 1377
f 1376 1377 1424
f 1377 1378 1426
f 1377 1426 1425
f 1378 1379 1427
f 1378 1427 1426
f 1379 1380 1428
f 1379 1428 1427
f 1380 1381 1429
f 1380 1429 1428
f 1381 1382 1430
f 1381 1430 1429
f 1382 1383 1431
f 1382 1431 1430
f 1383 1384 1432
f 1383 1432 1431
f 1384 1385 1433
f 1384 1433 1432
f 1385 1386 1434
f 1385 1434 1433
f 1386 1387 1435
f 1386 1435 1434
f 1387 1388 1436
f 1387 1436 1435
f 1388 1389 1437
f 1388 1437 1436
f 1389 1390 1438
f 1389 1438 1437
f 1390 1391 1439
f 1390 1439 1438
f 1391 1392 1440
f 1391 1440 1439
f 1392 1393 1441
f 1392 1441 1440
f 1393 1394 1442
f 1393 1442 1441
f 1394 1395 1443
f 1394 1443 1442
f 1395 1396 1444
f 1395 1444 1443
f 1396 1397 1445
f 1396 1445 1444
f 1397 1398 1446
f 1397 1446 1445
f 1398 1399 1447
f 1398 1447 1446
f 1399 1400 1448
f 1399 1448 1447
f 1400 1401 1449
f 1400 1449 1448
f 1401 1402 1450
f 1401 1450 1449
f 1402 1403 1451
f 1402 1451 1450
f 1403 1404 1452
f 1403 1452 1451
f 1404 1405 1453
f 1404 1453 1452
f 1405 1406 1454
f 1405 1454 1453
f 1406 1407 1455
f 1406 1455 1454
f 1407 1408 1456
f 1407 1456 1455
f 1408 1409 1457
f 1408 1457 1456
f 1409 1410 1458
f 1409 1458 1457
f 1410 1411 1459
f 1410 1459 1458
f 1411 1412 1460
f 1411 1460 1459
f 1412 1413 1461
f 1412 1461 1460
f 1413 1414 1462
f 1413 1462 1461
f 1414 1415 1463
f 1414 1463 1462
f 1415 1416 1464
f 1415 1464 1463
f 1416 1417 1465
f 1416 1465 1464
f 1417 1418 1466
f 1417 1466 1465
f 1418 1419 1467
f 1418 1467 1466
f 1419 1420 1468
f 1419 1468 1467
f 1420 1421 1469
f 1420 1469 1468
f 1421 1422 1470
f 1421 1470 1469
f 1422 1423 1471
f 1422 1471 1470
f 1423 1424 1472
f 1423 1472 1471
f 1424 1377 1425
f 1424 1425 1472
f 1425 1426 1474
f 1425 1474 1473
f 1426 1427 1475
f 1426 1475 1474
f 1427 1428 1476
f 1427 1476 1475
f 1428 1429 1477
f 1428 1477 1476
f 1429 1430 1478
f 1429 1478 1477
f 1430 1431 1479
f 1430 1479 1478
f 1431 1432 1480
f 1431 1480 1479
f 1432 1433 1481
f 1432 1481 1480
f 1433 1434 1482
f 1433 1482 1481
f 1434 1435 1483
f 1434 1483 1482
f 1435 1436 1484
f 1435 1484 1483
f 1436 1437 1485
f 1436 1485 1484
f 1437 1438 1486
f 1437 1486 1485
f 1438 1439 1487
f 1438 1487 1486
f 1439 1440 1488
f 1439 1488 1487
f 1440 1441 1489
f 1440 1489 1488
f 1441 1442 1490
f 1441 1490 1489
f 1442 1443 1491
f 1442 1491 1490
f 1443 1444 1492
f 1443 1492 1491
f 1444 1445 1493
f 1444 1493 1492
f 1445 1446 1494
f 1445 1494 1493
f 1446 1447 1495
f 1446 1495 1494
f 1447 1448 1496
f 1447 1496 1495
f 1448 1449 1497
f 1448 1497 1496
f 1449 1450 1498
f 1449 1498 1497
f 1450 1451 1499
f 1450 1499 1498
f 1451 1452 1500
f 1451 1500 1499
f 1452 1453 1501
f 1452 1501 1500
f 1453 1454 1502
f 1453 1502 1501
f 1454 1455 1503
f 1454 1503 1502
f 1455 1456 1504
f 1455 1504 1503
f 1456 1457 1505
f 1456 1505 1504
f 1457 1458 1506
f 1457 1506 1505
f 1458 1459 1507
f 1458 1507 1506
f 1459 1460 1508
f 1459 1508 1507
f 1460 1461 1509
f 1460 1509 1508
f 1461 1462 1510
f 1461 1510 1509
f 1462 1463 1511
f 1462 1511 1510
f 1463 1464 1512
f 1463 1512 1511
f 1464 1465 1513
f 1464 1513 1512
f 1465 1466 1514
f 1465 1514 1513
f 1466 1467 1515
f 1466 1515 1514
f 1467 1468 1516
f 1467 1516 1515
f 1468 1469 1517
f 1468 1517 1516
f 1469 1470 1518
f 1469 1518 1517
f 1470 1471 1519
f 1470 1519 1518
f 1471 1472 1520
f 1471 1520 1519
f 1472 1425 1473
f 1472 1473 1520
f 1473 1474 1522
f 1473 1522 1521
f 1474 1475 1523
f 1474 1523 1522
f 1475 1476 1524
f 1475 1524 1523
f 1476 1477 1525
f 1476 1525 1524
f 1477 1478 1526
f 1477 1526 1525
f 1478 1479 1527
f 1478 1527 1526
f 1479 1480 1528
f 1479 1528 1527
f 1480 1481 1529
f 1480 1529 1528
f 1481 1482 1530
f 1481 1530 1529
f 1482 1483 1531
f 1482 1531 1530
f 1483 1484 1532
f 1483 1532 1531
f 1484 1485 1533
f 1484 1533 1532
f 1485 1486 1534
f 1485 1534 1533
f 1486 1487 1535
f 1486 1535 1534
f 1487 1488 1536
f 1487 1536 1535
f 1488 1489 1537
f 1488 1537 1536
f 1489 1490 1538
f 1489 1538 1537
f 1490 1491 1539
f 1490 1539 1538
f 1491 1492 1540
f 1491 1540 1539
f 1492 1493 1541
f 1492 1541 1540
f 1493 1494 1542
f 1493 1542 1541
f 1494 1495 1543
f 1494 1543 1542
f 1495 1496 1544
f 1495 1544 1543
f 1496 1497 1545
f 1496 1545 1544
f 1497 1498 1546
f 1497 1546 1545
f 1498 1499 1547
f 1498 1547 1546
f 1499 1500 1548
f 1499 1548 1547
f 1500 1501 1549
f 1500 1549 1548
f 1501 1502 1550
f 1501 1550 1549
f 1502 1503 1551
f 1502 1551 1550
f 1503 1504 1552
f 1503 1552 1551
f 1504 1505 1553
f 1504 1553 1552
f 1505 1506 1554
f 1505 1554 1553
f 1506 1507 1555
f 1506 1555 1554
f 1507 1508 1556
f 1507 1556 1555
f 1508 1509 1557
f 1508 1557 1556
f 1509 1510 1558
f 1509 1558 1557
f 1510 1511 1559
f 1510 1559 1558
f 1511 1512 1560
f 1511 1560 1559
f 1512 1513 1561
f 1512 1561 1560
f 1513 1514 1562
f 1513 1562 1561
f 1514 1515 1563
f 1514 1563 1562
f 1515 1516 1564
f 1515 1564 1563
f 1516 1517 1565
f 1516 1565 1564
f 1517 1518 1566
f 1517 1566 1565
f 1518 1519 1567
f 1518 1567 1566
f 1519 1520 1568
f 1519 1568 1567
f 1520 1473 1521
f 1520 1521 1568
f 1521 1522 1570
f 1521 1570 1569
f 1522 1523 1571
f 1522 1571 1570
f 1523 1524 1572
f 1523 1572 1571
f 1524 1525 1573
f 1524 1573 1572
f 1525 1526 1574
f 1525 1574 1573
f 1526 1527 1575
f 1526 1575 1574
f 1527 1528 1576
f 1527 1576 1575
f 1528 1529 1577
f 1528 1577 1576
f 1529 1530 1578
f 1529 1578 1577
f 1530 1531 1579
f 1530 1579 1578
f 1531 1532 1580
f 1531 1580 1579
f 1532 1533 1581
f 1532 1581 1580
f 1533 1534 1582
f 1533 1582 1581
f 1534 1535 1583
f 1534 1583 1582
f 1535 1536 1584
f 1535 1584 1583
f 1536 1537 1585
f 1536 1585 1584
f 1537 1538 1586
f 1537 1586 1585
f 1538 1539 1587
f 1538 1587 1586
f 1539 1540 1588
f 1539 1588 1587
f 1540 1541 1589
f 1540 1589 1588
f 1541 1542 1590
f 1541 1590 1589
f 1542 1543 1591
f 1542 1591 1590
f 1543 1544 1592
f 1543 1592 1591
f 1544 1545 1593
f 1544 1593 1592
f 1545 1546 1594
f 1545 1594 1593
f 1546 1547 1595
f 1546 1595 1594
f 1547 1548 1596
f 1547 1596 1595
f 1548 1549 1597
f 1548 1597 1596
f 1549 1550 1598
f 1549 1598 1597
f 1550 1551 1599
f 1550 1599 1598
f 1551 1552 1600
f 1551 1600 1599
f 1552 1553 1601
f 1552 1601 1600
f 1553 1554 1602
f 1553 1602 1601
f 1554 1555 1603
f 1554 1603 1602
f 1555 1556 1604
f 1555 1604 1603
f 1556 1557 1605
f 1556 1605 1604
f 1557 1558 1606
f 1557 1606 1605
f 1558 1559 1607
f 1558 1607 1606
f 1559 1560 1608
f 1559 1608 1607
f 1560 1561 1609
f 1560 1609 1608
f 1561 1562 1610
f 1561 1610 1609
f 1562 1563 1611
f 1562 1611 1610
f 1563 1564 1612
f 1563 1612 1611
f 1564 1565 1613
f 1564 1613 1612
f 1565 1566 1614
f 1565 1614 1613
f 1566 1567 1615
f 1566 1615 1614
f 1567 1568 1616
f 1567 1616 1615
f 1568 1521 1569
f 1568 1569 1616
f 1569 1570 1618
f 1569 1618 1617
f 1570 1571 1619
f 1570 1619 1618
f 1571 1572 1620
f 1571 1620 1619
f 1572 1573 1621
f 1572 1621 1620
f 1573 1574 1622
f 1573 1622 1621
f 1574 1575 1623
f 1574 1623 1622
f 1575 1576 1624
f 1575 1624 1623
f 1576 1577 1625
f 1576 1625 1624
f 1577 1578 1626
f 1577 1626 1625
f 1578 1579 1627
f 1578 1627 1626
f 1579 1580 1628
f 1579 1628 1627
f 1580 1581 1629
f 1580 1629 1628
f 1581 1582 1630
f 1581 1630 1629
f 1582 1583 1631
f 1582 1631 1630
f 1583 1584 1632
f 1583 1632 1631
f 1584 1585 1633
f 1584 1633 1632
f 1585 1586 1634
f 1585 1634 1633
f 1586 1587 1635
f 1586 1635 1634
f 1587 1588 1636
f 1587 1636 1635
f 1588 1589 1637
f 1588 1637 1636
f 1589 1590 1638
f 1589 1638 1637
f 1590 1591 1639
f 1590 1639 1638
f 1591 1592 1640
f 1591 1640 1639
f 1592 1593 1641
f 1592 1641 1640
f 1593 1594 1642
f 1593 1642 1641
f 1594 1595 1643
f 1594 1643 1642
f 1595 1596 1644
f 1595 1644 1643
f 1596 1597 1645
f 1596 1645 1644
f 1597 1598 1646
f 1597 1646 1645
f 1598 1599 1647
f 1598 1647 1646
f 1599 1600 1648
f 1599 1648 1647
f 1600 1601 1649
f 1600 1649 1648
f 1601 1602 1650
f 1601 1650 1649
f 1602 1603 1651
f 1602 1651 1650
f 1603 1604 1652
f 1603 1652 1651
f 1604 1605 1653
f 1604 1653 1652
f 1605 1606 1654
f 1605 1654 1653
f 1606 1607 1655
f 1606 1655 1654
f 1607 1608 1656
f 1607 1656 1655
f 1608 1609 1657
f 1608 1657 1656
f 1609 1610 1658
f 1609 1658 1657
f 1610 1611 1659
f 1610 1659 1658
f 1611 1612 1660
f 1611 1660 1659
f 1612 1613 1661
f 1612 1661 1660
f 1613 1614 1662
f 1613 1662 1661
f 1614 1615 1663
f 1614 1663 1662
f 1615 1616 1664
f 1615 1664 1663
f 1616 1569 1617
f 1616 1617 1664
f 1617 1618 1666
f 1617 1666 1665
f 1618 1619 1667
f 1618 1667 1666
f 1619 1620 1668
f 1619 1668 1667
f 1620 1621 1669
f 1620 1669 1668
f 1621 1622 1670
f 1621 1670 1669
f 1622 1623 1671
f 1622 1671 1670
f 1623 1624 1672
f 1623 1672 1671
f 1624 1625 1673
f 1624 1673 1672
f 1625 1626 1674
f 1625 1674 1673
f 1626 1627 1675
f 1626 1675 1674
f 1627 1628 1676
f 1627 1676 1675
f 1628 1629 1677
f 1628 1677 1676
f 1629 1630 1678
f 1629 1678 1677
f 1630 1631 1679
f 1630 1679 1678
f 1631 1632 1680
f 1631 1680 1679
f 1632 1633 1681
f 1632 1681 1680
f 1633 1634 1682
f 1633 1682 1681
f 1634 1635 1683
f 1634 1683 1682
f 1635 1636 1684
f 1635 1684 1683
f 1636 1637 1685
f 1636 1685 1684
f 1637 1638 1686
f 1637 1686 1685
f 1638 1639 1687
f 1638 1687 1686
f 1639 1640 1688
f 1639 1688 1687
f 1640 1641 1689
f 1640 1689 1688
f 1641 1642 1690
f 1641 1690 1689
f 1642 1643 1691
f 1642 1691 1690
f 1643 1644 1692
f 1643 1692 1691
f 1644 1645 1693
f 1644 1693 1692
f 1645 1646 1694
f 1645 1694 1693
f 1646 1647 1695
f 1646 1695 1694
f 1647 1648 1696
f 1647 1696 1695
f 1648 1649 1697
f 1648 1697 1696
f 1649 1650 1698
f 1649 1698 1697
f 1650 1651 1699
f 1650 1699 1698
f 1651 1652 1700
f 1651 1700 1699
f 1652 1653 1701
f 1652 1701 1700
f 1653 1654 1702
f 1653 1702 1701
f 1654 1655 1703
f 1654 1703 1702
f 1655 1656 1704
f 1655 1704 1703
f 1656 1657 1705
f 1656 1705 1704
f 1657 1658 1706
f 1657 1706 1705
f 1658 1659 1707
f 1658 1707 1706
f 1659 1660 1708
f 1659 1708 1707
f 1660 1661 1709
f 1660 1709 1708
f 1661 1662 1710
f 1661 1710 1709
f 1662 1663 1711
f 1662 1711 1710
f 1663 1664 1712
f 1663 1712 1711
f 1664 1617 1665
f 1664 1665 1712
f 1665 1666 1714
f 1665 1714 1713
f 1666 1667 1715
f 1666 1715 1714
f 1667 1668 1716
f 1667 1716 1715
f 1668 1669 1717
f 1668 1717 1716
f 1669 1670 1718
f 1669 1718 1717
f 1670 1671 1719
f 1670 1719 1718
f 1671 1672 1720
f 1671 1720 1719
f 1672 1673 1721
f 1672 1721 1720
f 1673 1674 1722
f 1673 1722 1721
f 1674 1675 1723
f 1674 1723 1722
f 1675 1676 1724
f 1675 1724 1723
f 1676 1677 1725
f 1676 1725 1724
f 1677 1678 1726
f 1677 1726 1725
f 1678 1679 1727
f 1678 1727 1726
f 1679 1680 1728
f 1679 1728 1727
f 1680 1681 1729
f 1680 1729 1728
f 1681 1682 1730
f 1681 1730 1729
f 1682 1683 1731
f 1682 1731 1730
f 1683 1684 1732
f 1683 1732 1731
f 1684 1685 1733
f 1684 1733 1732
f 1685 1686 1734
f 1685 1734 1733
f 1686 1687 1735
f 1686 1735 1734
f 1687 1688 1736
f 1687 1736 1735
f 1688 1689 1737
f 1688 1737 1736
f 1689 1690 1738
f 1689 1738 1737
f 1690 1691 1739
f 1690 1739 1738
f 1691 1692 1740
f 1691 1740 1739
f 1692 1693 1741
f 1692 1741 1740
f 1693 1694 1742
f 1693 1742 1741
f 1694 1695 1743
f 1694 1743 1742
f 1695 1696 1744
f 1695 1744 1743
f 1696 1697 1745
f 1696 1745 1744
f 1697 1698 1746
f 1697 1746 1745
f 1698 1699 1747
f 1698 1747 1746
f 1699 1700 1748
f 1699 1748 1747
f 1700 1701 1749
f 1700 1749 1748
f 1701 1702 1750
f 1701 1750 1749
f 1702 1703 1751
f 1702 1751 1750
f 1703 1704 1752
f 1703 1752 1751
f 1704 1705 1753
f 1704 1753 1752
f 1705 1706 1754
f 1705 1754 1753
f 1706 1707 1755
f 1706 1755 1754
f 1707 1708 1756
f 1707 1756 1755
f 1708 1709 1757
f 1708 1757 1756
f 1709 1710 1758
f 1709 1758 1757
f 1710 1711 1759
f 1710 1759 1758
f 1711 1712 1760
f 1711 1760 1759
f 1712 1665 1713
f 1712 1713 1760
f 1713 1714 1762
f 1713 1762 1761
f 1714 1715 1763
f 1714 1763 1762
f 1715 1716 1764
f 1715 1764 1763
f 1716 1717 1765
f 1716 1765 1764
f 1717 1718 1766
f 1717 1766 1765
f 1718 1719 1767
f 1718 1767 1766
f 1719 1720 1768
f 1719 1768 1767
f 1720 1721 1769
f 1720 1769 1768
f 1721 1722 1770
f 1721 1770 1769
f 1722 1723 1771
f 1722 1771 1770
f 1723 1724 1772
f 1723 1772 1771
f 1724 1725 1773
f 1724 1773 1772
f 1725 1726 1774
f 1725 1774 1773
f 1726 1727 1775
f 1726 1775 1774
f 1727 1728 1776
f 1727 1776 1775
f 1728 1729 1777
f 1728 1777 1776
f 1729 1730 1778
f 1729 1778 1777
f 1730 1731 1779
f 1730 1779 1778
f 1731 1732 1780
f 1731 1780 1779
f 1732 1733 1781
f 1732 1781 1780
f 1733 1734 1782
f 1733 1782 1781
f 1734 1735 1783
f 1734 1783 1782
f 1735 1736 1784
f 1735 1784 1783
f 1736 1737 1785
f 1736 1785 1784
f 1737 1738 1786
f 1737 1786 1785
f 1738 1739 1787
f 1738 1787 1786
f 1739 1740 1788
f 1739 1788 1787
f 1740 1741 1789
f 1740 1789 1788
f 1741 1742 1790
f 1741 1790 1789
f 1742 1743 1791
f 1742 1791 1790
f 1743 1744 1792
f 1743 1792 1791
f 1744 1745 1793
f 1744 1793 1792
f 1745 1746 1794
f 1745 1794 1793
f 1746 1747 1795
f 1746 1795 1794
f 1747 1748 1796
f 1747 1796 1795
f 1748 1749 1797
f 1748 1797 1796
f 1749 1750 1798
f 1749 1798 1797
f 1750 1751 1799
f 1750 1799 1798
f 1751 1752 1800
f 1751 1800 1799
f 1752 1753 1801
f 1752 1801 1800
f 1753 1754 1802
f 1753 1802 1801
f 1754 1755 1803
f 1754 1803 1802
f 1755 1756 1804
f 1755 1804 1803
f 1756 1757 1805
f 1756 1805 1804
f 1757 1758 1806
f 1757 1806 1805
f 1758 1759 1807
f 1758 1807 1806
f 1759 1760 1808
f 1759 1808 1807
f 1760 1713 1761
f 1760 1761 1808
f 1761 1762 1810
f 1761 1810 1809
f 1762 1763 1811
f 1762 1811 1810
f 1763 1764 1812
f 1763 1812 1811
f 1764 1765 1813
f 1764 1813 1812
f 1765 1766 1814
f 1765 1814 1813
f 1766 1767 1815
f 1766 1815 1814
f 1767 1768 1816
f 1767 1816 1815
f 1768 1769 1817
f 1768 1817 1816
f 1769 1770 1818
f 1769 1818 1817
f 1770 1771 1819
f 1770 1819 1818
f 1771 1772 1820
f 1771 1820 1819
f 1772 1773 1821
f 1772 1821 1820
f 1773 1774 1822
f 1773 1822 1821
f 1774 1775 1823
f 1774 1823 1822
f 1775 1776 1824
f 1775 1824 1823
f 1776 1777 1825
f 1776 1825 1824
f 1777 1778 1826
f 1777 1826 1825
f 1778 1779 1827
f 1778 1827 1826
f 1779 1780 1828
f 1779 1828 1827
f 1780 1781 1829
f 1780 1829 1828
f 1781 1782 1830
f 1781 1830 1829
f 1782 1783 1831
f 1782 1831 1830
f 1783 1784 1832
f 1783 1832 1831
f 1784 1785 1833
f 1784 1833 1832
f 1785 1786 1834
f 1785 1834 1833
f 1786 1787 1835
f 1786 1835 1834
f 1787 1788 1836
f 1787 1836 1835
f 1788 1789 1837
f 1788 1837 1836
f 1789 1790 1838
f 1789 1838 1837
f 1790 1791 1839
f 1790 1839 1838
f 1791 1792 1840
f 1791 1840 1839
f 1792 1793 1841
f 1792 1841 1840
f 1793 1794 1842
f 1793 1842 1841
f 1794 1795 1843
f 1794 1843 1842
f 1795 1796 1844
f 1795 1844 1843
f 1796 1797 1845
f 1796 1845 1844
f 1797 1798 1846
f 1797 1846 1845
f 1798 1799 1847
f 1798 1847 1846
f 1799 1800 1848
f 1799 1848 1847
f 1800 1801 1849
f 1800 1849 1848
f 1801 1802 1850
f 1801 1850 1849
f 1802 1803 1851
f 1802 1851 1850
f 1803 1804 1852
f 1803 1852 1851
f 1804 1805 1853
f 1804 1853 1852
f 1805 1806 1854
f 1805 1854 1853
f 1806 1807 1855
f 1806 1855 1854
f 1807 1808 1856
f 1807 1856 1855
f 1808 1761 1809
f 1808 1809 1856
f 1809 1810 1858
f 1809 1858 1857
f 1810 1811 1859
f 1810 1859 1858
f 1811 1812 1860
f 1811 1860 1859
f 1812 1813 1861
f 1812 1861 1860
f 1813 1814 1862
f 1813 1862 1861
f 1814 1815 1863
f 1814 1863 1862
f 1815 1816 1864
f 1815 1864 1863
f 1816 1817 1865
f 1816 1865 1864
f 1817 1818 1866
f 1817 1866 1865
f 1818 1819 1867
f 1818 1867 1866
f 1819 1820 1868
f 1819 1868 1867
f 1820 1821 1869
f 1820 1869 1868
f 1821 1822 1870
f 1821 1870 1869
f 1822 1823 1871
f 1822 1871 1870
f 1823 1824 1872
f 1823 1872 1871
f 1824 1825 1873
f 1824 1873 1872
f 1825 1826 1874
f 1825 1874 1873
f 1826 1827 1875
f 1826 1875 1874
f 1827 1828 1876
f 1827 1876 1875
f 1828 1829 1877
f 1828 1877 1876
f 1829 1830 1878
f 1829 1878 1877
f 1830 1831 1879
f 1830 1879 1878
f 1831 1832 1880
f 1831 1880 1879
f 1832 1833 1881
f 1832 1881 1880
f 1833 1834 1882
f 1833 1882 1881
f 1834 1835 1883
f 1834 1883 1882
f 1835 1836 1884
f 1835 1884 1883
f 1836 1837 1885
f 1836 1885 1884
f 1837 1838 1886
f 1837 1886 1885
f 1838 1839 1887
f 1838 1887 1886
f 1839 1840 1888
f 1839 1888 1887
f 1840 1841 1889
f 1840 1889 1888
f 1841 1842 1890
f 1841 1890 1889
f 1842 1843 1891
f 1842 1891 1890
f 1843 1844 1892
f 1843 1892 1891
f 1844 1845 1893
f 1844 1893 1892
f 1845 1846 1894
f 1845 1894 1893
f 1846 1847 1895
f 1846 1895 1894
f 1847 1848 1896
f 1847 1896 1895
f 1848 1849 1897
f 1848 1897 1896
f 1849 1850 1898
f 1849 1898 1897
f 1850 1851 1899
f 1850 1899 1898
f 1851 1852 1900
f 1851 1900 1899
f 1852 1853 1901
f 1852 1901 1900
f 1853 1854 1902
f 1853 1902 1901
f 1854 1855 1903
f 1854 1903 1902
f 1855 1856 1904
f 1855 1904 1903
f 1856 1809 1857
f 1856 1857 1904
f 1857 1858 1906
f 1857 1906 1905
f 1858 1859 1907
f 1858 1907 1906
f 1859 1860 1908
f 1859 1908 1907
f 1860 1861 1909
f 1860 1909 1908
f 1861 1862 1910
f 1861 1910 1909
f 1862 1863 1911
f 1862 1911 1910
f 1863 1864 1912
f 1863 1912 1911
f 1864 1865 1913
f 1864 1913 1912
f 1865 1866 1914
f 1865 1914 1913
f 1866 1867 1915
f 1866 1915 1914
f 1867 1868 1916
f 1867 1916 1915
f 1868 1869 1917
f 1868 1917 1916
f 1869 1870 1918
f 1869 1918 1917
f 1870 1871 1919
f 1870 1919 1918
f 1871 1872 1920
f 1871 1920 1919
f 1872 1873 1921
f 1872 1921 1920
f 1873 1874 1922
f 1873 1922 1921
f 1874 1875 1923
f 1874 1923 1922
f 1875 1876 1924
f 1875 1924 1923
f 1876 1877 1925
f 1876 1925 1924
f 1877 1878 1926
f 1877 1926 1925
f 1878 1879 1927
f 1878 1927 1926
f 1879 1880 1928
f 1879 1928 1927
f 1880 1881 1929
f 1880 1929 1928
f 1881 1882 1930
f 1881 1930 1929
f 1882 1883 1931
f 1882 1931 1930
f 1883 1884 1932
f 1883 1932 1931
f 1884 1885 1933
f 1884 1933 1932
f 1885 1886 1934
f 1885 1934 1933
f 1886 1887 1935
f 1886 1935 1934
f 1887 1888 1936
f 1887 1936 1935
f 1888 1889 1937
f 1888 1937 1936
f 1889 1890 1938
f 1889 1938 1937
f 1890 1891 1939
f 1890 1939 1938
f 1891 1892 1940
f 1891 1940 1939
f 1892 1893 1941
f 1892 1941 1940
f 1893 1894 1942
f 1893 1942 1941
f 1894 1895 1943
f 1894 1943 1942
f 1895 1896 1944
f 1895 1944 1943
f 1896 1897 1945
f 1896 1945 1944
f 1897 1898 1946
f 1897 1946 1945
f 1898 1899 1947
f 1898 1947 1946
f 1899 1900 1948
f 1899 1948 1947
f 1900 1901 1949
f 1900 1949 1948
f 1901 1902 1950
f 1901 1950 1949
f 1902 1903 1951
f 1902 1951 1950
f 1903 1904 1952
f 1903 1952 1951
f 1904 1857 1905
f 1904 1905 1952
usemtl hair
f 1953 1954 2002
f 1953 2002 2001
f 1954 1955 2003
f 1954 2003 2002
f 1955 1956 2004
f 1955 2004 2003
f 1956 1957 2005
f 1956 2005 2004
f 1957 1958 2006
f 1957 2006 2005
f 1958 1959 2007
f 1958 2007 2006
f 1959 1960 2008
f 1959 2008 2007
f 1960 1961 2009
f 1960 2009 2008
f 1961 1962 2010
f 1961 2010 2009
f 1962 1963 2011
f 1962 2011 2010
f 1963 1964 2012
f 1963 2012 2011
f 1964 1965 2013
f 1964 2013 2012
f 1965 1966 2014
f 1965 2014 2013
f 1966 1967 2015
f 1966 2015 2014
f 1967 1968 2016
f 1967 2016 2015
f 1968 1969 2017
f 1968 2017 2016
f 1969 1970 2018
f 1969 2018 2017
f 1970 1971 2019
f 1970 2019 2018
f 1971 1972 2020
f 1971 2020 2019
f 1972 1973 2021
f 1972 2021 2020
f 1973 1974 2022
f 1973 2022 2021
f 1974 1975 2023
f 1974 2023 2022
f 1975 1976 2024
f 1975 2024 2023
f 1976 1977 2025
f 1976 2025 2024
f 1977 1978 2026
f 1977 2026 2025
f 1978 1979 2027
f 1978 2027 2026
f 1979 1980 2028
f 1979 2028 2027
f 1980 1981 2029
f 1980 2029 2028
f 1981 1982 2030
f 1981 2030 2029
f 1982 1983 2031
f 1982 2031 2030
f 1983 1984 2032
f 1983 2032 2031
f 1984 1985 2033
f 1984 2033 2032
f 1985 1986 2034
f 1985 2034 2033
f 1986 1987 2035
f 1986 2035 2034
f 1987 1988 2036
f 1987 2036 2035
f 1988 1989 2037
f 1988 2037 2036
f 1989 1990 2038
f 1989 2038 2037
f 1990 1991 2039
f 1990 2039 2038
f 1991 1992 2040
f 1991 2040 2039
f 1992 1993 2041
f 1992 2041 2040
f 1993 1994 2042
f 1993 2042 2041
f 1994 1995 2043
f 1994 2043 2042
f 1995 1996 2044
f 1995 2044 2043
f 1996 1997 2045
f 1996 2045 2044
f 1997 1998 2046
f 1997 2046 2045
f 1998 1999 2047
f 1998 2047 2046
f 1999 2000 2048
f 1999 2048 2047
f 2000 1953 2001
f 2000 2001 2048
f 2001 2002 2050
f 2001 2050 2049
f 2002 2003 2051
f 2002 2051 2050
f 2003 2004 2052
f 2003 2052 2051
f 2004 2005 2053
f 2004 2053 2052
f 2005 2006 2054
f 2005 2054 2053
f 2006 2007 2055
f 2006 2055 2054
f 2007 2008 2056
f 2007 2056 2055
f 2008 2009 2057
f 2008 2057 2056
f 2009 2010 2058
f 2009 2058 2057
f 2010 2011 2059
f 2010 2059 2058
f 2011 2012 2060
f 2011 2060 2059
f 2012 2013 2061
f 2012 2061 2060
f 2013 2014 2062
f 2013 2062 2061
f 2014 2015 2063
f 2014 2063 2062
f 2015 2016 2064
f 2015 2064 2063
f 2016 2017 2065
f 2016 2065 2064
f 2017 2018 2066
f 2017 2066 2065
f 2018 2019 2067
f 2018 2067 2066
f 2019 2020 2068
f 2019 2068 2067
f 2020 2021 2069
f 2020 2069 2068
f 2021 2022 2070
f 2021 2070 2069
f 2022 2023 2071
f 2022 2071 2070
f 2023 2024 2072
f 2023 2072 2071
f 2024 2025 2073
f 2024 2073 2072
f 2025 2026 2074
f 2025 2074 2073
f 2026 2027 2075
f 2026 2075 2074
f 2027 2028 2076
f 2027 2076 2075
f 2028 2029 2077
f 2028 2077 2076
f 2029 2030 2078
f 2029 2078 2077
f 2030 2031 2079
f 2030 2079 2078
f 2031 2032 2080
f 2031 2080 2079
f 2032 2033 2081
f 2032 2081 2080
f 2033 2034 2082
f 2033 2082 2081
f 2034 2035 2083
f 2034 2083 2082
f 2035 2036 2084
f 2035 2084 2083
f 2036 2037 2085
f 2036 2085 2084
f 2037 2038 2086
f 2037 2086 2085
f 2038 2039 2087
f 2038 2087 2086
f 2039 2040 2088
f 2039 2088 2087
f 2040 2041 2089
f 2040 2089 2088
f 2041 2042 2090
f 2041 2090 2089
f 2042 2043 2091
f 2042 2091 2090
f 2043 2044 2092
f 2043 2092 2091
f 2044 2045 2093
f 2044 2093 2092
f 2045 2046 2094
f 2045 2094 2093
f 2046 2047 2095
f 2046 2095 2094
f 2047 2048 2096
f 2047 2096 2095
f 2048 2001 2049
f 2048 2049 2096
f 2049 2050 2098
f 2049 2098 2097
f 2050 2051 2099
f 2050 2099 2098
f 2051 2052 2100
f 2051 2100 2099
f 2052 2053 2101
f 2052 2101 2100
f 2053 2054 2102
f 2053 2102 2101
f 2054 2055 2103
f 2054 2103 2102
f 2055 2056 2104
f 2055 2104 2103
f 2056 2057 2105
f 2056 2105 2104
f 2057 2058 2106
f 2057 2106 2105
f 2058 2059 2107
f 2058 2107 2106
f 2059 2060 2108
f 2059 2108 2107
f 2060 2061 2109
f 2060 2109 2108
f 2061 2062 2110
f 2061 2110 2109
f 2062 2063 2111
f 2062 2111 2110
f 2063 2064 2112
f 2063 2112 2111
f 2064 2065 2113
f 2064 2113 2112
f 2065 2066 2114
f 2065 2114 2113
f 2066 2067 2115
f 2066 2115 2114
f 2067 2068 2116
f 2067 2116 2115
f 2068 2069 2117
f 2068 2117 2116
f 2069 2070 2118
f 2069 2118 2117
f 2070 2071 2119
f 2070 2119 2118
f 2071 2072 2120
f 2071 2120 2119
f 2072 2073 2121
f 2072 2121 2120
f 2073 2074 2122
f 2073 2122 2121
f 2074 2075 2123
f 2074 2123 2122
f 2075 2076 2124
f 2075 2124 2123
f 2076 2077 2125
f 2076 2125 2124
f 2077 2078 2126
f 2077 2126 2125
f 2078 2079 2127
f 2078 2127 2126
f 2079 2080 2128
f 2079 2128 2127
f 2080 2081 2129
f 2080 2129 2128
f 2081 2082 2130
f 2081 2130 2129
f 2082 2083 2131
f 2082 2131 2130
f 2083 2084 2132
f 2083 2132 2131
f 2084 2085 2133
f 2084 2133 2132
f 2085 2086 2134
f 2085 2134 2133
f 2086 2087 2135
f 2086 2135 2134
f 2087 2088 2136
f 2087 2136 2135
f 2088 2089 2137
f 2088 2137 2136
f 2089 2090 2138
f 2089 2138 2137
f 2090 2091 2139
f 2090 2139 2138
f 2091 2092 2140
f 2091 2140 2139
f 2092 2093 2141
f 2092 2141 2140
f 2093 2094 2142
f 2093 2142 2141
f 2094 2095 2143
f 2094 2143 2142
f 2095 2096 2144
f 2095 2144 2143
f 2096 2049 2097
f 2096 2097 2144
f 2097 2098 2146
f 2097 2146 2145
f 2098 2099 2147
f 2098 2147 2146
f 2099 2100 2148
f 2099 2148 2147
f 2100 2101 2149
f 2100 2149 2148
f 2101 2102 2150
f 2101 2150 2149
f 2102 2103 2151
f 2102 2151 2150
f 2103 2104 2152
f 2103 2152 2151
f 2104 2105 2153
f 2104 2153 2152
f 2105 2106 2154
f 2105 2154 2153
f 2106 2107 2155
f 2106 2155 2154
f 2107 2108 2156
f 2107 2156 2155
f 2108 2109 2157
f 2108 2157 2156
f 2109 2110 2158
f 2109 2158 2157
f 2110 2111 2159
f 2110 2159 2158
f 2111 2112 2160
f 2111 2160 2159
f 2112 2113 2161
f 2112 2161 2160
f 2113 2114 2162
f 2113 2162 2161
f 2114 2115 2163
f 2114 2163 2162
f 2115 2116 2164
f 2115 2164 2163
f 2116 2117 2165
f 2116 2165 2164
f 2117 2118 2166
f 2117 2166 2165
f 2118 2119 2167
f 2118 2167 2166
f 2119 2120 2168
f 2119 2168 2167
f 2120 2121 2169
f 2120 2169 2168
f 2121 2122 2170
f 2121 2170 2169
f 2122 2123 2171
f 2122 2171 2170
f 2123 2124 2172
f 2123 2172 2171
f 2124 2125 2173
f 2124 2173 2172
f 2125 2126 2174
f 2125 2174 2173
f 2126 2127 2175
f 2126 2175 2174
f 2127 2128 2176
f 2127 2176 2175
f 2128 2129 2177
f 2128 2177 2176
f 2129 2130 2178
f 2129 2178 2177
f 2130 2131 2179
f 2130 2179 2178
f 2131 2132 2180
f 2131 2180 2179
f 2132 2133 2181
f 2132 2181 2180
f 2133 2134 2182
f 2133 2182 2181
f 2134 2135 2183
f 2134 2183 2182
f 2135 2136 2184
f 2135 2184 2183
f 2136 2137 2185
f 2136 2185 2184
f 2137 2138 2186
f 2137 2186 2185
f 2138 2139 2187
f 2138 2187 2186
f 2139 2140 2188
f 2139 2188 2187
f 2140 2141 2189
f 2140 2189 2188
f 2141 2142 2190
f 2141 2190 2189
f 2142 2143 2191
f 2142 2191 2190
f 2143 2144 2192
f 2143 2192 2191
f 2144 2097 2145
f 2144 2145 2192
f 2145 2146 2194
f 2145 2194 2193
f 2146 2147 2195
f 2146 2195 2194
f 2147 2148 2196
f 2147 2196 2195
f 2148 2149 2197
f 2148 2197 2196
f 2149 2150 2198
f 2149 2198 2197
f 2150 2151 2199
f 2150 2199 2198
f 2151 2152 2200
f 2151 2200 2199
f 2152 2153 2201
f 2152 2201 2200
f 2153 2154 2202
f 2153 2202 2201
f 2154 2155 2203
f 2154 2203 2202
f 2155 2156 2204
f 2155 2204 2203
f 2156 2157 2205
f 2156 2205 2204
f 2157 2158 2206
f 2157 2206 2205
f 2158 2159 2207
f 2158 2207 2206
f 2159 2160 2208
f 2159 2208 2207
f 2160 2161 2209
f 2160 2209 2208
f 2161 2162 2210
f 2161 2210 2209
f 2162 2163 2211
f 2162 2211 2210
f 2163 2164 2212
f 2163 2212 2211
f 2164 2165 2213
f 2164 2213 2212
f 2165 2166 2214
f 2165 2214 2213
f 2166 2167 2215
f 2166 2215 2214
f 2167 2168 2216
f 2167 2216 2215
f 2168 2169 2217
f 2168 2217 2216
f 2169 2170 2218
f 2169 2218 2217
f 2170 2171 2219
f 2170 2219 2218
f 2171 2172 2220
f 2171 2220 2219
f 2172 2173 2221
f 2172 2221 2220
f 2173 2174 2222
f 2173 2222 2221
f 2174 2175 2223
f 2174 2223 2222
f 2175 2176 2224
f 2175 2224 2223
f 2176 2177 2225
f 2176 2225 2224
f 2177 2178 2226
f 2177 2226 2225
f 2178 2179 2227
f 2178 2227 2226
f 2179 2180 2228
f 2179 2228 2227
f 2180 2181 2229
f 2180 2229 2228
f 2181 2182 2230
f 2181 2230 2229
f 2182 2183 2231
f 2182 2231 2230
f 2183 2184 2232
f 2183 2232 2231
f 2184 2185 2233
f 2184 2233 2232
f 2185 2186 2234
f 2185 2234 2233
f 2186 2187 2235
f 2186 2235 2234
f 2187 2188 2236
f 2187 2236 2235
f 2188 2189 2237
f 2188 2237 2236
f 2189 2190 2238
f 2189 2238 2237
f 2190 2191 2239
f 2190 2239 2238
f 2191 2192 2240
f 2191 2240 2239
f 2192 2145 2193
f 2192 2193 2240
f 2193 2194 2242
f 2193 2242 2241
f 2194 2195 2243
f 2194 2243 2242
f 2195 2196 2244
f 2195 2244 2243
f 2196 2197 2245
f 2196 2245 2244
f 2197 2198 2246
f 2197 2246 2245
f 2198 2199 2247
f 2198 2247 2246
f 2199 2200 2248
f 2199 2248 2247
f 2200 2201 2249
f 2200 2249 2248
f 2201 2202 2250
f 2201 2250 2249
f 2202 2203 2251
f 2202 2251 2250
f 2203 2204 2252
f 2203 2252 2251
f 2204 2205 2253
f 2204 2253 2252
f 2205 2206 2254
f 2205 2254 2253
f 2206 2207 2255
f 2206 2255 2254
f 2207 2208 2256
f 2207 2256 2255
f 2208 2209 2257
f 2208 2257 2256
f 2209 2210 2258
f 2209 2258 2257
f 2210 2211 2259
f 2210 2259 2258
f 2211 2212 2260
f 2211 2260 2259
f 2212 2213 2261
f 2212 2261 2260
f 2213 2214 2262
f 2213 2262 2261
f 2214 2215 2263
f 2214 2263 2262
f 2215 2216 2264
f 2215 2264 2263
f 2216 2217 2265
f 2216 2265 2264
f 2217 2218 2266
f 2217 2266 2265
f 2218 2219 2267
f 2218 2267 2266
f 2219 2220 2268
f 2219 2268 2267
f 2220 2221 2269
f 2220 2269 2268
f 2221 2222 2270
f 2221 2270 2269
f 2222 2223 2271
f 2222 2271 2270
f 2223 2224 2272
f 2223 2272 2271
f 2224 2225 2273
f 2224 2273 2272
f 2225 2226 2274
f 2225 2274 2273
f 2226 2227 2275
f 2226 2275 2274
f 2227 2228 2276
f 2227 2276 2275
f 2228 2229 2277
f 2228 2277 2276
f 2229 2230 2278
f 2229 2278 2277
f 2230 2231 2279
f 2230 2279 2278
f 2231 2232 2280
f 2231 2280 2279
f 2232 2233 2281
f 2232 2281 2280
f 2233 2234 2282
f 2233 2282 2281
f 2234 2235 2283
f 2234 2283 2282
f 2235 2236 2284
f 2235 2284 2283
f 2236 2237 2285
f 2236 2285 2284
f 2237 2238 2286
f 2237 2286 2285
f 2238 2239 2287
f 2238 2287 2286
f 2239 2240 2288
f 2239 2288 2287
f 2240 2193 2241
f 2240 2241 2288
f 2241 2242 2290
f 2241 2290 2289
f 2242 2243 2291
f 2242 2291 2290
f 2243 2244 2292
f 2243 2292 2291
f 2244 2245 2293
f 2244 2293 2292
f 2245 2246 2294
f 2245 2294 2293
f 2246 2247 2295
f 2246 2295 2294
f 2247 2248 2296
f 2247 2296 2295
f 2248 2249 2297
f 2248 2297 2296
f 2249 2250 2298
f 2249 2298 2297
f 2250 2251 2299
f 2250 2299 2298
f 2251 2252 2300
f 2251 2300 2299
f 2252 2253 2301
f 2252 2301 2300
f 2253 2254 2302
f 2253 2302 2301
f 2254 2255 2303
f 2254 2303 2302
f 2255 2256 2304
f 2255 2304 2303
f 2256 2257 2305
f 2256 2305 2304
f 2257 2258 2306
f 2257 2306 2305
f 2258 2259 2307
f 2258 2307 2306
f 2259 2260 2308
f 2259 2308 2307
f 2260 2261 2309
f 2260 2309 2308
f 2261 2262 2310
f 2261 2310 2309
f 2262 2263 2311
f 2262 2311 2310
f 2263 2264 2312
f 2263 2312 2311
f 2264 2265 2313
f 2264 2313 2312
f 2265 2266 2314
f 2265 2314 2313
f 2266 2267 2315
f 2266 2315 2314
f 2267 2268 2316
f 2267 2316 2315
f 2268 2269 2317
f 2268 2317 2316
f 2269 2270 2318
f 2269 2318 2317
f 2270 2271 2319
f 2270 2319 2318
f 2271 2272 2320
f 2271 2320 2319
f 2272 2273 2321
f 2272 2321 2320
f 2273 2274 2322
f 2273 2322 2321
f 2274 2275 2323
f 2274 2323 2322
f 2275 2276 2324
f 2275 2324 2323
f 2276 2277 2325
f 2276 2325 2324
f 2277 2278 2326
f 2277 2326 2325
f 2278 2279 2327
f 2278 2327 2326
f 2279 2280 2328
f 2279 2328 2327
f 2280 2281 2329
f 2280 2329 2328
f 2281 2282 2330
f 2281 2330 2329
f 2282 2283 2331
f 2282 2331 2330
f 2283 2284 2332
f 2283 2332 2331
f 2284 2285 2333
f 2284 2333 2332
f 2285 2286 2334
f 2285 2334 2333
f 2286 2287 2335
f 2286 2335 2334
f 2287 2288 2336
f 2287 2336 2335
f 2288 2241 2289
f 2288 2289 2336
f 2289 2290 2338
f 2289 2338 2337
f 2290 2291 2339
f 2290 2339 2338
f 2291 2292 2340
f 2291 2340 2339
f 2292 2293 2341
f 2292 2341 2340
f 2293 2294 2342
f 2293 2342 2341
f 2294 2295 2343
f 2294 2343 2342
f 2295 2296 2344
f 2295 2344 2343
f 2296 2297 2345
f 2296 2345 2344
f 2297 2298 2346
f 2297 2346 2345
f 2298 2299 2347
f 2298 2347 2346
f 2299 2300 2348
f 2299 2348 2347
f 2300 2301 2349
f 2300 2349 2348
f 2301 2302 2350
f 2301 2350 2349
f 2302 2303 2351
f 2302 2351 2350
f 2303 2304 2352
f 2303 2352 2351
f 2304 2305 2353
f 2304 2353 2352
f 2305 2306 2354
f 2305 2354 2353
f 2306 2307 2355
f 2306 2355 2354
f 2307 2308 2356
f 2307 2356 2355
f 2308 2309 2357
f 2308 2357 2356
f 2309 2310 2358
f 2309 2358 2357
f 2310 2311 2359
f 2310 2359 2358
f 2311 2312 2360
f 2311 2360 2359
f 2312 2313 2361
f 2312 2361 2360
f 2313 2314 2362
f 2313 2362 2361
f 2314 2315 2363
f 2314 2363 2362
f 2315 2316 2364
f 2315 2364 2363
f 2316 2317 2365
f 2316 2365 2364
f 2317 2318 2366
f 2317 2366 2365
f 2318 2319 2367
f 2318 2367 2366
f 2319 2320 2368
f 2319 2368 2367
f 2320 2321 2369
f 2320 2369 2368
f 2321 2322 2370
f 2321 2370 2369
f 2322 2323 2371
f 2322 2371 2370
f 2323 2324 2372
f 2323 2372 2371
f 2324 2325 2373
f 2324 2373 2372
f 2325 2326 2374
f 2325 2374 2373
f 2326 2327 2375
f 2326 2375 2374
f 2327 2328 2376
f 2327 2376 2375
f 2328 2329 2377
f 2328 2377 2376
f 2329 2330 2378
f 2329 2378 2377
f 2330 2331 2379
f 2330 2379 2378
f 2331 2332 2380
f 2331 2380 2379
f 2332 2333 2381
f 2332 2381 2380
f 2333 2334 2382
f 2333 2382 2381
f 2334 2335 2383
f 2334 2383 2382
f 2335 2336 2384
f 2335 2384 2383
f 2336 2289 2337
f 2336 2337 2384
f 2337 2338 2386
f 2337 2386 2385
f 2338 2339 2387
f 2338 2387 2386
f 2339 2340 2388
f 2339 2388 2387
f 2340 2341 2389
f 2340 2389 2388
f 2341 2342 2390
f 2341 2390 2389
f 2342 2343 2391
f 2342 2391 2390
f 2343 2344 2392
f 2343 2392 2391
f 2344 2345 2393
f 2344 2393 2392
f 2345 2346 2394
f 2345 2394 2393
f 2346 2347 2395
f 2346 2395 2394
f 2347 2348 2396
f 2347 2396 2395
f 2348 2349 2397
f 2348 2397 2396
f 2349 2350 2398
f 2349 2398 2397
f 2350 2351 2399
f 2350 2399 2398
f 2351 2352 2400
f 2351 2400 2399
f 2352 2353 2401
f 2352 2401 2400
f 2353 2354 2402
f 2353 2402 2401
f 2354 2355 2403
f 2354 2403 2402
f 2355 2356 2404
f 2355 2404 2403
f 2356 2357 2405
f 2356 2405 2404
f 2357 2358 2406
f 2357 2406 2405
f 2358 2359 2407
f 2358 2407 2406
f 2359 2360 2408
f 2359 2408 2407
f 2360 2361 2409
f 2360 2409 2408
f 2361 2362 2410
f 2361 2410 2409
f 2362 2363 2411
f 2362 2411 2410
f 2363 2364 2412
f 2363 2412 2411
f 2364 2365 2413
f 2364 2413 2412
f 2365 2366 2414
f 2365 2414 2413
f 2366 2367 2415
f 2366 2415 2414
f 2367 2368 2416
f 2367 2416 2415
f 2368 2369 2417
f 2368 2417 2416
f 2369 2370 2418
f 2369 2418 2417
f 2370 2371 2419
f 2370 2419 2418
f 2371 2372 2420
f 2371 2420 2419
f 2372 2373 2421
f 2372 2421 2420
f 2373 2374 2422
f 2373 2422 2421
f 2374 2375 2423
f 2374 2423 2422
f 2375 2376 2424
f 2375 2424 2423
f 2376 2377 2425
f 2376 2425 2424
f 2377 2378 2426
f 2377 2426 2425
f 2378 2379 2427
f 2378 2427 2426
f 2379 2380 2428
f 2379 2428 2427
f 2380 2381 2429
f 2380 2429 2428
f 2381 2382 2430
f 2381 2430 2429
f 2382 2383 2431
f 2382 2431 2430
f 2383 2384 2432
f 2383 2432 2431
f 2384 2337 2385
f 2384 2385 2432
f 2385 2386 2434
f 2385 2434 2433
f 2386 2387 2435
f 2386 2435 2434
f 2387 2388 2436
f 2387 2436 2435
f 2388 2389 2437
f 2388 2437 2436
f 2389 2390 2438
f 2389 2438 2437
f 2390 2391 2439
f 2390 2439 2438
f 2391 2392 2440
f 2391 2440 2439
f 2392 2393 2441
f 2392 2441 2440
f 2393 2394 2442
f 2393 2442 2441
f 2394 2395 2443
f 2394 2443 2442
f 2395 2396 2444
f 2395 2444 2443
f 2396 2397 2445
f 2396 2445 2444
f 2397 2398 2446
f 2397 2446 2445
f 2398 2399 2447
f 2398 2447 2446
f 2399 2400 2448
f 2399 2448 2447
f 2400 2401 2449
f 2400 2449 2448
f 2401 2402 2450
f 2401 2450 2449
f 2402 2403 2451
f 2402 2451 2450
f 2403 2404 2452
f 2403 2452 2451
f 2404 2405 2453
f 2404 2453 2452
f 2405 2406 2454
f 2405 2454 2453
f 2406 2407 2455
f 2406 2455 2454
f 2407 2408 2456
f 2407 2456 2455
f 2408 2409 2457
f 2408 2457 2456
f 2409 2410 2458
f 2409 2458 2457
f 2410 2411 2459
f 2410 2459 2458
f 2411 2412 2460
f 2411 2460 2459
f 2412 2413 2461
f 2412 2461 2460
f 2413 2414 2462
f 2413 2462 2461
f 2414 2415 2463
f 2414 2463 2462
f 2415 2416 2464
f 2415 2464 2463
f 2416 2417 2465
f 2416 2465 2464
f 2417 2418 2466
f 2417 2466 2465
f 2418 2419 2467
f 2418 2467 2466
f 2419 2420 2468
f 2419 2468 2467
f 2420 2421 2469
f 2420 2469 2468
f 2421 2422 2470
f 2421 2470 2469
f 2422 2423 2471
f 2422 2471 2470
f 2423 2424 2472
f 2423 2472 2471
f 2424 2425 2473
f 2424 2473 2472
f 2425 2426 2474
f 2425 2474 2473
f 2426 2427 2475
f 2426 2475 2474
f 2427 2428 2476
f 2427 2476 2475
f 2428 2429 2477
f 2428 2477 2476
f 2429 2430 2478
f 2429 2478 2477
f 2430 2431 2479
f 2430 2479 2478
f 2431 2432 2480
f 2431 2480 2479
f 2432 2385 2433
f 2432 2433 2480
f 2433 2434 2482
f 2433 2482 2481
f 2434 2435 2483
f 2434 2483 2482
f 2435 2436 2484
f 2435 2484 2483
f 2436 2437 2485
f 2436 2485 2484
f 2437 2438 2486
f 2437 2486 2485
f 2438 2439 2487
f 2438 2487 2486
f 2439 2440 2488
f 2439 2488 2487
f 2440 2441 2489
f 2440 2489 2488
f 2441 2442 2490
f 2441 2490 2489
f 2442 2443 2491
f 2442 2491 2490
f 2443 2444 2492
f 2443 2492 2491
f 2444 2445 2493
f 2444 2493 2492
f 2445 2446 2494
f 2445 2494 2493
f 2446 2447 2495
f 2446 2495 2494
f 2447 2448 2496
f 2447 2496 2495
f 2448 2449 2497
f 2448 2497 2496
f 2449 2450 2498
f 2449 2498 2497
f 2450 2451 2499
f 2450 2499 2498
f 2451 2452 2500
f 2451 2500 2499
f 2452 2453 2501
f 2452 2501 2500
f 2453 2454 2502
f 2453 2502 2501
f 2454 2455 2503
f 2454 2503 2502
f 2455 2456 2504
f 2455 2504 2503
f 2456 2457 2505
f 2456 2505 2504
f 2457 2458 2506
f 2457 2506 2505
f 2458 2459 2507
f 2458 2507 2506
f 2459 2460 2508
f 2459 2508 2507
f 2460 2461 2509
f 2460 2509 2508
f 2461 2462 2510
f 2461 2510 2509
f 2462 2463 2511
f 2462 2511 2510
f 2463 2464 2512
f 2463 2512 2511
f 2464 2465 2513
f 2464 2513 2512
f 2465 2466 2514
f 2465 2514 2513
f 2466 2467 2515
f 2466 2515 2514
f 2467 2468 2516
f 2467 2516 2515
f 2468 2469 2517
f 2468 2517 2516
f 2469 2470 2518
f 2469 2518 2517
f 2470 2471 2519
f 2470 2519 2518
f 2471 2472 2520
f 2471 2520 2519
f 2472 2473 2521
f 2472 2521 2520
f 2473 2474 2522
f 2473 2522 2521
f 2474 2475 2523
f 2474 2523 2522
f 2475 2476 2524
f 2475 2524 2523
f 2476 2477 2525
f 2476 2525 2524
f 2477 2478 2526
f 2477 2526 2525
f 2478 2479 2527
f 2478 2527 2526
f 2479 2480 2528
f 2479 2528 2527
f 2480 2433 2481
f 2480 2481 2528
f 2481 2482 2530
f 2481 2530 2529
f 2482 2483 2531
f 2482 2531 2530
f 2483 2484 2532
f 2483 2532 2531
f 2484 2485 2533
f 2484 2533 2532
f 2485 2486 2534
f 2485 2534 2533
f 2486 2487 2535
f 2486 2535 2534
f 2487 2488 2536
f 2487 2536 2535
f 2488 2489 2537
f 2488 2537 2536
f 2489 2490 2538
f 2489 2538 2537
f 2490 2491 2539
f 2490 2539 2538
f 2491 2492 2540
f 2491 2540 2539
f 2492 2493 2541
f 2492 2541 2540
f 2493 2494 2542
f 2493 2542 2541
f 2494 2495 2543
f 2494 2543 2542
f 2495 2496 2544
f 2495 2544 2543
f 2496 2497 2545
f 2496 2545 2544
f 2497 2498 2546
f 2497 2546 2545
f 2498 2499 2547
f 2498 2547 2546
f 2499 2500 2548
f 2499 2548 2547
f 2500 2501 2549
f 2500 2549 2548
f 2501 2502 2550
f 2501 2550 2549
f 2502 2503 2551
f 2502 2551 2550
f 2503 2504 2552
f 2503 2552 2551
f 2504 2505 2553
f 2504 2553 2552
f 2505 2506 2554
f 2505 2554 2553
f 2506 2507 2555
f 2506 2555 2554
f 2507 2508 2556
f 2507 2556 2555
f 2508 2509 2557
f 2508 2557 2556
f 2509 2510 2558
f 2509 2558 2557
f 2510 2511 2559
f 2510 2559 2558
f 2511 2512 2560
f 2511 2560 2559
f 2512 2513 2561
f 2512 2561 2560
f 2513 2514 2562
f 2513 2562 2561
f 2514 2515 2563
f 2514 2563 2562
f 2515 2516 2564
f 2515 2564 2563
f 2516 2517 2565
f 2516 2565 2564
f 2517 2518 2566
f 2517 2566 2565
f 2518 2519 2567
f 2518 2567 2566
f 2519 2520 2568
f 2519 2568 2567
f 2520 2521 2569
f 2520 2569 2568
f 2521 2522 2570
f 2521 2570 2569
f 2522 2523 2571
f 2522 2571 2570
f 2523 2524 2572
f 2523 2572 2571
f 2524 2525 2573
f 2524 2573 2572
f 2525 2526 2574
f 2525 2574 2573
f 2526 2527 2575
f 2526 2575 2574
f 2527 2528 2576
f 2527 2576 2575
f 2528 2481 2529
f 2528 2529 2576
f 2529 2530 2578
f 2529 2578 2577
f 2530 2531 2579
f 2530 2579 2578
f 2531 2532 2580
f 2531 2580 2579
f 2532 2533 2581
f 2532 2581 2580
f 2533 2534 2582
f 2533 2582 2581
f 2534 2535 2583
f 2534 2583 2582
f 2535 2536 2584
f 2535 2584 2583
f 2536 2537 2585
f 2536 2585 2584
f 2537 2538 2586
f 2537 2586 2585
f 2538 2539 2587
f 2538 2587 2586
f 2539 2540 2588
f 2539 2588 2587
f 2540 2541 2589
f 2540 2589 2588
f 2541 2542 2590
f 2541 2590 2589
f 2542 2543 2591
f 2542 2591 2590
f 2543 2544 2592
f 2543 2592 2591
f 2544 2545 2593
f 2544 2593 2592
f 2545 2546 2594
f 2545 2594 2593
f 2546 2547 2595
f 2546 2595 2594
f 2547 2548 2596
f 2547 2596 2595
f 2548 2549 2597
f 2548 2597 2596
f 2549 2550 2598
f 2549 2598 2597
f 2550 2551 2599
f 2550 2599 2598
f 2551 2552 2600
f 2551 2600 2599
f 2552 2553 2601
f 2552 2601 2600
f 2553 2554 2602
f 2553 2602 2601
f 2554 2555 2603
f 2554 2603 2602
f 2555 2556 2604
f 2555 2604 2603
f 2556 2557 2605
f 2556 2605 2604
f 2557 2558 2606
f 2557 2606 2605
f 2558 2559 2607
f 2558 2607 2606
f 2559 2560 2608
f 2559 2608 2607
f 2560 2561 2609
f 2560 2609 2608
f 2561 2562 2610
f 2561 2610 2609
f 2562 2563 2611
f 2562 2611 2610
f 2563 2564 2612
f 2563 2612 2611
f 2564 2565 2613
f 2564 2613 2612
f 2565 2566 2614
f 2565 2614 2613
f 2566 2567 2615
f 2566 2615 2614
f 2567 2568 2616
f 2567 2616 2615
f 2568 2569 2617
f 2568 2617 2616
f 2569 2570 2618
f 2569 2618 2617
f 2570 2571 2619
f 2570 2619 2618
f 2571 2572 2620
f 2571 2620 2619
f 2572 2573 2621
f 2572 2621 2620
f 2573 2574 2622
f 2573 2622 2621
f 2574 2575 2623
f 2574 2623 2622
f 2575 2576 2624
f 2575 2624 2623
f 2576 2529 2577
f 2576 2577 2624
f 2577 2578 2626
f 2577 2626 2625
f 2578 2579 2627
f 2578 2627 2626
f 2579 2580 2628
f 2579 2628 2627
f 2580 2581 2629
f 2580 2629 2628
f 2581 2582 2630
f 2581 2630 2629
f 2582 2583 2631
f 2582 2631 2630
f 2583 2584 2632
f 2583 2632 2631
f 2584 2585 2633
f 2584 2633 2632
f 2585 2586 2634
f 2585 2634 2633
f 2586 2587 2635
f 2586 2635 2634
f 2587 2588 2636
f 2587 2636 2635
f 2588 2589 2637
f 2588 2637 2636
f 2589 2590 2638
f 2589 2638 2637
f 2590 2591 2639
f 2590 2639 2638
f 2591 2592 2640
f 2591 2640 2639
f 2592 2593 2641
f 2592 2641 2640
f 2593 2594 2642
f 2593 2642 2641
f 2594 2595 2643
f 2594 2643 2642
f 2595 2596 2644
f 2595 2644 2643
f 2596 2597 2645
f 2596 2645 2644
f 2597 2598 2646
f 2597 2646 2645
f 2598 2599 2647
f 2598 2647 2646
f 2599 2600 2648
f 2599 2648 2647
f 2600 2601 2649
f 2600 2649 2648
f 2601 2602 2650
f 2601 2650 2649
f 2602 2603 2651
f 2602 2651 2650
f 2603 2604 2652
f 2603 2652 2651
f 2604 2605 2653
f 2604 2653 2652
f 2605 2606 2654
f 2605 2654 2653
f 2606 2607 2655
f 2606 2655 2654
f 2607 2608 2656
f 2607 2656 2655
f 2608 2609 2657
f 2608 2657 2656
f 2609 2610 2658
f 2609 2658 2657
f 2610 2611 2659
f 2610 2659 2658
f 2611 2612 2660
f 2611 2660 2659
f 2612 2613 2661
f 2612 2661 2660
f 2613 2614 2662
f 2613 2662 2661
f 2614 2615 2663
f 2614 2663 2662
f 2615 2616 2664
f 2615 2664 2663
f 2616 2617 2665
f 2616 2665 2664
f 2617 2618 2666
f 2617 2666 2665
f 2618 2619 2667
f 2618 2667 2666
f 2619 2620 2668
f 2619 2668 2667
f 2620 2621 2669
f 2620 2669 2668
f 2621 2622 2670
f 2621 2670 2669
f 2622 2623 2671
f 2622 2671 2670
f 2623 2624 2672
f 2623 2672 2671
f 2624 2577 2625
f 2624 2625 2672
f 2625 2626 2674
f 2625 2674 2673
f 2626 2627 2675
f 2626 2675 2674
f 2627 2628 2676
f 2627 2676 2675
f 2628 2629 2677
f 2628 2677 2676
f 2629 2630 2678
f 2629 2678 2677
f 2630 2631 2679
f 2630 2679 2678
f 2631 2632 2680
f 2631 2680 2679
f 2632 2633 2681
f 2632 2681 2680
f 2633 2634 2682
f 2633 2682 2681
f 2634 2635 2683
f 2634 2683 2682
f 2635 2636 2684
f 2635 2684 2683
f 2636 2637 2685
f 2636 2685 2684
f 2637 2638 2686
f 2637 2686 2685
f 2638 2639 2687
f 2638 2687 2686
f 2639 2640 2688
f 2639 2688 2687
f 2640 2641 2689
f 2640 2689 2688
f 2641 2642 2690
f 2641 2690 2689
f 2642 2643 2691
f 2642 2691 2690
f 2643 2644 2692
f 2643 2692 2691
f 2644 2645 2693
f 2644 2693 2692
f 2645 2646 2694
f 2645 2694 2693
f 2646 2647 2695
f 2646 2695 2694
f 2647 2648 2696
f 2647 2696 2695
f 2648 2649 2697
f 2648 2697 2696
f 2649 2650 2698
f 2649 2698 2697
f 2650 2651 2699
f 2650 2699 2698
f 2651 2652 2700
f 2651 2700 2699
f 2652 2653 2701
f 2652 2701 2700
f 2653 2654 2702
f 2653 2702 2701
f 2654 2655 2703
f 2654 2703 2702
f 2655 2656 2704
f 2655 2704 2703
f 2656 2657 2705
f 2656 2705 2704
f 2657 2658 2706
f 2657 2706 2705
f 2658 2659 2707
f 2658 2707 2706
f 2659 2660 2708
f 2659 2708 2707
f 2660 2661 2709
f 2660 2709 2708
f 2661 2662 2710
f 2661 2710 2709
f 2662 2663 2711
f 2662 2711 2710
f 2663 2664 2712
f 2663 2712 2711
f 2664 2665 2713
f 2664 2713 2712
f 2665 2666 2714
f 2665 2714 2713
f 2666 2667 2715
f 2666 2715 2714
f 2667 2668 2716
f 2667 2716 2715
f 2668 2669 2717
f 2668 2717 2716
f 2669 2670 2718
f 2669 2718 2717
f 2670 2671 2719
f 2670 2719 2718
f 2671 2672 2720
f 2671 2720 2719
f 2672 2625 2673
f 2672 2673 2720
f 2673 2674 2722
f 2673 2722 2721
f 2674 2675 2723
f 2674 2723 2722
f 2675 2676 2724
f 2675 2724 2723
f 2676 2677 2725
f 2676 2725 2724
f 2677 2678 2726
f 2677 2726 2725
f 2678 2679 2727
f 2678 2727 2726
f 2679 2680 2728
f 2679 2728 2727
f 2680 2681 2729
f 2680 2729 2728
f 2681 2682 2730
f 2681 2730 2729
f 2682 2683 2731
f 2682 2731 2730
f 2683 2684 2732
f 2683 2732 2731
f 2684 2685 2733
f 2684 2733 2732
f 2685 2686 2734
f 2685 2734 2733
f 2686 2687 2735
f 2686 2735 2734
f 2687 2688 2736
f 2687 2736 2735
f 2688 2689 2737
f 2688 2737 2736
f 2689 2690 2738
f 2689 2738 2737
f 2690 2691 2739
f 2690 2739 2738
f 2691 2692 2740
f 2691 2740 2739
f 2692 2693 2741
f 2692 2741 2740
f 2693 2694 2742
f 2693 2742 2741
f 2694 2695 2743
f 2694 2743 2742
f 2695 2696 2744
f 2695 2744 2743
f 2696 2697 2745
f 2696 2745 2744
f 2697 2698 2746
f 2697 2746 2745
f 2698 2699 2747
f 2698 2747 2746
f 2699 2700 2748
f 2699 2748 2747
f 2700 2701 2749
f 2700 2749 2748
f 2701 2702 2750
f 2701 2750 2749
f 2702 2703 2751
f 2702 2751 2750
f 2703 2704 2752
f 2703 2752 2751
f 2704 2705 2753
f 2704 2753 2752
f 2705 2706 2754
f 2705 2754 2753
f 2706 2707 2755
f 2706 2755 2754
f 2707 2708 2756
f 2707 2756 2755
f 2708 2709 2757
f 2708 2757 2756
f 2709 2710 2758
f 2709 2758 2757
f 2710 2711 2759
f 2710 2759 2758
f 2711 2712 2760
f 2711 2760 2759
f 2712 2713 2761
f 2712 2761 2760
f 2713 2714 2762
f 2713 2762 2761
f 2714 2715 2763
f 2714 2763 2762
f 2715 2716 2764
f 2715 2764 2763
f 2716 2717 2765
f 2716 2765 2764
f 2717 2718 2766
f 2717 2766 2765
f 2718 2719 2767
f 2718 2767 2766
f 2719 2720 2768
f 2719 2768 2767
f 2720 2673 2721
f 2720 2721 2768
f 2721 2722 2770
f 2721 2770 2769
f 2722 2723 2771
f 2722 2771 2770
f 2723 2724 2772
f 2723 2772 2771
f 2724 2725 2773
f 2724 2773 2772
f 2725 2726 2774
f 2725 2774 2773
f 2726 2727 2775
f 2726 2775 2774
f 2727 2728 2776
f 2727 2776 2775
f 2728 2729 2777
f 2728 2777 2776
f 2729 2730 2778
f 2729 2778 2777
f 2730 2731 2779
f 2730 2779 2778
f 2731 2732 2780
f 2731 2780 2779
f 2732 2733 2781
f 2732 2781 2780
f 2733 2734 2782
f 2733 2782 2781
f 2734 2735 2783
f 2734 2783 2782
f 2735 2736 2784
f 2735 2784 2783
f 2736 2737 2785
f 2736 2785 2784
f 2737 2738 2786
f 2737 2786 2785
f 2738 2739 2787
f 2738 2787 2786
f 2739 2740 2788
f 2739 2788 2787
f 2740 2741 2789
f 2740 2789 2788
f 2741 2742 2790
f 2741 2790 2789
f 2742 2743 2791
f 2742 2791 2790
f 2743 2744 2792
f 2743 2792 2791
f 2744 2745 2793
f 2744 2793 2792
f 2745 2746 2794
f 2745 2794 2793
f 2746 2747 2795
f 2746 2795 2794
f 2747 2748 2796
f 2747 2796 2795
f 2748 2749 2797
f 2748 2797 2796
f 2749 2750 2798
f 2749 2798 2797
f 2750 2751 2799
f 2750 2799 2798
f 2751 2752 2800
f 2751 2800 2799
f 2752 2753 2801
f 2752 2801 2800
f 2753 2754 2802
f 2753 2802 2801
f 2754 2755 2803
f 2754 2803 2802
f 2755 2756 2804
f 2755 2804 2803
f 2756 2757 2805
f 2756 2805 2804
f 2757 2758 2806
f 2757 2806 2805
f 2758 2759 2807
f 2758 2807 2806
f 2759 2760 2808
f 2759 2808 2807
f 2760 2761 2809
f 2760 2809 2808
f 2761 2762 2810
f 2761 2810 2809
f 2762 2763 2811
f 2762 2811 2810
f 2763 2764 2812
f 2763 2812 2811
f 2764 2765 2813
f 2764 2813 2812
f 2765 2766 2814
f 2765 2814 2813
f 2766 2767 2815
f 2766 2815 2814
f 2767 2768 2816
f 2767 2816 2815
f 2768 2721 2769
f 2768 2769 2816
f 2769 2770 2818
f 2769 2818 2817
f 2770 2771 2819
f 2770 2819 2818
f 2771 2772 2820
f 2771 2820 2819
f 2772 2773 2821
f 2772 2821 2820
f 2773 2774 2822
f 2773 2822 2821
f 2774 2775 2823
f 2774 2823 2822
f 2775 2776 2824
f 2775 2824 2823
f 2776 2777 2825
f 2776 2825 2824
f 2777 2778 2826
f 2777 2826 2825
f 2778 2779 2827
f 2778 2827 2826
f 2779 2780 2828
f 2779 2828 2827
f 2780 2781 2829
f 2780 2829 2828
f 2781 2782 2830
f 2781 2830 2829
f 2782 2783 2831
f 2782 2831 2830
f 2783 2784 2832
f 2783 2832 2831
f 2784 2785 2833
f 2784 2833 2832
f 2785 2786 2834
f 2785 2834 2833
f 2786 2787 2835
f 2786 2835 2834
f 2787 2788 2836
f 2787 2836 2835
f 2788 2789 2837
f 2788 2837 2836
f 2789 2790 2838
f 2789 2838 2837
f 2790 2791 2839
f 2790 2839 2838
f 2791 2792 2840
f 2791 2840 2839
f 2792 2793 2841
f 2792 2841 2840
f 2793 2794 2842
f 2793 2842 2841
f 2794 2795 2843
f 2794 2843 2842
f 2795 2796 2844
f 2795 2844 2843
f 2796 2797 2845
f 2796 2845 2844
f 2797 2798 2846
f 2797 2846 2845
f 2798 2799 2847
f 2798 2847 2846
f 2799 2800 2848
f 2799 2848 2847
f 2800 2801 2849
f 2800 2849 2848
f 2801 2802 2850
f 2801 2850 2849
f 2802 2803 2851
f 2802 2851 2850
f 2803 2804 2852
f 2803 2852 2851
f 2804 2805 2853
f 2804 2853 2852
f 2805 2806 2854
f 2805 2854 2853
f 2806 2807 2855
f 2806 2855 2854
f 2807 2808 2856
f 2807 2856 2855
f 2808 2809 2857
f 2808 2857 2856
f 2809 2810 2858
f 2809 2858 2857
f 2810 2811 2859
f 2810 2859 2858
f 2811 2812 2860
f 2811 2860 2859
f 2812 2813 2861
f 2812 2861 2860
f 2813 2814 2862
f 2813 2862 2861
f 2814 2815 2863
f 2814 2863 2862
f 2815 2816 2864
f 2815 2864 2863
f 2816 2769 2817
f 2816 2817 2864
f 2817 2818 2866
f 2817 2866 2865
f 2818 2819 2867
f 2818 2867 2866
f 2819 2820 2868
f 2819 2868 2867
f 2820 2821 2869
f 2820 2869 2868
f 2821 2822 2870
f 2821 2870 2869
f 2822 2823 2871
f 2822 2871 2870
f 2823 2824 2872
f 2823 2872 2871
f 2824 2825 2873
f 2824 2873 2872
f 2825 2826 2874
f 2825 2874 2873
f 2826 2827 2875
f 2826 2875 2874
f 2827 2828 2876
f 2827 2876 2875
f 2828 2829 2877
f 2828 2877 2876
f 2829 2830 2878
f 2829 2878 2877
f 2830 2831 2879
f 2830 2879 2878
f 2831 2832 2880
f 2831 2880 2879
f 2832 2833 2881
f 2832 2881 2880
f 2833 2834 2882
f 2833 2882 2881
f 2834 2835 2883
f 2834 2883 2882
f 2835 2836 2884
f 2835 2884 2883
f 2836 2837 2885
f 2836 2885 2884
f 2837 2838 2886
f 2837 2886 2885
f 2838 2839 2887
f 2838 2887 2886
f 2839 2840 2888
f 2839 2888 2887
f 2840 2841 2889
f 2840 2889 2888
f 2841 2842 2890
f 2841 2890 2889
f 2842 2843 2891
f 2842 2891 2890
f 2843 2844 2892
f 2843 2892 2891
f 2844 2845 2893
f 2844 2893 2892
f 2845 2846 2894
f 2845 2894 2893
f 2846 2847 2895
f 2846 2895 2894
f 2847 2848 2896
f 2847 2896 2895
f 2848 2849 2897
f 2848 2897 2896
f 2849 2850 2898
f 2849 2898 2897
f 2850 2851 2899
f 2850 2899 2898
f 2851 2852 2900
f 2851 2900 2899
f 2852 2853 2901
f 2852 2901 2900
f 2853 2854 2902
f 2853 2902 2901
f 2854 2855 2903
f 2854 2903 2902
f 2855 2856 2904
f 2855 2904 2903
f 2856 2857 2905
f 2856 2905 2904
f 2857 2858 2906
f 2857 2906 2905
f 2858 2859 2907
f 2858 2907 2906
f 2859 2860 2908
f 2859 2908 2907
f 2860 2861 2909
f 2860 2909 2908
f 2861 2862 2910
f 2861 2910 2909
f 2862 2863 2911
f 2862 2911 2910
f 2863 2864 2912
f 2863 2912 2911
f 2864 2817 2865
f 2864 2865 2912
f 2865 2866 2914
f 2865 2914 2913
f 2866 2867 2915
f 2866 2915 2914
f 2867 2868 2916
f 2867 2916 2915
f 2868 2869 2917
f 2868 2917 2916
f 2869 2870 2918
f 2869 2918 2917
f 2870 2871 2919
f 2870 2919 2918
f 2871 2872 2920
f 2871 2920 2919
f 2872 2873 2921
f 2872 2921 2920
f 2873 2874 2922
f 2873 2922 2921
f 2874 2875 2923
f 2874 2923 2922
f 2875 2876 2924
f 2875 2924 2923
f 2876 2877 2925
f 2876 2925 2924
f 2877 2878 2926
f 2877 2926 2925
f 2878 2879 2927
f 2878 2927 2926
f 2879 2880 2928
f 2879 2928 2927
f 2880 2881 2929
f 2880 2929 2928
f 2881 2882 2930
f 2881 2930 2929
f 2882 2883 2931
f 2882 2931 2930
f 2883 2884 2932
f 2883 2932 2931
f 2884 2885 2933
f 2884 2933 2932
f 2885 2886 2934
f 2885 2934 2933
f 2886 2887 2935
f 2886 2935 2934
f 2887 2888 2936
f 2887 2936 2935
f 2888 2889 2937
f 2888 2937 2936
f 2889 2890 2938
f 2889 2938 2937
f 2890 2891 2939
f 2890 2939 2938
f 2891 2892 2940
f 2891 2940 2939
f 2892 2893 2941
f 2892 2941 2940
f 2893 2894 2942
f 2893 2942 2941
f 2894 2895 2943
f 2894 2943 2942
f 2895 2896 2944
f 2895 2944 2943
f 2896 2897 2945
f 2896 2945 2944
f 2897 2898 2946
f 2897 2946 2945
f 2898 2899 2947
f 2898 2947 2946
f 2899 2900 2948
f 2899 2948 2947
f 2900 2901 2949
f 2900 2949 2948
f 2901 2902 2950
f 2901 2950 2949
f 2902 2903 2951
f 2902 2951 2950
f 2903 2904 2952
f 2903 2952 2951
f 2904 2905 2953
f 2904 2953 2952
f 2905 2906 2954
f 2905 2954 2953
f 2906 2907 2955
f 2906 2955 2954
f 2907 2908 2956
f 2907 2956 2955
f 2908 2909 2957
f 2908 2957 2956
f 2909 2910 2958
f 2909 2958 2957
f 2910 2911 2959
f 2910 2959 2958
f 2911 2912 2960
f 2911 2960 2959
f 2912 2865 2913
f 2912 2913 2960
f 2961 2962 2982
f 2961 2982 2981
f 2962 2963 2983
f 2962 2983 2982
f 2963 2964 2984
f 2963 2984 2983
f 2964 2965 2985
f 2964 2985 2984
f 2965 2966 2986
f 2965 2986 2985
f 2966 2967 2987
f 2966 2987 2986
f 2967 2968 2988
f 2967 2988 2987
f 2968 2969 2989
f 2968 2989 2988
f 2969 2970 2990
f 2969 2990 2989
f 2970 2971 2991
f 2970 2991 2990
f 2971 2972 2992
f 2971 2992 2991
f 2972 2973 2993
f 2972 2993 2992
f 2973 2974 2994
f 2973 2994 2993
f 2974 2975 2995
f 2974 2995 2994
f 2975 2976 2996
f 2975 2996 2995
f 2976 2977 2997
f 2976 2997 2996
f 2977 2978 2998
f 2977 2998 2997
f 2978 2979 2999
f 2978 2999 2998
f 2979 2980 3000
f 2979 3000 2999
f 2980 2961 2981
f 2980 2981 3000
f 2981 2982 3002
f 2981 3002 3001
f 2982 2983 3003
f 2982 3003 3002
f 2983 2984 3004
f 2983 3004 3003
f 2984 2985 3005
f 2984 3005 3004
f 2985 2986 3006
f 2985 3006 3005
f 2986 2987 3007
f 2986 3007 3006
f 2987 2988 3008
f 2987 3008 3007
f 2988 2989 3009
f 2988 3009 3008
f 2989 2990 3010
f 2989 3010 3009
f 2990 2991 3011
f 2990 3011 3010
f 2991 2992 3012
f 2991 3012 3011
f 2992 2993 3013
f 2992 3013 3012
f 2993 2994 3014
f 2993 3014 3013
f 2994 2995 3015
f 2994 3015 3014
f 2995 2996 3016
f 2995 3016 3015
f 2996 2997 3017
f 2996 3017 3016
f 2997 2998 3018
f 2997 3018 3017
f 2998 2999 3019
f 2998 3019 3018
f 2999 3000 3020
f 2999 3020 3019
f 3000 2981 3001
f 3000 3001 3020
f 3001 3002 3022
f 3001 3022 3021
f 3002 3003 3023
f 3002 3023 3022
f 3003 3004 3024
f 3003 3024 3023
f 3004 3005 3025
f 3004 3025 3024
f 3005 3006 3026
f 3005 3026 3025
f 3006 3007 3027
f 3006 3027 3026
f 3007 3008 3028
f 3007 3028 3027
f 3008 3009 3029
f 3008 3029 3028
f 3009 3010 3030
f 3009 3030 3029
f 3010 3011 3031
f 3010 3031 3030
f 3011 3012 3032
f 3011 3032 3031
f 3012 3013 3033
f 3012 3033 3032
f 3013 3014 3034
f 3013 3034 3033
f 3014 3015 3035
f 3014 3035 3034
f 3015 3016 3036
f 3015 3036 3035
f 3016 3017 3037
f 3016 3037 3036
f 3017 3018 3038
f 3017 3038 3037
f 3018 3019 3039
f 3018 3039 3038
f 3019 3020 3040
f 3019 3040 3039
f 3020 3001 3021
f 3020 3021 3040
f 3021 3022 3042
f 3021 3042 3041
f 3022 3023 3043
f 3022 3043 3042
f 3023 3024 3044
f 3023 3044 3043
f 3024 3025 3045
f 3024 3045 3044
f 3025 3026 3046
f 3025 3046 3045
f 3026 3027 3047
f 3026 3047 3046
f 3027 3028 3048
f 3027 3048 3047
f 3028 3029 3049
f 3028 3049 3048
f 3029 3030 3050
f 3029 3050 3049
f 3030 3031 3051
f 3030 3051 3050
f 3031 3032 3052
f 3031 3052 3051
f 3032 3033 3053
f 3032 3053 3052
f 3033 3034 3054
f 3033 3054 3053
f 3034 3035 3055
f 3034 3055 3054
f 3035 3036 3056
f 3035 3056 3055
f 3036 3037 3057
f 3036 3057 3056
f 3037 3038 3058
f 3037 3058 3057
f 3038 3039 3059
f 3038 3059 3058
f 3039 3040 3060
f 3039 3060 3059
f 3040 3021 3041
f 3040 3041 3060
f 3041 3042 3062
f 3041 3062 3061
f 3042 3043 3063
f 3042 3063 3062
f 3043 3044 3064
f 3043 3064 3063
f 3044 3045 3065
f 3044 3065 3064
f 3045 3046 3066
f 3045 3066 3065
f 3046 3047 3067
f 3046 3067 3066
f 3047 3048 3068
f 3047 3068 3067
f 3048 3049 3069
f 3048 3069 3068
f 3049 3050 3070
f 3049 3070 3069
f 3050 3051 3071
f 3050 3071 3070
f 3051 3052 3072
f 3051 3072 3071
f 3052 3053 3073
f 3052 3073 3072
f 3053 3054 3074
f 3053 3074 3073
f 3054 3055 3075
f 3054 3075 3074
f 3055 3056 3076
f 3055 3076 3075
f 3056 3057 3077
f 3056 3077 3076
f 3057 3058 3078
f 3057 3078 3077
f 3058 3059 3079
f 3058 3079 3078
f 3059 3060 3080
f 3059 3080 3079
f 3060 3041 3061
f 3060 3061 3080
f 3061 3062 3082
f 3061 3082 3081
f 3062 3063 3083
f 3062 3083 3082
f 3063 3064 3084
f 3063 3084 3083
f 3064 3065 3085
f 3064 3085 3084
f 3065 3066 3086
f 3065 3086 3085
f 3066 3067 3087
f 3066 3087 3086
f 3067 3068 3088
f 3067 3088 3087
f 3068 3069 3089
f 3068 3089 3088
f 3069 3070 3090
f 3069 3090 3089
f 3070 3071 3091
f 3070 3091 3090
f 3071 3072 3092
f 3071 3092 3091
f 3072 3073 3093
f 3072 3093 3092
f 3073 3074 3094
f 3073 3094 3093
f 3074 3075 3095
f 3074 3095 3094
f 3075 3076 3096
f 3075 3096 3095
f 3076 3077 3097
f 3076 3097 3096
f 3077 3078 3098
f 3077 3098 3097
f 3078 3079 3099
f 3078 3099 3098
f 3079 3080 3100
f 3079 3100 3099
f 3080 3061 3081
f 3080 3081 3100
f 3081 3082 3102
f 3081 3102 3101
f 3082 3083 3103
f 3082 3103 3102
f 3083 3084 3104
f 3083 3104 3103
f 3084 3085 3105
f 3084 3105 3104
f 3085 3086 3106
f 3085 3106 3105
f 3086 3087 3107
f 3086 3107 3106
f 3087 3088 3108
f 3087 3108 3107
f 3088 3089 3109
f 3088 3109 3108
f 3089 3090 3110
f 3089 3110 3109
f 3090 3091 3111
f 3090 3111 3110
f 3091 3092 3112
f 3091 3112 3111
f 3092 3093 3113
f 3092 3113 3112
f 3093 3094 3114
f 3093 3114 3113
f 3094 3095 3115
f 3094 3115 3114
f 3095 3096 3116
f 3095 3116 3115
f 3096 3097 3117
f 3096 3117 3116
f 3097 3098 3118
f 3097 3118 3117
f 3098 3099 3119
f 3098 3119 3118
f 3099 3100 3120
f 3099 3120 3119
f 3100 3081 3101
f 3100 3101 3120
f 3101 3102 3122
f 3101 3122 3121
f 3102 3103 3123
f 3102 3123 3122
f 3103 3104 3124
f 3103 3124 3123
f 3104 3105 3125
f 3104 3125 3124
f 3105 3106 3126
f 3105 3126 3125
f 3106 3107 3127
f 3106 3127 3126
f 3107 3108 3128
f 3107 3128 3127
f 3108 3109 3129
f 3108 3129 3128
f 3109 3110 3130
f 3109 3130 3129
f 3110 3111 3131
f 3110 3131 3130
f 3111 3112 3132
f 3111 3132 3131
f 3112 3113 3133
f 3112 3133 3132
f 3113 3114 3134
f 3113 3134 3133
f 3114 3115 3135
f 3114 3135 3134
f 3115 3116 3136
f 3115 3136 3135
f 3116 3117 3137
f 3116 3137 3136
f 3117 3118 3138
f 3117 3138 3137
f 3118 3119 3139
f 3118 3139 3138
f 3119 3120 3140
f 3119 3140 3139
f 3120 3101 3121
f 3120 3121 3140
f 3121 3122 3142
f 3121 3142 3141
f 3122 3123 3143
f 3122 3143 3142
f 3123 3124 3144
f 3123 3144 3143
f 3124 3125 3145
f 3124 3145 3144
f 3125 3126 3146
f 3125 3146 3145
f 3126 3127 3147
f 3126 3147 3146
f 3127 3128 3148
f 3127 3148 3147
f 3128 3129 3149
f 3128 3149 3148
f 3129 3130 3150
f 3129 3150 3149
f 3130 3131 3151
f 3130 3151 3150
f 3131 3132 3152
f 3131 3152 3151
f 3132 3133 3153
f 3132 3153 3152
f 3133 3134 3154
f 3133 3154 3153
f 3134 3135 3155
f 3134 3155 3154
f 3135 3136 3156
f 3135 3156 3155
f 3136 3137 3157
f 3136 3157 3156
f 3137 3138 3158
f 3137 3158 3157
f 3138 3139 3159
f 3138 3159 3158
f 3139 3140 3160
f 3139 3160 3159
f 3140 3121 3141
f 3140 3141 3160
f 3141 3142 3162
f 3141 3162 3161
f 3142 3143 3163
f 3142 3163 3162
f 3143 3144 3164
f 3143 3164 3163
f 3144 3145 3165
f 3144 3165 3164
f 3145 3146 3166
f 3145 3166 3165
f 3146 3147 3167
f 3146 3167 3166
f 3147 3148 3168
f 3147 3168 3167
f 3148 3149 3169
f 3148 3169 3168
f 3149 3150 3170
f 3149 3170 3169
f 3150 3151 3171
f 3150 3171 3170
f 3151 3152 3172
f 3151 3172 3171
f 3152 3153 3173
f 3152 3173 3172
f 3153 3154 3174
f 3153 3174 3173
f 3154 3155 3175
f 3154 3175 3174
f 3155 3156 3176
f 3155 3176 3175
f 3156 3157 3177
f 3156 3177 3176
f 3157 3158 3178
f 3157 3178 3177
f 3158 3159 3179
f 3158 3179 3178
f 3159 3160 3180
f 3159 3180 3179
f 3160 3141 3161
f 3160 3161 3180
f 3161 3162 3182
f 3161 3182 3181
f 3162 3163 3183
f 3162 3183 3182
f 3163 3164 3184
f 3163 3184 3183
f 3164 3165 3185
f 3164 3185 3184
f 3165 3166 3186
f 3165 3186 3185
f 3166 3167 3187
f 3166 3187 3186
f 3167 3168 3188
f 3167 3188 3187
f 3168 3169 3189
f 3168 3189 3188
f 3169 3170 3190
f 3169 3190 3189
f 3170 3171 3191
f 3170 3191 3190
f 3171 3172 3192
f 3171 3192 3191
f 3172 3173 3193
f 3172 3193 3192
f 3173 3174 3194
f 3173 3194 3193
f 3174 3175 3195
f 3174 3195 3194
f 3175 3176 3196
f 3175 3196 3195
f 3176 3177 3197
f 3176 3197 3196
f 3177 3178 3198
f 3177 3198 3197
f 3178 3179 3199
f 3178 3199 3198
f 3179 3180 3200
f 3179 3200 3199
f 3180 3161 3181
f 3180 3181 3200
f 3181 3182 3202
f 3181 3202 3201
f 3182 3183 3203
f 3182 3203 3202
f 3183 3184 3204
f 3183 3204 3203
f 3184 3185 3205
f 3184 3205 3204
f 3185 3186 3206
f 3185 3206 3205
f 3186 3187 3207
f 3186 3207 3206
f 3187 3188 3208
f 3187 3208 3207
f 3188 3189 3209
f 3188 3209 3208
f 3189 3190 3210
f 3189 3210 3209
f 3190 3191 3211
f 3190 3211 3210
f 3191 3192 3212
f 3191 3212 3211
f 3192 3193 3213
f 3192 3213 3212
f 3193 3194 3214
f 3193 3214 3213
f 3194 3195 3215
f 3194 3215 3214
f 3195 3196 3216
f 3195 3216 3215
f 3196 3197 3217
f 3196 3217 3216
f 3197 3198 3218
f 3197 3218 3217
f 3198 3199 3219
f 3198 3219 3218
f 3199 3200 3220
f 3199 3220 3219
f 3200 3181 3201
f 3200 3201 3220
f 3221 3222 3242
f 3221 3242 3241
f 3222 3223 3243
f 3222 3243 3242
f 3223 3224 3244
f 3223 3244 3243
f 3224 3225 3245
f 3224 3245 3244
f 3225 3226 3246
f 3225 3246 3245
f 3226 3227 3247
f 3226 3247 3246
f 3227 3228 3248
f 3227 3248 3247
f 3228 3229 3249
f 3228 3249 3248
f 3229 3230 3250
f 3229 3250 3249
f 3230 3231 3251
f 3230 3251 3250
f 3231 3232 3252
f 3231 3252 3251
f 3232 3233 3253
f 3232 3253 3252
f 3233 3234 3254
f 3233 3254 3253
f 3234 3235 3255
f 3234 3255 3254
f 3235 3236 3256
f 3235 3256 3255
f 3236 3237 3257
f 3236 3257 3256
f 3237 3238 3258
f 3237 3258 3257
f 3238 3239 3259
f 3238 3259 3258
f 3239 3240 3260
f 3239 3260 3259
f 3240 3221 3241
f 3240 3241 3260
f 3241 3242 3262
f 3241 3262 3261
f 3242 3243 3263
f 3242 3263 3262
f 3243 3244 3264
f 3243 3264 3263
f 3244 3245 3265
f 3244 3265 3264
f 3245 3246 3266
f 3245 3266 3265
f 3246 3247 3267
f 3246 3267 3266
f 3247 3248 3268
f 3247 3268 3267
f 3248 3249 3269
f 3248 3269 3268
f 3249 3250 3270
f 3249 3270 3269
f 3250 3251 3271
f 3250 3271 3270
f 3251 3252 3272
f 3251 3272 3271
f 3252 3253 3273
f 3252 3273 3272
f 3253 3254 3274
f 3253 3274 3273
f 3254 3255 3275
f 3254 3275 3274
f 3255 3256 3276
f 3255 3276 3275
f 3256 3257 3277
f 3256 3277 3276
f 3257 3258 3278
f 3257 3278 3277
f 3258 3259 3279
f 3258 3279 3278
f 3259 3260 3280
f 3259 3280 3279
f 3260 3241 3261
f 3260 3261 3280
f 3261 3262 3282
f 3261 3282 3281
f 3262 3263 3283
f 3262 3283 3282
f 3263 3264 3284
f 3263 3284 3283
f 3264 3265 3285
f 3264 3285 3284
f 3265 3266 3286
f 3265 3286 3285
f 3266 3267 3287
f 3266 3287 3286
f 3267 3268 3288
f 3267 3288 3287
f 3268 3269 3289
f 3268 3289 3288
f 3269 3270 3290
f 3269 3290 3289
f 3270 3271 3291
f 3270 3291 3290
f 3271 3272 3292
f 3271 3292 3291
f 3272 3273 3293
f 3272 3293 3292
f 3273 3274 3294
f 3273 3294 3293
f 3274 3275 3295
f 3274 3295 3294
f 3275 3276 3296
f 3275 3296 3295
f 3276 3277 3297
f 3276 3297 3296
f 3277 3278 3298
f 3277 3298 3297
f 3278 3279 3299
f 3278 3299 3298
f 3279 3280 3300
f 3279 3300 3299
f 3280 3261 3281
f 3280 3281 3300
f 3281 3282 3302
f 3281 3302 3301
f 3282 3283 3303
f 3282 3303 3302
f 3283 3284 3304
f 3283 3304 3303
f 3284 3285 3305
f 3284 3305 3304
f 3285 3286 3306
f 3285 3306 3305
f 3286 3287 3307
f 3286 3307 3306
f 3287 3288 3308
f 3287 3308 3307
f 3288 3289 3309
f 3288 3309 3308
f 3289 3290 3310
f 3289 3310 3309
f 3290 3291 3311
f 3290 3311 3310
f 3291 3292 3312
f 3291 3312 3311
f 3292 3293 3313
f 3292 3313 3312
f 3293 3294 3314
f 3293 3314 3313
f 3294 3295 3315
f 3294 3315 3314
f 3295 3296 3316
f 3295 3316 3315
f 3296 3297 3317
f 3296 3317 3316
f 3297 3298 3318
f 3297 3318 3317
f 3298 3299 3319
f 3298 3319 3318
f 3299 3300 3320
f 3299 3320 3319
f 3300 3281 3301
f 3300 3301 3320
f 3301 3302 3322
f 3301 3322 3321
f 3302 3303 3323
f 3302 3323 3322
f 3303 3304 3324
f 3303 3324 3323
f 3304 3305 3325
f 3304 3325 3324
f 3305 3306 3326
f 3305 3326 3325
f 3306 3307 3327
f 3306 3327 3326
f 3307 3308 3328
f 3307 3328 3327
f 3308 3309 3329
f 3308 3329 3328
f 3309 3310 3330
f 3309 3330 3329
f 3310 3311 3331
f 3310 3331 3330
f 3311 3312 3332
f 3311 3332 3331
f 3312 3313 3333
f 3312 3333 3332
f 3313 3314 3334
f 3313 3334 3333
f 3314 3315 3335
f 3314 3335 3334
f 3315 3316 3336
f 3315 3336 3335
f 3316 3317 3337
f 3316 3337 3336
f 3317 3318 3338
f 3317 3338 3337
f 3318 3319 3339
f 3318 3339 3338
f 3319 3320 3340
f 3319 3340 3339
f 3320 3301 3321
f 3320 3321 3340
f 3321 3322 3342
f 3321 3342 3341
f 3322 3323 3343
f 3322 3343 3342
f 3323 3324 3344
f 3323 3344 3343
f 3324 3325 3345
f 3324 3345 3344
f 3325 3326 3346
f 3325 3346 3345
f 3326 3327 3347
f 3326 3347 3346
f 3327 3328 3348
f 3327 3348 3347
f 3328 3329 3349
f 3328 3349 3348
f 3329 3330 3350
f 3329 3350 3349
f 3330 3331 3351
f 3330 3351 3350
f 3331 3332 3352
f 3331 3352 3351
f 3332 3333 3353
f 3332 3353 3352
f 3333 3334 3354
f 3333 3354 3353
f 3334 3335 3355
f 3334 3355 3354
f 3335 3336 3356
f 3335 3356 3355
f 3336 3337 3357
f 3336 3357 3356
f 3337 3338 3358
f 3337 3358 3357
f 3338 3339 3359
f 3338 3359 3358
f 3339 3340 3360
f 3339 3360 3359
f 3340 3321 3341
f 3340 3341 3360
f 3341 3342 3362
f 3341 3362 3361
f 3342 3343 3363
f 3342 3363 3362
f 3343 3344 3364
f 3343 3364 3363
f 3344 3345 3365
f 3344 3365 3364
f 3345 3346 3366
f 3345 3366 3365
f 3346 3347 3367
f 3346 3367 3366
f 3347 3348 3368
f 3347 3368 3367
f 3348 3349 3369
f 3348 3369 3368
f 3349 3350 3370
f 3349 3370 3369
f 3350 3351 3371
f 3350 3371 3370
f 3351 3352 3372
f 3351 3372 3371
f 3352 3353 3373
f 3352 3373 3372
f 3353 3354 3374
f 3353 3374 3373
f 3354 3355 3375
f 3354 3375 3374
f 3355 3356 3376
f 3355 3376 3375
f 3356 3357 3377
f 3356 3377 3376
f 3357 3358 3378
f 3357 3378 3377
f 3358 3359 3379
f 3358 3379 3378
f 3359 3360 3380
f 3359 3380 3379
f 3360 3341 3361
f 3360 3361 3380
f 3361 3362 3382
f 3361 3382 3381
f 3362 3363 3383
f 3362 3383 3382
f 3363 3364 3384
f 3363 3384 3383
f 3364 3365 3385
f 3364 3385 3384
f 3365 3366 3386
f 3365 3386 3385
f 3366 3367 3387
f 3366 3387 3386
f 3367 3368 3388
f 3367 3388 3387
f 3368 3369 3389
f 3368 3389 3388
f 3369 3370 3390
f 3369 3390 3389
f 3370 3371 3391
f 3370 3391 3390
f 3371 3372 3392
f 3371 3392 3391
f 3372 3373 3393
f 3372 3393 3392
f 3373 3374 3394
f 3373 3394 3393
f 3374 3375 3395
f 3374 3395 3394
f 3375 3376 3396
f 3375 3396 3395
f 3376 3377 3397
f 3376 3397 3396
f 3377 3378 3398
f 3377 3398 3397
f 3378 3379 3399
f 3378 3399 3398
f 3379 3380 3400
f 3379 3400 3399
f 3380 3361 3381
f 3380 3381 3400
f 3381 3382 3402
f 3381 3402 3401
f 3382 3383 3403
f 3382 3403 3402
f 3383 3384 3404
f 3383 3404 3403
f 3384 3385 3405
f 3384 3405 3404
f 3385 3386 3406
f 3385 3406 3405
f 3386 3387 3407
f 3386 3407 3406
f 3387 3388 3408
f 3387 3408 3407
f 3388 3389 3409
f 3388 3409 3408
f 3389 3390 3410
f 3389 3410 3409
f 3390 3391 3411
f 3390 3411 3410
f 3391 3392 3412
f 3391 3412 3411
f 3392 3393 3413
f 3392 3413 3412
f 3393 3394 3414
f 3393 3414 3413
f 3394 3395 3415
f 3394 3415 3414
f 3395 3396 3416
f 3395 3416 3415
f 3396 3397 3417
f 3396 3417 3416
f 3397 3398 3418
f 3397 3418 3417
f 3398 3399 3419
f 3398 3419 3418
f 3399 3400 3420
f 3399 3420 3419
f 3400 3381 3401
f 3400 3401 3420
f 3401 3402 3422
f 3401 3422 3421
f 3402 3403 3423
f 3402 3423 3422
f 3403 3404 3424
f 3403 3424 3423
f 3404 3405 3425
f 3404 3425 3424
f 3405 3406 3426
f 3405 3426 3425
f 3406 3407 3427
f 3406 3427 3426
f 3407 3408 3428
f 3407 3428 3427
f 3408 3409 3429
f 3408 3429 3428
f 3409 3410 3430
f 3409 3430 3429
f 3410 3411 3431
f 3410 3431 3430
f 3411 3412 3432
f 3411 3432 3431
f 3412 3413 3433
f 3412 3433 3432
f 3413 3414 3434
f 3413 3434 3433
f 3414 3415 3435
f 3414 3435 3434
f 3415 3416 3436
f 3415 3436 3435
f 3416 3417 3437
f 3416 3437 3436
f 3417 3418 3438
f 3417 3438 3437
f 3418 3419 3439
f 3418 3439 3438
f 3419 3420 3440
f 3419 3440 3439
f 3420 3401 3421
f 3420 3421 3440
f 3421 3422 3442
f 3421 3442 3441
f 3422 3423 3443
f 3422 3443 3442
f 3423 3424 3444
f 3423 3444 3443
f 3424 3425 3445
f 3424 3445 3444
f 3425 3426 3446
f 3425 3446 3445
f 3426 3427 3447
f 3426 3447 3446
f 3427 3428 3448
f 3427 3448 3447
f 3428 3429 3449
f 3428 3449 3448
f 3429 3430 3450
f 3429 3450 3449
f 3430 3431 3451
f 3430 3451 3450
f 3431 3432 3452
f 3431 3452 3451
f 3432 3433 3453
f 3432 3453 3452
f 3433 3434 3454
f 3433 3454 3453
f 3434 3435 3455
f 3434 3455 3454
f 3435 3436 3456
f 3435 3456 3455
f 3436 3437 3457
f 3436 3457 3456
f 3437 3438 3458
f 3437 3458 3457
f 3438 3439 3459
f 3438 3459 3458
f 3439 3440 3460
f 3439 3460 3459
f 3440 3421 3441
f 3440 3441 3460
f 3441 3442 3462
f 3441 3462 3461
f 3442 3443 3463
f 3442 3463 3462
f 3443 3444 3464
f 3443 3464 3463
f 3444 3445 3465
f 3444 3465 3464
f 3445 3446 3466
f 3445 3466 3465
f 3446 3447 3467
f 3446 3467 3466
f 3447 3448 3468
f 3447 3468 3467
f 3448 3449 3469
f 3448 3469 3468
f 3449 3450 3470
f 3449 3470 3469
f 3450 3451 3471
f 3450 3471 3470
f 3451 3452 3472
f 3451 3472 3471
f 3452 3453 3473
f 3452 3473 3472
f 3453 3454 3474
f 3453 3474 3473
f 3454 3455 3475
f 3454 3475 3474
f 3455 3456 3476
f 3455 3476 3475
f 3456 3457 3477
f 3456 3477 3476
f 3457 3458 3478
f 3457 3478 3477
f 3458 3459 3479
f 3458 3479 3478
f 3459 3460 3480
f 3459 3480 3479
f 3460 3441 3461
f 3460 3461 3480
f 3481 3482 3502
f 3481 3502 3501
f 3482 3483 3503
f 3482 3503 3502
f 3483 3484 3504
f 3483 3504 3503
f 3484 3485 3505
f 3484 3505 3504
f 3485 3486 3506
f 3485 3506 3505
f 3486 3487 3507
f 3486 3507 3506
f 3487 3488 3508
f 3487 3508 3507
f 3488 3489 3509
f 3488 3509 3508
f 3489 3490 3510
f 3489 3510 3509
f 3490 3491 3511
f 3490 3511 3510
f 3491 3492 3512
f 3491 3512 3511
f 3492 3493 3513
f 3492 3513 3512
f 3493 3494 3514
f 3493 3514 3513
f 3494 3495 3515
f 3494 3515 3514
f 3495 3496 3516
f 3495 3516 3515
f 3496 3497 3517
f 3496 3517 3516
f 3497 3498 3518
f 3497 3518 3517
f 3498 3499 3519
f 3498 3519 3518
f 3499 3500 3520
f 3499 3520 3519
f 3500 3481 3501
f 3500 3501 3520
f 3501 3502 3522
f 3501 3522 3521
f 3502 3503 3523
f 3502 3523 3522
f 3503 3504 3524
f 3503 3524 3523
f 3504 3505 3525
f 3504 3525 3524
f 3505 3506 3526
f 3505 3526 3525
f 3506 3507 3527
f 3506 3527 3526
f 3507 3508 3528
f 3507 3528 3527
f 3508 3509 3529
f 3508 3529 3528
f 3509 3510 3530
f 3509 3530 3529
f 3510 3511 3531
f 3510 3531 3530
f 3511 3512 3532
f 3511 3532 3531
f 3512 3513 3533
f 3512 3533 3532
f 3513 3514 3534
f 3513 3534 3533
f 3514 3515 3535
f 3514 3535 3534
f 3515 3516 3536
f 3515 3536 3535
f 3516 3517 3537
f 3516 3537 3536
f 3517 3518 3538
f 3517 3538 3537
f 3518 3519 3539
f 3518 3539 3538
f 3519 3520 3540
f 3519 3540 3539
f 3520 3501 3521
f 3520 3521 3540
f 3521 3522 3542
f 3521 3542 3541
f 3522 3523 3543
f 3522 3543 3542
f 3523 3524 3544
f 3523 3544 3543
f 3524 3525 3545
f 3524 3545 3544
f 3525 3526 3546
f 3525 3546 3545
f 3526 3527 3547
f 3526 3547 3546
f 3527 3528 3548
f 3527 3548 3547
f 3528 3529 3549
f 3528 3549 3548
f 3529 3530 3550
f 3529 3550 3549
f 3530 3531 3551
f 3530 3551 3550
f 3531 3532 3552
f 3531 3552 3551
f 3532 3533 3553
f 3532 3553 3552
f 3533 3534 3554
f 3533 3554 3553
f 3534 3535 3555
f 3534 3555 3554
f 3535 3536 3556
f 3535 3556 3555
f 3536 3537 3557
f 3536 3557 3556
f 3537 3538 3558
f 3537 3558 3557
f 3538 3539 3559
f 3538 3559 3558
f 3539 3540 3560
f 3539 3560 3559
f 3540 3521 3541
f 3540 3541 3560
f 3541 3542 3562
f 3541 3562 3561
f 3542 3543 3563
f 3542 3563 3562
f 3543 3544 3564
f 3543 3564 3563
f 3544 3545 3565
f 3544 3565 3564
f 3545 3546 3566
f 3545 3566 3565
f 3546 3547 3567
f 3546 3567 3566
f 3547 3548 3568
f 3547 3568 3567
f 3548 3549 3569
f 3548 3569 3568
f 3549 3550 3570
f 3549 3570 3569
f 3550 3551 3571
f 3550 3571 3570
f 3551 3552 3572
f 3551 3572 3571
f 3552 3553 3573
f 3552 3573 3572
f 3553 3554 3574
f 3553 3574 3573
f 3554 3555 3575
f 3554 3575 3574
f 3555 3556 3576
f 3555 3576 3575
f 3556 3557 3577
f 3556 3577 3576
f 3557 3558 3578
f 3557 3578 3577
f 3558 3559 3579
f 3558 3579 3578
f 3559 3560 3580
f 3559 3580 3579
f 3560 3541 3561
f 3560 3561 3580
f 3561 3562 3582
f 3561 3582 3581
f 3562 3563 3583
f 3562 3583 3582
f 3563 3564 3584
f 3563 3584 3583
f 3564 3565 3585
f 3564 3585 3584
f 3565 3566 3586
f 3565 3586 3585
f 3566 3567 3587
f 3566 3587 3586
f 3567 3568 3588
f 3567 3588 3587
f 3568 3569 3589
f 3568 3589 3588
f 3569 3570 3590
f 3569 3590 3589
f 3570 3571 3591
f 3570 3591 3590
f 3571 3572 3592
f 3571 3592 3591
f 3572 3573 3593
f 3572 3593 3592
f 3573 3574 3594
f 3573 3594 3593
f 3574 3575 3595
f 3574 3595 3594
f 3575 3576 3596
f 3575 3596 3595
f 3576 3577 3597
f 3576 3597 3596
f 3577 3578 3598
f 3577 3598 3597
f 3578 3579 3599
f 3578 3599 3598
f 3579 3580 3600
f 3579 3600 3599
f 3580 3561 3581
f 3580 3581 3600
f 3581 3582 3602
f 3581 3602 3601
f 3582 3583 3603
f 3582 3603 3602
f 3583 3584 3604
f 3583 3604 3603
f 3584 3585 3605
f 3584 3605 3604
f 3585 3586 3606
f 3585 3606 3605
f 3586 3587 3607
f 3586 3607 3606
f 3587 3588 3608
f 3587 3608 3607
f 3588 3589 3609
f 3588 3609 3608
f 3589 3590 3610
f 3589 3610 3609
f 3590 3591 3611
f 3590 3611 3610
f 3591 3592 3612
f 3591 3612 3611
f 3592 3593 3613
f 3592 3613 3612
f 3593 3594 3614
f 3593 3614 3613
f 3594 3595 3615
f 3594 3615 3614
f 3595 3596 3616
f 3595 3616 3615
f 3596 3597 3617
f 3596 3617 3616
f 3597 3598 3618
f 3597 3618 3617
f 3598 3599 3619
f 3598 3619 3618
f 3599 3600 3620
f 3599 3620 3619
f 3600 3581 3601
f 3600 3601 3620
f 3601 3602 3622
f 3601 3622 3621
f 3602 3603 3623
f 3602 3623 3622
f 3603 3604 3624
f 3603 3624 3623
f 3604 3605 3625
f 3604 3625 3624
f 3605 3606 3626
f 3605 3626 3625
f 3606 3607 3627
f 3606 3627 3626
f 3607 3608 3628
f 3607 3628 3627
f 3608 3609 3629
f 3608 3629 3628
f 3609 3610 3630
f 3609 3630 3629
f 3610 3611 3631
f 3610 3631 3630
f 3611 3612 3632
f 3611 3632 3631
f 3612 3613 3633
f 3612 3633 3632
f 3613 3614 3634
f 3613 3634 3633
f 3614 3615 3635
f 3614 3635 3634
f 3615 3616 3636
f 3615 3636 3635
f 3616 3617 3637
f 3616 3637 3636
f 3617 3618 3638
f 3617 3638 3637
f 3618 3619 3639
f 3618 3639 3638
f 3619 3620 3640
f 3619 3640 3639
f 3620 3601 3621
f 3620 3621 3640
f 3621 3622 3642
f 3621 3642 3641
f 3622 3623 3643
f 3622 3643 3642
f 3623 3624 3644
f 3623 3644 3643
f 3624 3625 3645
f 3624 3645 3644
f 3625 3626 3646
f 3625 3646 3645
f 3626 3627 3647
f 3626 3647 3646
f 3627 3628 3648
f 3627 3648 3647
f 3628 3629 3649
f 3628 3649 3648
f 3629 3630 3650
f 3629 3650 3649
f 3630 3631 3651
f 3630 3651 3650
f 3631 3632 3652
f 3631 3652 3651
f 3632 3633 3653
f 3632 3653 3652
f 3633 3634 3654
f 3633 3654 3653
f 3634 3635 3655
f 3634 3655 3654
f 3635 3636 3656
f 3635 3656 3655
f 3636 3637 3657
f 3636 3657 3656
f 3637 3638 3658
f 3637 3658 3657
f 3638 3639 3659
f 3638 3659 3658
f 3639 3640 3660
f 3639 3660 3659
f 3640 3621 3641
f 3640 3641 3660
f 3641 3642 3662
f 3641 3662 3661
f 3642 3643 3663
f 3642 3663 3662
f 3643 3644 3664
f 3643 3664 3663
f 3644 3645 3665
f 3644 3665 3664
f 3645 3646 3666
f 3645 3666 3665
f 3646 3647 3667
f 3646 3667 3666
f 3647 3648 3668
f 3647 3668 3667
f 3648 3649 3669
f 3648 3669 3668
f 3649 3650 3670
f 3649 3670 3669
f 3650 3651 3671
f 3650 3671 3670
f 3651 3652 3672
f 3651 3672 3671
f 3652 3653 3673
f 3652 3673 3672
f 3653 3654 3674
f 3653 3674 3673
f 3654 3655 3675
f 3654 3675 3674
f 3655 3656 3676
f 3655 3676 3675
f 3656 3657 3677
f 3656 3677 3676
f 3657 3658 3678
f 3657 3678 3677
f 3658 3659 3679
f 3658 3679 3678
f 3659 3660 3680
f 3659 3680 3679
f 3660 3641 3661
f 3660 3661 3680
f 3661 3662 3682
f 3661 3682 3681
f 3662 3663 3683
f 3662 3683 3682
f 3663 3664 3684
f 3663 3684 3683
f 3664 3665 3685
f 3664 3685 3684
f 3665 3666 3686
f 3665 3686 3685
f 3666 3667 3687
f 3666 3687 3686
f 3667 3668 3688
f 3667 3688 3687
f 3668 3669 3689
f 3668 3689 3688
f 3669 3670 3690
f 3669 3690 3689
f 3670 3671 3691
f 3670 3691 3690
f 3671 3672 3692
f 3671 3692 3691
f 3672 3673 3693
f 3672 3693 3692
f 3673 3674 3694
f 3673 3694 3693
f 3674 3675 3695
f 3674 3695 3694
f 3675 3676 3696
f 3675 3696 3695
f 3676 3677 3697
f 3676 3697 3696
f 3677 3678 3698
f 3677 3698 3697
f 3678 3679 3699
f 3678 3699 3698
f 3679 3680 3700
f 3679 3700 3699
f 3680 3661 3681
f 3680 3681 3700
f 3681 3682 3702
f 3681 3702 3701
f 3682 3683 3703
f 3682 3703 3702
f 3683 3684 3704
f 3683 3704 3703
f 3684 3685 3705
f 3684 3705 3704
f 3685 3686 3706
f 3685 3706 3705
f 3686 3687 3707
f 3686 3707 3706
f 3687 3688 3708
f 3687 3708 3707
f 3688 3689 3709
f 3688 3709 3708
f 3689 3690 3710
f 3689 3710 3709
f 3690 3691 3711
f 3690 3711 3710
f 3691 3692 3712
f 3691 3712 3711
f 3692 3693 3713
f 3692 3713 3712
f 3693 3694 3714
f 3693 3714 3713
f 3694 3695 3715
f 3694 3715 3714
f 3695 3696 3716
f 3695 3716 3715
f 3696 3697 3717
f 3696 3717 3716
f 3697 3698 3718
f 3697 3718 3717
f 3698 3699 3719
f 3698 3719 3718
f 3699 3700 3720
f 3699 3720 3719
f 3700 3681 3701
f 3700 3701 3720
f 3701 3702 3722
f 3701 3722 3721
f 3702 3703 3723
f 3702 3723 3722
f 3703 3704 3724
f 3703 3724 3723
f 3704 3705 3725
f 3704 3725 3724
f 3705 3706 3726
f 3705 3726 3725
f 3706 3707 3727
f 3706 3727 3726
f 3707 3708 3728
f 3707 3728 3727
f 3708 3709 3729
f 3708 3729 3728
f 3709 3710 3730
f 3709 3730 3729
f 3710 3711 3731
f 3710 3731 3730
f 3711 3712 3732
f 3711 3732 3731
f 3712 3713 3733
f 3712 3733 3732
f 3713 3714 3734
f 3713 3734 3733
f 3714 3715 3735
f 3714 3735 3734
f 3715 3716 3736
f 3715 3736 3735
f 3716 3717 3737
f 3716 3737 3736
f 3717 3718 3738
f 3717 3738 3737
f 3718 3719 3739
f 3718 3739 3738
f 3719 3720 3740
f 3719 3740 3739
f 3720 3701 3721
f 3720 3721 3740
f 3741 3742 3762
f 3741 3762 3761
f 3742 3743 3763
f 3742 3763 3762
f 3743 3744 3764
f 3743 3764 3763
f 3744 3745 3765
f 3744 3765 3764
f 3745 3746 3766
f 3745 3766 3765
f 3746 3747 3767
f 3746 3767 3766
f 3747 3748 3768
f 3747 3768 3767
f 3748 3749 3769
f 3748 3769 3768
f 3749 3750 3770
f 3749 3770 3769
f 3750 3751 3771
f 3750 3771 3770
f 3751 3752 3772
f 3751 3772 3771
f 3752 3753 3773
f 3752 3773 3772
f 3753 3754 3774
f 3753 3774 3773
f 3754 3755 3775
f 3754 3775 3774
f 3755 3756 3776
f 3755 3776 3775
f 3756 3757 3777
f 3756 3777 3776
f 3757 3758 3778
f 3757 3778 3777
f 3758 3759 3779
f 3758 3779 3778
f 3759 3760 3780
f 3759 3780 3779
f 3760 3741 3761
f 3760 3761 3780
f 3761 3762 3782
f 3761 3782 3781
f 3762 3763 3783
f 3762 3783 3782
f 3763 3764 3784
f 3763 3784 3783
f 3764 3765 3785
f 3764 3785 3784
f 3765 3766 3786
f 3765 3786 3785
f 3766 3767 3787
f 3766 3787 3786
f 3767 3768 3788
f 3767 3788 3787
f 3768 3769 3789
f 3768 3789 3788
f 3769 3770 3790
f 3769 3790 3789
f 3770 3771 3791
f 3770 3791 3790
f 3771 3772 3792
f 3771 3792 3791
f 3772 3773 3793
f 3772 3793 3792
f 3773 3774 3794
f 3773 3794 3793
f 3774 3775 3795
f 3774 3795 3794
f 3775 3776 3796
f 3775 3796 3795
f 3776 3777 3797
f 3776 3797 3796
f 3777 3778 3798
f 3777 3798 3797
f 3778 3779 3799
f 3778 3799 3798
f 3779 3780 3800
f 3779 3800 3799
f 3780 3761 3781
f 3780 3781 3800
f 3781 3782 3802
f 3781 3802 3801
f 3782 3783 3803
f 3782 3803 3802
f 3783 3784 3804
f 3783 3804 3803
f 3784 3785 3805
f 3784 3805 3804
f 3785 3786 3806
f 3785 3806 3805
f 3786 3787 3807
f 3786 3807 3806
f 3787 3788 3808
f 3787 3808 3807
f 3788 3789 3809
f 3788 3809 3808
f 3789 3790 3810
f 3789 3810 3809
f 3790 3791 3811
f 3790 3811 3810
f 3791 3792 3812
f 3791 3812 3811
f 3792 3793 3813
f 3792 3813 3812
f 3793 3794 3814
f 3793 3814 3813
f 3794 3795 3815
f 3794 3815 3814
f 3795 3796 3816
f 3795 3816 3815
f 3796 3797 3817
f 3796 3817 3816
f 3797 3798 3818
f 3797 3818 3817
f 3798 3799 3819
f 3798 3819 3818
f 3799 3800 3820
f 3799 3820 3819
f 3800 3781 3801
f 3800 3801 3820
f 3801 3802 3822
f 3801 3822 3821
f 3802 3803 3823
f 3802 3823 3822
f 3803 3804 3824
f 3803 3824 3823
f 3804 3805 3825
f 3804 3825 3824
f 3805 3806 3826
f 3805 3826 3825
f 3806 3807 3827
f 3806 3827 3826
f 3807 3808 3828
f 3807 3828 3827
f 3808 3809 3829
f 3808 3829 3828
f 3809 3810 3830
f 3809 3830 3829
f 3810 3811 3831
f 3810 3831 3830
f 3811 3812 3832
f 3811 3832 3831
f 3812 3813 3833
f 3812 3833 3832
f 3813 3814 3834
f 3813 3834 3833
f 3814 3815 3835
f 3814 3835 3834
f 3815 3816 3836
f 3815 3836 3835
f 3816 3817 3837
f 3816 3837 3836
f 3817 3818 3838
f 3817 3838 3837
f 3818 3819 3839
f 3818 3839 3838
f 3819 3820 3840
f 3819 3840 3839
f 3820 3801 3821
f 3820 3821 3840
f 3821 3822 3842
f 3821 3842 3841
f 3822 3823 3843
f 3822 3843 3842
f 3823 3824 3844
f 3823 3844 3843
f 3824 3825 3845
f 3824 3845 3844
f 3825 3826 3846
f 3825 3846 3845
f 3826 3827 3847
f 3826 3847 3846
f 3827 3828 3848
f 3827 3848 3847
f 3828 3829 3849
f 3828 3849 3848
f 3829 3830 3850
f 3829 3850 3849
f 3830 3831 3851
f 3830 3851 3850
f 3831 3832 3852
f 3831 3852 3851
f 3832 3833 3853
f 3832 3853 3852
f 3833 3834 3854
f 3833 3854 3853
f 3834 3835 3855
f 3834 3855 3854
f 3835 3836 3856
f 3835 3856 3855
f 3836 3837 3857
f 3836 3857 3856
f 3837 3838 3858
f 3837 3858 3857
f 3838 3839 3859
f 3838 3859 3858
f 3839 3840 3860
f 3839 3860 3859
f 3840 3821 3841
f 3840 3841 3860
f 3841 3842 3862
f 3841 3862 3861
f 3842 3843 3863
f 3842 3863 3862
f 3843 3844 3864
f 3843 3864 3863
f 3844 3845 3865
f 3844 3865 3864
f 3845 3846 3866
f 3845 3866 3865
f 3846 3847 3867
f 3846 3867 3866
f 3847 3848 3868
f 3847 3868 3867
f 3848 3849 3869
f 3848 3869 3868
f 3849 3850 3870
f 3849 3870 3869
f 3850 3851 3871
f 3850 3871 3870
f 3851 3852 3872
f 3851 3872 3871
f 3852 3853 3873
f 3852 3873 3872
f 3853 3854 3874
f 3853 3874 3873
f 3854 3855 3875
f 3854 3875 3874
f 3855 3856 3876
f 3855 3876 3875
f 3856 3857 3877
f 3856 3877 3876
f 3857 3858 3878
f 3857 3878 3877
f 3858 3859 3879
f 3858 3879 3878
f 3859 3860 3880
f 3859 3880 3879
f 3860 3841 3861
f 3860 3861 3880
f 3861 3862 3882
f 3861 3882 3881
f 3862 3863 3883
f 3862 3883 3882
f 3863 3864 3884
f 3863 3884 3883
f 3864 3865 3885
f 3864 3885 3884
f 3865 3866 3886
f 3865 3886 3885
f 3866 3867 3887
f 3866 3887 3886
f 3867 3868 3888
f 3867 3888 3887
f 3868 3869 3889
f 3868 3889 3888
f 3869 3870 3890
f 3869 3890 3889
f 3870 3871 3891
f 3870 3891 3890
f 3871 3872 3892
f 3871 3892 3891
f 3872 3873 3893
f 3872 3893 3892
f 3873 3874 3894
f 3873 3894 3893
f 3874 3875 3895
f 3874 3895 3894
f 3875 3876 3896
f 3875 3896 3895
f 3876 3877 3897
f 3876 3897 3896
f 3877 3878 3898
f 3877 3898 3897
f 3878 3879 3899
f 3878 3899 3898
f 3879 3880 3900
f 3879 3900 3899
f 3880 3861 3881
f 3880 3881 3900
f 3881 3882 3902
f 3881 3902 3901
f 3882 3883 3903
f 3882 3903 3902
f 3883 3884 3904
f 3883 3904 3903
f 3884 3885 3905
f 3884 3905 3904
f 3885 3886 3906
f 3885 3906 3905
f 3886 3887 3907
f 3886 3907 3906
f 3887 3888 3908
f 3887 3908 3907
f 3888 3889 3909
f 3888 3909 3908
f 3889 3890 3910
f 3889 3910 3909
f 3890 3891 3911
f 3890 3911 3910
f 3891 3892 3912
f 3891 3912 3911
f 3892 3893 3913
f 3892 3913 3912
f 3893 3894 3914
f 3893 3914 3913
f 3894 3895 3915
f 3894 3915 3914
f 3895 3896 3916
f 3895 3916 3915
f 3896 3897 3917
f 3896 3917 3916
f 3897 3898 3918
f 3897 3918 3917
f 3898 3899 3919
f 3898 3919 3918
f 3899 3900 3920
f 3899 3920 3919
f 3900 3881 3901
f 3900 3901 3920
f 3901 3902 3922
f 3901 3922 3921
f 3902 3903 3923
f 3902 3923 3922
f 3903 3904 3924
f 3903 3924 3923
f 3904 3905 3925
f 3904 3925 3924
f 3905 3906 3926
f 3905 3926 3925
f 3906 3907 3927
f 3906 3927 3926
f 3907 3908 3928
f 3907 3928 3927
f 3908 3909 3929
f 3908 3929 3928
f 3909 3910 3930
f 3909 3930 3929
f 3910 3911 3931
f 3910 3931 3930
f 3911 3912 3932
f 3911 3932 3931
f 3912 3913 3933
f 3912 3933 3932
f 3913 3914 3934
f 3913 3934 3933
f 3914 3915 3935
f 3914 3935 3934
f 3915 3916 3936
f 3915 3936 3935
f 3916 3917 3937
f 3916 3937 3936
f 3917 3918 3938
f 3917 3938 3937
f 3918 3919 3939
f 3918 3939 3938
f 3919 3920 3940
f 3919 3940 3939
f 3920 3901 3921
f 3920 3921 3940
f 3921 3922 3942
f 3921 3942 3941
f 3922 3923 3943
f 3922 3943 3942
f 3923 3924 3944
f 3923 3944 3943
f 3924 3925 3945
f 3924 3945 3944
f 3925 3926 3946
f 3925 3946 3945
f 3926 3927 3947
f 3926 3947 3946
f 3927 3928 3948
f 3927 3948 3947
f 3928 3929 3949
f 3928 3949 3948
f 3929 3930 3950
f 3929 3950 3949
f 3930 3931 3951
f 3930 3951 3950
f 3931 3932 3952
f 3931 3952 3951
f 3932 3933 3953
f 3932 3953 3952
f 3933 3934 3954
f 3933 3954 3953
f 3934 3935 3955
f 3934 3955 3954
f 3935 3936 3956
f 3935 3956 3955
f 3936 3937 3957
f 3936 3957 3956
f 3937 3938 3958
f 3937 3958 3957
f 3938 3939 3959
f 3938 3959 3958
f 3939 3940 3960
f 3939 3960 3959
f 3940 3921 3941
f 3940 3941 3960
f 3941 3942 3962
f 3941 3962 3961
f 3942 3943 3963
f 3942 3963 3962
f 3943 3944 3964
f 3943 3964 3963
f 3944 3945 3965
f 3944 3965 3964
f 3945 3946 3966
f 3945 3966 3965
f 3946 3947 3967
f 3946 3967 3966
f 3947 3948 3968
f 3947 3968 3967
f 3948 3949 3969
f 3948 3969 3968
f 3949 3950 3970
f 3949 3970 3969
f 3950 3951 3971
f 3950 3971 3970
f 3951 3952 3972
f 3951 3972 3971
f 3952 3953 3973
f 3952 3973 3972
f 3953 3954 3974
f 3953 3974 3973
f 3954 3955 3975
f 3954 3975 3974
f 3955 3956 3976
f 3955 3976 3975
f 3956 3957 3977
f 3956 3977 3976
f 3957 3958 3978
f 3957 3978 3977
f 3958 3959 3979
f 3958 3979 3978
f 3959 3960 3980
f 3959 3980 3979
f 3960 3941 3961
f 3960 3961 3980
f 3961 3962 3982
f 3961 3982 3981
f 3962 3963 3983
f 3962 3983 3982
f 3963 3964 3984
f 3963 3984 3983
f 3964 3965 3985
f 3964 3985 3984
f 3965 3966 3986
f 3965 3986 3985
f 3966 3967 3987
f 3966 3987 3986
f 3967 3968 3988
f 3967 3988 3987
f 3968 3969 3989
f 3968 3989 3988
f 3969 3970 3990
f 3969 3990 3989
f 3970 3971 3991
f 3970 3991 3990
f 3971 3972 3992
f 3971 3992 3991
f 3972 3973 3993
f 3972 3993 3992
f 3973 3974 3994
f 3973 3994 3993
f 3974 3975 3995
f 3974 3995 3994
f 3975 3976 3996
f 3975 3996 3995
f 3976 3977 3997
f 3976 3997 3996
f 3977 3978 3998
f 3977 3998 3997
f 3978 3979 3999
f 3978 3999 3998
f 3979 3980 4000
f 3979 4000 3999
f 3980 3961 3981
f 3980 3981 4000
f 4001 4002 4022
f 4001 4022 4021
f 4002 4003 4023
f 4002 4023 4022
f 4003 4004 4024
f 4003 4024 4023
f 4004 4005 4025
f 4004 4025 4024
f 4005 4006 4026
f 4005 4026 4025
f 4006 4007 4027
f 4006 4027 4026
f 4007 4008 4028
f 4007 4028 4027
f 4008 4009 4029
f 4008 4029 4028
f 4009 4010 4030
f 4009 4030 4029
f 4010 4011 4031
f 4010 4031 4030
f 4011 4012 4032
f 4011 4032 4031
f 4012 4013 4033
f 4012 4033 4032
f 4013 4014 4034
f 4013 4034 4033
f 4014 4015 4035
f 4014 4035 4034
f 4015 4016 4036
f 4015 4036 4035
f 4016 4017 4037
f 4016 4037 4036
f 4017 4018 4038
f 4017 4038 4037
f 4018 4019 4039
f 4018 4039 4038
f 4019 4020 4040
f 4019 4040 4039
f 4020 4001 4021
f 4020 4021 4040
f 4021 4022 4042
f 4021 4042 4041
f 4022 4023 4043
f 4022 4043 4042
f 4023 4024 4044
f 4023 4044 4043
f 4024 4025 4045
f 4024 4045 4044
f 4025 4026 4046
f 4025 4046 4045
f 4026 4027 4047
f 4026 4047 4046
f 4027 4028 4048
f 4027 4048 4047
f 4028 4029 4049
f 4028 4049 4048
f 4029 4030 4050
f 4029 4050 4049
f 4030 4031 4051
f 4030 4051 4050
f 4031 4032 4052
f 4031 4052 4051
f 4032 4033 4053
f 4032 4053 4052
f 4033 4034 4054
f 4033 4054 4053
f 4034 4035 4055
f 4034 4055 4054
f 4035 4036 4056
f 4035 4056 4055
f 4036 4037 4057
f 4036 4057 4056
f 4037 4038 4058
f 4037 4058 4057
f 4038 4039 4059
f 4038 4059 4058
f 4039 4040 4060
f 4039 4060 4059
f 4040 4021 4041
f 4040 4041 4060
f 4041 4042 4062
f 4041 4062 4061
f 4042 4043 4063
f 4042 4063 4062
f 4043 4044 4064
f 4043 4064 4063
f 4044 4045 4065
f 4044 4065 4064
f 4045 4046 4066
f 4045 4066 4065
f 4046 4047 4067
f 4046 4067 4066
f 4047 4048 4068
f 4047 4068 4067
f 4048 4049 4069
f 4048 4069 4068
f 4049 4050 4070
f 4049 4070 4069
f 4050 4051 4071
f 4050 4071 4070
f 4051 4052 4072
f 4051 4072 4071
f 4052 4053 4073
f 4052 4073 4072
f 4053 4054 4074
f 4053 4074 4073
f 4054 4055 4075
f 4054 4075 4074
f 4055 4056 4076
f 4055 4076 4075
f 4056 4057 4077
f 4056 4077 4076
f 4057 4058 4078
f 4057 4078 4077
f 4058 4059 4079
f 4058 4079 4078
f 4059 4060 4080
f 4059 4080 4079
f 4060 4041 4061
f 4060 4061 4080
f 4061 4062 4082
f 4061 4082 4081
f 4062 4063 4083
f 4062 4083 4082
f 4063 4064 4084
f 4063 4084 4083
f 4064 4065 4085
f 4064 4085 4084
f 4065 4066 4086
f 4065 4086 4085
f 4066 4067 4087
f 4066 4087 4086
f 4067 4068 4088
f 4067 4088 4087
f 4068 4069 4089
f 4068 4089 4088
f 4069 4070 4090
f 4069 4090 4089
f 4070 4071 4091
f 4070 4091 4090
f 4071 4072 4092
f 4071 4092 4091
f 4072 4073 4093
f 4072 4093 4092
f 4073 4074 4094
f 4073 4094 4093
f 4074 4075 4095
f 4074 4095 4094
f 4075 4076 4096
f 4075 4096 4095
f 4076 4077 4097
f 4076 4097 4096
f 4077 4078 4098
f 4077 4098 4097
f 4078 4079 4099
f 4078 4099 4098
f 4079 4080 4100
f 4079 4100 4099
f 4080 4061 4081
f 4080 4081 4100
f 4081 4082 4102
f 4081 4102 4101
f 4082 4083 4103
f 4082 4103 4102
f 4083 4084 4104
f 4083 4104 4103
f 4084 4085 4105
f 4084 4105 4104
f 4085 4086 4106
f 4085 4106 4105
f 4086 4087 4107
f 4086 4107 4106
f 4087 4088 4108
f 4087 4108 4107
f 4088 4089 4109
f 4088 4109 4108
f 4089 4090 4110
f 4089 4110 4109
f 4090 4091 4111
f 4090 4111 4110
f 4091 4092 4112
f 4091 4112 4111
f 4092 4093 4113
f 4092 4113 4112
f 4093 4094 4114
f 4093 4114 4113
f 4094 4095 4115
f 4094 4115 4114
f 4095 4096 4116
f 4095 4116 4115
f 4096 4097 4117
f 4096 4117 4116
f 4097 4098 4118
f 4097 4118 4117
f 4098 4099 4119
f 4098 4119 4118
f 4099 4100 4120
f 4099 4120 4119
f 4100 4081 4101
f 4100 4101 4120
f 4101 4102 4122
f 4101 4122 4121
f 4102 4103 4123
f 4102 4123 4122
f 4103 4104 4124
f 4103 4124 4123
f 4104 4105 4125
f 4104 4125 4124
f 4105 4106 4126
f 4105 4126 4125
f 4106 4107 4127
f 4106 4127 4126
f 4107 4108 4128
f 4107 4128 4127
f 4108 4109 4129
f 4108 4129 4128
f 4109 4110 4130
f 4109 4130 4129
f 4110 4111 4131
f 4110 4131 4130
f 4111 4112 4132
f 4111 4132 4131
f 4112 4113 4133
f 4112 4133 4132
f 4113 4114 4134
f 4113 4134 4133
f 4114 4115 4135
f 4114 4135 4134
f 4115 4116 4136
f 4115 4136 4135
f 4116 4117 4137
f 4116 4137 4136
f 4117 4118 4138
f 4117 4138 4137
f 4118 4119 4139
f 4118 4139 4138
f 4119 4120 4140
f 4119 4140 4139
f 4120 4101 4121
f 4120 4121 4140
f 4121 4122 4142
f 4121 4142 4141
f 4122 4123 4143
f 4122 4143 4142
f 4123 4124 4144
f 4123 4144 4143
f 4124 4125 4145
f 4124 4145 4144
f 4125 4126 4146
f 4125 4146 4145
f 4126 4127 4147
f 4126 4147 4146
f 4127 4128 4148
f 4127 4148 4147
f 4128 4129 4149
f 4128 4149 4148
f 4129 4130 4150
f 4129 4150 4149
f 4130 4131 4151
f 4130 4151 4150
f 4131 4132 4152
f 4131 4152 4151
f 4132 4133 4153
f 4132 4153 4152
f 4133 4134 4154
f 4133 4154 4153
f 4134 4135 4155
f 4134 4155 4154
f 4135 4136 4156
f 4135 4156 4155
f 4136 4137 4157
f 4136 4157 4156
f 4137 4138 4158
f 4137 4158 4157
f 4138 4139 4159
f 4138 4159 4158
f 4139 4140 4160
f 4139 4160 4159
f 4140 4121 4141
f 4140 4141 4160
f 4141 4142 4162
f 4141 4162 4161
f 4142 4143 4163
f 4142 4163 4162
f 4143 4144 4164
f 4143 4164 4163
f 4144 4145 4165
f 4144 4165 4164
f 4145 4146 4166
f 4145 4166 4165
f 4146 4147 4167
f 4146 4167 4166
f 4147 4148 4168
f 4147 4168 4167
f 4148 4149 4169
f 4148 4169 4168
f 4149 4150 4170
f 4149 4170 4169
f 4150 4151 4171
f 4150 4171 4170
f 4151 4152 4172
f 4151 4172 4171
f 4152 4153 4173
f 4152 4173 4172
f 4153 4154 4174
f 4153 4174 4173
f 4154 4155 4175
f 4154 4175 4174
f 4155 4156 4176
f 4155 4176 4175
f 4156 4157 4177
f 4156 4177 4176
f 4157 4158 4178
f 4157 4178 4177
f 4158 4159 4179
f 4158 4179 4178
f 4159 4160 4180
f 4159 4180 4179
f 4160 4141 4161
f 4160 4161 4180
f 4161 4162 4182
f 4161 4182 4181
f 4162 4163 4183
f 4162 4183 4182
f 4163 4164 4184
f 4163 4184 4183
f 4164 4165 4185
f 4164 4185 4184
f 4165 4166 4186
f 4165 4186 4185
f 4166 4167 4187
f 4166 4187 4186
f 4167 4168 4188
f 4167 4188 4187
f 4168 4169 4189
f 4168 4189 4188
f 4169 4170 4190
f 4169 4190 4189
f 4170 4171 4191
f 4170 4191 4190
f 4171 4172 4192
f 4171 4192 4191
f 4172 4173 4193
f 4172 4193 4192
f 4173 4174 4194
f 4173 4194 4193
f 4174 4175 4195
f 4174 4195 4194
f 4175 4176 4196
f 4175 4196 4195
f 4176 4177 4197
f 4176 4197 4196
f 4177 4178 4198
f 4177 4198 4197
f 4178 4179 4199
f 4178 4199 4198
f 4179 4180 4200
f 4179 4200 4199
f 4180 4161 4181
f 4180 4181 4200
f 4181 4182 4202
f 4181 4202 4201
f 4182 4183 4203
f 4182 4203 4202
f 4183 4184 4204
f 4183 4204 4203
f 4184 4185 4205
f 4184 4205 4204
f 4185 4186 4206
f 4185 4206 4205
f 4186 4187 4207
f 4186 4207 4206
f 4187 4188 4208
f 4187 4208 4207
f 4188 4189 4209
f 4188 4209 4208
f 4189 4190 4210
f 4189 4210 4209
f 4190 4191 4211
f 4190 4211 4210
f 4191 4192 4212
f 4191 4212 4211
f 4192 4193 4213
f 4192 4213 4212
f 4193 4194 4214
f 4193 4214 4213
f 4194 4195 4215
f 4194 4215 4214
f 4195 4196 4216
f 4195 4216 4215
f 4196 4197 4217
f 4196 4217 4216
f 4197 4198 4218
f 4197 4218 4217
f 4198 4199 4219
f 4198 4219 4218
f 4199 4200 4220
f 4199 4220 4219
f 4200 4181 4201
f 4200 4201 4220
f 4201 4202 4222
f 4201 4222 4221
f 4202 4203 4223
f 4202 4223 4222
f 4203 4204 4224
f 4203 4224 4223
f 4204 4205 4225
f 4204 4225 4224
f 4205 4206 4226
f 4205 4226 4225
f 4206 4207 4227
f 4206 4227 4226
f 4207 4208 4228
f 4207 4228 4227
f 4208 4209 4229
f 4208 4229 4228
f 4209 4210 4230
f 4209 4230 4229
f 4210 4211 4231
f 4210 4231 4230
f 4211 4212 4232
f 4211 4232 4231
f 4212 4213 4233
f 4212 4233 4232
f 4213 4214 4234
f 4213 4234 4233
f 4214 4215 4235
f 4214 4235 4234
f 4215 4216 4236
f 4215 4236 4235
f 4216 4217 4237
f 4216 4237 4236
f 4217 4218 4238
f 4217 4238 4237
f 4218 4219 4239
f 4218 4239 4238
f 4219 4220 4240
f 4219 4240 4239
f 4220 4201 4221
f 4220 4221 4240
f 4221 4222 4242
f 4221 4242 4241
f 4222 4223 4243
f 4222 4243 4242
f 4223 4224 4244
f 4223 4244 4243
f 4224 4225 4245
f 4224 4245 4244
f 4225 4226 4246
f 4225 4246 4245
f 4226 4227 4247
f 4226 4247 4246
f 4227 4228 4248
f 4227 4248 4247
f 4228 4229 4249
f 4228 4249 4248
f 4229 4230 4250
f 4229 4250 4249
f 4230 4231 4251
f 4230 4251 4250
f 4231 4232 4252
f 4231 4252 4251
f 4232 4233 4253
f 4232 4253 4252
f 4233 4234 4254
f 4233 4254 4253
f 4234 4235 4255
f 4234 4255 4254
f 4235 4236 4256
f 4235 4256 4255
f 4236 4237 4257
f 4236 4257 4256
f 4237 4238 4258
f 4237 4258 4257
f 4238 4239 4259
f 4238 4259 4258
f 4239 4240 4260
f 4239 4260 4259
f 4240 4221 4241
f 4240 4241 4260
f 4261 4262 4282
f 4261 4282 4281
f 4262 4263 4283
f 4262 4283 4282
f 4263 4264 4284
f 4263 4284 4283
f 4264 4265 4285
f 4264 4285 4284
f 4265 4266 4286
f 4265 4286 4285
f 4266 4267 4287
f 4266 4287 4286
f 4267 4268 4288
f 4267 4288 4287
f 4268 4269 4289
f 4268 4289 4288
f 4269 4270 4290
f 4269 4290 4289
f 4270 4271 4291
f 4270 4291 4290
f 4271 4272 4292
f 4271 4292 4291
f 4272 4273 4293
f 4272 4293 4292
f 4273 4274 4294
f 4273 4294 4293
f 4274 4275 4295
f 4274 4295 4294
f 4275 4276 4296
f 4275 4296 4295
f 4276 4277 4297
f 4276 4297 4296
f 4277 4278 4298
f 4277 4298 4297
f 4278 4279 4299
f 4278 4299 4298
f 4279 4280 4300
f 4279 4300 4299
f 4280 4261 4281
f 4280 4281 4300
f 4281 4282 4302
f 4281 4302 4301
f 4282 4283 4303
f 4282 4303 4302
f 4283 4284 4304
f 4283 4304 4303
f 4284 4285 4305
f 4284 4305 4304
f 4285 4286 4306
f 4285 4306 4305
f 4286 4287 4307
f 4286 4307 4306
f 4287 4288 4308
f 4287 4308 4307
f 4288 4289 4309
f 4288 4309 4308
f 4289 4290 4310
f 4289 4310 4309
f 4290 4291 4311
f 4290 4311 4310
f 4291 4292 4312
f 4291 4312 4311
f 4292 4293 4313
f 4292 4313 4312
f 4293 4294 4314
f 4293 4314 4313
f 4294 4295 4315
f 4294 4315 4314
f 4295 4296 4316
f 4295 4316 4315
f 4296 4297 4317
f 4296 4317 4316
f 4297 4298 4318
f 4297 4318 4317
f 4298 4299 4319
f 4298 4319 4318
f 4299 4300 4320
f 4299 4320 4319
f 4300 4281 4301
f 4300 4301 4320
f 4301 4302 4322
f 4301 4322 4321
f 4302 4303 4323
f 4302 4323 4322
f 4303 4304 4324
f 4303 4324 4323
f 4304 4305 4325
f 4304 4325 4324
f 4305 4306 4326
f 4305 4326 4325
f 4306 4307 4327
f 4306 4327 4326
f 4307 4308 4328
f 4307 4328 4327
f 4308 4309 4329
f 4308 4329 4328
f 4309 4310 4330
f 4309 4330 4329
f 4310 4311 4331
f 4310 4331 4330
f 4311 4312 4332
f 4311 4332 4331
f 4312 4313 4333
f 4312 4333 4332
f 4313 4314 4334
f 4313 4334 4333
f 4314 4315 4335
f 4314 4335 4334
f 4315 4316 4336
f 4315 4336 4335
f 4316 4317 4337
f 4316 4337 4336
f 4317 4318 4338
f 4317 4338 4337
f 4318 4319 4339
f 4318 4339 4338
f 4319 4320 4340
f 4319 4340 4339
f 4320 4301 4321
f 4320 4321 4340
f 4321 4322 4342
f 4321 4342 4341
f 4322 4323 4343
f 4322 4343 4342
f 4323 4324 4344
f 4323 4344 4343
f 4324 4325 4345
f 4324 4345 4344
f 4325 4326 4346
f 4325 4346 4345
f 4326 4327 4347
f 4326 4347 4346
f 4327 4328 4348
f 4327 4348 4347
f 4328 4329 4349
f 4328 4349 4348
f 4329 4330 4350
f 4329 4350 4349
f 4330 4331 4351
f 4330 4351 4350
f 4331 4332 4352
f 4331 4352 4351
f 4332 4333 4353
f 4332 4353 4352
f 4333 4334 4354
f 4333 4354 4353
f 4334 4335 4355
f 4334 4355 4354
f 4335 4336 4356
f 4335 4356 4355
f 4336 4337 4357
f 4336 4357 4356
f 4337 4338 4358
f 4337 4358 4357
f 4338 4339 4359
f 4338 4359 4358
f 4339 4340 4360
f 4339 4360 4359
f 4340 4321 4341
f 4340 4341 4360
f 4341 4342 4362
f 4341 4362 4361
f 4342 4343 4363
f 4342 4363 4362
f 4343 4344 4364
f 4343 4364 4363
f 4344 4345 4365
f 4344 4365 4364
f 4345 4346 4366
f 4345 4366 4365
f 4346 4347 4367
f 4346 4367 4366
f 4347 4348 4368
f 4347 4368 4367
f 4348 4349 4369
f 4348 4369 4368
f 4349 4350 4370
f 4349 4370 4369
f 4350 4351 4371
f 4350 4371 4370
f 4351 4352 4372
f 4351 4372 4371
f 4352 4353 4373
f 4352 4373 4372
f 4353 4354 4374
f 4353 4374 4373
f 4354 4355 4375
f 4354 4375 4374
f 4355 4356 4376
f 4355 4376 4375
f 4356 4357 4377
f 4356 4377 4376
f 4357 4358 4378
f 4357 4378 4377
f 4358 4359 4379
f 4358 4379 4378
f 4359 4360 4380
f 4359 4380 4379
f 4360 4341 4361
f 4360 4361 4380
f 4361 4362 4382
f 4361 4382 4381
f 4362 4363 4383
f 4362 4383 4382
f 4363 4364 4384
f 4363 4384 4383
f 4364 4365 4385
f 4364 4385 4384
f 4365 4366 4386
f 4365 4386 4385
f 4366 4367 4387
f 4366 4387 4386
f 4367 4368 4388
f 4367 4388 4387
f 4368 4369 4389
f 4368 4389 4388
f 4369 4370 4390
f 4369 4390 4389
f 4370 4371 4391
f 4370 4391 4390
f 4371 4372 4392
f 4371 4392 4391
f 4372 4373 4393
f 4372 4393 4392
f 4373 4374 4394
f 4373 4394 4393
f 4374 4375 4395
f 4374 4395 4394
f 4375 4376 4396
f 4375 4396 4395
f 4376 4377 4397
f 4376 4397 4396
f 4377 4378 4398
f 4377 4398 4397
f 4378 4379 4399
f 4378 4399 4398
f 4379 4380 4400
f 4379 4400 4399
f 4380 4361 4381
f 4380 4381 4400
f 4381 4382 4402
f 4381 4402 4401
f 4382 4383 4403
f 4382 4403 4402
f 4383 4384 4404
f 4383 4404 4403
f 4384 4385 4405
f 4384 4405 4404
f 4385 4386 4406
f 4385 4406 4405
f 4386 4387 4407
f 4386 4407 4406
f 4387 4388 4408
f 4387 4408 4407
f 4388 4389 4409
f 4388 4409 4408
f 4389 4390 4410
f 4389 4410 4409
f 4390 4391 4411
f 4390 4411 4410
f 4391 4392 4412
f 4391 4412 4411
f 4392 4393 4413
f 4392 4413 4412
f 4393 4394 4414
f 4393 4414 4413
f 4394 4395 4415
f 4394 4415 4414
f 4395 4396 4416
f 4395 4416 4415
f 4396 4397 4417
f 4396 4417 4416
f 4397 4398 4418
f 4397 4418 4417
f 4398 4399 4419
f 4398 4419 4418
f 4399 4400 4420
f 4399 4420 4419
f 4400 4381 4401
f 4400 4401 4420
f 4401 4402 4422
f 4401 4422 4421
f 4402 4403 4423
f 4402 4423 4422
f 4403 4404 4424
f 4403 4424 4423
f 4404 4405 4425
f 4404 4425 4424
f 4405 4406 4426
f 4405 4426 4425
f 4406 4407 4427
f 4406 4427 4426
f 4407 4408 4428
f 4407 4428 4427
f 4408 4409 4429
f 4408 4429 4428
f 4409 4410 4430
f 4409 4430 4429
f 4410 4411 4431
f 4410 4431 4430
f 4411 4412 4432
f 4411 4432 4431
f 4412 4413 4433
f 4412 4433 4432
f 4413 4414 4434
f 4413 4434 4433
f 4414 4415 4435
f 4414 4435 4434
f 4415 4416 4436
f 4415 4436 4435
f 4416 4417 4437
f 4416 4437 4436
f 4417 4418 4438
f 4417 4438 4437
f 4418 4419 4439
f 4418 4439 4438
f 4419 4420 4440
f 4419 4440 4439
f 4420 4401 4421
f 4420 4421 4440
f 4421 4422 4442
f 4421 4442 4441
f 4422 4423 4443
f 4422 4443 4442
f 4423 4424 4444
f 4423 4444 4443
f 4424 4425 4445
f 4424 4445 4444
f 4425 4426 4446
f 4425 4446 4445
f 4426 4427 4447
f 4426 4447 4446
f 4427 4428 4448
f 4427 4448 4447
f 4428 4429 4449
f 4428 4449 4448
f 4429 4430 4450
f 4429 4450 4449
f 4430 4431 4451
f 4430 4451 4450
f 4431 4432 4452
f 4431 4452 4451
f 4432 4433 4453
f 4432 4453 4452
f 4433 4434 4454
f 4433 4454 4453
f 4434 4435 4455
f 4434 4455 4454
f 4435 4436 4456
f 4435 4456 4455
f 4436 4437 4457
f 4436 4457 4456
f 4437 4438 4458
f 4437 4458 4457
f 4438 4439 4459
f 4438 4459 4458
f 4439 4440 4460
f 4439 4460 4459
f 4440 4421 4441
f 4440 4441 4460
f 4441 4442 4462
f 4441 4462 4461
f 4442 4443 4463
f 4442 4463 4462
f 4443 4444 4464
f 4443 4464 4463
f 4444 4445 4465
f 4444 4465 4464
f 4445 4446 4466
f 4445 4466 4465
f 4446 4447 4467
f 4446 4467 4466
f 4447 4448 4468
f 4447 4468 4467
f 4448 4449 4469
f 4448 4469 4468
f 4449 4450 4470
f 4449 4470 4469
f 4450 4451 4471
f 4450 4471 4470
f 4451 4452 4472
f 4451 4472 4471
f 4452 4453 4473
f 4452 4473 4472
f 4453 4454 4474
f 4453 4474 4473
f 4454 4455 4475
f 4454 4475 4474
f 4455 4456 4476
f 4455 4476 4475
f 4456 4457 4477
f 4456 4477 4476
f 4457 4458 4478
f 4457 4478 4477
f 4458 4459 4479
f 4458 4479 4478
f 4459 4460 4480
f 4459 4480 4479
f 4460 4441 4461
f 4460 4461 4480
f 4461 4462 4482
f 4461 4482 4481
f 4462 4463 4483
f 4462 4483 4482
f 4463 4464 4484
f 4463 4484 4483
f 4464 4465 4485
f 4464 4485 4484
f 4465 4466 4486
f 4465 4486 4485
f 4466 4467 4487
f 4466 4487 4486
f 4467 4468 4488
f 4467 4488 4487
f 4468 4469 4489
f 4468 4489 4488
f 4469 4470 4490
f 4469 4490 4489
f 4470 4471 4491
f 4470 4491 4490
f 4471 4472 4492
f 4471 4492 4491
f 4472 4473 4493
f 4472 4493 4492
f 4473 4474 4494
f 4473 4494 4493
f 4474 4475 4495
f 4474 4495 4494
f 4475 4476 4496
f 4475 4496 4495
f 4476 4477 4497
f 4476 4497 4496
f 4477 4478 4498
f 4477 4498 4497
f 4478 4479 4499
f 4478 4499 4498
f 4479 4480 4500
f 4479 4500 4499
f 4480 4461 4481
f 4480 4481 4500
f 4481 4482 4502
f 4481 4502 4501
f 4482 4483 4503
f 4482 4503 4502
f 4483 4484 4504
f 4483 4504 4503
f 4484 4485 4505
f 4484 4505 4504
f 4485 4486 4506
f 4485 4506 4505
f 4486 4487 4507
f 4486 4507 4506
f 4487 4488 4508
f 4487 4508 4507
f 4488 4489 4509
f 4488 4509 4508
f 4489 4490 4510
f 4489 4510 4509
f 4490 4491 4511
f 4490 4511 4510
f 4491 4492 4512
f 4491 4512 4511
f 4492 4493 4513
f 4492 4513 4512
f 4493 4494 4514
f 4493 4514 4513
f 4494 4495 4515
f 4494 4515 4514
f 4495 4496 4516
f 4495 4516 4515
f 4496 4497 4517
f 4496 4517 4516
f 4497 4498 4518
f 4497 4518 4517
f 4498 4499 4519
f 4498 4519 4518
f 4499 4500 4520
f 4499 4520 4519
f 4500 4481 4501
f 4500 4501 4520
f 4521 4522 4542
f 4521 4542 4541
f 4522 4523 4543
f 4522 4543 4542
f 4523 4524 4544
f 4523 4544 4543
f 4524 4525 4545
f 4524 4545 4544
f 4525 4526 4546
f 4525 4546 4545
f 4526 4527 4547
f 4526 4547 4546
f 4527 4528 4548
f 4527 4548 4547
f 4528 4529 4549
f 4528 4549 4548
f 4529 4530 4550
f 4529 4550 4549
f 4530 4531 4551
f 4530 4551 4550
f 4531 4532 4552
f 4531 4552 4551
f 4532 4533 4553
f 4532 4553 4552
f 4533 4534 4554
f 4533 4554 4553
f 4534 4535 4555
f 4534 4555 4554
f 4535 4536 4556
f 4535 4556 4555
f 4536 4537 4557
f 4536 4557 4556
f 4537 4538 4558
f 4537 4558 4557
f 4538 4539 4559
f 4538 4559 4558
f 4539 4540 4560
f 4539 4560 4559
f 4540 4521 4541
f 4540 4541 4560
f 4541 4542 4562
f 4541 4562 4561
f 4542 4543 4563
f 4542 4563 4562
f 4543 4544 4564
f 4543 4564 4563
f 4544 4545 4565
f 4544 4565 4564
f 4545 4546 4566
f 4545 4566 4565
f 4546 4547 4567
f 4546 4567 4566
f 4547 4548 4568
f 4547 4568 4567
f 4548 4549 4569
f 4548 4569 4568
f 4549 4550 4570
f 4549 4570 4569
f 4550 4551 4571
f 4550 4571 4570
f 4551 4552 4572
f 4551 4572 4571
f 4552 4553 4573
f 4552 4573 4572
f 4553 4554 4574
f 4553 4574 4573
f 4554 4555 4575
f 4554 4575 4574
f 4555 4556 4576
f 4555 4576 4575
f 4556 4557 4577
f 4556 4577 4576
f 4557 4558 4578
f 4557 4578 4577
f 4558 4559 4579
f 4558 4579 4578
f 4559 4560 4580
f 4559 4580 4579
f 4560 4541 4561
f 4560 4561 4580
f 4561 4562 4582
f 4561 4582 4581
f 4562 4563 4583
f 4562 4583 4582
f 4563 4564 4584
f 4563 4584 4583
f 4564 4565 4585
f 4564 4585 4584
f 4565 4566 4586
f 4565 4586 4585
f 4566 4567 4587
f 4566 4587 4586
f 4567 4568 4588
f 4567 4588 4587
f 4568 4569 4589
f 4568 4589 4588
f 4569 4570 4590
f 4569 4590 4589
f 4570 4571 4591
f 4570 4591 4590
f 4571 4572 4592
f 4571 4592 4591
f 4572 4573 4593
f 4572 4593 4592
f 4573 4574 4594
f 4573 4594 4593
f 4574 4575 4595
f 4574 4595 4594
f 4575 4576 4596
f 4575 4596 4595
f 4576 4577 4597
f 4576 4597 4596
f 4577 4578 4598
f 4577 4598 4597
f 4578 4579 4599
f 4578 4599 4598
f 4579 4580 4600
f 4579 4600 4599
f 4580 4561 4581
f 4580 4581 4600
f 4581 4582 4602
f 4581 4602 4601
f 4582 4583 4603
f 4582 4603 4602
f 4583 4584 4604
f 4583 4604 4603
f 4584 4585 4605
f 4584 4605 4604
f 4585 4586 4606
f 4585 4606 4605
f 4586 4587 4607
f 4586 4607 4606
f 4587 4588 4608
f 4587 4608 4607
f 4588 4589 4609
f 4588 4609 4608
f 4589 4590 4610
f 4589 4610 4609
f 4590 4591 4611
f 4590 4611 4610
f 4591 4592 4612
f 4591 4612 4611
f 4592 4593 4613
f 4592 4613 4612
f 4593 4594 4614
f 4593 4614 4613
f 4594 4595 4615
f 4594 4615 4614
f 4595 4596 4616
f 4595 4616 4615
f 4596 4597 4617
f 4596 4617 4616
f 4597 4598 4618
f 4597 4618 4617
f 4598 4599 4619
f 4598 4619 4618
f 4599 4600 4620
f 4599 4620 4619
f 4600 4581 4601
f 4600 4601 4620
f 4601 4602 4622
f 4601 4622 4621
f 4602 4603 4623
f 4602 4623 4622
f 4603 4604 4624
f 4603 4624 4623
f 4604 4605 4625
f 4604 4625 4624
f 4605 4606 4626
f 4605 4626 4625
f 4606 4607 4627
f 4606 4627 4626
f 4607 4608 4628
f 4607 4628 4627
f 4608 4609 4629
f 4608 4629 4628
f 4609 4610 4630
f 4609 4630 4629
f 4610 4611 4631
f 4610 4631 4630
f 4611 4612 4632
f 4611 4632 4631
f 4612 4613 4633
f 4612 4633 4632
f 4613 4614 4634
f 4613 4634 4633
f 4614 4615 4635
f 4614 4635 4634
f 4615 4616 4636
f 4615 4636 4635
f 4616 4617 4637
f 4616 4637 4636
f 4617 4618 4638
f 4617 4638 4637
f 4618 4619 4639
f 4618 4639 4638
f 4619 4620 4640
f 4619 4640 4639
f 4620 4601 4621
f 4620 4621 4640
f 4621 4622 4642
f 4621 4642 4641
f 4622 4623 4643
f 4622 4643 4642
f 4623 4624 4644
f 4623 4644 4643
f 4624 4625 4645
f 4624 4645 4644
f 4625 4626 4646
f 4625 4646 4645
f 4626 4627 4647
f 4626 4647 4646
f 4627 4628 4648
f 4627 4648 4647
f 4628 4629 4649
f 4628 4649 4648
f 4629 4630 4650
f 4629 4650 4649
f 4630 4631 4651
f 4630 4651 4650
f 4631 4632 4652
f 4631 4652 4651
f 4632 4633 4653
f 4632 4653 4652
f 4633 4634 4654
f 4633 4654 4653
f 4634 4635 4655
f 4634 4655 4654
f 4635 4636 4656
f 4635 4656 4655
f 4636 4637 4657
f 4636 4657 4656
f 4637 4638 4658
f 4637 4658 4657
f 4638 4639 4659
f 4638 4659 4658
f 4639 4640 4660
f 4639 4660 4659
f 4640 4621 4641
f 4640 4641 4660
f 4641 4642 4662
f 4641 4662 4661
f 4642 4643 4663
f 4642 4663 4662
f 4643 4644 4664
f 4643 4664 4663
f 4644 4645 4665
f 4644 4665 4664
f 4645 4646 4666
f 4645 4666 4665
f 4646 4647 4667
f 4646 4667 4666
f 4647 4648 4668
f 4647 4668 4667
f 4648 4649 4669
f 4648 4669 4668
f 4649 4650 4670
f 4649 4670 4669
f 4650 4651 4671
f 4650 4671 4670
f 4651 4652 4672
f 4651 4672 4671
f 4652 4653 4673
f 4652 4673 4672
f 4653 4654 4674
f 4653 4674 4673
f 4654 4655 4675
f 4654 4675 4674
f 4655 4656 4676
f 4655 4676 4675
f 4656 4657 4677
f 4656 4677 4676
f 4657 4658 4678
f 4657 4678 4677
f 4658 4659 4679
f 4658 4679 4678
f 4659 4660 4680
f 4659 4680 4679
f 4660 4641 4661
f 4660 4661 4680
f 4661 4662 4682
f 4661 4682 4681
f 4662 4663 4683
f 4662 4683 4682
f 4663 4664 4684
f 4663 4684 4683
f 4664 4665 4685
f 4664 4685 4684
f 4665 4666 4686
f 4665 4686 4685
f 4666 4667 4687
f 4666 4687 4686
f 4667 4668 4688
f 4667 4688 4687
f 4668 4669 4689
f 4668 4689 4688
f 4669 4670 4690
f 4669 4690 4689
f 4670 4671 4691
f 4670 4691 4690
f 4671 4672 4692
f 4671 4692 4691
f 4672 4673 4693
f 4672 4693 4692
f 4673 4674 4694
f 4673 4694 4693
f 4674 4675 4695
f 4674 4695 4694
f 4675 4676 4696
f 4675 4696 4695
f 4676 4677 4697
f 4676 4697 4696
f 4677 4678 4698
f 4677 4698 4697
f 4678 4679 4699
f 4678 4699 4698
f 4679 4680 4700
f 4679 4700 4699
f 4680 4661 4681
f 4680 4681 4700
f 4681 4682 4702
f 4681 4702 4701
f 4682 4683 4703
f 4682 4703 4702
f 4683 4684 4704
f 4683 4704 4703
f 4684 4685 4705
f 4684 4705 4704
f 4685 4686 4706
f 4685 4706 4705
f 4686 4687 4707
f 4686 4707 4706
f 4687 4688 4708
f 4687 4708 4707
f 4688 4689 4709
f 4688 4709 4708
f 4689 4690 4710
f 4689 4710 4709
f 4690 4691 4711
f 4690 4711 4710
f 4691 4692 4712
f 4691 4712 4711
f 4692 4693 4713
f 4692 4713 4712
f 4693 4694 4714
f 4693 4714 4713
f 4694 4695 4715
f 4694 4715 4714
f 4695 4696 4716
f 4695 4716 4715
f 4696 4697 4717
f 4696 4717 4716
f 4697 4698 4718
f 4697 4718 4717
f 4698 4699 4719
f 4698 4719 4718
f 4699 4700 4720
f 4699 4720 4719
f 4700 4681 4701
f 4700 4701 4720
f 4701 4702 4722
f 4701 4722 4721
f 4702 4703 4723
f 4702 4723 4722
f 4703 4704 4724
f 4703 4724 4723
f 4704 4705 4725
f 4704 4725 4724
f 4705 4706 4726
f 4705 4726 4725
f 4706 4707 4727
f 4706 4727 4726
f 4707 4708 4728
f 4707 4728 4727
f 4708 4709 4729
f 4708 4729 4728
f 4709 4710 4730
f 4709 4730 4729
f 4710 4711 4731
f 4710 4731 4730
f 4711 4712 4732
f 4711 4732 4731
f 4712 4713 4733
f 4712 4733 4732
f 4713 4714 4734
f 4713 4734 4733
f 4714 4715 4735
f 4714 4735 4734
f 4715 4716 4736
f 4715 4736 4735
f 4716 4717 4737
f 4716 4737 4736
f 4717 4718 4738
f 4717 4738 4737
f 4718 4719 4739
f 4718 4739 4738
f 4719 4720 4740
f 4719 4740 4739
f 4720 4701 4721
f 4720 4721 4740
f 4721 4722 4742
f 4721 4742 4741
f 4722 4723 4743
f 4722 4743 4742
f 4723 4724 4744
f 4723 4744 4743
f 4724 4725 4745
f 4724 4745 4744
f 4725 4726 4746
f 4725 4746 4745
f 4726 4727 4747
f 4726 4747 4746
f 4727 4728 4748
f 4727 4748 4747
f 4728 4729 4749
f 4728 4749 4748
f 4729 4730 4750
f 4729 4750 4749
f 4730 4731 4751
f 4730 4751 4750
f 4731 4732 4752
f 4731 4752 4751
f 4732 4733 4753
f 4732 4753 4752
f 4733 4734 4754
f 4733 4754 4753
f 4734 4735 4755
f 4734 4755 4754
f 4735 4736 4756
f 4735 4756 4755
f 4736 4737 4757
f 4736 4757 4756
f 4737 4738 4758
f 4737 4758 4757
f 4738 4739 4759
f 4738 4759 4758
f 4739 4740 4760
f 4739 4760 4759
f 4740 4721 4741
f 4740 4741 4760
f 4741 4742 4762
f 4741 4762 4761
f 4742 4743 4763
f 4742 4763 4762
f 4743 4744 4764
f 4743 4764 4763
f 4744 4745 4765
f 4744 4765 4764
f 4745 4746 4766
f 4745 4766 4765
f 4746 4747 4767
f 4746 4767 4766
f 4747 4748 4768
f 4747 4768 4767
f 4748 4749 4769
f 4748 4769 4768
f 4749 4750 4770
f 4749 4770 4769
f 4750 4751 4771
f 4750 4771 4770
f 4751 4752 4772
f 4751 4772 4771
f 4752 4753 4773
f 4752 4773 4772
f 4753 4754 4774
f 4753 4774 4773
f 4754 4755 4775
f 4754 4775 4774
f 4755 4756 4776
f 4755 4776 4775
f 4756 4757 4777
f 4756 4777 4776
f 4757 4758 4778
f 4757 4778 4777
f 4758 4759 4779
f 4758 4779 4778
f 4759 4760 4780
f 4759 4780 4779
f 4760 4741 4761
f 4760 4761 4780
f 4781 4782 4802
f 4781 4802 4801
f 4782 4783 4803
f 4782 4803 4802
f 4783 4784 4804
f 4783 4804 4803
f 4784 4785 4805
f 4784 4805 4804
f 4785 4786 4806
f 4785 4806 4805
f 4786 4787 4807
f 4786 4807 4806
f 4787 4788 4808
f 4787 4808 4807
f 4788 4789 4809
f 4788 4809 4808
f 4789 4790 4810
f 4789 4810 4809
f 4790 4791 4811
f 4790 4811 4810
f 4791 4792 4812
f 4791 4812 4811
f 4792 4793 4813
f 4792 4813 4812
f 4793 4794 4814
f 4793 4814 4813
f 4794 4795 4815
f 4794 4815 4814
f 4795 4796 4816
f 4795 4816 4815
f 4796 4797 4817
f 4796 4817 4816
f 4797 4798 4818
f 4797 4818 4817
f 4798 4799 4819
f 4798 4819 4818
f 4799 4800 4820
f 4799 4820 4819
f 4800 4781 4801
f 4800 4801 4820
f 4801 4802 4822
f 4801 4822 4821
f 4802 4803 4823
f 4802 4823 4822
f 4803 4804 4824
f 4803 4824 4823
f 4804 4805 4825
f 4804 4825 4824
f 4805 4806 4826
f 4805 4826 4825
f 4806 4807 4827
f 4806 4827 4826
f 4807 4808 4828
f 4807 4828 4827
f 4808 4809 4829
f 4808 4829 4828
f 4809 4810 4830
f 4809 4830 4829
f 4810 4811 4831
f 4810 4831 4830
f 4811 4812 4832
f 4811 4832 4831
f 4812 4813 4833
f 4812 4833 4832
f 4813 4814 4834
f 4813 4834 4833
f 4814 4815 4835
f 4814 4835 4834
f 4815 4816 4836
f 4815 4836 4835
f 4816 4817 4837
f 4816 4837 4836
f 4817 4818 4838
f 4817 4838 4837
f 4818 4819 4839
f 4818 4839 4838
f 4819 4820 4840
f 4819 4840 4839
f 4820 4801 4821
f 4820 4821 4840
f 4821 4822 4842
f 4821 4842 4841
f 4822 4823 4843
f 4822 4843 4842
f 4823 4824 4844
f 4823 4844 4843
f 4824 4825 4845
f 4824 4845 4844
f 4825 4826 4846
f 4825 4846 4845
f 4826 4827 4847
f 4826 4847 4846
f 4827 4828 4848
f 4827 4848 4847
f 4828 4829 4849
f 4828 4849 4848
f 4829 4830 4850
f 4829 4850 4849
f 4830 4831 4851
f 4830 4851 4850
f 4831 4832 4852
f 4831 4852 4851
f 4832 4833 4853
f 4832 4853 4852
f 4833 4834 4854
f 4833 4854 4853
f 4834 4835 4855
f 4834 4855 4854
f 4835 4836 4856
f 4835 4856 4855
f 4836 4837 4857
f 4836 4857 4856
f 4837 4838 4858
f 4837 4858 4857
f 4838 4839 4859
f 4838 4859 4858
f 4839 4840 4860
f 4839 4860 4859
f 4840 4821 4841
f 4840 4841 4860
f 4841 4842 4862
f 4841 4862 4861
f 4842 4843 4863
f 4842 4863 4862
f 4843 4844 4864
f 4843 4864 4863
f 4844 4845 4865
f 4844 4865 4864
f 4845 4846 4866
f 4845 4866 4865
f 4846 4847 4867
f 4846 4867 4866
f 4847 4848 4868
f 4847 4868 4867
f 4848 4849 4869
f 4848 4869 4868
f 4849 4850 4870
f 4849 4870 4869
f 4850 4851 4871
f 4850 4871 4870
f 4851 4852 4872
f 4851 4872 4871
f 4852 4853 4873
f 4852 4873 4872
f 4853 4854 4874
f 4853 4874 4873
f 4854 4855 4875
f 4854 4875 4874
f 4855 4856 4876
f 4855 4876 4875
f 4856 4857 4877
f 4856 4877 4876
f 4857 4858 4878
f 4857 4878 4877
f 4858 4859 4879
f 4858 4879 4878
f 4859 4860 4880
f 4859 4880 4879
f 4860 4841 4861
f 4860 4861 4880
f 4861 4862 4882
f 4861 4882 4881
f 4862 4863 4883
f 4862 4883 4882
f 4863 4864 4884
f 4863 4884 4883
f 4864 4865 4885
f 4864 4885 4884
f 4865 4866 4886
f 4865 4886 4885
f 4866 4867 4887
f 4866 4887 4886
f 4867 4868 4888
f 4867 4888 4887
f 4868 4869 4889
f 4868 4889 4888
f 4869 4870 4890
f 4869 4890 4889
f 4870 4871 4891
f 4870 4891 4890
f 4871 4872 4892
f 4871 4892 4891
f 4872 4873 4893
f 4872 4893 4892
f 4873 4874 4894
f 4873 4894 4893
f 4874 4875 4895
f 4874 4895 4894
f 4875 4876 4896
f 4875 4896 4895
f 4876 4877 4897
f 4876 4897 4896
f 4877 4878 4898
f 4877 4898 4897
f 4878 4879 4899
f 4878 4899 4898
f 4879 4880 4900
f 4879 4900 4899
f 4880 4861 4881
f 4880 4881 4900
f 4881 4882 4902
f 4881 4902 4901
f 4882 4883 4903
f 4882 4903 4902
f 4883 4884 4904
f 4883 4904 4903
f 4884 4885 4905
f 4884 4905 4904
f 4885 4886 4906
f 4885 4906 4905
f 4886 4887 4907
f 4886 4907 4906
f 4887 4888 4908
f 4887 4908 4907
f 4888 4889 4909
f 4888 4909 4908
f 4889 4890 4910
f 4889 4910 4909
f 4890 4891 4911
f 4890 4911 4910
f 4891 4892 4912
f 4891 4912 4911
f 4892 4893 4913
f 4892 4913 4912
f 4893 4894 4914
f 4893 4914 4913
f 4894 4895 4915
f 4894 4915 4914
f 4895 4896 4916
f 4895 4916 4915
f 4896 4897 4917
f 4896 4917 4916
f 4897 4898 4918
f 4897 4918 4917
f 4898 4899 4919
f 4898 4919 4918
f 4899 4900 4920
f 4899 4920 4919
f 4900 4881 4901
f 4900 4901 4920
f 4901 4902 4922
f 4901 4922 4921
f 4902 4903 4923
f 4902 4923 4922
f 4903 4904 4924
f 4903 4924 4923
f 4904 4905 4925
f 4904 4925 4924
f 4905 4906 4926
f 4905 4926 4925
f 4906 4907 4927
f 4906 4927 4926
f 4907 4908 4928
f 4907 4928 4927
f 4908 4909 4929
f 4908 4929 4928
f 4909 4910 4930
f 4909 4930 4929
f 4910 4911 4931
f 4910 4931 4930
f 4911 4912 4932
f 4911 4932 4931
f 4912 4913 4933
f 4912 4933 4932
f 4913 4914 4934
f 4913 4934 4933
f 4914 4915 4935
f 4914 4935 4934
f 4915 4916 4936
f 4915 4936 4935
f 4916 4917 4937
f 4916 4937 4936
f 4917 4918 4938
f 4917 4938 4937
f 4918 4919 4939
f 4918 4939 4938
f 4919 4920 4940
f 4919 4940 4939
f 4920 4901 4921
f 4920 4921 4940
f 4921 4922 4942
f 4921 4942 4941
f 4922 4923 4943
f 4922 4943 4942
f 4923 4924 4944
f 4923 4944 4943
f 4924 4925 4945
f 4924 4945 4944
f 4925 4926 4946
f 4925 4946 4945
f 4926 4927 4947
f 4926 4947 4946
f 4927 4928 4948
f 4927 4948 4947
f 4928 4929 4949
f 4928 4949 4948
f 4929 4930 4950
f 4929 4950 4949
f 4930 4931 4951
f 4930 4951 4950
f 4931 4932 4952
f 4931 4952 4951
f 4932 4933 4953
f 4932 4953 4952
f 4933 4934 4954
f 4933 4954 4953
f 4934 4935 4955
f 4934 4955 4954
f 4935 4936 4956
f 4935 4956 4955
f 4936 4937 4957
f 4936 4957 4956
f 4937 4938 4958
f 4937 4958 4957
f 4938 4939 4959
f 4938 4959 4958
f 4939 4940 4960
f 4939 4960 4959
f 4940 4921 4941
f 4940 4941 4960
f 4941 4942 4962
f 4941 4962 4961
f 4942 4943 4963
f 4942 4963 4962
f 4943 4944 4964
f 4943 4964 4963
f 4944 4945 4965
f 4944 4965 4964
f 4945 4946 4966
f 4945 4966 4965
f 4946 4947 4967
f 4946 4967 4966
f 4947 4948 4968
f 4947 4968 4967
f 4948 4949 4969
f 4948 4969 4968
f 4949 4950 4970
f 4949 4970 4969
f 4950 4951 4971
f 4950 4971 4970
f 4951 4952 4972
f 4951 4972 4971
f 4952 4953 4973
f 4952 4973 4972
f 4953 4954 4974
f 4953 4974 4973
f 4954 4955 4975
f 4954 4975 4974
f 4955 4956 4976
f 4955 4976 4975
f 4956 4957 4977
f 4956 4977 4976
f 4957 4958 4978
f 4957 4978 4977
f 4958 4959 4979
f 4958 4979 4978
f 4959 4960 4980
f 4959 4980 4979
f 4960 4941 4961
f 4960 4961 4980
f 4961 4962 4982
f 4961 4982 4981
f 4962 4963 4983
f 4962 4983 4982
f 4963 4964 4984
f 4963 4984 4983
f 4964 4965 4985
f 4964 4985 4984
f 4965 4966 4986
f 4965 4986 4985
f 4966 4967 4987
f 4966 4987 4986
f 4967 4968 4988
f 4967 4988 4987
f 4968 4969 4989
f 4968 4989 4988
f 4969 4970 4990
f 4969 4990 4989
f 4970 4971 4991
f 4970 4991 4990
f 4971 4972 4992
f 4971 4992 4991
f 4972 4973 4993
f 4972 4993 4992
f 4973 4974 4994
f 4973 4994 4993
f 4974 4975 4995
f 4974 4995 4994
f 4975 4976 4996
f 4975 4996 4995
f 4976 4977 4997
f 4976 4997 4996
f 4977 4978 4998
f 4977 4998 4997
f 4978 4979 4999
f 4978 4999 4998
f 4979 4980 5000
f 4979 5000 4999
f 4980 4961 4981
f 4980 4981 5000
f 4981 4982 5002
f 4981 5002 5001
f 4982 4983 5003
f 4982 5003 5002
f 4983 4984 5004
f 4983 5004 5003
f 4984 4985 5005
f 4984 5005 5004
f 4985 4986 5006
f 4985 5006 5005
f 4986 4987 5007
f 4986 5007 5006
f 4987 4988 5008
f 4987 5008 5007
f 4988 4989 5009
f 4988 5009 5008
f 4989 4990 5010
f 4989 5010 5009
f 4990 4991 5011
f 4990 5011 5010
f 4991 4992 5012
f 4991 5012 5011
f 4992 4993 5013
f 4992 5013 5012
f 4993 4994 5014
f 4993 5014 5013
f 4994 4995 5015
f 4994 5015 5014
f 4995 4996 5016
f 4995 5016 5015
f 4996 4997 5017
f 4996 5017 5016
f 4997 4998 5018
f 4997 5018 5017
f 4998 4999 5019
f 4998 5019 5018
f 4999 5000 5020
f 4999 5020 5019
f 5000 4981 5001
f 5000 5001 5020
f 5001 5002 5022
f 5001 5022 5021
f 5002 5003 5023
f 5002 5023 5022
f 5003 5004 5024
f 5003 5024 5023
f 5004 5005 5025
f 5004 5025 5024
f 5005 5006 5026
f 5005 5026 5025
f 5006 5007 5027
f 5006 5027 5026
f 5007 5008 5028
f 5007 5028 5027
f 5008 5009 5029
f 5008 5029 5028
f 5009 5010 5030
f 5009 5030 5029
f 5010 5011 5031
f 5010 5031 5030
f 5011 5012 5032
f 5011 5032 5031
f 5012 5013 5033
f 5012 5033 5032
f 5013 5014 5034
f 5013 5034 5033
f 5014 5015 5035
f 5014 5035 5034
f 5015 5016 5036
f 5015 5036 5035
f 5016 5017 5037
f 5016 5037 5036
f 5017 5018 5038
f 5017 5038 5037
f 5018 5019 5039
f 5018 5039 5038
f 5019 5020 5040
f 5019 5040 5039
f 5020 5001 5021
f 5020 5021 5040
usemtl skin
f 5041 5043 5044
f 5041 5044 5042
f 5043 5045 5046
f 5043 5046 5044
f 5045 5047 5048
f 5045 5048 5046
f 5047 5049 5050
f 5047 5050 5048
f 5049 5051 5052
f 5049 5052 5050
f 5051 5053 5054
f 5051 5054 5052
f 5053 5055 5056
f 5053 5056 5054
f 5055 5057 5058
f 5055 5058 5056
f 5057 5059 5060
f 5057 5060 5058
f 5059 5061 5062
f 5059 5062 5060
f 5061 5063 5064
f 5061 5064 5062
f 5063 5065 5066
f 5063 5066 5064
f 5065 5067 5068
f 5065 5068 5066
f 5067 5069 5070
f 5067 5070 5068
f 5069 5071 5072
f 5069 5072 5070
f 5071 5073 5074
f 5071 5074 5072
f 5073 5075 5076
f 5073 5076 5074
f 5075 5077 5078
f 5075 5078 5076
f 5077 5079 5080
f 5077 5080 5078
f 5079 5041 5042
f 5079 5042 5080
f 5081 5083 5084
f 5081 5084 5082
f 5083 5085 5086
f 5083 5086 5084
f 5085 5087 5088
f 5085 5088 5086
f 5087 5089 5090
f 5087 5090 5088
f 5089 5091 5092
f 5089 5092 5090
f 5091 5093 5094
f 5091 5094 5092
f 5093 5095 5096
f 5093 5096 5094
f 5095 5097 5098
f 5095 5098 5096
f 5097 5099 5100
f 5097 5100 5098
f 5099 5101 5102
f 5099 5102 5100
f 5101 5103 5104
f 5101 5104 5102
f 5103 5105 5106
f 5103 5106 5104
f 5105 5107 5108
f 5105 5108 5106
f 5107 5109 5110
f 5107 5110 5108
f 5109 5111 5112
f 5109 5112 5110
f 5111 5113 5114
f 5111 5114 5112
f 5113 5115 5116
f 5113 5116 5114
f 5115 5117 5118
f 5115 5118 5116
f 5117 5119 5120
f 5117 5120 5118
f 5119 5081 5082
f 5119 5082 5120
f 5121 5123 5124
f 5121 5124 5122
f 5123 5125 5126
f 5123 5126 5124
f 5125 5127 5128
f 5125 5128 5126
f 5127 5129 5130
f 5127 5130 5128
f 5129 5131 5132
f 5129 5132 5130
f 5131 5133 5134
f 5131 5134 5132
f 5133 5135 5136
f 5133 5136 5134
f 5135 5137 5138
f 5135 5138 5136
f 5137 5139 5140
f 5137 5140 5138
f 5139 5141 5142
f 5139 5142 5140
f 5141 5143 5144
f 5141 5144 5142
f 5143 5145 5146
f 5143 5146 5144
f 5145 5147 5148
f 5145 5148 5146
f 5147 5149 5150
f 5147 5150 5148
f 5149 5151 5152
f 5149 5152 5150
f 5151 5153 5154
f 5151 5154 5152
f 5153 5155 5156
f 5153 5156 5154
f 5155 5157 5158
f 5155 5158 5156
f 5157 5159 5160
f 5157 5160 5158
f 5159 5121 5122
f 5159 5122 5160
f 5161 5163 5164
f 5161 5164 5162
f 5163 5165 5166
f 5163 5166 5164
f 5165 5167 5168
f 5165 5168 5166
f 5167 5169 5170
f 5167 5170 5168
f 5169 5171 5172
f 5169 5172 5170
f 5171 5173 5174
f 5171 5174 5172
f 5173 5175 5176
f 5173 5176 5174
f 5175 5177 5178
f 5175 5178 5176
f 5177 5179 5180
f 5177 5180 5178
f 5179 5181 5182
f 5179 5182 5180
f 5181 5183 5184
f 5181 5184 5182
f 5183 5185 5186
f 5183 5186 5184
f 5185 5187 5188
f 5185 5188 5186
f 5187 5189 5190
f 5187 5190 5188
f 5189 5191 5192
f 5189 5192 5190
f 5191 5193 5194
f 5191 5194 5192
f 5193 5195 5196
f 5193 5196 5194
f 5195 5197 5198
f 5195 5198 5196
f 5197 5199 5200
f 5197 5200 5198
f 5199 5161 5162
f 5199 5162 5200
f 5201 5202 5222
f 5201 5222 5221
f 5202 5203 5223
f 5202 5223 5222
f 5203 5204 5224
f 5203 5224 5223
f 5204 5205 5225
f 5204 5225 5224
f 5205 5206 5226
f 5205 5226 5225
f 5206 5207 5227
f 5206 5227 5226
f 5207 5208 5228
f 5207 5228 5227
f 5208 5209 5229
f 5208 5229 5228
f 5209 5210 5230
f 5209 5230 5229
f 5210 5211 5231
f 5210 5231 5230
f 5211 5212 5232
f 5211 5232 5231
f 5212 5213 5233
f 5212 5233 5232
f 5213 5214 5234
f 5213 5234 5233
f 5214 5215 5235
f 5214 5235 5234
f 5215 5216 5236
f 5215 5236 5235
f 5216 5217 5237
f 5216 5237 5236
f 5217 5218 5238
f 5217 5238 5237
f 5218 5219 5239
f 5218 5239 5238
f 5219 5220 5240
f 5219 5240 5239
f 5220 5201 5221
f 5220 5221 5240
f 5221 5222 5242
f 5221 5242 5241
f 5222 5223 5243
f 5222 5243 5242
f 5223 5224 5244
f 5223 5244 5243
f 5224 5225 5245
f 5224 5245 5244
f 5225 5226 5246
f 5225 5246 5245
f 5226 5227 5247
f 5226 5247 5246
f 5227 5228 5248
f 5227 5248 5247
f 5228 5229 5249
f 5228 5249 5248
f 5229 5230 5250
f 5229 5250 5249
f 5230 5231 5251
f 5230 5251 5250
f 5231 5232 5252
f 5231 5252 5251
f 5232 5233 5253
f 5232 5253 5252
f 5233 5234 5254
f 5233 5254 5253
f 5234 5235 5255
f 5234 5255 5254
f 5235 5236 5256
f 5235 5256 5255
f 5236 5237 5257
f 5236 5257 5256
f 5237 5238 5258
f 5237 5258 5257
f 5238 5239 5259
f 5238 5259 5258
f 5239 5240 5260
f 5239 5260 5259
f 5240 5221 5241
f 5240 5241 5260
f 5241 5242 5262
f 5241 5262 5261
f 5242 5243 5263
f 5242 5263 5262
f 5243 5244 5264
f 5243 5264 5263
f 5244 5245 5265
f 5244 5265 5264
f 5245 5246 5266
f 5245 5266 5265
f 5246 5247 5267
f 5246 5267 5266
f 5247 5248 5268
f 5247 5268 5267
f 5248 5249 5269
f 5248 5269 5268
f 5249 5250 5270
f 5249 5270 5269
f 5250 5251 5271
f 5250 5271 5270
f 5251 5252 5272
f 5251 5272 5271
f 5252 5253 5273
f 5252 5273 5272
f 5253 5254 5274
f 5253 5274 5273
f 5254 5255 5275
f 5254 5275 5274
f 5255 5256 5276
f 5255 5276 5275
f 5256 5257 5277
f 5256 5277 5276
f 5257 5258 5278
f 5257 5278 5277
f 5258 5259 5279
f 5258 5279 5278
f 5259 5260 5280
f 5259 5280 5279
f 5260 5241 5261
f 5260 5261 5280
f 5261 5262 5282
f 5261 5282 5281
f 5262 5263 5283
f 5262 5283 5282
f 5263 5264 5284
f 5263 5284 5283
f 5264 5265 5285
f 5264 5285 5284
f 5265 5266 5286
f 5265 5286 5285
f 5266 5267 5287
f 5266 5287 5286
f 5267 5268 5288
f 5267 5288 5287
f 5268 5269 5289
f 5268 5289 5288
f 5269 5270 5290
f 5269 5290 5289
f 5270 5271 5291
f 5270 5291 5290
f 5271 5272 5292
f 5271 5292 5291
f 5272 5273 5293
f 5272 5293 5292
f 5273 5274 5294
f 5273 5294 5293
f 5274 5275 5295
f 5274 5295 5294
f 5275 5276 5296
f 5275 5296 5295
f 5276 5277 5297
f 5276 5297 5296
f 5277 5278 5298
f 5277 5298 5297
f 5278 5279 5299
f 5278 5299 5298
f 5279 5280 5300
f 5279 5300 5299
f 5280 5261 5281
f 5280 5281 5300
f 5281 5282 5302
f 5281 5302 5301
f 5282 5283 5303
f 5282 5303 5302
f 5283 5284 5304
f 5283 5304 5303
f 5284 5285 5305
f 5284 5305 5304
f 5285 5286 5306
f 5285 5306 5305
f 5286 5287 5307
f 5286 5307 5306
f 5287 5288 5308
f 5287 5308 5307
f 5288 5289 5309
f 5288 5309 5308
f 5289 5290 5310
f 5289 5310 5309
f 5290 5291 5311
f 5290 5311 5310
f 5291 5292 5312
f 5291 5312 5311
f 5292 5293 5313
f 5292 5313 5312
f 5293 5294 5314
f 5293 5314 5313
f 5294 5295 5315
f 5294 5315 5314
f 5295 5296 5316
f 5295 5316 5315
f 5296 5297 5317
f 5296 5317 5316
f 5297 5298 5318
f 5297 5318 5317
f 5298 5299 5319
f 5298 5319 5318
f 5299 5300 5320
f 5299 5320 5319
f 5300 5281 5301
f 5300 5301 5320
f 5301 5302 5322
f 5301 5322 5321
f 5302 5303 5323
f 5302 5323 5322
f 5303 5304 5324
f 5303 5324 5323
f 5304 5305 5325
f 5304 5325 5324
f 5305 5306 5326
f 5305 5326 5325
f 5306 5307 5327
f 5306 5327 5326
f 5307 5308 5328
f 5307 5328 5327
f 5308 5309 5329
f 5308 5329 5328
f 5309 5310 5330
f 5309 5330 5329
f 5310 5311 5331
f 5310 5331 5330
f 5311 5312 5332
f 5311 5332 5331
f 5312 5313 5333
f 5312 5333 5332
f 5313 5314 5334
f 5313 5334 5333
f 5314 5315 5335
f 5314 5335 5334
f 5315 5316 5336
f 5315 5336 5335
f 5316 5317 5337
f 5316 5337 5336
f 5317 5318 5338
f 5317 5338 5337
f 5318 5319 5339
f 5318 5339 5338
f 5319 5320 5340
f 5319 5340 5339
f 5320 5301 5321
f 5320 5321 5340
f 5321 5322 5342
f 5321 5342 5341
f 5322 5323 5343
f 5322 5343 5342
f 5323 5324 5344
f 5323 5344 5343
f 5324 5325 5345
f 5324 5345 5344
f 5325 5326 5346
f 5325 5346 5345
f 5326 5327 5347
f 5326 5347 5346
f 5327 5328 5348
f 5327 5348 5347
f 5328 5329 5349
f 5328 5349 5348
f 5329 5330 5350
f 5329 5350 5349
f 5330 5331 5351
f 5330 5351 5350
f 5331 5332 5352
f 5331 5352 5351
f 5332 5333 5353
f 5332 5353 5352
f 5333 5334 5354
f 5333 5354 5353
f 5334 5335 5355
f 5334 5355 5354
f 5335 5336 5356
f 5335 5356 5355
f 5336 5337 5357
f 5336 5357 5356
f 5337 5338 5358
f 5337 5358 5357
f 5338 5339 5359
f 5338 5359 5358
f 5339 5340 5360
f 5339 5360 5359
f 5340 5321 5341
f 5340 5341 5360
f 5341 5342 5362
f 5341 5362 5361
f 5342 5343 5363
f 5342 5363 5362
f 5343 5344 5364
f 5343 5364 5363
f 5344 5345 5365
f 5344 5365 5364
f 5345 5346 5366
f 5345 5366 5365
f 5346 5347 5367
f 5346 5367 5366
f 5347 5348 5368
f 5347 5368 5367
f 5348 5349 5369
f 5348 5369 5368
f 5349 5350 5370
f 5349 5370 5369
f 5350 5351 5371
f 5350 5371 5370
f 5351 5352 5372
f 5351 5372 5371
f 5352 5353 5373
f 5352 5373 5372
f 5353 5354 5374
f 5353 5374 5373
f 5354 5355 5375
f 5354 5375 5374
f 5355 5356 5376
f 5355 5376 5375
f 5356 5357 5377
f 5356 5377 5376
f 5357 5358 5378
f 5357 5378 5377
f 5358 5359 5379
f 5358 5379 5378
f 5359 5360 5380
f 5359 5380 5379
f 5360 5341 5361
f 5360 5361 5380
f 5361 5362 5382
f 5361 5382 5381
f 5362 5363 5383
f 5362 5383 5382
f 5363 5364 5384
f 5363 5384 5383
f 5364 5365 5385
f 5364 5385 5384
f 5365 5366 5386
f 5365 5386 5385
f 5366 5367 5387
f 5366 5387 5386
f 5367 5368 5388
f 5367 5388 5387
f 5368 5369 5389
f 5368 5389 5388
f 5369 5370 5390
f 5369 5390 5389
f 5370 5371 5391
f 5370 5391 5390
f 5371 5372 5392
f 5371 5392 5391
f 5372 5373 5393
f 5372 5393 5392
f 5373 5374 5394
f 5373 5394 5393
f 5374 5375 5395
f 5374 5395 5394
f 5375 5376 5396
f 5375 5396 5395
f 5376 5377 5397
f 5376 5397 5396
f 5377 5378 5398
f 5377 5398 5397
f 5378 5379 5399
f 5378 5399 5398
f 5379 5380 5400
f 5379 5400 5399
f 5380 5361 5381
f 5380 5381 5400
f 5381 5382 5402
f 5381 5402 5401
f 5382 5383 5403
f 5382 5403 5402
f 5383 5384 5404
f 5383 5404 5403
f 5384 5385 5405
f 5384 5405 5404
f 5385 5386 5406
f 5385 5406 5405
f 5386 5387 5407
f 5386 5407 5406
f 5387 5388 5408
f 5387 5408 5407
f 5388 5389 5409
f 5388 5409 5408
f 5389 5390 5410
f 5389 5410 5409
f 5390 5391 5411
f 5390 5411 5410
f 5391 5392 5412
f 5391 5412 5411
f 5392 5393 5413
f 5392 5413 5412
f 5393 5394 5414
f 5393 5414 5413
f 5394 5395 5415
f 5394 5415 5414
f 5395 5396 5416
f 5395 5416 5415
f 5396 5397 5417
f 5396 5417 5416
f 5397 5398 5418
f 5397 5418 5417
f 5398 5399 5419
f 5398 5419 5418
f 5399 5400 5420
f 5399 5420 5419
f 5400 5381 5401
f 5400 5401 5420
f 5421 5422 5442
f 5421 5442 5441
f 5422 5423 5443
f 5422 5443 5442
f 5423 5424 5444
f 5423 5444 5443
f 5424 5425 5445
f 5424 5445 5444
f 5425 5426 5446
f 5425 5446 5445
f 5426 5427 5447
f 5426 5447 5446
f 5427 5428 5448
f 5427 5448 5447
f 5428 5429 5449
f 5428 5449 5448
f 5429 5430 5450
f 5429 5450 5449
f 5430 5431 5451
f 5430 5451 5450
f 5431 5432 5452
f 5431 5452 5451
f 5432 5433 5453
f 5432 5453 5452
f 5433 5434 5454
f 5433 5454 5453
f 5434 5435 5455
f 5434 5455 5454
f 5435 5436 5456
f 5435 5456 5455
f 5436 5437 5457
f 5436 5457 5456
f 5437 5438 5458
f 5437 5458 5457
f 5438 5439 5459
f 5438 5459 5458
f 5439 5440 5460
f 5439 5460 5459
f 5440 5421 5441
f 5440 5441 5460
f 5441 5442 5462
f 5441 5462 5461
f 5442 5443 5463
f 5442 5463 5462
f 5443 5444 5464
f 5443 5464 5463
f 5444 5445 5465
f 5444 5465 5464
f 5445 5446 5466
f 5445 5466 5465
f 5446 5447 5467
f 5446 5467 5466
f 5447 5448 5468
f 5447 5468 5467
f 5448 5449 5469
f 5448 5469 5468
f 5449 5450 5470
f 5449 5470 5469
f 5450 5451 5471
f 5450 5471 5470
f 5451 5452 5472
f 5451 5472 5471
f 5452 5453 5473
f 5452 5473 5472
f 5453 5454 5474
f 5453 5474 5473
f 5454 5455 5475
f 5454 5475 5474
f 5455 5456 5476
f 5455 5476 5475
f 5456 5457 5477
f 5456 5477 5476
f 5457 5458 5478
f 5457 5478 5477
f 5458 5459 5479
f 5458 5479 5478
f 5459 5460 5480
f 5459 5480 5479
f 5460 5441 5461
f 5460 5461 5480
f 5461 5462 5482
f 5461 5482 5481
f 5462 5463 5483
f 5462 5483 5482
f 5463 5464 5484
f 5463 5484 5483
f 5464 5465 5485
f 5464 5485 5484
f 5465 5466 5486
f 5465 5486 5485
f 5466 5467 5487
f 5466 5487 5486
f 5467 5468 5488
f 5467 5488 5487
f 5468 5469 5489
f 5468 5489 5488
f 5469 5470 5490
f 5469 5490 5489
f 5470 5471 5491
f 5470 5491 5490
f 5471 5472 5492
f 5471 5492 5491
f 5472 5473 5493
f 5472 5493 5492
f 5473 5474 5494
f 5473 5494 5493
f 5474 5475 5495
f 5474 5495 5494
f 5475 5476 5496
f 5475 5496 5495
f 5476 5477 5497
f 5476 5497 5496
f 5477 5478 5498
f 5477 5498 5497
f 5478 5479 5499
f 5478 5499 5498
f 5479 5480 5500
f 5479 5500 5499
f 5480 5461 5481
f 5480 5481 5500
f 5481 5482 5502
f 5481 5502 5501
f 5482 5483 5503
f 5482 5503 5502
f 5483 5484 5504
f 5483 5504 5503
f 5484 5485 5505
f 5484 5505 5504
f 5485 5486 5506
f 5485 5506 5505
f 5486 5487 5507
f 5486 5507 5506
f 5487 5488 5508
f 5487 5508 5507
f 5488 5489 5509
f 5488 5509 5508
f 5489 5490 5510
f 5489 5510 5509
f 5490 5491 5511
f 5490 5511 5510
f 5491 5492 5512
f 5491 5512 5511
f 5492 5493 5513
f 5492 5513 5512
f 5493 5494 5514
f 5493 5514 5513
f 5494 5495 5515
f 5494 5515 5514
f 5495 5496 5516
f 5495 5516 5515
f 5496 5497 5517
f 5496 5517 5516
f 5497 5498 5518
f 5497 5518 5517
f 5498 5499 5519
f 5498 5519 5518
f 5499 5500 5520
f 5499 5520 5519
f 5500 5481 5501
f 5500 5501 5520
f 5501 5502 5522
f 5501 5522 5521
f 5502 5503 5523
f 5502 5523 5522
f 5503 5504 5524
f 5503 5524 5523
f 5504 5505 5525
f 5504 5525 5524
f 5505 5506 5526
f 5505 5526 5525
f 5506 5507 5527
f 5506 5527 5526
f 5507 5508 5528
f 5507 5528 5527
f 5508 5509 5529
f 5508 5529 5528
f 5509 5510 5530
f 5509 5530 5529
f 5510 5511 5531
f 5510 5531 5530
f 5511 5512 5532
f 5511 5532 5531
f 5512 5513 5533
f 5512 5533 5532
f 5513 5514 5534
f 5513 5534 5533
f 5514 5515 5535
f 5514 5535 5534
f 5515 5516 5536
f 5515 5536 5535
f 5516 5517 5537
f 5516 5537 5536
f 5517 5518 5538
f 5517 5538 5537
f 5518 5519 5539
f 5518 5539 5538
f 5519 5520 5540
f 5519 5540 5539
f 5520 5501 5521
f 5520 5521 5540
f 5521 5522 5542
f 5521 5542 5541
f 5522 5523 5543
f 5522 5543 5542
f 5523 5524 5544
f 5523 5544 5543
f 5524 5525 5545
f 5524 5545 5544
f 5525 5526 5546
f 5525 5546 5545
f 5526 5527 5547
f 5526 5547 5546
f 5527 5528 5548
f 5527 5548 5547
f 5528 5529 5549
f 5528 5549 5548
f 5529 5530 5550
f 5529 5550 5549
f 5530 5531 5551
f 5530 5551 5550
f 5531 5532 5552
f 5531 5552 5551
f 5532 5533 5553
f 5532 5553 5552
f 5533 5534 5554
f 5533 5554 5553
f 5534 5535 5555
f 5534 5555 5554
f 5535 5536 5556
f 5535 5556 5555
f 5536 5537 5557
f 5536 5557 5556
f 5537 5538 5558
f 5537 5558 5557
f 5538 5539 5559
f 5538 5559 5558
f 5539 5540 5560
f 5539 5560 5559
f 5540 5521 5541
f 5540 5541 5560
f 5541 5542 5562
f 5541 5562 5561
f 5542 5543 5563
f 5542 5563 5562
f 5543 5544 5564
f 5543 5564 5563
f 5544 5545 5565
f 5544 5565 5564
f 5545 5546 5566
f 5545 5566 5565
f 5546 5547 5567
f 5546 5567 5566
f 5547 5548 5568
f 5547 5568 5567
f 5548 5549 5569
f 5548 5569 5568
f 5549 5550 5570
f 5549 5570 5569
f 5550 5551 5571
f 5550 5571 5570
f 5551 5552 5572
f 5551 5572 5571
f 5552 5553 5573
f 5552 5573 5572
f 5553 5554 5574
f 5553 5574 5573
f 5554 5555 5575
f 5554 5575 5574
f 5555 5556 5576
f 5555 5576 5575
f 5556 5557 5577
f 5556 5577 5576
f 5557 5558 5578
f 5557 5578 5577
f 5558 5559 5579
f 5558 5579 5578
f 5559 5560 5580
f 5559 5580 5579
f 5560 5541 5561
f 5560 5561 5580
f 5561 5562 5582
f 5561 5582 5581
f 5562 5563 5583
f 5562 5583 5582
f 5563 5564 5584
f 5563 5584 5583
f 5564 5565 5585
f 5564 5585 5584
f 5565 5566 5586
f 5565 5586 5585
f 5566 5567 5587
f 5566 5587 5586
f 5567 5568 5588
f 5567 5588 5587
f 5568 5569 5589
f 5568 5589 5588
f 5569 5570 5590
f 5569 5590 5589
f 5570 5571 5591
f 5570 5591 5590
f 5571 5572 5592
f 5571 5592 5591
f 5572 5573 5593
f 5572 5593 5592
f 5573 5574 5594
f 5573 5594 5593
f 5574 5575 5595
f 5574 5595 5594
f 5575 5576 5596
f 5575 5596 5595
f 5576 5577 5597
f 5576 5597 5596
f 5577 5578 5598
f 5577 5598 5597
f 5578 5579 5599
f 5578 5599 5598
f 5579 5580 5600
f 5579 5600 5599
f 5580 5561 5581
f 5580 5581 5600
f 5581 5582 5602
f 5581 5602 5601
f 5582 5583 5603
f 5582 5603 5602
f 5583 5584 5604
f 5583 5604 5603
f 5584 5585 5605
f 5584 5605 5604
f 5585 5586 5606
f 5585 5606 5605
f 5586 5587 5607
f 5586 5607 5606
f 5587 5588 5608
f 5587 5608 5607
f 5588 5589 5609
f 5588 5609 5608
f 5589 5590 5610
f 5589 5610 5609
f 5590 5591 5611
f 5590 5611 5610
f 5591 5592 5612
f 5591 5612 5611
f 5592 5593 5613
f 5592 5613 5612
f 5593 5594 5614
f 5593 5614 5613
f 5594 5595 5615
f 5594 5615 5614
f 5595 5596 5616
f 5595 5616 5615
f 5596 5597 5617
f 5596 5617 5616
f 5597 5598 5618
f 5597 5618 5617
f 5598 5599 5619
f 5598 5619 5618
f 5599 5600 5620
f 5599 5620 5619
f 5600 5581 5601
f 5600 5601 5620
f 5601 5602 5622
f 5601 5622 5621
f 5602 5603 5623
f 5602 5623 5622
f 5603 5604 5624
f 5603 5624 5623
f 5604 5605 5625
f 5604 5625 5624
f 5605 5606 5626
f 5605 5626 5625
f 5606 5607 5627
f 5606 5627 5626
f 5607 5608 5628
f 5607 5628 5627
f 5608 5609 5629
f 5608 5629 5628
f 5609 5610 5630
f 5609 5630 5629
f 5610 5611 5631
f 5610 5631 5630
f 5611 5612 5632
f 5611 5632 5631
f 5612 5613 5633
f 5612 5633 5632
f 5613 5614 5634
f 5613 5634 5633
f 5614 5615 5635
f 5614 5635 5634
f 5615 5616 5636
f 5615 5636 5635
f 5616 5617 5637
f 5616 5637 5636
f 5617 5618 5638
f 5617 5638 5637
f 5618 5619 5639
f 5618 5639 5638
f 5619 5620 5640
f 5619 5640 5639
f 5620 5601 5621
f 5620 5621 5640
usemtl dress
f 5641 5642 5706
f 5641 5706 5705
f 5642 5643 5707
f 5642 5707 5706
f 5643 5644 5708
f 5643 5708 5707
f 5644 5645 5709
f 5644 5709 5708
f 5645 5646 5710
f 5645 5710 5709
f 5646 5647 5711
f 5646 5711 5710
f 5647 5648 5712
f 5647 5712 5711
f 5648 5649 5713
f 5648 5713 5712
f 5649 5650 5714
f 5649 5714 5713
f 5650 5651 5715
f 5650 5715 5714
f 5651 5652 5716
f 5651 5716 5715
f 5652 5653 5717
f 5652 5717 5716
f 5653 5654 5718
f 5653 5718 5717
f 5654 5655 5719
f 5654 5719 5718
f 5655 5656 5720
f 5655 5720 5719
f 5656 5657 5721
f 5656 5721 5720
f 5657 5658 5722
f 5657 5722 5721
f 5658 5659 5723
f 5658 5723 5722
f 5659 5660 5724
f 5659 5724 5723
f 5660 5661 5725
f 5660 5725 5724
f 5661 5662 5726
f 5661 5726 5725
f 5662 5663 5727
f 5662 5727 5726
f 5663 5664 5728
f 5663 5728 5727
f 5664 5665 5729
f 5664 5729 5728
f 5665 5666 5730
f 5665 5730 5729
f 5666 5667 5731
f 5666 5731 5730
f 5667 5668 5732
f 5667 5732 5731
f 5668 5669 5733
f 5668 5733 5732
f 5669 5670 5734
f 5669 5734 5733
f 5670 5671 5735
f 5670 5735 5734
f 5671 5672 5736
f 5671 5736 5735
f 5672 5673 5737
f 5672 5737 5736
f 5673 5674 5738
f 5673 5738 5737
f 5674 5675 5739
f 5674 5739 5738
f 5675 5676 5740
f 5675 5740 5739
f 5676 5677 5741
f 5676 5741 5740
f 5677 5678 5742
f 5677 5742 5741
f 5678 5679 5743
f 5678 5743 5742
f 5679 5680 5744
f 5679 5744 5743
f 5680 5681 5745
f 5680 5745 5744
f 5681 5682 5746
f 5681 5746 5745
f 5682 5683 5747
f 5682 5747 5746
f 5683 5684 5748
f 5683 5748 5747
f 5684 5685 5749
f 5684 5749 5748
f 5685 5686 5750
f 5685 5750 5749
f 5686 5687 5751
f 5686 5751 5750
f 5687 5688 5752
f 5687 5752 5751
f 5688 5689 5753
f 5688 5753 5752
f 5689 5690 5754
f 5689 5754 5753
f 5690 5691 5755
f 5690 5755 5754
f 5691 5692 5756
f 5691 5756 5755
f 5692 5693 5757
f 5692 5757 5756
f 5693 5694 5758
f 5693 5758 5757
f 5694 5695 5759
f 5694 5759 5758
f 5695 5696 5760
f 5695 5760 5759
f 5696 5697 5761
f 5696 5761 5760
f 5697 5698 5762
f 5697 5762 5761
f 5698 5699 5763
f 5698 5763 5762
f 5699 5700 5764
f 5699 5764 5763
f 5700 5701 5765
f 5700 5765 5764
f 5701 5702 5766
f 5701 5766 5765
f 5702 5703 5767
f 5702 5767 5766
f 5703 5704 5768
f 5703 5768 5767
f 5704 5641 5705
f 5704 5705 5768
f 5705 5706 5770
f 5705 5770 5769
f 5706 5707 5771
f 5706 5771 5770
f 5707 5708 5772
f 5707 5772 5771
f 5708 5709 5773
f 5708 5773 5772
f 5709 5710 5774
f 5709 5774 5773
f 5710 5711 5775
f 5710 5775 5774
f 5711 5712 5776
f 5711 5776 5775
f 5712 5713 5777
f 5712 5777 5776
f 5713 5714 5778
f 5713 5778 5777
f 5714 5715 5779
f 5714 5779 5778
f 5715 5716 5780
f 5715 5780 5779
f 5716 5717 5781
f 5716 5781 5780
f 5717 5718 5782
f 5717 5782 5781
f 5718 5719 5783
f 5718 5783 5782
f 5719 5720 5784
f 5719 5784 5783
f 5720 5721 5785
f 5720 5785 5784
f 5721 5722 5786
f 5721 5786 5785
f 5722 5723 5787
f 5722 5787 5786
f 5723 5724 5788
f 5723 5788 5787
f 5724 5725 5789
f 5724 5789 5788
f 5725 5726 5790
f 5725 5790 5789
f 5726 5727 5791
f 5726 5791 5790
f 5727 5728 5792
f 5727 5792 5791
f 5728 5729 5793
f 5728 5793 5792
f 5729 5730 5794
f 5729 5794 5793
f 5730 5731 5795
f 5730 5795 5794
f 5731 5732 5796
f 5731 5796 5795
f 5732 5733 5797
f 5732 5797 5796
f 5733 5734 5798
f 5733 5798 5797
f 5734 5735 5799
f 5734 5799 5798
f 5735 5736 5800
f 5735 5800 5799
f 5736 5737 5801
f 5736 5801 5800
f 5737 5738 5802
f 5737 5802 5801
f 5738 5739 5803
f 5738 5803 5802
f 5739 5740 5804
f 5739 5804 5803
f 5740 5741 5805
f 5740 5805 5804
f 5741 5742 5806
f 5741 5806 5805
f 5742 5743 5807
f 5742 5807 5806
f 5743 5744 5808
f 5743 5808 5807
f 5744 5745 5809
f 5744 5809 5808
f 5745 5746 5810
f 5745 5810 5809
f 5746 5747 5811
f 5746 5811 5810
f 5747 5748 5812
f 5747 5812 5811
f 5748 5749 5813
f 5748 5813 5812
f 5749 5750 5814
f 5749 5814 5813
f 5750 5751 5815
f 5750 5815 5814
f 5751 5752 5816
f 5751 5816 5815
f 5752 5753 5817
f 5752 5817 5816
f 5753 5754 5818
f 5753 5818 5817
f 5754 5755 5819
f 5754 5819 5818
f 5755 5756 5820
f 5755 5820 5819
f 5756 5757 5821
f 5756 5821 5820
f 5757 5758 5822
f 5757 5822 5821
f 5758 5759 5823
f 5758 5823 5822
f 5759 5760 5824
f 5759 5824 5823
f 5760 5761 5825
f 5760 5825 5824
f 5761 5762 5826
f 5761 5826 5825
f 5762 5763 5827
f 5762 5827 5826
f 5763 5764 5828
f 5763 5828 5827
f 5764 5765 5829
f 5764 5829 5828
f 5765 5766 5830
f 5765 5830 5829
f 5766 5767 5831
f 5766 5831 5830
f 5767 5768 5832
f 5767 5832 5831
f 5768 5705 5769
f 5768 5769 5832
f 5769 5770 5834
f 5769 5834 5833
f 5770 5771 5835
f 5770 5835 5834
f 5771 5772 5836
f 5771 5836 5835
f 5772 5773 5837
f 5772 5837 5836
f 5773 5774 5838
f 5773 5838 5837
f 5774 5775 5839
f 5774 5839 5838
f 5775 5776 5840
f 5775 5840 5839
f 5776 5777 5841
f 5776 5841 5840
f 5777 5778 5842
f 5777 5842 5841
f 5778 5779 5843
f 5778 5843 5842
f 5779 5780 5844
f 5779 5844 5843
f 5780 5781 5845
f 5780 5845 5844
f 5781 5782 5846
f 5781 5846 5845
f 5782 5783 5847
f 5782 5847 5846
f 5783 5784 5848
f 5783 5848 5847
f 5784 5785 5849
f 5784 5849 5848
f 5785 5786 5850
f 5785 5850 5849
f 5786 5787 5851
f 5786 5851 5850
f 5787 5788 5852
f 5787 5852 5851
f 5788 5789 5853
f 5788 5853 5852
f 5789 5790 5854
f 5789 5854 5853
f 5790 5791 5855
f 5790 5855 5854
f 5791 5792 5856
f 5791 5856 5855
f 5792 5793 5857
f 5792 5857 5856
f 5793 5794 5858
f 5793 5858 5857
f 5794 5795 5859
f 5794 5859 5858
f 5795 5796 5860
f 5795 5860 5859
f 5796 5797 5861
f 5796 5861 5860
f 5797 5798 5862
f 5797 5862 5861
f 5798 5799 5863
f 5798 5863 5862
f 5799 5800 5864
f 5799 5864 5863
f 5800 5801 5865
f 5800 5865 5864
f 5801 5802 5866
f 5801 5866 5865
f 5802 5803 5867
f 5802 5867 5866
f 5803 5804 5868
f 5803 5868 5867
f 5804 5805 5869
f 5804 5869 5868
f 5805 5806 5870
f 5805 5870 5869
f 5806 5807 5871
f 5806 5871 5870
f 5807 5808 5872
f 5807 5872 5871
f 5808 5809 5873
f 5808 5873 5872
f 5809 5810 5874
f 5809 5874 5873
f 5810 5811 5875
f 5810 5875 5874
f 5811 5812 5876
f 5811 5876 5875
f 5812 5813 5877
f 5812 5877 5876
f 5813 5814 5878
f 5813 5878 5877
f 5814 5815 5879
f 5814 5879 5878
f 5815 5816 5880
f 5815 5880 5879
f 5816 5817 5881
f 5816 5881 5880
f 5817 5818 5882
f 5817 5882 5881
f 5818 5819 5883
f 5818 5883 5882
f 5819 5820 5884
f 5819 5884 5883
f 5820 5821 5885
f 5820 5885 5884
f 5821 5822 5886
f 5821 5886 5885
f 5822 5823 5887
f 5822 5887 5886
f 5823 5824 5888
f 5823 5888 5887
f 5824 5825 5889
f 5824 5889 5888
f 5825 5826 5890
f 5825 5890 5889
f 5826 5827 5891
f 5826 5891 5890
f 5827 5828 5892
f 5827 5892 5891
f 5828 5829 5893
f 5828 5893 5892
f 5829 5830 5894
f 5829 5894 5893
f 5830 5831 5895
f 5830 5895 5894
f 5831 5832 5896
f 5831 5896 5895
f 5832 5769 5833
f 5832 5833 5896
f 5833 5834 5898
f 5833 5898 5897
f 5834 5835 5899
f 5834 5899 5898
f 5835 5836 5900
f 5835 5900 5899
f 5836 5837 5901
f 5836 5901 5900
f 5837 5838 5902
f 5837 5902 5901
f 5838 5839 5903
f 5838 5903 5902
f 5839 5840 5904
f 5839 5904 5903
f 5840 5841 5905
f 5840 5905 5904
f 5841 5842 5906
f 5841 5906 5905
f 5842 5843 5907
f 5842 5907 5906
f 5843 5844 5908
f 5843 5908 5907
f 5844 5845 5909
f 5844 5909 5908
f 5845 5846 5910
f 5845 5910 5909
f 5846 5847 5911
f 5846 5911 5910
f 5847 5848 5912
f 5847 5912 5911
f 5848 5849 5913
f 5848 5913 5912
f 5849 5850 5914
f 5849 5914 5913
f 5850 5851 5915
f 5850 5915 5914
f 5851 5852 5916
f 5851 5916 5915
f 5852 5853 5917
f 5852 5917 5916
f 5853 5854 5918
f 5853 5918 5917
f 5854 5855 5919
f 5854 5919 5918
f 5855 5856 5920
f 5855 5920 5919
f 5856 5857 5921
f 5856 5921 5920
f 5857 5858 5922
f 5857 5922 5921
f 5858 5859 5923
f 5858 5923 5922
f 5859 5860 5924
f 5859 5924 5923
f 5860 5861 5925
f 5860 5925 5924
f 5861 5862 5926
f 5861 5926 5925
f 5862 5863 5927
f 5862 5927 5926
f 5863 5864 5928
f 5863 5928 5927
f 5864 5865 5929
f 5864 5929 5928
f 5865 5866 5930
f 5865 5930 5929
f 5866 5867 5931
f 5866 5931 5930
f 5867 5868 5932
f 5867 5932 5931
f 5868 5869 5933
f 5868 5933 5932
f 5869 5870 5934
f 5869 5934 5933
f 5870 5871 5935
f 5870 5935 5934
f 5871 5872 5936
f 5871 5936 5935
f 5872 5873 5937
f 5872 5937 5936
f 5873 5874 5938
f 5873 5938 5937
f 5874 5875 5939
f 5874 5939 5938
f 5875 5876 5940
f 5875 5940 5939
f 5876 5877 5941
f 5876 5941 5940
f 5877 5878 5942
f 5877 5942 5941
f 5878 5879 5943
f 5878 5943 5942
f 5879 5880 5944
f 5879 5944 5943
f 5880 5881 5945
f 5880 5945 5944
f 5881 5882 5946
f 5881 5946 5945
f 5882 5883 5947
f 5882 5947 5946
f 5883 5884 5948
f 5883 5948 5947
f 5884 5885 5949
f 5884 5949 5948
f 5885 5886 5950
f 5885 5950 5949
f 5886 5887 5951
f 5886 5951 5950
f 5887 5888 5952
f 5887 5952 5951
f 5888 5889 5953
f 5888 5953 5952
f 5889 5890 5954
f 5889 5954 5953
f 5890 5891 5955
f 5890 5955 5954
f 5891 5892 5956
f 5891 5956 5955
f 5892 5893 5957
f 5892 5957 5956
f 5893 5894 5958
f 5893 5958 5957
f 5894 5895 5959
f 5894 5959 5958
f 5895 5896 5960
f 5895 5960 5959
f 5896 5833 5897
f 5896 5897 5960
f 5961 5962 6058
f 5961 6058 6057
f 5962 5963 6059
f 5962 6059 6058
f 5963 5964 6060
f 5963 6060 6059
f 5964 5965 6061
f 5964 6061 6060
f 5965 5966 6062
f 5965 6062 6061
f 5966 5967 6063
f 5966 6063 6062
f 5967 5968 6064
f 5967 6064 6063
f 5968 5969 6065
f 5968 6065 6064
f 5969 5970 6066
f 5969 6066 6065
f 5970 5971 6067
f 5970 6067 6066
f 5971 5972 6068
f 5971 6068 6067
f 5972 5973 6069
f 5972 6069 6068
f 5973 5974 6070
f 5973 6070 6069
f 5974 5975 6071
f 5974 6071 6070
f 5975 5976 6072
f 5975 6072 6071
f 5976 5977 6073
f 5976 6073 6072
f 5977 5978 6074
f 5977 6074 6073
f 5978 5979 6075
f 5978 6075 6074
f 5979 5980 6076
f 5979 6076 6075
f 5980 5981 6077
f 5980 6077 6076
f 5981 5982 6078
f 5981 6078 6077
f 5982 5983 6079
f 5982 6079 6078
f 5983 5984 6080
f 5983 6080 6079
f 5984 5985 6081
f 5984 6081 6080
f 5985 5986 6082
f 5985 6082 6081
f 5986 5987 6083
f 5986 6083 6082
f 5987 5988 6084
f 5987 6084 6083
f 5988 5989 6085
f 5988 6085 6084
f 5989 5990 6086
f 5989 6086 6085
f 5990 5991 6087
f 5990 6087 6086
f 5991 5992 6088
f 5991 6088 6087
f 5992 5993 6089
f 5992 6089 6088
f 5993 5994 6090
f 5993 6090 6089
f 5994 5995 6091
f 5994 6091 6090
f 5995 5996 6092
f 5995 6092 6091
f 5996 5997 6093
f 5996 6093 6092
f 5997 5998 6094
f 5997 6094 6093
f 5998 5999 6095
f 5998 6095 6094
f 5999 6000 6096
f 5999 6096 6095
f 6000 6001 6097
f 6000 6097 6096
f 6001 6002 6098
f 6001 6098 6097
f 6002 6003 6099
f 6002 6099 6098
f 6003 6004 6100
f 6003 6100 6099
f 6004 6005 6101
f 6004 6101 6100
f 6005 6006 6102
f 6005 6102 6101
f 6006 6007 6103
f 6006 6103 6102
f 6007 6008 6104
f 6007 6104 6103
f 6008 6009 6105
f 6008 6105 6104
f 6009 6010 6106
f 6009 6106 6105
f 6010 6011 6107
f 6010 6107 6106
f 6011 6012 6108
f 6011 6108 6107
f 6012 6013 6109
f 6012 6109 6108
f 6013 6014 6110
f 6013 6110 6109
f 6014 6015 6111
f 6014 6111 6110
f 6015 6016 6112
f 6015 6112 6111
f 6016 6017 6113
f 6016 6113 6112
f 6017 6018 6114
f 6017 6114 6113
f 6018 6019 6115
f 6018 6115 6114
f 6019 6020 6116
f 6019 6116 6115
f 6020 6021 6117
f 6020 6117 6116
f 6021 6022 6118
f 6021 6118 6117
f 6022 6023 6119
f 6022 6119 6118
f 6023 6024 6120
f 6023 6120 6119
f 6024 6025 6121
f 6024 6121 6120
f 6025 6026 6122
f 6025 6122 6121
f 6026 6027 6123
f 6026 6123 6122
f 6027 6028 6124
f 6027 6124 6123
f 6028 6029 6125
f 6028 6125 6124
f 6029 6030 6126
f 6029 6126 6125
f 6030 6031 6127
f 6030 6127 6126
f 6031 6032 6128
f 6031 6128 6127
f 6032 6033 6129
f 6032 6129 6128
f 6033 6034 6130
f 6033 6130 6129
f 6034 6035 6131
f 6034 6131 6130
f 6035 6036 6132
f 6035 6132 6131
f 6036 6037 6133
f 6036 6133 6132
f 6037 6038 6134
f 6037 6134 6133
f 6038 6039 6135
f 6038 6135 6134
f 6039 6040 6136
f 6039 6136 6135
f 6040 6041 6137
f 6040 6137 6136
f 6041 6042 6138
f 6041 6138 6137
f 6042 6043 6139
f 6042 6139 6138
f 6043 6044 6140
f 6043 6140 6139
f 6044 6045 6141
f 6044 6141 6140
f 6045 6046 6142
f 6045 6142 6141
f 6046 6047 6143
f 6046 6143 6142
f 6047 6048 6144
f 6047 6144 6143
f 6048 6049 6145
f 6048 6145 6144
f 6049 6050 6146
f 6049 6146 6145
f 6050 6051 6147
f 6050 6147 6146
f 6051 6052 6148
f 6051 6148 6147
f 6052 6053 6149
f 6052 6149 6148
f 6053 6054 6150
f 6053 6150 6149
f 6054 6055 6151
f 6054 6151 6150
f 6055 6056 6152
f 6055 6152 6151
f 6056 5961 6057
f 6056 6057 6152
f 6057 6058 6154
f 6057 6154 6153
f 6058 6059 6155
f 6058 6155 6154
f 6059 6060 6156
f 6059 6156 6155
f 6060 6061 6157
f 6060 6157 6156
f 6061 6062 6158
f 6061 6158 6157
f 6062 6063 6159
f 6062 6159 6158
f 6063 6064 6160
f 6063 6160 6159
f 6064 6065 6161
f 6064 6161 6160
f 6065 6066 6162
f 6065 6162 6161
f 6066 6067 6163
f 6066 6163 6162
f 6067 6068 6164
f 6067 6164 6163
f 6068 6069 6165
f 6068 6165 6164
f 6069 6070 6166
f 6069 6166 6165
f 6070 6071 6167
f 6070 6167 6166
f 6071 6072 6168
f 6071 6168 6167
f 6072 6073 6169
f 6072 6169 6168
f 6073 6074 6170
f 6073 6170 6169
f 6074 6075 6171
f 6074 6171 6170
f 6075 6076 6172
f 6075 6172 6171
f 6076 6077 6173
f 6076 6173 6172
f 6077 6078 6174
f 6077 6174 6173
f 6078 6079 6175
f 6078 6175 6174
f 6079 6080 6176
f 6079 6176 6175
f 6080 6081 6177
f 6080 6177 6176
f 6081 6082 6178
f 6081 6178 6177
f 6082 6083 6179
f 6082 6179 6178
f 6083 6084 6180
f 6083 6180 6179
f 6084 6085 6181
f 6084 6181 6180
f 6085 6086 6182
f 6085 6182 6181
f 6086 6087 6183
f 6086 6183 6182
f 6087 6088 6184
f 6087 6184 6183
f 6088 6089 6185
f 6088 6185 6184
f 6089 6090 6186
f 6089 6186 6185
f 6090 6091 6187
f 6090 6187 6186
f 6091 6092 6188
f 6091 6188 6187
f 6092 6093 6189
f 6092 6189 6188
f 6093 6094 6190
f 6093 6190 6189
f 6094 6095 6191
f 6094 6191 6190
f 6095 6096 6192
f 6095 6192 6191
f 6096 6097 6193
f 6096 6193 6192
f 6097 6098 6194
f 6097 6194 6193
f 6098 6099 6195
f 6098 6195 6194
f 6099 6100 6196
f 6099 6196 6195
f 6100 6101 6197
f 6100 6197 6196
f 6101 6102 6198
f 6101 6198 6197
f 6102 6103 6199
f 6102 6199 6198
f 6103 6104 6200
f 6103 6200 6199
f 6104 6105 6201
f 6104 6201 6200
f 6105 6106 6202
f 6105 6202 6201
f 6106 6107 6203
f 6106 6203 6202
f 6107 6108 6204
f 6107 6204 6203
f 6108 6109 6205
f 6108 6205 6204
f 6109 6110 6206
f 6109 6206 6205
f 6110 6111 6207
f 6110 6207 6206
f 6111 6112 6208
f 6111 6208 6207
f 6112 6113 6209
f 6112 6209 6208
f 6113 6114 6210
f 6113 6210 6209
f 6114 6115 6211
f 6114 6211 6210
f 6115 6116 6212
f 6115 6212 6211
f 6116 6117 6213
f 6116 6213 6212
f 6117 6118 6214
f 6117 6214 6213
f 6118 6119 6215
f 6118 6215 6214
f 6119 6120 6216
f 6119 6216 6215
f 6120 6121 6217
f 6120 6217 6216
f 6121 6122 6218
f 6121 6218 6217
f 6122 6123 6219
f 6122 6219 6218
f 6123 6124 6220
f 6123 6220 6219
f 6124 6125 6221
f 6124 6221 6220
f 6125 6126 6222
f 6125 6222 6221
f 6126 6127 6223
f 6126 6223 6222
f 6127 6128 6224
f 6127 6224 6223
f 6128 6129 6225
f 6128 6225 6224
f 6129 6130 6226
f 6129 6226 6225
f 6130 6131 6227
f 6130 6227 6226
f 6131 6132 6228
f 6131 6228 6227
f 6132 6133 6229
f 6132 6229 6228
f 6133 6134 6230
f 6133 6230 6229
f 6134 6135 6231
f 6134 6231 6230
f 6135 6136 6232
f 6135 6232 6231
f 6136 6137 6233
f 6136 6233 6232
f 6137 6138 6234
f 6137 6234 6233
f 6138 6139 6235
f 6138 6235 6234
f 6139 6140 6236
f 6139 6236 6235
f 6140 6141 6237
f 6140 6237 6236
f 6141 6142 6238
f 6141 6238 6237
f 6142 6143 6239
f 6142 6239 6238
f 6143 6144 6240
f 6143 6240 6239
f 6144 6145 6241
f 6144 6241 6240
f 6145 6146 6242
f 6145 6242 6241
f 6146 6147 6243
f 6146 6243 6242
f 6147 6148 6244
f 6147 6244 6243
f 6148 6149 6245
f 6148 6245 6244
f 6149 6150 6246
f 6149 6246 6245
f 6150 6151 6247
f 6150 6247 6246
f 6151 6152 6248
f 6151 6248 6247
f 6152 6057 6153
f 6152 6153 6248
f 6153 6154 6250
f 6153 6250 6249
f 6154 6155 6251
f 6154 6251 6250
f 6155 6156 6252
f 6155 6252 6251
f 6156 6157 6253
f 6156 6253 6252
f 6157 6158 6254
f 6157 6254 6253
f 6158 6159 6255
f 6158 6255 6254
f 6159 6160 6256
f 6159 6256 6255
f 6160 6161 6257
f 6160 6257 6256
f 6161 6162 6258
f 6161 6258 6257
f 6162 6163 6259
f 6162 6259 6258
f 6163 6164 6260
f 6163 6260 6259
f 6164 6165 6261
f 6164 6261 6260
f 6165 6166 6262
f 6165 6262 6261
f 6166 6167 6263
f 6166 6263 6262
f 6167 6168 6264
f 6167 6264 6263
f 6168 6169 6265
f 6168 6265 6264
f 6169 6170 6266
f 6169 6266 6265
f 6170 6171 6267
f 6170 6267 6266
f 6171 6172 6268
f 6171 6268 6267
f 6172 6173 6269
f 6172 6269 6268
f 6173 6174 6270
f 6173 6270 6269
f 6174 6175 6271
f 6174 6271 6270
f 6175 6176 6272
f 6175 6272 6271
f 6176 6177 6273
f 6176 6273 6272
f 6177 6178 6274
f 6177 6274 6273
f 6178 6179 6275
f 6178 6275 6274
f 6179 6180 6276
f 6179 6276 6275
f 6180 6181 6277
f 6180 6277 6276
f 6181 6182 6278
f 6181 6278 6277
f 6182 6183 6279
f 6182 6279 6278
f 6183 6184 6280
f 6183 6280 6279
f 6184 6185 6281
f 6184 6281 6280
f 6185 6186 6282
f 6185 6282 6281
f 6186 6187 6283
f 6186 6283 6282
f 6187 6188 6284
f 6187 6284 6283
f 6188 6189 6285
f 6188 6285 6284
f 6189 6190 6286
f 6189 6286 6285
f 6190 6191 6287
f 6190 6287 6286
f 6191 6192 6288
f 6191 6288 6287
f 6192 6193 6289
f 6192 6289 6288
f 6193 6194 6290
f 6193 6290 6289
f 6194 6195 6291
f 6194 6291 6290
f 6195 6196 6292
f 6195 6292 6291
f 6196 6197 6293
f 6196 6293 6292
f 6197 6198 6294
f 6197 6294 6293
f 6198 6199 6295
f 6198 6295 6294
f 6199 6200 6296
f 6199 6296 6295
f 6200 6201 6297
f 6200 6297 6296
f 6201 6202 6298
f 6201 6298 6297
f 6202 6203 6299
f 6202 6299 6298
f 6203 6204 6300
f 6203 6300 6299
f 6204 6205 6301
f 6204 6301 6300
f 6205 6206 6302
f 6205 6302 6301
f 6206 6207 6303
f 6206 6303 6302
f 6207 6208 6304
f 6207 6304 6303
f 6208 6209 6305
f 6208 6305 6304
f 6209 6210 6306
f 6209 6306 6305
f 6210 6211 6307
f 6210 6307 6306
f 6211 6212 6308
f 6211 6308 6307
f 6212 6213 6309
f 6212 6309 6308
f 6213 6214 6310
f 6213 6310 6309
f 6214 6215 6311
f 6214 6311 6310
f 6215 6216 6312
f 6215 6312 6311
f 6216 6217 6313
f 6216 6313 6312
f 6217 6218 6314
f 6217 6314 6313
f 6218 6219 6315
f 6218 6315 6314
f 6219 6220 6316
f 6219 6316 6315
f 6220 6221 6317
f 6220 6317 6316
f 6221 6222 6318
f 6221 6318 6317
f 6222 6223 6319
f 6222 6319 6318
f 6223 6224 6320
f 6223 6320 6319
f 6224 6225 6321
f 6224 6321 6320
f 6225 6226 6322
f 6225 6322 6321
f 6226 6227 6323
f 6226 6323 6322
f 6227 6228 6324
f 6227 6324 6323
f 6228 6229 6325
f 6228 6325 6324
f 6229 6230 6326
f 6229 6326 6325
f 6230 6231 6327
f 6230 6327 6326
f 6231 6232 6328
f 6231 6328 6327
f 6232 6233 6329
f 6232 6329 6328
f 6233 6234 6330
f 6233 6330 6329
f 6234 6235 6331
f 6234 6331 6330
f 6235 6236 6332
f 6235 6332 6331
f 6236 6237 6333
f 6236 6333 6332
f 6237 6238 6334
f 6237 6334 6333
f 6238 6239 6335
f 6238 6335 6334
f 6239 6240 6336
f 6239 6336 6335
f 6240 6241 6337
f 6240 6337 6336
f 6241 6242 6338
f 6241 6338 6337
f 6242 6243 6339
f 6242 6339 6338
f 6243 6244 6340
f 6243 6340 6339
f 6244 6245 6341
f 6244 6341 6340
f 6245 6246 6342
f 6245 6342 6341
f 6246 6247 6343
f 6246 6343 6342
f 6247 6248 6344
f 6247 6344 6343
f 6248 6153 6249
f 6248 6249 6344
f 6249 6250 6346
f 6249 6346 6345
f 6250 6251 6347
f 6250 6347 6346
f 6251 6252 6348
f 6251 6348 6347
f 6252 6253 6349
f 6252 6349 6348
f 6253 6254 6350
f 6253 6350 6349
f 6254 6255 6351
f 6254 6351 6350
f 6255 6256 6352
f 6255 6352 6351
f 6256 6257 6353
f 6256 6353 6352
f 6257 6258 6354
f 6257 6354 6353
f 6258 6259 6355
f 6258 6355 6354
f 6259 6260 6356
f 6259 6356 6355
f 6260 6261 6357
f 6260 6357 6356
f 6261 6262 6358
f 6261 6358 6357
f 6262 6263 6359
f 6262 6359 6358
f 6263 6264 6360
f 6263 6360 6359
f 6264 6265 6361
f 6264 6361 6360
f 6265 6266 6362
f 6265 6362 6361
f 6266 6267 6363
f 6266 6363 6362
f 6267 6268 6364
f 6267 6364 6363
f 6268 6269 6365
f 6268 6365 6364
f 6269 6270 6366
f 6269 6366 6365
f 6270 6271 6367
f 6270 6367 6366
f 6271 6272 6368
f 6271 6368 6367
f 6272 6273 6369
f 6272 6369 6368
f 6273 6274 6370
f 6273 6370 6369
f 6274 6275 6371
f 6274 6371 6370
f 6275 6276 6372
f 6275 6372 6371
f 6276 6277 6373
f 6276 6373 6372
f 6277 6278 6374
f 6277 6374 6373
f 6278 6279 6375
f 6278 6375 6374
f 6279 6280 6376
f 6279 6376 6375
f 6280 6281 6377
f 6280 6377 6376
f 6281 6282 6378
f 6281 6378 6377
f 6282 6283 6379
f 6282 6379 6378
f 6283 6284 6380
f 6283 6380 6379
f 6284 6285 6381
f 6284 6381 6380
f 6285 6286 6382
f 6285 6382 6381
f 6286 6287 6383
f 6286 6383 6382
f 6287 6288 6384
f 6287 6384 6383
f 6288 6289 6385
f 6288 6385 6384
f 6289 6290 6386
f 6289 6386 6385
f 6290 6291 6387
f 6290 6387 6386
f 6291 6292 6388
f 6291 6388 6387
f 6292 6293 6389
f 6292 6389 6388
f 6293 6294 6390
f 6293 6390 6389
f 6294 6295 6391
f 6294 6391 6390
f 6295 6296 6392
f 6295 6392 6391
f 6296 6297 6393
f 6296 6393 6392
f 6297 6298 6394
f 6297 6394 6393
f 6298 6299 6395
f 6298 6395 6394
f 6299 6300 6396
f 6299 6396 6395
f 6300 6301 6397
f 6300 6397 6396
f 6301 6302 6398
f 6301 6398 6397
f 6302 6303 6399
f 6302 6399 6398
f 6303 6304 6400
f 6303 6400 6399
f 6304 6305 6401
f 6304 6401 6400
f 6305 6306 6402
f 6305 6402 6401
f 6306 6307 6403
f 6306 6403 6402
f 6307 6308 6404
f 6307 6404 6403
f 6308 6309 6405
f 6308 6405 6404
f 6309 6310 6406
f 6309 6406 6405
f 6310 6311 6407
f 6310 6407 6406
f 6311 6312 6408
f 6311 6408 6407
f 6312 6313 6409
f 6312 6409 6408
f 6313 6314 6410
f 6313 6410 6409
f 6314 6315 6411
f 6314 6411 6410
f 6315 6316 6412
f 6315 6412 6411
f 6316 6317 6413
f 6316 6413 6412
f 6317 6318 6414
f 6317 6414 6413
f 6318 6319 6415
f 6318 6415 6414
f 6319 6320 6416
f 6319 6416 6415
f 6320 6321 6417
f 6320 6417 6416
f 6321 6322 6418
f 6321 6418 6417
f 6322 6323 6419
f 6322 6419 6418
f 6323 6324 6420
f 6323 6420 6419
f 6324 6325 6421
f 6324 6421 6420
f 6325 6326 6422
f 6325 6422 6421
f 6326 6327 6423
f 6326 6423 6422
f 6327 6328 6424
f 6327 6424 6423
f 6328 6329 6425
f 6328 6425 6424
f 6329 6330 6426
f 6329 6426 6425
f 6330 6331 6427
f 6330 6427 6426
f 6331 6332 6428
f 6331 6428 6427
f 6332 6333 6429
f 6332 6429 6428
f 6333 6334 6430
f 6333 6430 6429
f 6334 6335 6431
f 6334 6431 6430
f 6335 6336 6432
f 6335 6432 6431
f 6336 6337 6433
f 6336 6433 6432
f 6337 6338 6434
f 6337 6434 6433
f 6338 6339 6435
f 6338 6435 6434
f 6339 6340 6436
f 6339 6436 6435
f 6340 6341 6437
f 6340 6437 6436
f 6341 6342 6438
f 6341 6438 6437
f 6342 6343 6439
f 6342 6439 6438
f 6343 6344 6440
f 6343 6440 6439
f 6344 6249 6345
f 6344 6345 6440
f 6345 6346 6442
f 6345 6442 6441
f 6346 6347 6443
f 6346 6443 6442
f 6347 6348 6444
f 6347 6444 6443
f 6348 6349 6445
f 6348 6445 6444
f 6349 6350 6446
f 6349 6446 6445
f 6350 6351 6447
f 6350 6447 6446
f 6351 6352 6448
f 6351 6448 6447
f 6352 6353 6449
f 6352 6449 6448
f 6353 6354 6450
f 6353 6450 6449
f 6354 6355 6451
f 6354 6451 6450
f 6355 6356 6452
f 6355 6452 6451
f 6356 6357 6453
f 6356 6453 6452
f 6357 6358 6454
f 6357 6454 6453
f 6358 6359 6455
f 6358 6455 6454
f 6359 6360 6456
f 6359 6456 6455
f 6360 6361 6457
f 6360 6457 6456
f 6361 6362 6458
f 6361 6458 6457
f 6362 6363 6459
f 6362 6459 6458
f 6363 6364 6460
f 6363 6460 6459
f 6364 6365 6461
f 6364 6461 6460
f 6365 6366 6462
f 6365 6462 6461
f 6366 6367 6463
f 6366 6463 6462
f 6367 6368 6464
f 6367 6464 6463
f 6368 6369 6465
f 6368 6465 6464
f 6369 6370 6466
f 6369 6466 6465
f 6370 6371 6467
f 6370 6467 6466
f 6371 6372 6468
f 6371 6468 6467
f 6372 6373 6469
f 6372 6469 6468
f 6373 6374 6470
f 6373 6470 6469
f 6374 6375 6471
f 6374 6471 6470
f 6375 6376 6472
f 6375 6472 6471
f 6376 6377 6473
f 6376 6473 6472
f 6377 6378 6474
f 6377 6474 6473
f 6378 6379 6475
f 6378 6475 6474
f 6379 6380 6476
f 6379 6476 6475
f 6380 6381 6477
f 6380 6477 6476
f 6381 6382 6478
f 6381 6478 6477
f 6382 6383 6479
f 6382 6479 6478
f 6383 6384 6480
f 6383 6480 6479
f 6384 6385 6481
f 6384 6481 6480
f 6385 6386 6482
f 6385 6482 6481
f 6386 6387 6483
f 6386 6483 6482
f 6387 6388 6484
f 6387 6484 6483
f 6388 6389 6485
f 6388 6485 6484
f 6389 6390 6486
f 6389 6486 6485
f 6390 6391 6487
f 6390 6487 6486
f 6391 6392 6488
f 6391 6488 6487
f 6392 6393 6489
f 6392 6489 6488
f 6393 6394 6490
f 6393 6490 6489
f 6394 6395 6491
f 6394 6491 6490
f 6395 6396 6492
f 6395 6492 6491
f 6396 6397 6493
f 6396 6493 6492
f 6397 6398 6494
f 6397 6494 6493
f 6398 6399 6495
f 6398 6495 6494
f 6399 6400 6496
f 6399 6496 6495
f 6400 6401 6497
f 6400 6497 6496
f 6401 6402 6498
f 6401 6498 6497
f 6402 6403 6499
f 6402 6499 6498
f 6403 6404 6500
f 6403 6500 6499
f 6404 6405 6501
f 6404 6501 6500
f 6405 6406 6502
f 6405 6502 6501
f 6406 6407 6503
f 6406 6503 6502
f 6407 6408 6504
f 6407 6504 6503
f 6408 6409 6505
f 6408 6505 6504
f 6409 6410 6506
f 6409 6506 6505
f 6410 6411 6507
f 6410 6507 6506
f 6411 6412 6508
f 6411 6508 6507
f 6412 6413 6509
f 6412 6509 6508
f 6413 6414 6510
f 6413 6510 6509
f 6414 6415 6511
f 6414 6511 6510
f 6415 6416 6512
f 6415 6512 6511
f 6416 6417 6513
f 6416 6513 6512
f 6417 6418 6514
f 6417 6514 6513
f 6418 6419 6515
f 6418 6515 6514
f 6419 6420 6516
f 6419 6516 6515
f 6420 6421 6517
f 6420 6517 6516
f 6421 6422 6518
f 6421 6518 6517
f 6422 6423 6519
f 6422 6519 6518
f 6423 6424 6520
f 6423 6520 6519
f 6424 6425 6521
f 6424 6521 6520
f 6425 6426 6522
f 6425 6522 6521
f 6426 6427 6523
f 6426 6523 6522
f 6427 6428 6524
f 6427 6524 6523
f 6428 6429 6525
f 6428 6525 6524
f 6429 6430 6526
f 6429 6526 6525
f 6430 6431 6527
f 6430 6527 6526
f 6431 6432 6528
f 6431 6528 6527
f 6432 6433 6529
f 6432 6529 6528
f 6433 6434 6530
f 6433 6530 6529
f 6434 6435 6531
f 6434 6531 6530
f 6435 6436 6532
f 6435 6532 6531
f 6436 6437 6533
f 6436 6533 6532
f 6437 6438 6534
f 6437 6534 6533
f 6438 6439 6535
f 6438 6535 6534
f 6439 6440 6536
f 6439 6536 6535
f 6440 6345 6441
f 6440 6441 6536
f 6441 6442 6538
f 6441 6538 6537
f 6442 6443 6539
f 6442 6539 6538
f 6443 6444 6540
f 6443 6540 6539
f 6444 6445 6541
f 6444 6541 6540
f 6445 6446 6542
f 6445 6542 6541
f 6446 6447 6543
f 6446 6543 6542
f 6447 6448 6544
f 6447 6544 6543
f 6448 6449 6545
f 6448 6545 6544
f 6449 6450 6546
f 6449 6546 6545
f 6450 6451 6547
f 6450 6547 6546
f 6451 6452 6548
f 6451 6548 6547
f 6452 6453 6549
f 6452 6549 6548
f 6453 6454 6550
f 6453 6550 6549
f 6454 6455 6551
f 6454 6551 6550
f 6455 6456 6552
f 6455 6552 6551
f 6456 6457 6553
f 6456 6553 6552
f 6457 6458 6554
f 6457 6554 6553
f 6458 6459 6555
f 6458 6555 6554
f 6459 6460 6556
f 6459 6556 6555
f 6460 6461 6557
f 6460 6557 6556
f 6461 6462 6558
f 6461 6558 6557
f 6462 6463 6559
f 6462 6559 6558
f 6463 6464 6560
f 6463 6560 6559
f 6464 6465 6561
f 6464 6561 6560
f 6465 6466 6562
f 6465 6562 6561
f 6466 6467 6563
f 6466 6563 6562
f 6467 6468 6564
f 6467 6564 6563
f 6468 6469 6565
f 6468 6565 6564
f 6469 6470 6566
f 6469 6566 6565
f 6470 6471 6567
f 6470 6567 6566
f 6471 6472 6568
f 6471 6568 6567
f 6472 6473 6569
f 6472 6569 6568
f 6473 6474 6570
f 6473 6570 6569
f 6474 6475 6571
f 6474 6571 6570
f 6475 6476 6572
f 6475 6572 6571
f 6476 6477 6573
f 6476 6573 6572
f 6477 6478 6574
f 6477 6574 6573
f 6478 6479 6575
f 6478 6575 6574
f 6479 6480 6576
f 6479 6576 6575
f 6480 6481 6577
f 6480 6577 6576
f 6481 6482 6578
f 6481 6578 6577
f 6482 6483 6579
f 6482 6579 6578
f 6483 6484 6580
f 6483 6580 6579
f 6484 6485 6581
f 6484 6581 6580
f 6485 6486 6582
f 6485 6582 6581
f 6486 6487 6583
f 6486 6583 6582
f 6487 6488 6584
f 6487 6584 6583
f 6488 6489 6585
f 6488 6585 6584
f 6489 6490 6586
f 6489 6586 6585
f 6490 6491 6587
f 6490 6587 6586
f 6491 6492 6588
f 6491 6588 6587
f 6492 6493 6589
f 6492 6589 6588
f 6493 6494 6590
f 6493 6590 6589
f 6494 6495 6591
f 6494 6591 6590
f 6495 6496 6592
f 6495 6592 6591
f 6496 6497 6593
f 6496 6593 6592
f 6497 6498 6594
f 6497 6594 6593
f 6498 6499 6595
f 6498 6595 6594
f 6499 6500 6596
f 6499 6596 6595
f 6500 6501 6597
f 6500 6597 6596
f 6501 6502 6598
f 6501 6598 6597
f 6502 6503 6599
f 6502 6599 6598
f 6503 6504 6600
f 6503 6600 6599
f 6504 6505 6601
f 6504 6601 6600
f 6505 6506 6602
f 6505 6602 6601
f 6506 6507 6603
f 6506 6603 6602
f 6507 6508 6604
f 6507 6604 6603
f 6508 6509 6605
f 6508 6605 6604
f 6509 6510 6606
f 6509 6606 6605
f 6510 6511 6607
f 6510 6607 6606
f 6511 6512 6608
f 6511 6608 6607
f 6512 6513 6609
f 6512 6609 6608
f 6513 6514 6610
f 6513 6610 6609
f 6514 6515 6611
f 6514 6611 6610
f 6515 6516 6612
f 6515 6612 6611
f 6516 6517 6613
f 6516 6613 6612
f 6517 6518 6614
f 6517 6614 6613
f 6518 6519 6615
f 6518 6615 6614
f 6519 6520 6616
f 6519 6616 6615
f 6520 6521 6617
f 6520 6617 6616
f 6521 6522 6618
f 6521 6618 6617
f 6522 6523 6619
f 6522 6619 6618
f 6523 6524 6620
f 6523 6620 6619
f 6524 6525 6621
f 6524 6621 6620
f 6525 6526 6622
f 6525 6622 6621
f 6526 6527 6623
f 6526 6623 6622
f 6527 6528 6624
f 6527 6624 6623
f 6528 6529 6625
f 6528 6625 6624
f 6529 6530 6626
f 6529 6626 6625
f 6530 6531 6627
f 6530 6627 6626
f 6531 6532 6628
f 6531 6628 6627
f 6532 6533 6629
f 6532 6629 6628
f 6533 6534 6630
f 6533 6630 6629
f 6534 6535 6631
f 6534 6631 6630
f 6535 6536 6632
f 6535 6632 6631
f 6536 6441 6537
f 6536 6537 6632
f 6633 6634 6730
f 6633 6730 6729
f 6634 6635 6731
f 6634 6731 6730
f 6635 6636 6732
f 6635 6732 6731
f 6636 6637 6733
f 6636 6733 6732
f 6637 6638 6734
f 6637 6734 6733
f 6638 6639 6735
f 6638 6735 6734
f 6639 6640 6736
f 6639 6736 6735
f 6640 6641 6737
f 6640 6737 6736
f 6641 6642 6738
f 6641 6738 6737
f 6642 6643 6739
f 6642 6739 6738
f 6643 6644 6740
f 6643 6740 6739
f 6644 6645 6741
f 6644 6741 6740
f 6645 6646 6742
f 6645 6742 6741
f 6646 6647 6743
f 6646 6743 6742
f 6647 6648 6744
f 6647 6744 6743
f 6648 6649 6745
f 6648 6745 6744
f 6649 6650 6746
f 6649 6746 6745
f 6650 6651 6747
f 6650 6747 6746
f 6651 6652 6748
f 6651 6748 6747
f 6652 6653 6749
f 6652 6749 6748
f 6653 6654 6750
f 6653 6750 6749
f 6654 6655 6751
f 6654 6751 6750
f 6655 6656 6752
f 6655 6752 6751
f 6656 6657 6753
f 6656 6753 6752
f 6657 6658 6754
f 6657 6754 6753
f 6658 6659 6755
f 6658 6755 6754
f 6659 6660 6756
f 6659 6756 6755
f 6660 6661 6757
f 6660 6757 6756
f 6661 6662 6758
f 6661 6758 6757
f 6662 6663 6759
f 6662 6759 6758
f 6663 6664 6760
f 6663 6760 6759
f 6664 6665 6761
f 6664 6761 6760
f 6665 6666 6762
f 6665 6762 6761
f 6666 6667 6763
f 6666 6763 6762
f 6667 6668 6764
f 6667 6764 6763
f 6668 6669 6765
f 6668 6765 6764
f 6669 6670 6766
f 6669 6766 6765
f 6670 6671 6767
f 6670 6767 6766
f 6671 6672 6768
f 6671 6768 6767
f 6672 6673 6769
f 6672 6769 6768
f 6673 6674 6770
f 6673 6770 6769
f 6674 6675 6771
f 6674 6771 6770
f 6675 6676 6772
f 6675 6772 6771
f 6676 6677 6773
f 6676 6773 6772
f 6677 6678 6774
f 6677 6774 6773
f 6678 6679 6775
f 6678 6775 6774
f 6679 6680 6776
f 6679 6776 6775
f 6680 6681 6777
f 6680 6777 6776
f 6681 6682 6778
f 6681 6778 6777
f 6682 6683 6779
f 6682 6779 6778
f 6683 6684 6780
f 6683 6780 6779
f 6684 6685 6781
f 6684 6781 6780
f 6685 6686 6782
f 6685 6782 6781
f 6686 6687 6783
f 6686 6783 6782
f 6687 6688 6784
f 6687 6784 6783
f 6688 6689 6785
f 6688 6785 6784
f 6689 6690 6786
f 6689 6786 6785
f 6690 6691 6787
f 6690 6787 6786
f 6691 6692 6788
f 6691 6788 6787
f 6692 6693 6789
f 6692 6789 6788
f 6693 6694 6790
f 6693 6790 6789
f 6694 6695 6791
f 6694 6791 6790
f 6695 6696 6792
f 6695 6792 6791
f 6696 6697 6793
f 6696 6793 6792
f 6697 6698 6794
f 6697 6794 6793
f 6698 6699 6795
f 6698 6795 6794
f 6699 6700 6796
f 6699 6796 6795
f 6700 6701 6797
f 6700 6797 6796
f 6701 6702 6798
f 6701 6798 6797
f 6702 6703 6799
f 6702 6799 6798
f 6703 6704 6800
f 6703 6800 6799
f 6704 6705 6801
f 6704 6801 6800
f 6705 6706 6802
f 6705 6802 6801
f 6706 6707 6803
f 6706 6803 6802
f 6707 6708 6804
f 6707 6804 6803
f 6708 6709 6805
f 6708 6805 6804
f 6709 6710 6806
f 6709 6806 6805
f 6710 6711 6807
f 6710 6807 6806
f 6711 6712 6808
f 6711 6808 6807
f 6712 6713 6809
f 6712 6809 6808
f 6713 6714 6810
f 6713 6810 6809
f 6714 6715 6811
f 6714 6811 6810
f 6715 6716 6812
f 6715 6812 6811
f 6716 6717 6813
f 6716 6813 6812
f 6717 6718 6814
f 6717 6814 6813
f 6718 6719 6815
f 6718 6815 6814
f 6719 6720 6816
f 6719 6816 6815
f 6720 6721 6817
f 6720 6817 6816
f 6721 6722 6818
f 6721 6818 6817
f 6722 6723 6819
f 6722 6819 6818
f 6723 6724 6820
f 6723 6820 6819
f 6724 6725 6821
f 6724 6821 6820
f 6725 6726 6822
f 6725 6822 6821
f 6726 6727 6823
f 6726 6823 6822
f 6727 6728 6824
f 6727 6824 6823
f 6728 6633 6729
f 6728 6729 6824
f 6729 6730 6826
f 6729 6826 6825
f 6730 6731 6827
f 6730 6827 6826
f 6731 6732 6828
f 6731 6828 6827
f 6732 6733 6829
f 6732 6829 6828
f 6733 6734 6830
f 6733 6830 6829
f 6734 6735 6831
f 6734 6831 6830
f 6735 6736 6832
f 6735 6832 6831
f 6736 6737 6833
f 6736 6833 6832
f 6737 6738 6834
f 6737 6834 6833
f 6738 6739 6835
f 6738 6835 6834
f 6739 6740 6836
f 6739 6836 6835
f 6740 6741 6837
f 6740 6837 6836
f 6741 6742 6838
f 6741 6838 6837
f 6742 6743 6839
f 6742 6839 6838
f 6743 6744 6840
f 6743 6840 6839
f 6744 6745 6841
f 6744 6841 6840
f 6745 6746 6842
f 6745 6842 6841
f 6746 6747 6843
f 6746 6843 6842
f 6747 6748 6844
f 6747 6844 6843
f 6748 6749 6845
f 6748 6845 6844
f 6749 6750 6846
f 6749 6846 6845
f 6750 6751 6847
f 6750 6847 6846
f 6751 6752 6848
f 6751 6848 6847
f 6752 6753 6849
f 6752 6849 6848
f 6753 6754 6850
f 6753 6850 6849
f 6754 6755 6851
f 6754 6851 6850
f 6755 6756 6852
f 6755 6852 6851
f 6756 6757 6853
f 6756 6853 6852
f 6757 6758 6854
f 6757 6854 6853
f 6758 6759 6855
f 6758 6855 6854
f 6759 6760 6856
f 6759 6856 6855
f 6760 6761 6857
f 6760 6857 6856
f 6761 6762 6858
f 6761 6858 6857
f 6762 6763 6859
f 6762 6859 6858
f 6763 6764 6860
f 6763 6860 6859
f 6764 6765 6861
f 6764 6861 6860
f 6765 6766 6862
f 6765 6862 6861
f 6766 6767 6863
f 6766 6863 6862
f 6767 6768 6864
f 6767 6864 6863
f 6768 6769 6865
f 6768 6865 6864
f 6769 6770 6866
f 6769 6866 6865
f 6770 6771 6867
f 6770 6867 6866
f 6771 6772 6868
f 6771 6868 6867
f 6772 6773 6869
f 6772 6869 6868
f 6773 6774 6870
f 6773 6870 6869
f 6774 6775 6871
f 6774 6871 6870
f 6775 6776 6872
f 6775 6872 6871
f 6776 6777 6873
f 6776 6873 6872
f 6777 6778 6874
f 6777 6874 6873
f 6778 6779 6875
f 6778 6875 6874
f 6779 6780 6876
f 6779 6876 6875
f 6780 6781 6877
f 6780 6877 6876
f 6781 6782 6878
f 6781 6878 6877
f 6782 6783 6879
f 6782 6879 6878
f 6783 6784 6880
f 6783 6880 6879
f 6784 6785 6881
f 6784 6881 6880
f 6785 6786 6882
f 6785 6882 6881
f 6786 6787 6883
f 6786 6883 6882
f 6787 6788 6884
f 6787 6884 6883
f 6788 6789 6885
f 6788 6885 6884
f 6789 6790 6886
f 6789 6886 6885
f 6790 6791 6887
f 6790 6887 6886
f 6791 6792 6888
f 6791 6888 6887
f 6792 6793 6889
f 6792 6889 6888
f 6793 6794 6890
f 6793 6890 6889
f 6794 6795 6891
f 6794 6891 6890
f 6795 6796 6892
f 6795 6892 6891
f 6796 6797 6893
f 6796 6893 6892
f 6797 6798 6894
f 6797 6894 6893
f 6798 6799 6895
f 6798 6895 6894
f 6799 6800 6896
f 6799 6896 6895
f 6800 6801 6897
f 6800 6897 6896
f 6801 6802 6898
f 6801 6898 6897
f 6802 6803 6899
f 6802 6899 6898
f 6803 6804 6900
f 6803 6900 6899
f 6804 6805 6901
f 6804 6901 6900
f 6805 6806 6902
f 6805 6902 6901
f 6806 6807 6903
f 6806 6903 6902
f 6807 6808 6904
f 6807 6904 6903
f 6808 6809 6905
f 6808 6905 6904
f 6809 6810 6906
f 6809 6906 6905
f 6810 6811 6907
f 6810 6907 6906
f 6811 6812 6908
f 6811 6908 6907
f 6812 6813 6909
f 6812 6909 6908
f 6813 6814 6910
f 6813 6910 6909
f 6814 6815 6911
f 6814 6911 6910
f 6815 6816 6912
f 6815 6912 6911
f 6816 6817 6913
f 6816 6913 6912
f 6817 6818 6914
f 6817 6914 6913
f 6818 6819 6915
f 6818 6915 6914
f 6819 6820 6916
f 6819 6916 6915
f 6820 6821 6917
f 6820 6917 6916
f 6821 6822 6918
f 6821 6918 6917
f 6822 6823 6919
f 6822 6919 6918
f 6823 6824 6920
f 6823 6920 6919
f 6824 6729 6825
f 6824 6825 6920
f 6825 6826 6922
f 6825 6922 6921
f 6826 6827 6923
f 6826 6923 6922
f 6827 6828 6924
f 6827 6924 6923
f 6828 6829 6925
f 6828 6925 6924
f 6829 6830 6926
f 6829 6926 6925
f 6830 6831 6927
f 6830 6927 6926
f 6831 6832 6928
f 6831 6928 6927
f 6832 6833 6929
f 6832 6929 6928
f 6833 6834 6930
f 6833 6930 6929
f 6834 6835 6931
f 6834 6931 6930
f 6835 6836 6932
f 6835 6932 6931
f 6836 6837 6933
f 6836 6933 6932
f 6837 6838 6934
f 6837 6934 6933
f 6838 6839 6935
f 6838 6935 6934
f 6839 6840 6936
f 6839 6936 6935
f 6840 6841 6937
f 6840 6937 6936
f 6841 6842 6938
f 6841 6938 6937
f 6842 6843 6939
f 6842 6939 6938
f 6843 6844 6940
f 6843 6940 6939
f 6844 6845 6941
f 6844 6941 6940
f 6845 6846 6942
f 6845 6942 6941
f 6846 6847 6943
f 6846 6943 6942
f 6847 6848 6944
f 6847 6944 6943
f 6848 6849 6945
f 6848 6945 6944
f 6849 6850 6946
f 6849 6946 6945
f 6850 6851 6947
f 6850 6947 6946
f 6851 6852 6948
f 6851 6948 6947
f 6852 6853 6949
f 6852 6949 6948
f 6853 6854 6950
f 6853 6950 6949
f 6854 6855 6951
f 6854 6951 6950
f 6855 6856 6952
f 6855 6952 6951
f 6856 6857 6953
f 6856 6953 6952
f 6857 6858 6954
f 6857 6954 6953
f 6858 6859 6955
f 6858 6955 6954
f 6859 6860 6956
f 6859 6956 6955
f 6860 6861 6957
f 6860 6957 6956
f 6861 6862 6958
f 6861 6958 6957
f 6862 6863 6959
f 6862 6959 6958
f 6863 6864 6960
f 6863 6960 6959
f 6864 6865 6961
f 6864 6961 6960
f 6865 6866 6962
f 6865 6962 6961
f 6866 6867 6963
f 6866 6963 6962
f 6867 6868 6964
f 6867 6964 6963
f 6868 6869 6965
f 6868 6965 6964
f 6869 6870 6966
f 6869 6966 6965
f 6870 6871 6967
f 6870 6967 6966
f 6871 6872 6968
f 6871 6968 6967
f 6872 6873 6969
f 6872 6969 6968
f 6873 6874 6970
f 6873 6970 6969
f 6874 6875 6971
f 6874 6971 6970
f 6875 6876 6972
f 6875 6972 6971
f 6876 6877 6973
f 6876 6973 6972
f 6877 6878 6974
f 6877 6974 6973
f 6878 6879 6975
f 6878 6975 6974
f 6879 6880 6976
f 6879 6976 6975
f 6880 6881 6977
f 6880 6977 6976
f 6881 6882 6978
f 6881 6978 6977
f 6882 6883 6979
f 6882 6979 6978
f 6883 6884 6980
f 6883 6980 6979
f 6884 6885 6981
f 6884 6981 6980
f 6885 6886 6982
f 6885 6982 6981
f 6886 6887 6983
f 6886 6983 6982
f 6887 6888 6984
f 6887 6984 6983
f 6888 6889 6985
f 6888 6985 6984
f 6889 6890 6986
f 6889 6986 6985
f 6890 6891 6987
f 6890 6987 6986
f 6891 6892 6988
f 6891 6988 6987
f 6892 6893 6989
f 6892 6989 6988
f 6893 6894 6990
f 6893 6990 6989
f 6894 6895 6991
f 6894 6991 6990
f 6895 6896 6992
f 6895 6992 6991
f 6896 6897 6993
f 6896 6993 6992
f 6897 6898 6994
f 6897 6994 6993
f 6898 6899 6995
f 6898 6995 6994
f 6899 6900 6996
f 6899 6996 6995
f 6900 6901 6997
f 6900 6997 6996
f 6901 6902 6998
f 6901 6998 6997
f 6902 6903 6999
f 6902 6999 6998
f 6903 6904 7000
f 6903 7000 6999
f 6904 6905 7001
f 6904 7001 7000
f 6905 6906 7002
f 6905 7002 7001
f 6906 6907 7003
f 6906 7003 7002
f 6907 6908 7004
f 6907 7004 7003
f 6908 6909 7005
f 6908 7005 7004
f 6909 6910 7006
f 6909 7006 7005
f 6910 6911 7007
f 6910 7007 7006
f 6911 6912 7008
f 6911 7008 7007
f 6912 6913 7009
f 6912 7009 7008
f 6913 6914 7010
f 6913 7010 7009
f 6914 6915 7011
f 6914 7011 7010
f 6915 6916 7012
f 6915 7012 7011
f 6916 6917 7013
f 6916 7013 7012
f 6917 6918 7014
f 6917 7014 7013
f 6918 6919 7015
f 6918 7015 7014
f 6919 6920 7016
f 6919 7016 7015
f 6920 6825 6921
f 6920 6921 7016
f 6921 6922 7018
f 6921 7018 7017
f 6922 6923 7019
f 6922 7019 7018
f 6923 6924 7020
f 6923 7020 7019
f 6924 6925 7021
f 6924 7021 7020
f 6925 6926 7022
f 6925 7022 7021
f 6926 6927 7023
f 6926 7023 7022
f 6927 6928 7024
f 6927 7024 7023
f 6928 6929 7025
f 6928 7025 7024
f 6929 6930 7026
f 6929 7026 7025
f 6930 6931 7027
f 6930 7027 7026
f 6931 6932 7028
f 6931 7028 7027
f 6932 6933 7029
f 6932 7029 7028
f 6933 6934 7030
f 6933 7030 7029
f 6934 6935 7031
f 6934 7031 7030
f 6935 6936 7032
f 6935 7032 7031
f 6936 6937 7033
f 6936 7033 7032
f 6937 6938 7034
f 6937 7034 7033
f 6938 6939 7035
f 6938 7035 7034
f 6939 6940 7036
f 6939 7036 7035
f 6940 6941 7037
f 6940 7037 7036
f 6941 6942 7038
f 6941 7038 7037
f 6942 6943 7039
f 6942 7039 7038
f 6943 6944 7040
f 6943 7040 7039
f 6944 6945 7041
f 6944 7041 7040
f 6945 6946 7042
f 6945 7042 7041
f 6946 6947 7043
f 6946 7043 7042
f 6947 6948 7044
f 6947 7044 7043
f 6948 6949 7045
f 6948 7045 7044
f 6949 6950 7046
f 6949 7046 7045
f 6950 6951 7047
f 6950 7047 7046
f 6951 6952 7048
f 6951 7048 7047
f 6952 6953 7049
f 6952 7049 7048
f 6953 6954 7050
f 6953 7050 7049
f 6954 6955 7051
f 6954 7051 7050
f 6955 6956 7052
f 6955 7052 7051
f 6956 6957 7053
f 6956 7053 7052
f 6957 6958 7054
f 6957 7054 7053
f 6958 6959 7055
f 6958 7055 7054
f 6959 6960 7056
f 6959 7056 7055
f 6960 6961 7057
f 6960 7057 7056
f 6961 6962 7058
f 6961 7058 7057
f 6962 6963 7059
f 6962 7059 7058
f 6963 6964 7060
f 6963 7060 7059
f 6964 6965 7061
f 6964 7061 7060
f 6965 6966 7062
f 6965 7062 7061
f 6966 6967 7063
f 6966 7063 7062
f 6967 6968 7064
f 6967 7064 7063
f 6968 6969 7065
f 6968 7065 7064
f 6969 6970 7066
f 6969 7066 7065
f 6970 6971 7067
f 6970 7067 7066
f 6971 6972 7068
f 6971 7068 7067
f 6972 6973 7069
f 6972 7069 7068
f 6973 6974 7070
f 6973 7070 7069
f 6974 6975 7071
f 6974 7071 7070
f 6975 6976 7072
f 6975 7072 7071
f 6976 6977 7073
f 6976 7073 7072
f 6977 6978 7074
f 6977 7074 7073
f 6978 6979 7075
f 6978 7075 7074
f 6979 6980 7076
f 6979 7076 7075
f 6980 6981 7077
f 6980 7077 7076
f 6981 6982 7078
f 6981 7078 7077
f 6982 6983 7079
f 6982 7079 7078
f 6983 6984 7080
f 6983 7080 7079
f 6984 6985 7081
f 6984 7081 7080
f 6985 6986 7082
f 6985 7082 7081
f 6986 6987 7083
f 6986 7083 7082
f 6987 6988 7084
f 6987 7084 7083
f 6988 6989 7085
f 6988 7085 7084
f 6989 6990 7086
f 6989 7086 7085
f 6990 6991 7087
f 6990 7087 7086
f 6991 6992 7088
f 6991 7088 7087
f 6992 6993 7089
f 6992 7089 7088
f 6993 6994 7090
f 6993 7090 7089
f 6994 6995 7091
f 6994 7091 7090
f 6995 6996 7092
f 6995 7092 7091
f 6996 6997 7093
f 6996 7093 7092
f 6997 6998 7094
f 6997 7094 7093
f 6998 6999 7095
f 6998 7095 7094
f 6999 7000 7096
f 6999 7096 7095
f 7000 7001 7097
f 7000 7097 7096
f 7001 7002 7098
f 7001 7098 7097
f 7002 7003 7099
f 7002 7099 7098
f 7003 7004 7100
f 7003 7100 7099
f 7004 7005 7101
f 7004 7101 7100
f 7005 7006 7102
f 7005 7102 7101
f 7006 7007 7103
f 7006 7103 7102
f 7007 7008 7104
f 7007 7104 7103
f 7008 7009 7105
f 7008 7105 7104
f 7009 7010 7106
f 7009 7106 7105
f 7010 7011 7107
f 7010 7107 7106
f 7011 7012 7108
f 7011 7108 7107
f 7012 7013 7109
f 7012 7109 7108
f 7013 7014 7110
f 7013 7110 7109
f 7014 7015 7111
f 7014 7111 7110
f 7015 7016 7112
f 7015 7112 7111
f 7016 6921 7017
f 7016 7017 7112
f 7113 7114 7210
f 7113 7210 7209
f 7114 7115 7211
f 7114 7211 7210
f 7115 7116 7212
f 7115 7212 7211
f 7116 7117 7213
f 7116 7213 7212
f 7117 7118 7214
f 7117 7214 7213
f 7118 7119 7215
f 7118 7215 7214
f 7119 7120 7216
f 7119 7216 7215
f 7120 7121 7217
f 7120 7217 7216
f 7121 7122 7218
f 7121 7218 7217
f 7122 7123 7219
f 7122 7219 7218
f 7123 7124 7220
f 7123 7220 7219
f 7124 7125 7221
f 7124 7221 7220
f 7125 7126 7222
f 7125 7222 7221
f 7126 7127 7223
f 7126 7223 7222
f 7127 7128 7224
f 7127 7224 7223
f 7128 7129 7225
f 7128 7225 7224
f 7129 7130 7226
f 7129 7226 7225
f 7130 7131 7227
f 7130 7227 7226
f 7131 7132 7228
f 7131 7228 7227
f 7132 7133 7229
f 7132 7229 7228
f 7133 7134 7230
f 7133 7230 7229
f 7134 7135 7231
f 7134 7231 7230
f 7135 7136 7232
f 7135 7232 7231
f 7136 7137 7233
f 7136 7233 7232
f 7137 7138 7234
f 7137 7234 7233
f 7138 7139 7235
f 7138 7235 7234
f 7139 7140 7236
f 7139 7236 7235
f 7140 7141 7237
f 7140 7237 7236
f 7141 7142 7238
f 7141 7238 7237
f 7142 7143 7239
f 7142 7239 7238
f 7143 7144 7240
f 7143 7240 7239
f 7144 7145 7241
f 7144 7241 7240
f 7145 7146 7242
f 7145 7242 7241
f 7146 7147 7243
f 7146 7243 7242
f 7147 7148 7244
f 7147 7244 7243
f 7148 7149 7245
f 7148 7245 7244
f 7149 7150 7246
f 7149 7246 7245
f 7150 7151 7247
f 7150 7247 7246
f 7151 7152 7248
f 7151 7248 7247
f 7152 7153 7249
f 7152 7249 7248
f 7153 7154 7250
f 7153 7250 7249
f 7154 7155 7251
f 7154 7251 7250
f 7155 7156 7252
f 7155 7252 7251
f 7156 7157 7253
f 7156 7253 7252
f 7157 7158 7254
f 7157 7254 7253
f 7158 7159 7255
f 7158 7255 7254
f 7159 7160 7256
f 7159 7256 7255
f 7160 7161 7257
f 7160 7257 7256
f 7161 7162 7258
f 7161 7258 7257
f 7162 7163 7259
f 7162 7259 7258
f 7163 7164 7260
f 7163 7260 7259
f 7164 7165 7261
f 7164 7261 7260
f 7165 7166 7262
f 7165 7262 7261
f 7166 7167 7263
f 7166 7263 7262
f 7167 7168 7264
f 7167 7264 7263
f 7168 7169 7265
f 7168 7265 7264
f 7169 7170 7266
f 7169 7266 7265
f 7170 7171 7267
f 7170 7267 7266
f 7171 7172 7268
f 7171 7268 7267
f 7172 7173 7269
f 7172 7269 7268
f 7173 7174 7270
f 7173 7270 7269
f 7174 7175 7271
f 7174 7271 7270
f 7175 7176 7272
f 7175 7272 7271
f 7176 7177 7273
f 7176 7273 7272
f 7177 7178 7274
f 7177 7274 7273
f 7178 7179 7275
f 7178 7275 7274
f 7179 7180 7276
f 7179 7276 7275
f 7180 7181 7277
f 7180 7277 7276
f 7181 7182 7278
f 7181 7278 7277
f 7182 7183 7279
f 7182 7279 7278
f 7183 7184 7280
f 7183 7280 7279
f 7184 7185 7281
f 7184 7281 7280
f 7185 7186 7282
f 7185 7282 7281
f 7186 7187 7283
f 7186 7283 7282
f 7187 7188 7284
f 7187 7284 7283
f 7188 7189 7285
f 7188 7285 7284
f 7189 7190 7286
f 7189 7286 7285
f 7190 7191 7287
f 7190 7287 7286
f 7191 7192 7288
f 7191 7288 7287
f 7192 7193 7289
f 7192 7289 7288
f 7193 7194 7290
f 7193 7290 7289
f 7194 7195 7291
f 7194 7291 7290
f 7195 7196 7292
f 7195 7292 7291
f 7196 7197 7293
f 7196 7293 7292
f 7197 7198 7294
f 7197 7294 7293
f 7198 7199 7295
f 7198 7295 7294
f 7199 7200 7296
f 7199 7296 7295
f 7200 7201 7297
f 7200 7297 7296
f 7201 7202 7298
f 7201 7298 7297
f 7202 7203 7299
f 7202 7299 7298
f 7203 7204 7300
f 7203 7300 7299
f 7204 7205 7301
f 7204 7301 7300
f 7205 7206 7302
f 7205 7302 7301
f 7206 7207 7303
f 7206 7303 7302
f 7207 7208 7304
f 7207 7304 7303
f 7208 7113 7209
f 7208 7209 7304
f 7209 7210 7306
f 7209 7306 7305
f 7210 7211 7307
f 7210 7307 7306
f 7211 7212 7308
f 7211 7308 7307
f 7212 7213 7309
f 7212 7309 7308
f 7213 7214 7310
f 7213 7310 7309
f 7214 7215 7311
f 7214 7311 7310
f 7215 7216 7312
f 7215 7312 7311
f 7216 7217 7313
f 7216 7313 7312
f 7217 7218 7314
f 7217 7314 7313
f 7218 7219 7315
f 7218 7315 7314
f 7219 7220 7316
f 7219 7316 7315
f 7220 7221 7317
f 7220 7317 7316
f 7221 7222 7318
f 7221 7318 7317
f 7222 7223 7319
f 7222 7319 7318
f 7223 7224 7320
f 7223 7320 7319
f 7224 7225 7321
f 7224 7321 7320
f 7225 7226 7322
f 7225 7322 7321
f 7226 7227 7323
f 7226 7323 7322
f 7227 7228 7324
f 7227 7324 7323
f 7228 7229 7325
f 7228 7325 7324
f 7229 7230 7326
f 7229 7326 7325
f 7230 7231 7327
f 7230 7327 7326
f 7231 7232 7328
f 7231 7328 7327
f 7232 7233 7329
f 7232 7329 7328
f 7233 7234 7330
f 7233 7330 7329
f 7234 7235 7331
f 7234 7331 7330
f 7235 7236 7332
f 7235 7332 7331
f 7236 7237 7333
f 7236 7333 7332
f 7237 7238 7334
f 7237 7334 7333
f 7238 7239 7335
f 7238 7335 7334
f 7239 7240 7336
f 7239 7336 7335
f 7240 7241 7337
f 7240 7337 7336
f 7241 7242 7338
f 7241 7338 7337
f 7242 7243 7339
f 7242 7339 7338
f 7243 7244 7340
f 7243 7340 7339
f 7244 7245 7341
f 7244 7341 7340
f 7245 7246 7342
f 7245 7342 7341
f 7246 7247 7343
f 7246 7343 7342
f 7247 7248 7344
f 7247 7344 7343
f 7248 7249 7345
f 7248 7345 7344
f 7249 7250 7346
f 7249 7346 7345
f 7250 7251 7347
f 7250 7347 7346
f 7251 7252 7348
f 7251 7348 7347
f 7252 7253 7349
f 7252 7349 7348
f 7253 7254 7350
f 7253 7350 7349
f 7254 7255 7351
f 7254 7351 7350
f 7255 7256 7352
f 7255 7352 7351
f 7256 7257 7353
f 7256 7353 7352
f 7257 7258 7354
f 7257 7354 7353
f 7258 7259 7355
f 7258 7355 7354
f 7259 7260 7356
f 7259 7356 7355
f 7260 7261 7357
f 7260 7357 7356
f 7261 7262 7358
f 7261 7358 7357
f 7262 7263 7359
f 7262 7359 7358
f 7263 7264 7360
f 7263 7360 7359
f 7264 7265 7361
f 7264 7361 7360
f 7265 7266 7362
f 7265 7362 7361
f 7266 7267 7363
f 7266 7363 7362
f 7267 7268 7364
f 7267 7364 7363
f 7268 7269 7365
f 7268 7365 7364
f 7269 7270 7366
f 7269 7366 7365
f 7270 7271 7367
f 7270 7367 7366
f 7271 7272 7368
f 7271 7368 7367
f 7272 7273 7369
f 7272 7369 7368
f 7273 7274 7370
f 7273 7370 7369
f 7274 7275 7371
f 7274 7371 7370
f 7275 7276 7372
f 7275 7372 7371
f 7276 7277 7373
f 7276 7373 7372
f 7277 7278 7374
f 7277 7374 7373
f 7278 7279 7375
f 7278 7375 7374
f 7279 7280 7376
f 7279 7376 7375
f 7280 7281 7377
f 7280 7377 7376
f 7281 7282 7378
f 7281 7378 7377
f 7282 7283 7379
f 7282 7379 7378
f 7283 7284 7380
f 7283 7380 7379
f 7284 7285 7381
f 7284 7381 7380
f 7285 7286 7382
f 7285 7382 7381
f 7286 7287 7383
f 7286 7383 7382
f 7287 7288 7384
f 7287 7384 7383
f 7288 7289 7385
f 7288 7385 7384
f 7289 7290 7386
f 7289 7386 7385
f 7290 7291 7387
f 7290 7387 7386
f 7291 7292 7388
f 7291 7388 7387
f 7292 7293 7389
f 7292 7389 7388
f 7293 7294 7390
f 7293 7390 7389
f 7294 7295 7391
f 7294 7391 7390
f 7295 7296 7392
f 7295 7392 7391
f 7296 7297 7393
f 7296 7393 7392
f 7297 7298 7394
f 7297 7394 7393
f 7298 7299 7395
f 7298 7395 7394
f 7299 7300 7396
f 7299 7396 7395
f 7300 7301 7397
f 7300 7397 7396
f 7301 7302 7398
f 7301 7398 7397
f 7302 7303 7399
f 7302 7399 7398
f 7303 7304 7400
f 7303 7400 7399
f 7304 7209 7305
f 7304 7305 7400
f 7305 7306 7402
f 7305 7402 7401
f 7306 7307 7403
f 7306 7403 7402
f 7307 7308 7404
f 7307 7404 7403
f 7308 7309 7405
f 7308 7405 7404
f 7309 7310 7406
f 7309 7406 7405
f 7310 7311 7407
f 7310 7407 7406
f 7311 7312 7408
f 7311 7408 7407
f 7312 7313 7409
f 7312 7409 7408
f 7313 7314 7410
f 7313 7410 7409
f 7314 7315 7411
f 7314 7411 7410
f 7315 7316 7412
f 7315 7412 7411
f 7316 7317 7413
f 7316 7413 7412
f 7317 7318 7414
f 7317 7414 7413
f 7318 7319 7415
f 7318 7415 7414
f 7319 7320 7416
f 7319 7416 7415
f 7320 7321 7417
f 7320 7417 7416
f 7321 7322 7418
f 7321 7418 7417
f 7322 7323 7419
f 7322 7419 7418
f 7323 7324 7420
f 7323 7420 7419
f 7324 7325 7421
f 7324 7421 7420
f 7325 7326 7422
f 7325 7422 7421
f 7326 7327 7423
f 7326 7423 7422
f 7327 7328 7424
f 7327 7424 7423
f 7328 7329 7425
f 7328 7425 7424
f 7329 7330 7426
f 7329 7426 7425
f 7330 7331 7427
f 7330 7427 7426
f 7331 7332 7428
f 7331 7428 7427
f 7332 7333 7429
f 7332 7429 7428
f 7333 7334 7430
f 7333 7430 7429
f 7334 7335 7431
f 7334 7431 7430
f 7335 7336 7432
f 7335 7432 7431
f 7336 7337 7433
f 7336 7433 7432
f 7337 7338 7434
f 7337 7434 7433
f 7338 7339 7435
f 7338 7435 7434
f 7339 7340 7436
f 7339 7436 7435
f 7340 7341 7437
f 7340 7437 7436
f 7341 7342 7438
f 7341 7438 7437
f 7342 7343 7439
f 7342 7439 7438
f 7343 7344 7440
f 7343 7440 7439
f 7344 7345 7441
f 7344 7441 7440
f 7345 7346 7442
f 7345 7442 7441
f 7346 7347 7443
f 7346 7443 7442
f 7347 7348 7444
f 7347 7444 7443
f 7348 7349 7445
f 7348 7445 7444
f 7349 7350 7446
f 7349 7446 7445
f 7350 7351 7447
f 7350 7447 7446
f 7351 7352 7448
f 7351 7448 7447
f 7352 7353 7449
f 7352 7449 7448
f 7353 7354 7450
f 7353 7450 7449
f 7354 7355 7451
f 7354 7451 7450
f 7355 7356 7452
f 7355 7452 7451
f 7356 7357 7453
f 7356 7453 7452
f 7357 7358 7454
f 7357 7454 7453
f 7358 7359 7455
f 7358 7455 7454
f 7359 7360 7456
f 7359 7456 7455
f 7360 7361 7457
f 7360 7457 7456
f 7361 7362 7458
f 7361 7458 7457
f 7362 7363 7459
f 7362 7459 7458
f 7363 7364 7460
f 7363 7460 7459
f 7364 7365 7461
f 7364 7461 7460
f 7365 7366 7462
f 7365 7462 7461
f 7366 7367 7463
f 7366 7463 7462
f 7367 7368 7464
f 7367 7464 7463
f 7368 7369 7465
f 7368 7465 7464
f 7369 7370 7466
f 7369 7466 7465
f 7370 7371 7467
f 7370 7467 7466
f 7371 7372 7468
f 7371 7468 7467
f 7372 7373 7469
f 7372 7469 7468
f 7373 7374 7470
f 7373 7470 7469
f 7374 7375 7471
f 7374 7471 7470
f 7375 7376 7472
f 7375 7472 7471
f 7376 7377 7473
f 7376 7473 7472
f 7377 7378 7474
f 7377 7474 7473
f 7378 7379 7475
f 7378 7475 7474
f 7379 7380 7476
f 7379 7476 7475
f 7380 7381 7477
f 7380 7477 7476
f 7381 7382 7478
f 7381 7478 7477
f 7382 7383 7479
f 7382 7479 7478
f 7383 7384 7480
f 7383 7480 7479
f 7384 7385 7481
f 7384 7481 7480
f 7385 7386 7482
f 7385 7482 7481
f 7386 7387 7483
f 7386 7483 7482
f 7387 7388 7484
f 7387 7484 7483
f 7388 7389 7485
f 7388 7485 7484
f 7389 7390 7486
f 7389 7486 7485
f 7390 7391 7487
f 7390 7487 7486
f 7391 7392 7488
f 7391 7488 7487
f 7392 7393 7489
f 7392 7489 7488
f 7393 7394 7490
f 7393 7490 7489
f 7394 7395 7491
f 7394 7491 7490
f 7395 7396 7492
f 7395 7492 7491
f 7396 7397 7493
f 7396 7493 7492
f 7397 7398 7494
f 7397 7494 7493
f 7398 7399 7495
f 7398 7495 7494
f 7399 7400 7496
f 7399 7496 7495
f 7400 7305 7401
f 7400 7401 7496
f 7401 7402 7498
f 7401 7498 7497
f 7402 7403 7499
f 7402 7499 7498
f 7403 7404 7500
f 7403 7500 7499
f 7404 7405 7501
f 7404 7501 7500
f 7405 7406 7502
f 7405 7502 7501
f 7406 7407 7503
f 7406 7503 7502
f 7407 7408 7504
f 7407 7504 7503
f 7408 7409 7505
f 7408 7505 7504
f 7409 7410 7506
f 7409 7506 7505
f 7410 7411 7507
f 7410 7507 7506
f 7411 7412 7508
f 7411 7508 7507
f 7412 7413 7509
f 7412 7509 7508
f 7413 7414 7510
f 7413 7510 7509
f 7414 7415 7511
f 7414 7511 7510
f 7415 7416 7512
f 7415 7512 7511
f 7416 7417 7513
f 7416 7513 7512
f 7417 7418 7514
f 7417 7514 7513
f 7418 7419 7515
f 7418 7515 7514
f 7419 7420 7516
f 7419 7516 7515
f 7420 7421 7517
f 7420 7517 7516
f 7421 7422 7518
f 7421 7518 7517
f 7422 7423 7519
f 7422 7519 7518
f 7423 7424 7520
f 7423 7520 7519
f 7424 7425 7521
f 7424 7521 7520
f 7425 7426 7522
f 7425 7522 7521
f 7426 7427 7523
f 7426 7523 7522
f 7427 7428 7524
f 7427 7524 7523
f 7428 7429 7525
f 7428 7525 7524
f 7429 7430 7526
f 7429 7526 7525
f 7430 7431 7527
f 7430 7527 7526
f 7431 7432 7528
f 7431 7528 7527
f 7432 7433 7529
f 7432 7529 7528
f 7433 7434 7530
f 7433 7530 7529
f 7434 7435 7531
f 7434 7531 7530
f 7435 7436 7532
f 7435 7532 7531
f 7436 7437 7533
f 7436 7533 7532
f 7437 7438 7534
f 7437 7534 7533
f 7438 7439 7535
f 7438 7535 7534
f 7439 7440 7536
f 7439 7536 7535
f 7440 7441 7537
f 7440 7537 7536
f 7441 7442 7538
f 7441 7538 7537
f 7442 7443 7539
f 7442 7539 7538
f 7443 7444 7540
f 7443 7540 7539
f 7444 7445 7541
f 7444 7541 7540
f 7445 7446 7542
f 7445 7542 7541
f 7446 7447 7543
f 7446 7543 7542
f 7447 7448 7544
f 7447 7544 7543
f 7448 7449 7545
f 7448 7545 7544
f 7449 7450 7546
f 7449 7546 7545
f 7450 7451 7547
f 7450 7547 7546
f 7451 7452 7548
f 7451 7548 7547
f 7452 7453 7549
f 7452 7549 7548
f 7453 7454 7550
f 7453 7550 7549
f 7454 7455 7551
f 7454 7551 7550
f 7455 7456 7552
f 7455 7552 7551
f 7456 7457 7553
f 7456 7553 7552
f 7457 7458 7554
f 7457 7554 7553
f 7458 7459 7555
f 7458 7555 7554
f 7459 7460 7556
f 7459 7556 7555
f 7460 7461 7557
f 7460 7557 7556
f 7461 7462 7558
f 7461 7558 7557
f 7462 7463 7559
f 7462 7559 7558
f 7463 7464 7560
f 7463 7560 7559
f 7464 7465 7561
f 7464 7561 7560
f 7465 7466 7562
f 7465 7562 7561
f 7466 7467 7563
f 7466 7563 7562
f 7467 7468 7564
f 7467 7564 7563
f 7468 7469 7565
f 7468 7565 7564
f 7469 7470 7566
f 7469 7566 7565
f 7470 7471 7567
f 7470 7567 7566
f 7471 7472 7568
f 7471 7568 7567
f 7472 7473 7569
f 7472 7569 7568
f 7473 7474 7570
f 7473 7570 7569
f 7474 7475 7571
f 7474 7571 7570
f 7475 7476 7572
f 7475 7572 7571
f 7476 7477 7573
f 7476 7573 7572
f 7477 7478 7574
f 7477 7574 7573
f 7478 7479 7575
f 7478 7575 7574
f 7479 7480 7576
f 7479 7576 7575
f 7480 7481 7577
f 7480 7577 7576
f 7481 7482 7578
f 7481 7578 7577
f 7482 7483 7579
f 7482 7579 7578
f 7483 7484 7580
f 7483 7580 7579
f 7484 7485 7581
f 7484 7581 7580
f 7485 7486 7582
f 7485 7582 7581
f 7486 7487 7583
f 7486 7583 7582
f 7487 7488 7584
f 7487 7584 7583
f 7488 7489 7585
f 7488 7585 7584
f 7489 7490 7586
f 7489 7586 7585
f 7490 7491 7587
f 7490 7587 7586
f 7491 7492 7588
f 7491 7588 7587
f 7492 7493 7589
f 7492 7589 7588
f 7493 7494 7590
f 7493 7590 7589
f 7494 7495 7591
f 7494 7591 7590
f 7495 7496 7592
f 7495 7592 7591
f 7496 7401 7497
f 7496 7497 7592
f 7593 7594 7634
f 7593 7634 7633
f 7594 7595 7635
f 7594 7635 7634
f 7595 7596 7636
f 7595 7636 7635
f 7596 7597 7637
f 7596 7637 7636
f 7597 7598 7638
f 7597 7638 7637
f 7598 7599 7639
f 7598 7639 7638
f 7599 7600 7640
f 7599 7640 7639
f 7600 7601 7641
f 7600 7641 7640
f 7601 7602 7642
f 7601 7642 7641
f 7602 7603 7643
f 7602 7643 7642
f 7603 7604 7644
f 7603 7644 7643
f 7604 7605 7645
f 7604 7645 7644
f 7605 7606 7646
f 7605 7646 7645
f 7606 7607 7647
f 7606 7647 7646
f 7607 7608 7648
f 7607 7648 7647
f 7608 7609 7649
f 7608 7649 7648
f 7609 7610 7650
f 7609 7650 7649
f 7610 7611 7651
f 7610 7651 7650
f 7611 7612 7652
f 7611 7652 7651
f 7612 7613 7653
f 7612 7653 7652
f 7613 7614 7654
f 7613 7654 7653
f 7614 7615 7655
f 7614 7655 7654
f 7615 7616 7656
f 7615 7656 7655
f 7616 7617 7657
f 7616 7657 7656
f 7617 7618 7658
f 7617 7658 7657
f 7618 7619 7659
f 7618 7659 7658
f 7619 7620 7660
f 7619 7660 7659
f 7620 7621 7661
f 7620 7661 7660
f 7621 7622 7662
f 7621 7662 7661
f 7622 7623 7663
f 7622 7663 7662
f 7623 7624 7664
f 7623 7664 7663
f 7624 7625 7665
f 7624 7665 7664
f 7625 7626 7666
f 7625 7666 7665
f 7626 7627 7667
f 7626 7667 7666
f 7627 7628 7668
f 7627 7668 7667
f 7628 7629 7669
f 7628 7669 7668
f 7629 7630 7670
f 7629 7670 7669
f 7630 7631 7671
f 7630 7671 7670
f 7631 7632 7672
f 7631 7672 7671
f 7632 7593 7633
f 7632 7633 7672
f 7633 7634 7674
f 7633 7674 7673
f 7634 7635 7675
f 7634 7675 7674
f 7635 7636 7676
f 7635 7676 7675
f 7636 7637 7677
f 7636 7677 7676
f 7637 7638 7678
f 7637 7678 7677
f 7638 7639 7679
f 7638 7679 7678
f 7639 7640 7680
f 7639 7680 7679
f 7640 7641 7681
f 7640 7681 7680
f 7641 7642 7682
f 7641 7682 7681
f 7642 7643 7683
f 7642 7683 7682
f 7643 7644 7684
f 7643 7684 7683
f 7644 7645 7685
f 7644 7685 7684
f 7645 7646 7686
f 7645 7686 7685
f 7646 7647 7687
f 7646 7687 7686
f 7647 7648 7688
f 7647 7688 7687
f 7648 7649 7689
f 7648 7689 7688
f 7649 7650 7690
f 7649 7690 7689
f 7650 7651 7691
f 7650 7691 7690
f 7651 7652 7692
f 7651 7692 7691
f 7652 7653 7693
f 7652 7693 7692
f 7653 7654 7694
f 7653 7694 7693
f 7654 7655 7695
f 7654 7695 7694
f 7655 7656 7696
f 7655 7696 7695
f 7656 7657 7697
f 7656 7697 7696
f 7657 7658 7698
f 7657 7698 7697
f 7658 7659 7699
f 7658 7699 7698
f 7659 7660 7700
f 7659 7700 7699
f 7660 7661 7701
f 7660 7701 7700
f 7661 7662 7702
f 7661 7702 7701
f 7662 7663 7703
f 7662 7703 7702
f 7663 7664 7704
f 7663 7704 7703
f 7664 7665 7705
f 7664 7705 7704
f 7665 7666 7706
f 7665 7706 7705
f 7666 7667 7707
f 7666 7707 7706
f 7667 7668 7708
f 7667 7708 7707
f 7668 7669 7709
f 7668 7709 7708
f 7669 7670 7710
f 7669 7710 7709
f 7670 7671 7711
f 7670 7711 7710
f 7671 7672 7712
f 7671 7712 7711
f 7672 7633 7673
f 7672 7673 7712
f 7673 7674 7714
f 7673 7714 7713
f 7674 7675 7715
f 7674 7715 7714
f 7675 7676 7716
f 7675 7716 7715
f 7676 7677 7717
f 7676 7717 7716
f 7677 7678 7718
f 7677 7718 7717
f 7678 7679 7719
f 7678 7719 7718
f 7679 7680 7720
f 7679 7720 7719
f 7680 7681 7721
f 7680 7721 7720
f 7681 7682 7722
f 7681 7722 7721
f 7682 7683 7723
f 7682 7723 7722
f 7683 7684 7724
f 7683 7724 7723
f 7684 7685 7725
f 7684 7725 7724
f 7685 7686 7726
f 7685 7726 7725
f 7686 7687 7727
f 7686 7727 7726
f 7687 7688 7728
f 7687 7728 7727
f 7688 7689 7729
f 7688 7729 7728
f 7689 7690 7730
f 7689 7730 7729
f 7690 7691 7731
f 7690 7731 7730
f 7691 7692 7732
f 7691 7732 7731
f 7692 7693 7733
f 7692 7733 7732
f 7693 7694 7734
f 7693 7734 7733
f 7694 7695 7735
f 7694 7735 7734
f 7695 7696 7736
f 7695 7736 7735
f 7696 7697 7737
f 7696 7737 7736
f 7697 7698 7738
f 7697 7738 7737
f 7698 7699 7739
f 7698 7739 7738
f 7699 7700 7740
f 7699 7740 7739
f 7700 7701 7741
f 7700 7741 7740
f 7701 7702 7742
f 7701 7742 7741
f 7702 7703 7743
f 7702 7743 7742
f 7703 7704 7744
f 7703 7744 7743
f 7704 7705 7745
f 7704 7745 7744
f 7705 7706 7746
f 7705 7746 7745
f 7706 7707 7747
f 7706 7747 7746
f 7707 7708 7748
f 7707 7748 7747
f 7708 7709 7749
f 7708 7749 7748
f 7709 7710 7750
f 7709 7750 7749
f 7710 7711 7751
f 7710 7751 7750
f 7711 7712 7752
f 7711 7752 7751
f 7712 7673 7713
f 7712 7713 7752
f 7713 7714 7754
f 7713 7754 7753
f 7714 7715 7755
f 7714 7755 7754
f 7715 7716 7756
f 7715 7756 7755
f 7716 7717 7757
f 7716 7757 7756
f 7717 7718 7758
f 7717 7758 7757
f 7718 7719 7759
f 7718 7759 7758
f 7719 7720 7760
f 7719 7760 7759
f 7720 7721 7761
f 7720 7761 7760
f 7721 7722 7762
f 7721 7762 7761
f 7722 7723 7763
f 7722 7763 7762
f 7723 7724 7764
f 7723 7764 7763
f 7724 7725 7765
f 7724 7765 7764
f 7725 7726 7766
f 7725 7766 7765
f 7726 7727 7767
f 7726 7767 7766
f 7727 7728 7768
f 7727 7768 7767
f 7728 7729 7769
f 7728 7769 7768
f 7729 7730 7770
f 7729 7770 7769
f 7730 7731 7771
f 7730 7771 7770
f 7731 7732 7772
f 7731 7772 7771
f 7732 7733 7773
f 7732 7773 7772
f 7733 7734 7774
f 7733 7774 7773
f 7734 7735 7775
f 7734 7775 7774
f 7735 7736 7776
f 7735 7776 7775
f 7736 7737 7777
f 7736 7777 7776
f 7737 7738 7778
f 7737 7778 7777
f 7738 7739 7779
f 7738 7779 7778
f 7739 7740 7780
f 7739 7780 7779
f 7740 7741 7781
f 7740 7781 7780
f 7741 7742 7782
f 7741 7782 7781
f 7742 7743 7783
f 7742 7783 7782
f 7743 7744 7784
f 7743 7784 7783
f 7744 7745 7785
f 7744 7785 7784
f 7745 7746 7786
f 7745 7786 7785
f 7746 7747 7787
f 7746 7787 7786
f 7747 7748 7788
f 7747 7788 7787
f 7748 7749 7789
f 7748 7789 7788
f 7749 7750 7790
f 7749 7790 7789
f 7750 7751 7791
f 7750 7791 7790
f 7751 7752 7792
f 7751 7792 7791
f 7752 7713 7753
f 7752 7753 7792
f 7793 7794 7834
f 7793 7834 7833
f 7794 7795 7835
f 7794 7835 7834
f 7795 7796 7836
f 7795 7836 7835
f 7796 7797 7837
f 7796 7837 7836
f 7797 7798 7838
f 7797 7838 7837
f 7798 7799 7839
f 7798 7839 7838
f 7799 7800 7840
f 7799 7840 7839
f 7800 7801 7841
f 7800 7841 7840
f 7801 7802 7842
f 7801 7842 7841
f 7802 7803 7843
f 7802 7843 7842
f 7803 7804 7844
f 7803 7844 7843
f 7804 7805 7845
f 7804 7845 7844
f 7805 7806 7846
f 7805 7846 7845
f 7806 7807 7847
f 7806 7847 7846
f 7807 7808 7848
f 7807 7848 7847
f 7808 7809 7849
f 7808 7849 7848
f 7809 7810 7850
f 7809 7850 7849
f 7810 7811 7851
f 7810 7851 7850
f 7811 7812 7852
f 7811 7852 7851
f 7812 7813 7853
f 7812 7853 7852
f 7813 7814 7854
f 7813 7854 7853
f 7814 7815 7855
f 7814 7855 7854
f 7815 7816 7856
f 7815 7856 7855
f 7816 7817 7857
f 7816 7857 7856
f 7817 7818 7858
f 7817 7858 7857
f 7818 7819 7859
f 7818 7859 7858
f 7819 7820 7860
f 7819 7860 7859
f 7820 7821 7861
f 7820 7861 7860
f 7821 7822 7862
f 7821 7862 7861
f 7822 7823 7863
f 7822 7863 7862
f 7823 7824 7864
f 7823 7864 7863
f 7824 7825 7865
f 7824 7865 7864
f 7825 7826 7866
f 7825 7866 7865
f 7826 7827 7867
f 7826 7867 7866
f 7827 7828 7868
f 7827 7868 7867
f 7828 7829 7869
f 7828 7869 7868
f 7829 7830 7870
f 7829 7870 7869
f 7830 7831 7871
f 7830 7871 7870
f 7831 7832 7872
f 7831 7872 7871
f 7832 7793 7833
f 7832 7833 7872
f 7833 7834 7874
f 7833 7874 7873
f 7834 7835 7875
f 7834 7875 7874
f 7835 7836 7876
f 7835 7876 7875
f 7836 7837 7877
f 7836 7877 7876
f 7837 7838 7878
f 7837 7878 7877
f 7838 7839 7879
f 7838 7879 7878
f 7839 7840 7880
f 7839 7880 7879
f 7840 7841 7881
f 7840 7881 7880
f 7841 7842 7882
f 7841 7882 7881
f 7842 7843 7883
f 7842 7883 7882
f 7843 7844 7884
f 7843 7884 7883
f 7844 7845 7885
f 7844 7885 7884
f 7845 7846 7886
f 7845 7886 7885
f 7846 7847 7887
f 7846 7887 7886
f 7847 7848 7888
f 7847 7888 7887
f 7848 7849 7889
f 7848 7889 7888
f 7849 7850 7890
f 7849 7890 7889
f 7850 7851 7891
f 7850 7891 7890
f 7851 7852 7892
f 7851 7892 7891
f 7852 7853 7893
f 7852 7893 7892
f 7853 7854 7894
f 7853 7894 7893
f 7854 7855 7895
f 7854 7895 7894
f 7855 7856 7896
f 7855 7896 7895
f 7856 7857 7897
f 7856 7897 7896
f 7857 7858 7898
f 7857 7898 7897
f 7858 7859 7899
f 7858 7899 7898
f 7859 7860 7900
f 7859 7900 7899
f 7860 7861 7901
f 7860 7901 7900
f 7861 7862 7902
f 7861 7902 7901
f 7862 7863 7903
f 7862 7903 7902
f 7863 7864 7904
f 7863 7904 7903
f 7864 7865 7905
f 7864 7905 7904
f 7865 7866 7906
f 7865 7906 7905
f 7866 7867 7907
f 7866 7907 7906
f 7867 7868 7908
f 7867 7908 7907
f 7868 7869 7909
f 7868 7909 7908
f 7869 7870 7910
f 7869 7910 7909
f 7870 7871 7911
f 7870 7911 7910
f 7871 7872 7912
f 7871 7912 7911
f 7872 7833 7873
f 7872 7873 7912
f 7873 7874 7914
f 7873 7914 7913
f 7874 7875 7915
f 7874 7915 7914
f 7875 7876 7916
f 7875 7916 7915
f 7876 7877 7917
f 7876 7917 7916
f 7877 7878 7918
f 7877 7918 7917
f 7878 7879 7919
f 7878 7919 7918
f 7879 7880 7920
f 7879 7920 7919
f 7880 7881 7921
f 7880 7921 7920
f 7881 7882 7922
f 7881 7922 7921
f 7882 7883 7923
f 7882 7923 7922
f 7883 7884 7924
f 7883 7924 7923
f 7884 7885 7925
f 7884 7925 7924
f 7885 7886 7926
f 7885 7926 7925
f 7886 7887 7927
f 7886 7927 7926
f 7887 7888 7928
f 7887 7928 7927
f 7888 7889 7929
f 7888 7929 7928
f 7889 7890 7930
f 7889 7930 7929
f 7890 7891 7931
f 7890 7931 7930
f 7891 7892 7932
f 7891 7932 7931
f 7892 7893 7933
f 7892 7933 7932
f 7893 7894 7934
f 7893 7934 7933
f 7894 7895 7935
f 7894 7935 7934
f 7895 7896 7936
f 7895 7936 7935
f 7896 7897 7937
f 7896 7937 7936
f 7897 7898 7938
f 7897 7938 7937
f 7898 7899 7939
f 7898 7939 7938
f 7899 7900 7940
f 7899 7940 7939
f 7900 7901 7941
f 7900 7941 7940
f 7901 7902 7942
f 7901 7942 7941
f 7902 7903 7943
f 7902 7943 7942
f 7903 7904 7944
f 7903 7944 7943
f 7904 7905 7945
f 7904 7945 7944
f 7905 7906 7946
f 7905 7946 7945
f 7906 7907 7947
f 7906 7947 7946
f 7907 7908 7948
f 7907 7948 7947
f 7908 7909 7949
f 7908 7949 7948
f 7909 7910 7950
f 7909 7950 7949
f 7910 7911 7951
f 7910 7951 7950
f 7911 7912 7952
f 7911 7952 7951
f 7912 7873 7913
f 7912 7913 7952
f 7913 7914 7954
f 7913 7954 7953
f 7914 7915 7955
f 7914 7955 7954
f 7915 7916 7956
f 7915 7956 7955
f 7916 7917 7957
f 7916 7957 7956
f 7917 7918 7958
f 7917 7958 7957
f 7918 7919 7959
f 7918 7959 7958
f 7919 7920 7960
f 7919 7960 7959
f 7920 7921 7961
f 7920 7961 7960
f 7921 7922 7962
f 7921 7962 7961
f 7922 7923 7963
f 7922 7963 7962
f 7923 7924 7964
f 7923 7964 7963
f 7924 7925 7965
f 7924 7965 7964
f 7925 7926 7966
f 7925 7966 7965
f 7926 7927 7967
f 7926 7967 7966
f 7927 7928 7968
f 7927 7968 7967
f 7928 7929 7969
f 7928 7969 7968
f 7929 7930 7970
f 7929 7970 7969
f 7930 7931 7971
f 7930 7971 7970
f 7931 7932 7972
f 7931 7972 7971
f 7932 7933 7973
f 7932 7973 7972
f 7933 7934 7974
f 7933 7974 7973
f 7934 7935 7975
f 7934 7975 7974
f 7935 7936 7976
f 7935 7976 7975
f 7936 7937 7977
f 7936 7977 7976
f 7937 7938 7978
f 7937 7978 7977
f 7938 7939 7979
f 7938 7979 7978
f 7939 7940 7980
f 7939 7980 7979
f 7940 7941 7981
f 7940 7981 7980
f 7941 7942 7982
f 7941 7982 7981
f 7942 7943 7983
f 7942 7983 7982
f 7943 7944 7984
f 7943 7984 7983
f 7944 7945 7985
f 7944 7985 7984
f 7945 7946 7986
f 7945 7986 7985
f 7946 7947 7987
f 7946 7987 7986
f 7947 7948 7988
f 7947 7988 7987
f 7948 7949 7989
f 7948 7989 7988
f 7949 7950 7990
f 7949 7990 7989
f 7950 7951 7991
f 7950 7991 7990
f 7951 7952 7992
f 7951 7992 7991
f 7952 7913 7953
f 7952 7953 7992
f 7993 7995 7996
f 7993 7996 7994
f 7995 7997 7998
f 7995 7998 7996
f 7997 7999 8000
f 7997 8000 7998
f 7999 8001 8002
f 7999 8002 8000
f 8001 8003 8004
f 8001 8004 8002
f 8003 8005 8006
f 8003 8006 8004
f 8005 8007 8008
f 8005 8008 8006
f 8007 8009 8010
f 8007 8010 8008
f 8009 8011 8012
f 8009 8012 8010
f 8011 8013 8014
f 8011 8014 8012
f 8013 8015 8016
f 8013 8016 8014
f 8015 8017 8018
f 8015 8018 8016
f 8017 8019 8020
f 8017 8020 8018
f 8019 8021 8022
f 8019 8022 8020
f 8021 8023 8024
f 8021 8024 8022
f 8023 8025 8026
f 8023 8026 8024
f 8025 8027 8028
f 8025 8028 8026
f 8027 8029 8030
f 8027 8030 8028
f 8029 8031 8032
f 8029 8032 8030
f 8031 8033 8034
f 8031 8034 8032
f 8033 8035 8036
f 8033 8036 8034
f 8035 8037 8038
f 8035 8038 8036
f 8037 8039 8040
f 8037 8040 8038
f 8039 8041 8042
f 8039 8042 8040
f 8041 8043 8044
f 8041 8044 8042
f 8043 8045 8046
f 8043 8046 8044
f 8045 8047 8048
f 8045 8048 8046
f 8047 7993 7994
f 8047 7994 8048
f 8049 8051 8052
f 8049 8052 8050
f 8051 8053 8054
f 8051 8054 8052
f 8053 8055 8056
f 8053 8056 8054
f 8055 8057 8058
f 8055 8058 8056
f 8057 8059 8060
f 8057 8060 8058
f 8059 8061 8062
f 8059 8062 8060
f 8061 8063 8064
f 8061 8064 8062
f 8063 8065 8066
f 8063 8066 8064
f 8065 8067 8068
f 8065 8068 8066
f 8067 8069 8070
f 8067 8070 8068
f 8069 8071 8072
f 8069 8072 8070
f 8071 8073 8074
f 8071 8074 8072
f 8073 8075 8076
f 8073 8076 8074
f 8075 8077 8078
f 8075 8078 8076
f 8077 8079 8080
f 8077 8080 8078
f 8079 8081 8082
f 8079 8082 8080
f 8081 8083 8084
f 8081 8084 8082
f 8083 8085 8086
f 8083 8086 8084
f 8085 8087 8088
f 8085 8088 8086
f 8087 8089 8090
f 8087 8090 8088
f 8089 8091 8092
f 8089 8092 8090
f 8091 8093 8094
f 8091 8094 8092
f 8093 8095 8096
f 8093 8096 8094
f 8095 8097 8098
f 8095 8098 8096
f 8097 8099 8100
f 8097 8100 8098
f 8099 8101 8102
f 8099 8102 8100
f 8101 8103 8104
f 8101 8104 8102
f 8103 8049 8050
f 8103 8050 8104
f 8105 8107 8108
f 8105 8108 8106
f 8107 8109 8110
f 8107 8110 8108
f 8109 8111 8112
f 8109 8112 8110
f 8111 8113 8114
f 8111 8114 8112
f 8113 8115 8116
f 8113 8116 8114
f 8115 8117 8118
f 8115 8118 8116
f 8117 8119 8120
f 8117 8120 8118
f 8119 8121 8122
f 8119 8122 8120
f 8121 8123 8124
f 8121 8124 8122
f 8123 8125 8126
f 8123 8126 8124
f 8125 8127 8128
f 8125 8128 8126
f 8127 8129 8130
f 8127 8130 8128
f 8129 8131 8132
f 8129 8132 8130
f 8131 8133 8134
f 8131 8134 8132
f 8133 8135 8136
f 8133 8136 8134
f 8135 8137 8138
f 8135 8138 8136
f 8137 8139 8140
f 8137 8140 8138
f 8139 8141 8142
f 8139 8142 8140
f 8141 8143 8144
f 8141 8144 8142
f 8143 8145 8146
f 8143 8146 8144
f 8145 8147 8148
f 8145 8148 8146
f 8147 8149 8150
f 8147 8150 8148
f 8149 8151 8152
f 8149 8152 8150
f 8151 8153 8154
f 8151 8154 8152
f 8153 8155 8156
f 8153 8156 8154
f 8155 8157 8158
f 8155 8158 8156
f 8157 8159 8160
f 8157 8160 8158
f 8159 8105 8106
f 8159 8106 8160
f 8161 8163 8164
f 8161 8164 8162
f 8163 8165 8166
f 8163 8166 8164
f 8165 8167 8168
f 8165 8168 8166
f 8167 8169 8170
f 8167 8170 8168
f 8169 8171 8172
f 8169 8172 8170
f 8171 8173 8174
f 8171 8174 8172
f 8173 8175 8176
f 8173 8176 8174
f 8175 8177 8178
f 8175 8178 8176
f 8177 8179 8180
f 8177 8180 8178
f 8179 8181 8182
f 8179 8182 8180
f 8181 8183 8184
f 8181 8184 8182
f 8183 8185 8186
f 8183 8186 8184
f 8185 8187 8188
f 8185 8188 8186
f 8187 8189 8190
f 8187 8190 8188
f 8189 8191 8192
f 8189 8192 8190
f 8191 8193 8194
f 8191 8194 8192
f 8193 8195 8196
f 8193 8196 8194
f 8195 8197 8198
f 8195 8198 8196
f 8197 8199 8200
f 8197 8200 8198
f 8199 8201 8202
f 8199 8202 8200
f 8201 8203 8204
f 8201 8204 8202
f 8203 8205 8206
f 8203 8206 8204
f 8205 8207 8208
f 8205 8208 8206
f 8207 8209 8210
f 8207 8210 8208
f 8209 8211 8212
f 8209 8212 8210
f 8211 8213 8214
f 8211 8214 8212
f 8213 8215 8216
f 8213 8216 8214
f 8215 8161 8162
f 8215 8162 8216
usemtl dress_gold
f 8217 8218 8282
f 8217 8282 8281
f 8218 8219 8283
f 8218 8283 8282
f 8219 8220 8284
f 8219 8284 8283
f 8220 8221 8285
f 8220 8285 8284
f 8221 8222 8286
f 8221 8286 8285
f 8222 8223 8287
f 8222 8287 8286
f 8223 8224 8288
f 8223 8288 8287
f 8224 8225 8289
f 8224 8289 8288
f 8225 8226 8290
f 8225 8290 8289
f 8226 8227 8291
f 8226 8291 8290
f 8227 8228 8292
f 8227 8292 8291
f 8228 8229 8293
f 8228 8293 8292
f 8229 8230 8294
f 8229 8294 8293
f 8230 8231 8295
f 8230 8295 8294
f 8231 8232 8296
f 8231 8296 8295
f 8232 8233 8297
f 8232 8297 8296
f 8233 8234 8298
f 8233 8298 8297
f 8234 8235 8299
f 8234 8299 8298
f 8235 8236 8300
f 8235 8300 8299
f 8236 8237 8301
f 8236 8301 8300
f 8237 8238 8302
f 8237 8302 8301
f 8238 8239 8303
f 8238 8303 8302
f 8239 8240 8304
f 8239 8304 8303
f 8240 8241 8305
f 8240 8305 8304
f 8241 8242 8306
f 8241 8306 8305
f 8242 8243 8307
f 8242 8307 8306
f 8243 8244 8308
f 8243 8308 8307
f 8244 8245 8309
f 8244 8309 8308
f 8245 8246 8310
f 8245 8310 8309
f 8246 8247 8311
f 8246 8311 8310
f 8247 8248 8312
f 8247 8312 8311
f 8248 8249 8313
f 8248 8313 8312
f 8249 8250 8314
f 8249 8314 8313
f 8250 8251 8315
f 8250 8315 8314
f 8251 8252 8316
f 8251 8316 8315
f 8252 8253 8317
f 8252 8317 8316
f 8253 8254 8318
f 8253 8318 8317
f 8254 8255 8319
f 8254 8319 8318
f 8255 8256 8320
f 8255 8320 8319
f 8256 8257 8321
f 8256 8321 8320
f 8257 8258 8322
f 8257 8322 8321
f 8258 8259 8323
f 8258 8323 8322
f 8259 8260 8324
f 8259 8324 8323
f 8260 8261 8325
f 8260 8325 8324
f 8261 8262 8326
f 8261 8326 8325
f 8262 8263 8327
f 8262 8327 8326
f 8263 8264 8328
f 8263 8328 8327
f 8264 8265 8329
f 8264 8329 8328
f 8265 8266 8330
f 8265 8330 8329
f 8266 8267 8331
f 8266 8331 8330
f 8267 8268 8332
f 8267 8332 8331
f 8268 8269 8333
f 8268 8333 8332
f 8269 8270 8334
f 8269 8334 8333
f 8270 8271 8335
f 8270 8335 8334
f 8271 8272 8336
f 8271 8336 8335
f 8272 8273 8337
f 8272 8337 8336
f 8273 8274 8338
f 8273 8338 8337
f 8274 8275 8339
f 8274 8339 8338
f 8275 8276 8340
f 8275 8340 8339
f 8276 8277 8341
f 8276 8341 8340
f 8277 8278 8342
f 8277 8342 8341
f 8278 8279 8343
f 8278 8343 8342
f 8279 8280 8344
f 8279 8344 8343
f 8280 8217 8281
f 8280 8281 8344
f 8281 8282 8346
f 8281 8346 8345
f 8282 8283 8347
f 8282 8347 8346
f 8283 8284 8348
f 8283 8348 8347
f 8284 8285 8349
f 8284 8349 8348
f 8285 8286 8350
f 8285 8350 8349
f 8286 8287 8351
f 8286 8351 8350
f 8287 8288 8352
f 8287 8352 8351
f 8288 8289 8353
f 8288 8353 8352
f 8289 8290 8354
f 8289 8354 8353
f 8290 8291 8355
f 8290 8355 8354
f 8291 8292 8356
f 8291 8356 8355
f 8292 8293 8357
f 8292 8357 8356
f 8293 8294 8358
f 8293 8358 8357
f 8294 8295 8359
f 8294 8359 8358
f 8295 8296 8360
f 8295 8360 8359
f 8296 8297 8361
f 8296 8361 8360
f 8297 8298 8362
f 8297 8362 8361
f 8298 8299 8363
f 8298 8363 8362
f 8299 8300 8364
f 8299 8364 8363
f 8300 8301 8365
f 8300 8365 8364
f 8301 8302 8366
f 8301 8366 8365
f 8302 8303 8367
f 8302 8367 8366
f 8303 8304 8368
f 8303 8368 8367
f 8304 8305 8369
f 8304 8369 8368
f 8305 8306 8370
f 8305 8370 8369
f 8306 8307 8371
f 8306 8371 8370
f 8307 8308 8372
f 8307 8372 8371
f 8308 8309 8373
f 8308 8373 8372
f 8309 8310 8374
f 8309 8374 8373
f 8310 8311 8375
f 8310 8375 8374
f 8311 8312 8376
f 8311 8376 8375
f 8312 8313 8377
f 8312 8377 8376
f 8313 8314 8378
f 8313 8378 8377
f 8314 8315 8379
f 8314 8379 8378
f 8315 8316 8380
f 8315 8380 8379
f 8316 8317 8381
f 8316 8381 8380
f 8317 8318 8382
f 8317 8382 8381
f 8318 8319 8383
f 8318 8383 8382
f 8319 8320 8384
f 8319 8384 8383
f 8320 8321 8385
f 8320 8385 8384
f 8321 8322 8386
f 8321 8386 8385
f 8322 8323 8387
f 8322 8387 8386
f 8323 8324 8388
f 8323 8388 8387
f 8324 8325 8389
f 8324 8389 8388
f 8325 8326 8390
f 8325 8390 8389
f 8326 8327 8391
f 8326 8391 8390
f 8327 8328 8392
f 8327 8392 8391
f 8328 8329 8393
f 8328 8393 8392
f 8329 8330 8394
f 8329 8394 8393
f 8330 8331 8395
f 8330 8395 8394
f 8331 8332 8396
f 8331 8396 8395
f 8332 8333 8397
f 8332 8397 8396
f 8333 8334 8398
f 8333 8398 8397
f 8334 8335 8399
f 8334 8399 8398
f 8335 8336 8400
f 8335 8400 8399
f 8336 8337 8401
f 8336 8401 8400
f 8337 8338 8402
f 8337 8402 8401
f 8338 8339 8403
f 8338 8403 8402
f 8339 8340 8404
f 8339 8404 8403
f 8340 8341 8405
f 8340 8405 8404
f 8341 8342 8406
f 8341 8406 8405
f 8342 8343 8407
f 8342 8407 8406
f 8343 8344 8408
f 8343 8408 8407
f 8344 8281 8345
f 8344 8345 8408
f 8409 8410 8474
f 8409 8474 8473
f 8410 8411 8475
f 8410 8475 8474
f 8411 8412 8476
f 8411 8476 8475
f 8412 8413 8477
f 8412 8477 8476
f 8413 8414 8478
f 8413 8478 8477
f 8414 8415 8479
f 8414 8479 8478
f 8415 8416 8480
f 8415 8480 8479
f 8416 8417 8481
f 8416 8481 8480
f 8417 8418 8482
f 8417 8482 8481
f 8418 8419 8483
f 8418 8483 8482
f 8419 8420 8484
f 8419 8484 8483
f 8420 8421 8485
f 8420 8485 8484
f 8421 8422 8486
f 8421 8486 8485
f 8422 8423 8487
f 8422 8487 8486
f 8423 8424 8488
f 8423 8488 8487
f 8424 8425 8489
f 8424 8489 8488
f 8425 8426 8490
f 8425 8490 8489
f 8426 8427 8491
f 8426 8491 8490
f 8427 8428 8492
f 8427 8492 8491
f 8428 8429 8493
f 8428 8493 8492
f 8429 8430 8494
f 8429 8494 8493
f 8430 8431 8495
f 8430 8495 8494
f 8431 8432 8496
f 8431 8496 8495
f 8432 8433 8497
f 8432 8497 8496
f 8433 8434 8498
f 8433 8498 8497
f 8434 8435 8499
f 8434 8499 8498
f 8435 8436 8500
f 8435 8500 8499
f 8436 8437 8501
f 8436 8501 8500
f 8437 8438 8502
f 8437 8502 8501
f 8438 8439 8503
f 8438 8503 8502
f 8439 8440 8504
f 8439 8504 8503
f 8440 8441 8505
f 8440 8505 8504
f 8441 8442 8506
f 8441 8506 8505
f 8442 8443 8507
f 8442 8507 8506
f 8443 8444 8508
f 8443 8508 8507
f 8444 8445 8509
f 8444 8509 8508
f 8445 8446 8510
f 8445 8510 8509
f 8446 8447 8511
f 8446 8511 8510
f 8447 8448 8512
f 8447 8512 8511
f 8448 8449 8513
f 8448 8513 8512
f 8449 8450 8514
f 8449 8514 8513
f 8450 8451 8515
f 8450 8515 8514
f 8451 8452 8516
f 8451 8516 8515
f 8452 8453 8517
f 8452 8517 8516
f 8453 8454 8518
f 8453 8518 8517
f 8454 8455 8519
f 8454 8519 8518
f 8455 8456 8520
f 8455 8520 8519
f 8456 8457 8521
f 8456 8521 8520
f 8457 8458 8522
f 8457 8522 8521
f 8458 8459 8523
f 8458 8523 8522
f 8459 8460 8524
f 8459 8524 8523
f 8460 8461 8525
f 8460 8525 8524
f 8461 8462 8526
f 8461 8526 8525
f 8462 8463 8527
f 8462 8527 8526
f 8463 8464 8528
f 8463 8528 8527
f 8464 8465 8529
f 8464 8529 8528
f 8465 8466 8530
f 8465 8530 8529
f 8466 8467 8531
f 8466 8531 8530
f 8467 8468 8532
f 8467 8532 8531
f 8468 8469 8533
f 8468 8533 8532
f 8469 8470 8534
f 8469 8534 8533
f 8470 8471 8535
f 8470 8535 8534
f 8471 8472 8536
f 8471 8536 8535
f 8472 8409 8473
f 8472 8473 8536
f 8473 8474 8538
f 8473 8538 8537
f 8474 8475 8539
f 8474 8539 8538
f 8475 8476 8540
f 8475 8540 8539
f 8476 8477 8541
f 8476 8541 8540
f 8477 8478 8542
f 8477 8542 8541
f 8478 8479 8543
f 8478 8543 8542
f 8479 8480 8544
f 8479 8544 8543
f 8480 8481 8545
f 8480 8545 8544
f 8481 8482 8546
f 8481 8546 8545
f 8482 8483 8547
f 8482 8547 8546
f 8483 8484 8548
f 8483 8548 8547
f 8484 8485 8549
f 8484 8549 8548
f 8485 8486 8550
f 8485 8550 8549
f 8486 8487 8551
f 8486 8551 8550
f 8487 8488 8552
f 8487 8552 8551
f 8488 8489 8553
f 8488 8553 8552
f 8489 8490 8554
f 8489 8554 8553
f 8490 8491 8555
f 8490 8555 8554
f 8491 8492 8556
f 8491 8556 8555
f 8492 8493 8557
f 8492 8557 8556
f 8493 8494 8558
f 8493 8558 8557
f 8494 8495 8559
f 8494 8559 8558
f 8495 8496 8560
f 8495 8560 8559
f 8496 8497 8561
f 8496 8561 8560
f 8497 8498 8562
f 8497 8562 8561
f 8498 8499 8563
f 8498 8563 8562
f 8499 8500 8564
f 8499 8564 8563
f 8500 8501 8565
f 8500 8565 8564
f 8501 8502 8566
f 8501 8566 8565
f 8502 8503 8567
f 8502 8567 8566
f 8503 8504 8568
f 8503 8568 8567
f 8504 8505 8569
f 8504 8569 8568
f 8505 8506 8570
f 8505 8570 8569
f 8506 8507 8571
f 8506 8571 8570
f 8507 8508 8572
f 8507 8572 8571
f 8508 8509 8573
f 8508 8573 8572
f 8509 8510 8574
f 8509 8574 8573
f 8510 8511 8575
f 8510 8575 8574
f 8511 8512 8576
f 8511 8576 8575
f 8512 8513 8577
f 8512 8577 8576
f 8513 8514 8578
f 8513 8578 8577
f 8514 8515 8579
f 8514 8579 8578
f 8515 8516 8580
f 8515 8580 8579
f 8516 8517 8581
f 8516 8581 8580
f 8517 8518 8582
f 8517 8582 8581
f 8518 8519 8583
f 8518 8583 8582
f 8519 8520 8584
f 8519 8584 8583
f 8520 8521 8585
f 8520 8585 8584
f 8521 8522 8586
f 8521 8586 8585
f 8522 8523 8587
f 8522 8587 8586
f 8523 8524 8588
f 8523 8588 8587
f 8524 8525 8589
f 8524 8589 8588
f 8525 8526 8590
f 8525 8590 8589
f 8526 8527 8591
f 8526 8591 8590
f 8527 8528 8592
f 8527 8592 8591
f 8528 8529 8593
f 8528 8593 8592
f 8529 8530 8594
f 8529 8594 8593
f 8530 8531 8595
f 8530 8595 8594
f 8531 8532 8596
f 8531 8596 8595
f 8532 8533 8597
f 8532 8597 8596
f 8533 8534 8598
f 8533 8598 8597
f 8534 8535 8599
f 8534 8599 8598
f 8535 8536 8600
f 8535 8600 8599
f 8536 8473 8537
f 8536 8537 8600
f 8601 8602 8666
f 8601 8666 8665
f 8602 8603 8667
f 8602 8667 8666
f 8603 8604 8668
f 8603 8668 8667
f 8604 8605 8669
f 8604 8669 8668
f 8605 8606 8670
f 8605 8670 8669
f 8606 8607 8671
f 8606 8671 8670
f 8607 8608 8672
f 8607 8672 8671
f 8608 8609 8673
f 8608 8673 8672
f 8609 8610 8674
f 8609 8674 8673
f 8610 8611 8675
f 8610 8675 8674
f 8611 8612 8676
f 8611 8676 8675
f 8612 8613 8677
f 8612 8677 8676
f 8613 8614 8678
f 8613 8678 8677
f 8614 8615 8679
f 8614 8679 8678
f 8615 8616 8680
f 8615 8680 8679
f 8616 8617 8681
f 8616 8681 8680
f 8617 8618 8682
f 8617 8682 8681
f 8618 8619 8683
f 8618 8683 8682
f 8619 8620 8684
f 8619 8684 8683
f 8620 8621 8685
f 8620 8685 8684
f 8621 8622 8686
f 8621 8686 8685
f 8622 8623 8687
f 8622 8687 8686
f 8623 8624 8688
f 8623 8688 8687
f 8624 8625 8689
f 8624 8689 8688
f 8625 8626 8690
f 8625 8690 8689
f 8626 8627 8691
f 8626 8691 8690
f 8627 8628 8692
f 8627 8692 8691
f 8628 8629 8693
f 8628 8693 8692
f 8629 8630 8694
f 8629 8694 8693
f 8630 8631 8695
f 8630 8695 8694
f 8631 8632 8696
f 8631 8696 8695
f 8632 8633 8697
f 8632 8697 8696
f 8633 8634 8698
f 8633 8698 8697
f 8634 8635 8699
f 8634 8699 8698
f 8635 8636 8700
f 8635 8700 8699
f 8636 8637 8701
f 8636 8701 8700
f 8637 8638 8702
f 8637 8702 8701
f 8638 8639 8703
f 8638 8703 8702
f 8639 8640 8704
f 8639 8704 8703
f 8640 8641 8705
f 8640 8705 8704
f 8641 8642 8706
f 8641 8706 8705
f 8642 8643 8707
f 8642 8707 8706
f 8643 8644 8708
f 8643 8708 8707
f 8644 8645 8709
f 8644 8709 8708
f 8645 8646 8710
f 8645 8710 8709
f 8646 8647 8711
f 8646 8711 8710
f 8647 8648 8712
f 8647 8712 8711
f 8648 8649 8713
f 8648 8713 8712
f 8649 8650 8714
f 8649 8714 8713
f 8650 8651 8715
f 8650 8715 8714
f 8651 8652 8716
f 8651 8716 8715
f 8652 8653 8717
f 8652 8717 8716
f 8653 8654 8718
f 8653 8718 8717
f 8654 8655 8719
f 8654 8719 8718
f 8655 8656 8720
f 8655 8720 8719
f 8656 8657 8721
f 8656 8721 8720
f 8657 8658 8722
f 8657 8722 8721
f 8658 8659 8723
f 8658 8723 8722
f 8659 8660 8724
f 8659 8724 8723
f 8660 8661 8725
f 8660 8725 8724
f 8661 8662 8726
f 8661 8726 8725
f 8662 8663 8727
f 8662 8727 8726
f 8663 8664 8728
f 8663 8728 8727
f 8664 8601 8665
f 8664 8665 8728
f 8665 8666 8730
f 8665 8730 8729
f 8666 8667 8731
f 8666 8731 8730
f 8667 8668 8732
f 8667 8732 8731
f 8668 8669 8733
f 8668 8733 8732
f 8669 8670 8734
f 8669 8734 8733
f 8670 8671 8735
f 8670 8735 8734
f 8671 8672 8736
f 8671 8736 8735
f 8672 8673 8737
f 8672 8737 8736
f 8673 8674 8738
f 8673 8738 8737
f 8674 8675 8739
f 8674 8739 8738
f 8675 8676 8740
f 8675 8740 8739
f 8676 8677 8741
f 8676 8741 8740
f 8677 8678 8742
f 8677 8742 8741
f 8678 8679 8743
f 8678 8743 8742
f 8679 8680 8744
f 8679 8744 8743
f 8680 8681 8745
f 8680 8745 8744
f 8681 8682 8746
f 8681 8746 8745
f 8682 8683 8747
f 8682 8747 8746
f 8683 8684 8748
f 8683 8748 8747
f 8684 8685 8749
f 8684 8749 8748
f 8685 8686 8750
f 8685 8750 8749
f 8686 8687 8751
f 8686 8751 8750
f 8687 8688 8752
f 8687 8752 8751
f 8688 8689 8753
f 8688 8753 8752
f 8689 8690 8754
f 8689 8754 8753
f 8690 8691 8755
f 8690 8755 8754
f 8691 8692 8756
f 8691 8756 8755
f 8692 8693 8757
f 8692 8757 8756
f 8693 8694 8758
f 8693 8758 8757
f 8694 8695 8759
f 8694 8759 8758
f 8695 8696 8760
f 8695 8760 8759
f 8696 8697 8761
f 8696 8761 8760
f 8697 8698 8762
f 8697 8762 8761
f 8698 8699 8763
f 8698 8763 8762
f 8699 8700 8764
f 8699 8764 8763
f 8700 8701 8765
f 8700 8765 8764
f 8701 8702 8766
f 8701 8766 8765
f 8702 8703 8767
f 8702 8767 8766
f 8703 8704 8768
f 8703 8768 8767
f 8704 8705 8769
f 8704 8769 8768
f 8705 8706 8770
f 8705 8770 8769
f 8706 8707 8771
f 8706 8771 8770
f 8707 8708 8772
f 8707 8772 8771
f 8708 8709 8773
f 8708 8773 8772
f 8709 8710 8774
f 8709 8774 8773
f 8710 8711 8775
f 8710 8775 8774
f 8711 8712 8776
f 8711 8776 8775
f 8712 8713 8777
f 8712 8777 8776
f 8713 8714 8778
f 8713 8778 8777
f 8714 8715 8779
f 8714 8779 8778
f 8715 8716 8780
f 8715 8780 8779
f 8716 8717 8781
f 8716 8781 8780
f 8717 8718 8782
f 8717 8782 8781
f 8718 8719 8783
f 8718 8783 8782
f 8719 8720 8784
f 8719 8784 8783
f 8720 8721 8785
f 8720 8785 8784
f 8721 8722 8786
f 8721 8786 8785
f 8722 8723 8787
f 8722 8787 8786
f 8723 8724 8788
f 8723 8788 8787
f 8724 8725 8789
f 8724 8789 8788
f 8725 8726 8790
f 8725 8790 8789
f 8726 8727 8791
f 8726 8791 8790
f 8727 8728 8792
f 8727 8792 8791
f 8728 8665 8729
f 8728 8729 8792
f 8793 8794 8842
f 8793 8842 8841
f 8794 8795 8843
f 8794 8843 8842
f 8795 8796 8844
f 8795 8844 8843
f 8796 8797 8845
f 8796 8845 8844
f 8797 8798 8846
f 8797 8846 8845
f 8798 8799 8847
f 8798 8847 8846
f 8799 8800 8848
f 8799 8848 8847
f 8800 8801 8849
f 8800 8849 8848
f 8801 8802 8850
f 8801 8850 8849
f 8802 8803 8851
f 8802 8851 8850
f 8803 8804 8852
f 8803 8852 8851
f 8804 8805 8853
f 8804 8853 8852
f 8805 8806 8854
f 8805 8854 8853
f 8806 8807 8855
f 8806 8855 8854
f 8807 8808 8856
f 8807 8856 8855
f 8808 8809 8857
f 8808 8857 8856
f 8809 8810 8858
f 8809 8858 8857
f 8810 8811 8859
f 8810 8859 8858
f 8811 8812 8860
f 8811 8860 8859
f 8812 8813 8861
f 8812 8861 8860
f 8813 8814 8862
f 8813 8862 8861
f 8814 8815 8863
f 8814 8863 8862
f 8815 8816 8864
f 8815 8864 8863
f 8816 8817 8865
f 8816 8865 8864
f 8817 8818 8866
f 8817 8866 8865
f 8818 8819 8867
f 8818 8867 8866
f 8819 8820 8868
f 8819 8868 8867
f 8820 8821 8869
f 8820 8869 8868
f 8821 8822 8870
f 8821 8870 8869
f 8822 8823 8871
f 8822 8871 8870
f 8823 8824 8872
f 8823 8872 8871
f 8824 8825 8873
f 8824 8873 8872
f 8825 8826 8874
f 8825 8874 8873
f 8826 8827 8875
f 8826 8875 8874
f 8827 8828 8876
f 8827 8876 8875
f 8828 8829 8877
f 8828 8877 8876
f 8829 8830 8878
f 8829 8878 8877
f 8830 8831 8879
f 8830 8879 8878
f 8831 8832 8880
f 8831 8880 8879
f 8832 8833 8881
f 8832 8881 8880
f 8833 8834 8882
f 8833 8882 8881
f 8834 8835 8883
f 8834 8883 8882
f 8835 8836 8884
f 8835 8884 8883
f 8836 8837 8885
f 8836 8885 8884
f 8837 8838 8886
f 8837 8886 8885
f 8838 8839 8887
f 8838 8887 8886
f 8839 8840 8888
f 8839 8888 8887
f 8840 8793 8841
f 8840 8841 8888
f 8841 8842 8890
f 8841 8890 8889
f 8842 8843 8891
f 8842 8891 8890
f 8843 8844 8892
f 8843 8892 8891
f 8844 8845 8893
f 8844 8893 8892
f 8845 8846 8894
f 8845 8894 8893
f 8846 8847 8895
f 8846 8895 8894
f 8847 8848 8896
f 8847 8896 8895
f 8848 8849 8897
f 8848 8897 8896
f 8849 8850 8898
f 8849 8898 8897
f 8850 8851 8899
f 8850 8899 8898
f 8851 8852 8900
f 8851 8900 8899
f 8852 8853 8901
f 8852 8901 8900
f 8853 8854 8902
f 8853 8902 8901
f 8854 8855 8903
f 8854 8903 8902
f 8855 8856 8904
f 8855 8904 8903
f 8856 8857 8905
f 8856 8905 8904
f 8857 8858 8906
f 8857 8906 8905
f 8858 8859 8907
f 8858 8907 8906
f 8859 8860 8908
f 8859 8908 8907
f 8860 8861 8909
f 8860 8909 8908
f 8861 8862 8910
f 8861 8910 8909
f 8862 8863 8911
f 8862 8911 8910
f 8863 8864 8912
f 8863 8912 8911
f 8864 8865 8913
f 8864 8913 8912
f 8865 8866 8914
f 8865 8914 8913
f 8866 8867 8915
f 8866 8915 8914
f 8867 8868 8916
f 8867 8916 8915
f 8868 8869 8917
f 8868 8917 8916
f 8869 8870 8918
f 8869 8918 8917
f 8870 8871 8919
f 8870 8919 8918
f 8871 8872 8920
f 8871 8920 8919
f 8872 8873 8921
f 8872 8921 8920
f 8873 8874 8922
f 8873 8922 8921
f 8874 8875 8923
f 8874 8923 8922
f 8875 8876 8924
f 8875 8924 8923
f 8876 8877 8925
f 8876 8925 8924
f 8877 8878 8926
f 8877 8926 8925
f 8878 8879 8927
f 8878 8927 8926
f 8879 8880 8928
f 8879 8928 8927
f 8880 8881 8929
f 8880 8929 8928
f 8881 8882 8930
f 8881 8930 8929
f 8882 8883 8931
f 8882 8931 8930
f 8883 8884 8932
f 8883 8932 8931
f 8884 8885 8933
f 8884 8933 8932
f 8885 8886 8934
f 8885 8934 8933
f 8886 8887 8935
f 8886 8935 8934
f 8887 8888 8936
f 8887 8936 8935
f 8888 8841 8889
f 8888 8889 8936
f 8937 8939 8940
f 8937 8940 8938
f 8939 8941 8942
f 8939 8942 8940
f 8941 8943 8944
f 8941 8944 8942
f 8943 8945 8946
f 8943 8946 8944
f 8945 8947 8948
f 8945 8948 8946
f 8947 8949 8950
f 8947 8950 8948
f 8949 8951 8952
f 8949 8952 8950
f 8951 8953 8954
f 8951 8954 8952
f 8953 8955 8956
f 8953 8956 8954
f 8955 8957 8958
f 8955 8958 8956
f 8957 8959 8960
f 8957 8960 8958
f 8959 8961 8962
f 8959 8962 8960
f 8961 8963 8964
f 8961 8964 8962
f 8963 8937 8938
f 8963 8938 8964
usemtl magic
f 8965 8966 8990
f 8965 8990 8989
f 8966 8967 8991
f 8966 8991 8990
f 8967 8968 8992
f 8967 8992 8991
f 8968 8969 8993
f 8968 8993 8992
f 8969 8970 8994
f 8969 8994 8993
f 8970 8971 8995
f 8970 8995 8994
f 8971 8972 8996
f 8971 8996 8995
f 8972 8973 8997
f 8972 8997 8996
f 8973 8974 8998
f 8973 8998 8997
f 8974 8975 8999
f 8974 8999 8998
f 8975 8976 9000
f 8975 9000 8999
f 8976 8977 9001
f 8976 9001 9000
f 8977 8978 9002
f 8977 9002 9001
f 8978 8979 9003
f 8978 9003 9002
f 8979 8980 9004
f 8979 9004 9003
f 8980 8981 9005
f 8980 9005 9004
f 8981 8982 9006
f 8981 9006 9005
f 8982 8983 9007
f 8982 9007 9006
f 8983 8984 9008
f 8983 9008 9007
f 8984 8985 9009
f 8984 9009 9008
f 8985 8986 9010
f 8985 9010 9009
f 8986 8987 9011
f 8986 9011 9010
f 8987 8988 9012
f 8987 9012 9011
f 8988 8965 8989
f 8988 8989 9012
f 8989 8990 9014
f 8989 9014 9013
f 8990 8991 9015
f 8990 9015 9014
f 8991 8992 9016
f 8991 9016 9015
f 8992 8993 9017
f 8992 9017 9016
f 8993 8994 9018
f 8993 9018 9017
f 8994 8995 9019
f 8994 9019 9018
f 8995 8996 9020
f 8995 9020 9019
f 8996 8997 9021
f 8996 9021 9020
f 8997 8998 9022
f 8997 9022 9021
f 8998 8999 9023
f 8998 9023 9022
f 8999 9000 9024
f 8999 9024 9023
f 9000 9001 9025
f 9000 9025 9024
f 9001 9002 9026
f 9001 9026 9025
f 9002 9003 9027
f 9002 9027 9026
f 9003 9004 9028
f 9003 9028 9027
f 9004 9005 9029
f 9004 9029 9028
f 9005 9006 9030
f 9005 9030 9029
f 9006 9007 9031
f 9006 9031 9030
f 9007 9008 9032
f 9007 9032 9031
f 9008 9009 9033
f 9008 9033 9032
f 9009 9010 9034
f 9009 9034 9033
f 9010 9011 9035
f 9010 9035 9034
f 9011 9012 9036
f 9011 9036 9035
f 9012 8989 9013
f 9012 9013 9036
f 9013 9014 9038
f 9013 9038 9037
f 9014 9015 9039
f 9014 9039 9038
f 9015 9016 9040
f 9015 9040 9039
f 9016 9017 9041
f 9016 9041 9040
f 9017 9018 9042
f 9017 9042 9041
f 9018 9019 9043
f 9018 9043 9042
f 9019 9020 9044
f 9019 9044 9043
f 9020 9021 9045
f 9020 9045 9044
f 9021 9022 9046
f 9021 9046 9045
f 9022 9023 9047
f 9022 9047 9046
f 9023 9024 9048
f 9023 9048 9047
f 9024 9025 9049
f 9024 9049 9048
f 9025 9026 9050
f 9025 9050 9049
f 9026 9027 9051
f 9026 9051 9050
f 9027 9028 9052
f 9027 9052 9051
f 9028 9029 9053
f 9028 9053 9052
f 9029 9030 9054
f 9029 9054 9053
f 9030 9031 9055
f 9030 9055 9054
f 9031 9032 9056
f 9031 9056 9055
f 9032 9033 9057
f 9032 9057 9056
f 9033 9034 9058
f 9033 9058 9057
f 9034 9035 9059
f 9034 9059 9058
f 9035 9036 9060
f 9035 9060 9059
f 9036 9013 9037
f 9036 9037 9060
f 9037 9038 9062
f 9037 9062 9061
f 9038 9039 9063
f 9038 9063 9062
f 9039 9040 9064
f 9039 9064 9063
f 9040 9041 9065
f 9040 9065 9064
f 9041 9042 9066
f 9041 9066 9065
f 9042 9043 9067
f 9042 9067 9066
f 9043 9044 9068
f 9043 9068 9067
f 9044 9045 9069
f 9044 9069 9068
f 9045 9046 9070
f 9045 9070 9069
f 9046 9047 9071
f 9046 9071 9070
f 9047 9048 9072
f 9047 9072 9071
f 9048 9049 9073
f 9048 9073 9072
f 9049 9050 9074
f 9049 9074 9073
f 9050 9051 9075
f 9050 9075 9074
f 9051 9052 9076
f 9051 9076 9075
f 9052 9053 9077
f 9052 9077 9076
f 9053 9054 9078
f 9053 9078 9077
f 9054 9055 9079
f 9054 9079 9078
f 9055 9056 9080
f 9055 9080 9079
f 9056 9057 9081
f 9056 9081 9080
f 9057 9058 9082
f 9057 9082 9081
f 9058 9059 9083
f 9058 9083 9082
f 9059 9060 9084
f 9059 9084 9083
f 9060 9037 9061
f 9060 9061 9084
f 9061 9062 9086
f 9061 9086 9085
f 9062 9063 9087
f 9062 9087 9086
f 9063 9064 9088
f 9063 9088 9087
f 9064 9065 9089
f 9064 9089 9088
f 9065 9066 9090
f 9065 9090 9089
f 9066 9067 9091
f 9066 9091 9090
f 9067 9068 9092
f 9067 9092 9091
f 9068 9069 9093
f 9068 9093 9092
f 9069 9070 9094
f 9069 9094 9093
f 9070 9071 9095
f 9070 9095 9094
f 9071 9072 9096
f 9071 9096 9095
f 9072 9073 9097
f 9072 9097 9096
f 9073 9074 9098
f 9073 9098 9097
f 9074 9075 9099
f 9074 9099 9098
f 9075 9076 9100
f 9075 9100 9099
f 9076 9077 9101
f 9076 9101 9100
f 9077 9078 9102
f 9077 9102 9101
f 9078 9079 9103
f 9078 9103 9102
f 9079 9080 9104
f 9079 9104 9103
f 9080 9081 9105
f 9080 9105 9104
f 9081 9082 9106
f 9081 9106 9105
f 9082 9083 9107
f 9082 9107 9106
f 9083 9084 9108
f 9083 9108 9107
f 9084 9061 9085
f 9084 9085 9108
f 9085 9086 9110
f 9085 9110 9109
f 9086 9087 9111
f 9086 9111 9110
f 9087 9088 9112
f 9087 9112 9111
f 9088 9089 9113
f 9088 9113 9112
f 9089 9090 9114
f 9089 9114 9113
f 9090 9091 9115
f 9090 9115 9114
f 9091 9092 9116
f 9091 9116 9115
f 9092 9093 9117
f 9092 9117 9116
f 9093 9094 9118
f 9093 9118 9117
f 9094 9095 9119
f 9094 9119 9118
f 9095 9096 9120
f 9095 9120 9119
f 9096 9097 9121
f 9096 9121 9120
f 9097 9098 9122
f 9097 9122 9121
f 9098 9099 9123
f 9098 9123 9122
f 9099 9100 9124
f 9099 9124 9123
f 9100 9101 9125
f 9100 9125 9124
f 9101 9102 9126
f 9101 9126 9125
f 9102 9103 9127
f 9102 9127 9126
f 9103 9104 9128
f 9103 9128 9127
f 9104 9105 9129
f 9104 9129 9128
f 9105 9106 9130
f 9105 9130 9129
f 9106 9107 9131
f 9106 9131 9130
f 9107 9108 9132
f 9107 9132 9131
f 9108 9085 9109
f 9108 9109 9132
f 9109 9110 9134
f 9109 9134 9133
f 9110 9111 9135
f 9110 9135 9134
f 9111 9112 9136
f 9111 9136 9135
f 9112 9113 9137
f 9112 9137 9136
f 9113 9114 9138
f 9113 9138 9137
f 9114 9115 9139
f 9114 9139 9138
f 9115 9116 9140
f 9115 9140 9139
f 9116 9117 9141
f 9116 9141 9140
f 9117 9118 9142
f 9117 9142 9141
f 9118 9119 9143
f 9118 9143 9142
f 9119 9120 9144
f 9119 9144 9143
f 9120 9121 9145
f 9120 9145 9144
f 9121 9122 9146
f 9121 9146 9145
f 9122 9123 9147
f 9122 9147 9146
f 9123 9124 9148
f 9123 9148 9147
f 9124 9125 9149
f 9124 9149 9148
f 9125 9126 9150
f 9125 9150 9149
f 9126 9127 9151
f 9126 9151 9150
f 9127 9128 9152
f 9127 9152 9151
f 9128 9129 9153
f 9128 9153 9152
f 9129 9130 9154
f 9129 9154 9153
f 9130 9131 9155
f 9130 9155 9154
f 9131 9132 9156
f 9131 9156 9155
f 9132 9109 9133
f 9132 9133 9156
f 9133 9134 9158
f 9133 9158 9157
f 9134 9135 9159
f 9134 9159 9158
f 9135 9136 9160
f 9135 9160 9159
f 9136 9137 9161
f 9136 9161 9160
f 9137 9138 9162
f 9137 9162 9161
f 9138 9139 9163
f 9138 9163 9162
f 9139 9140 9164
f 9139 9164 9163
f 9140 9141 9165
f 9140 9165 9164
f 9141 9142 9166
f 9141 9166 9165
f 9142 9143 9167
f 9142 9167 9166
f 9143 9144 9168
f 9143 9168 9167
f 9144 9145 9169
f 9144 9169 9168
f 9145 9146 9170
f 9145 9170 9169
f 9146 9147 9171
f 9146 9171 9170
f 9147 9148 9172
f 9147 9172 9171
f 9148 9149 9173
f 9148 9173 9172
f 9149 9150 9174
f 9149 9174 9173
f 9150 9151 9175
f 9150 9175 9174
f 9151 9152 9176
f 9151 9176 9175
f 9152 9153 9177
f 9152 9177 9176
f 9153 9154 9178
f 9153 9178 9177
f 9154 9155 9179
f 9154 9179 9178
f 9155 9156 9180
f 9155 9180 9179
f 9156 9133 9157
f 9156 9157 9180
f 9157 9158 9182
f 9157 9182 9181
f 9158 9159 9183
f 9158 9183 9182
f 9159 9160 9184
f 9159 9184 9183
f 9160 9161 9185
f 9160 9185 9184
f 9161 9162 9186
f 9161 9186 9185
f 9162 9163 9187
f 9162 9187 9186
f 9163 9164 9188
f 9163 9188 9187
f 9164 9165 9189
f 9164 9189 9188
f 9165 9166 9190
f 9165 9190 9189
f 9166 9167 9191
f 9166 9191 9190
f 9167 9168 9192
f 9167 9192 9191
f 9168 9169 9193
f 9168 9193 9192
f 9169 9170 9194
f 9169 9194 9193
f 9170 9171 9195
f 9170 9195 9194
f 9171 9172 9196
f 9171 9196 9195
f 9172 9173 9197
f 9172 9197 9196
f 9173 9174 9198
f 9173 9198 9197
f 9174 9175 9199
f 9174 9199 9198
f 9175 9176 9200
f 9175 9200 9199
f 9176 9177 9201
f 9176 9201 9200
f 9177 9178 9202
f 9177 9202 9201
f 9178 9179 9203
f 9178 9203 9202
f 9179 9180 9204
f 9179 9204 9203
f 9180 9157 9181
f 9180 9181 9204
f 9181 9182 9206
f 9181 9206 9205
f 9182 9183 9207
f 9182 9207 9206
f 9183 9184 9208
f 9183 9208 9207
f 9184 9185 9209
f 9184 9209 9208
f 9185 9186 9210
f 9185 9210 9209
f 9186 9187 9211
f 9186 9211 9210
f 9187 9188 9212
f 9187 9212 9211
f 9188 9189 9213
f 9188 9213 9212
f 9189 9190 9214
f 9189 9214 9213
f 9190 9191 9215
f 9190 9215 9214
f 9191 9192 9216
f 9191 9216 9215
f 9192 9193 9217
f 9192 9217 9216
f 9193 9194 9218
f 9193 9218 9217
f 9194 9195 9219
f 9194 9219 9218
f 9195 9196 9220
f 9195 9220 9219
f 9196 9197 9221
f 9196 9221 9220
f 9197 9198 9222
f 9197 9222 9221
f 9198 9199 9223
f 9198 9223 9222
f 9199 9200 9224
f 9199 9224 9223
f 9200 9201 9225
f 9200 9225 9224
f 9201 9202 9226
f 9201 9226 9225
f 9202 9203 9227
f 9202 9227 9226
f 9203 9204 9228
f 9203 9228 9227
f 9204 9181 9205
f 9204 9205 9228
f 9205 9206 9230
f 9205 9230 9229
f 9206 9207 9231
f 9206 9231 9230
f 9207 9208 9232
f 9207 9232 9231
f 9208 9209 9233
f 9208 9233 9232
f 9209 9210 9234
f 9209 9234 9233
f 9210 9211 9235
f 9210 9235 9234
f 9211 9212 9236
f 9211 9236 9235
f 9212 9213 9237
f 9212 9237 9236
f 9213 9214 9238
f 9213 9238 9237
f 9214 9215 9239
f 9214 9239 9238
f 9215 9216 9240
f 9215 9240 9239
f 9216 9217 9241
f 9216 9241 9240
f 9217 9218 9242
f 9217 9242 9241
f 9218 9219 9243
f 9218 9243 9242
f 9219 9220 9244
f 9219 9244 9243
f 9220 9221 9245
f 9220 9245 9244
f 9221 9222 9246
f 9221 9246 9245
f 9222 9223 9247
f 9222 9247 9246
f 9223 9224 9248
f 9223 9248 9247
f 9224 9225 9249
f 9224 9249 9248
f 9225 9226 9250
f 9225 9250 9249
f 9226 9227 9251
f 9226 9251 9250
f 9227 9228 9252
f 9227 9252 9251
f 9228 9205 9229
f 9228 9229 9252
f 9229 9230 9254
f 9229 9254 9253
f 9230 9231 9255
f 9230 9255 9254
f 9231 9232 9256
f 9231 9256 9255
f 9232 9233 9257
f 9232 9257 9256
f 9233 9234 9258
f 9233 9258 9257
f 9234 9235 9259
f 9234 9259 9258
f 9235 9236 9260
f 9235 9260 9259
f 9236 9237 9261
f 9236 9261 9260
f 9237 9238 9262
f 9237 9262 9261
f 9238 9239 9263
f 9238 9263 9262
f 9239 9240 9264
f 9239 9264 9263
f 9240 9241 9265
f 9240 9265 9264
f 9241 9242 9266
f 9241 9266 9265
f 9242 9243 9267
f 9242 9267 9266
f 9243 9244 9268
f 9243 9268 9267
f 9244 9245 9269
f 9244 9269 9268
f 9245 9246 9270
f 9245 9270 9269
f 9246 9247 9271
f 9246 9271 9270
f 9247 9248 9272
f 9247 9272 9271
f 9248 9249 9273
f 9248 9273 9272
f 9249 9250 9274
f 9249 9274 9273
f 9250 9251 9275
f 9250 9275 9274
f 9251 9252 9276
f 9251 9276 9275
f 9252 9229 9253
f 9252 9253 9276
usemtl dress_gold
f 9277 9279 9280
f 9277 9280 9278
f 9279 9281 9282
f 9279 9282 9280
f 9281 9283 9284
f 9281 9284 9282
f 9283 9285 9286
f 9283 9286 9284
f 9285 9287 9288
f 9285 9288 9286
f 9287 9289 9290
f 9287 9290 9288
f 9289 9291 9292
f 9289 9292 9290
f 9291 9293 9294
f 9291 9294 9292
f 9293 9295 9296
f 9293 9296 9294
f 9295 9277 9278
f 9295 9278 9296
f 9297 9299 9300
f 9297 9300 9298
f 9299 9301 9302
f 9299 9302 9300
f 9301 9303 9304
f 9301 9304 9302
f 9303 9305 9306
f 9303 9306 9304
f 9305 9307 9308
f 9305 9308 9306
f 9307 9309 9310
f 9307 9310 9308
f 9309 9311 9312
f 9309 9312 9310
f 9311 9313 9314
f 9311 9314 9312
f 9313 9315 9316
f 9313 9316 9314
f 9315 9297 9298
f 9315 9298 9316
f 9317 9319 9320
f 9317 9320 9318
f 9319 9321 9322
f 9319 9322 9320
f 9321 9323 9324
f 9321 9324 9322
f 9323 9325 9326
f 9323 9326 9324
f 9325 9327 9328
f 9325 9328 9326
f 9327 9329 9330
f 9327 9330 9328
f 9329 9331 9332
f 9329 9332 9330
f 9331 9333 9334
f 9331 9334 9332
f 9333 9335 9336
f 9333 9336 9334
f 9335 9317 9318
f 9335 9318 9336
f 9337 9339 9340
f 9337 9340 9338
f 9339 9341 9342
f 9339 9342 9340
f 9341 9343 9344
f 9341 9344 9342
f 9343 9345 9346
f 9343 9346 9344
f 9345 9347 9348
f 9345 9348 9346
f 9347 9349 9350
f 9347 9350 9348
f 9349 9351 9352
f 9349 9352 9350
f 9351 9353 9354
f 9351 9354 9352
f 9353 9355 9356
f 9353 9356 9354
f 9355 9337 9338
f 9355 9338 9356
f 9357 9359 9360
f 9357 9360 9358
f 9359 9361 9362
f 9359 9362 9360
f 9361 9363 9364
f 9361 9364 9362
f 9363 9365 9366
f 9363 9366 9364
f 9365 9367 9368
f 9365 9368 9366
f 9367 9369 9370
f 9367 9370 9368
f 9369 9371 9372
f 9369 9372 9370
f 9371 9373 9374
f 9371 9374 9372
f 9373 9375 9376
f 9373 9376 9374
f 9375 9357 9358
f 9375 9358 9376
f 9377 9379 9380
f 9377 9380 9378
f 9379 9381 9382
f 9379 9382 9380
f 9381 9383 9384
f 9381 9384 9382
f 9383 9385 9386
f 9383 9386 9384
f 9385 9387 9388
f 9385 9388 9386
f 9387 9389 9390
f 9387 9390 9388
f 9389 9391 9392
f 9389 9392 9390
f 9391 9393 9394
f 9391 9394 9392
f 9393 9395 9396
f 9393 9396 9394
f 9395 9377 9378
f 9395 9378 9396
f 9397 9399 9400
f 9397 9400 9398
f 9399 9401 9402
f 9399 9402 9400
f 9401 9403 9404
f 9401 9404 9402
f 9403 9405 9406
f 9403 9406 9404
f 9405 9407 9408
f 9405 9408 9406
f 9407 9409 9410
f 9407 9410 9408
f 9409 9411 9412
f 9409 9412 9410
f 9411 9413 9414
f 9411 9414 9412
f 9413 9415 9416
f 9413 9416 9414
f 9415 9397 9398
f 9415 9398 9416
f 9417 9419 9420
f 9417 9420 9418
f 9419 9421 9422
f 9419 9422 9420
f 9421 9423 9424
f 9421 9424 9422
f 9423 9425 9426
f 9423 9426 9424
f 9425 9427 9428
f 9425 9428 9426
f 9427 9429 9430
f 9427 9430 9428
f 9429 9431 9432
f 9429 9432 9430
f 9431 9433 9434
f 9431 9434 9432
f 9433 9435 9436
f 9433 9436 9434
f 9435 9417 9418
f 9435 9418 9436
