# https://github.com/mikedh/trimesh
v -0.69000000 -0.36000000 0.01000000
v -0.69000000 -0.36000000 0.23000000
v -0.69000000 0.36000000 0.01000000
v -0.69000000 0.36000000 0.23000000
v -0.27000000 -0.36000000 0.01000000
v -0.27000000 -0.36000000 0.23000000
v -0.27000000 0.36000000 0.01000000
v -0.27000000 0.36000000 0.23000000
v -0.48000000 0.00000000 0.10500000
v -0.31000000 0.00000000 0.10500000
v -0.31000000 0.00000000 0.75500000
v -0.48000000 0.00000000 0.75500000
v -0.33277568 0.08500000 0.10500000
v -0.33277568 0.08500000 0.75500000
v -0.39500000 0.14722432 0.10500000
v -0.39500000 0.14722432 0.75500000
v -0.48000000 0.17000000 0.10500000
v -0.48000000 0.17000000 0.75500000
v -0.56500000 0.14722432 0.10500000
v -0.56500000 0.14722432 0.75500000
v -0.62722432 0.08500000 0.10500000
v -0.62722432 0.08500000 0.75500000
v -0.65000000 0.00000000 0.10500000
v -0.65000000 0.00000000 0.75500000
v -0.62722432 -0.08500000 0.10500000
v -0.62722432 -0.08500000 0.75500000
v -0.56500000 -0.14722432 0.10500000
v -0.56500000 -0.14722432 0.75500000
v -0.48000000 -0.17000000 0.10500000
v -0.48000000 -0.17000000 0.75500000
v -0.39500000 -0.14722432 0.10500000
v -0.39500000 -0.14722432 0.75500000
v -0.33277568 -0.08500000 0.10500000
v -0.33277568 -0.08500000 0.75500000
v 0.27000000 -0.36000000 0.01000000
v 0.27000000 -0.36000000 0.23000000
v 0.27000000 0.36000000 0.01000000
v 0.27000000 0.36000000 0.23000000
v 0.69000000 -0.36000000 0.01000000
v 0.69000000 -0.36000000 0.23000000
v 0.69000000 0.36000000 0.01000000
v 0.69000000 0.36000000 0.23000000
v 0.48000000 0.00000000 0.10500000
v 0.65000000 0.00000000 0.10500000
v 0.65000000 0.00000000 0.75500000
v 0.48000000 0.00000000 0.75500000
v 0.62722432 0.08500000 0.10500000
v 0.62722432 0.08500000 0.75500000
v 0.56500000 0.14722432 0.10500000
v 0.56500000 0.14722432 0.75500000
v 0.48000000 0.17000000 0.10500000
v 0.48000000 0.17000000 0.75500000
v 0.39500000 0.14722432 0.10500000
v 0.39500000 0.14722432 0.75500000
v 0.33277568 0.08500000 0.10500000
v 0.33277568 0.08500000 0.75500000
v 0.31000000 0.00000000 0.10500000
v 0.31000000 0.00000000 0.75500000
v 0.33277568 -0.08500000 0.10500000
v 0.33277568 -0.08500000 0.75500000
v 0.39500000 -0.14722432 0.10500000
v 0.39500000 -0.14722432 0.75500000
v 0.48000000 -0.17000000 0.10500000
v 0.48000000 -0.17000000 0.75500000
v 0.56500000 -0.14722432 0.10500000
v 0.56500000 -0.14722432 0.75500000
v 0.62722432 -0.08500000 0.10500000
v 0.62722432 -0.08500000 0.75500000
v -0.48000000 0.00000000 0.40500000
v -0.26000000 0.00000000 0.40500000
v -0.26000000 0.00000000 2.15500000
v -0.48000000 0.00000000 2.15500000
v -0.28947441 0.11000000 0.40500000
v -0.28947441 0.11000000 2.15500000
v -0.37000000 0.19052559 0.40500000
v -0.37000000 0.19052559 2.15500000
v -0.48000000 0.22000000 0.40500000
v -0.48000000 0.22000000 2.15500000
v -0.59000000 0.19052559 0.40500000
v -0.59000000 0.19052559 2.15500000
v -0.67052559 0.11000000 0.40500000
v -0.67052559 0.11000000 2.15500000
v -0.70000000 0.00000000 0.40500000
v -0.70000000 0.00000000 2.15500000
v -0.67052559 -0.11000000 0.40500000
v -0.67052559 -0.11000000 2.15500000
v -0.59000000 -0.19052559 0.40500000
v -0.59000000 -0.19052559 2.15500000
v -0.48000000 -0.22000000 0.40500000
v -0.48000000 -0.22000000 2.15500000
v -0.37000000 -0.19052559 0.40500000
v -0.37000000 -0.19052559 2.15500000
v -0.28947441 -0.11000000 0.40500000
v -0.28947441 -0.11000000 2.15500000
v 0.48000000 0.00000000 0.40500000
v 0.70000000 0.00000000 0.40500000
v 0.70000000 0.00000000 2.15500000
v 0.48000000 0.00000000 2.15500000
v 0.67052559 0.11000000 0.40500000
v 0.67052559 0.11000000 2.15500000
v 0.59000000 0.19052559 0.40500000
v 0.59000000 0.19052559 2.15500000
v 0.48000000 0.22000000 0.40500000
v 0.48000000 0.22000000 2.15500000
v 0.37000000 0.19052559 0.40500000
v 0.37000000 0.19052559 2.15500000
v 0.28947441 0.11000000 0.40500000
v 0.28947441 0.11000000 2.15500000
v 0.26000000 0.00000000 0.40500000
v 0.26000000 0.00000000 2.15500000
v 0.28947441 -0.11000000 0.40500000
v 0.28947441 -0.11000000 2.15500000
v 0.37000000 -0.19052559 0.40500000
v 0.37000000 -0.19052559 2.15500000
v 0.48000000 -0.22000000 0.40500000
v 0.48000000 -0.22000000 2.15500000
v 0.59000000 -0.19052559 0.40500000
v 0.59000000 -0.19052559 2.15500000
v 0.67052559 -0.11000000 0.40500000
v 0.67052559 -0.11000000 2.15500000
v 0.00000000 0.00000000 1.70000000
v 0.72000000 0.00000000 1.70000000
v 0.72000000 0.00000000 3.60000000
v 0.00000000 0.00000000 3.60000000
v 0.68476069 0.22249224 1.70000000
v 0.68476069 0.22249224 3.60000000
v 0.58249224 0.42320538 1.70000000
v 0.58249224 0.42320538 3.60000000
v 0.42320538 0.58249224 1.70000000
v 0.42320538 0.58249224 3.60000000
v 0.22249224 0.68476069 1.70000000
v 0.22249224 0.68476069 3.60000000
v 0.00000000 0.72000000 1.70000000
v 0.00000000 0.72000000 3.60000000
v -0.22249224 0.68476069 1.70000000
v -0.22249224 0.68476069 3.60000000
v -0.42320538 0.58249224 1.70000000
v -0.42320538 0.58249224 3.60000000
v -0.58249224 0.42320538 1.70000000
v -0.58249224 0.42320538 3.60000000
v -0.68476069 0.22249224 1.70000000
v -0.68476069 0.22249224 3.60000000
v -0.72000000 0.00000000 1.70000000
v -0.72000000 0.00000000 3.60000000
v -0.68476069 -0.22249224 1.70000000
v -0.68476069 -0.22249224 3.60000000
v -0.58249224 -0.42320538 1.70000000
v -0.58249224 -0.42320538 3.60000000
v -0.42320538 -0.58249224 1.70000000
v -0.42320538 -0.58249224 3.60000000
v -0.22249224 -0.68476069 1.70000000
v -0.22249224 -0.68476069 3.60000000
v -0.00000000 -0.72000000 1.70000000
v -0.00000000 -0.72000000 3.60000000
v 0.22249224 -0.68476069 1.70000000
v 0.22249224 -0.68476069 3.60000000
v 0.42320538 -0.58249224 1.70000000
v 0.42320538 -0.58249224 3.60000000
v 0.58249224 -0.42320538 1.70000000
v 0.58249224 -0.42320538 3.60000000
v 0.68476069 -0.22249224 1.70000000
v 0.68476069 -0.22249224 3.60000000
v -1.00000000 0.00000000 3.45000000
v -1.00000000 0.00000000 2.87000000
v 1.00000000 0.00000000 2.87000000
v 1.00000000 0.00000000 3.45000000
v -1.00000000 0.22195639 2.91414987
v 1.00000000 0.22195639 2.91414987
v -1.00000000 0.41012193 3.03987807
v 1.00000000 0.41012193 3.03987807
v -1.00000000 0.53585013 3.22804361
v 1.00000000 0.53585013 3.22804361
v -1.00000000 0.58000000 3.45000000
v 1.00000000 0.58000000 3.45000000
v -1.00000000 0.53585013 3.67195639
v 1.00000000 0.53585013 3.67195639
v -1.00000000 0.41012193 3.86012193
v 1.00000000 0.41012193 3.86012193
v -1.00000000 0.22195639 3.98585013
v 1.00000000 0.22195639 3.98585013
v -1.00000000 0.00000000 4.03000000
v 1.00000000 0.00000000 4.03000000
v -1.00000000 -0.22195639 3.98585013
v 1.00000000 -0.22195639 3.98585013
v -1.00000000 -0.41012193 3.86012193
v 1.00000000 -0.41012193 3.86012193
v -1.00000000 -0.53585013 3.67195639
v 1.00000000 -0.53585013 3.67195639
v -1.00000000 -0.58000000 3.45000000
v 1.00000000 -0.58000000 3.45000000
v -1.00000000 -0.53585013 3.22804361
v 1.00000000 -0.53585013 3.22804361
v -1.00000000 -0.41012193 3.03987807
v 1.00000000 -0.41012193 3.03987807
v -1.00000000 -0.22195639 2.91414987
v 1.00000000 -0.22195639 2.91414987
v 0.00000000 0.00000000 3.60500000
v 0.23000000 0.00000000 3.60500000
v 0.23000000 0.00000000 3.95500000
v 0.00000000 0.00000000 3.95500000
v 0.19918584 0.11500000 3.60500000
v 0.19918584 0.11500000 3.95500000
v 0.11500000 0.19918584 3.60500000
v 0.11500000 0.19918584 3.95500000
v 0.00000000 0.23000000 3.60500000
v 0.00000000 0.23000000 3.95500000
v -0.11500000 0.19918584 3.60500000
v -0.11500000 0.19918584 3.95500000
v -0.19918584 0.11500000 3.60500000
v -0.19918584 0.11500000 3.95500000
v -0.23000000 0.00000000 3.60500000
v -0.23000000 0.00000000 3.95500000
v -0.19918584 -0.11500000 3.60500000
v -0.19918584 -0.11500000 3.95500000
v -0.11500000 -0.19918584 3.60500000
v -0.11500000 -0.19918584 3.95500000
v -0.00000000 -0.23000000 3.60500000
v -0.00000000 -0.23000000 3.95500000
v 0.11500000 -0.19918584 3.60500000
v 0.11500000 -0.19918584 3.95500000
v 0.19918584 -0.11500000 3.60500000
v 0.19918584 -0.11500000 3.95500000
v -0.22606438 0.36577985 4.25000000
v 0.22606438 0.36577985 4.25000000
v -0.22606438 -0.36577985 4.25000000
v 0.22606438 -0.36577985 4.25000000
v 0.00000000 -0.22606438 4.61577985
v 0.00000000 0.22606438 4.61577985
v 0.00000000 -0.22606438 3.88422015
v 0.00000000 0.22606438 3.88422015
v 0.36577985 0.00000000 4.02393562
v 0.36577985 0.00000000 4.47606438
v -0.36577985 0.00000000 4.02393562
v -0.36577985 0.00000000 4.47606438
v 0.00000000 0.43000000 4.25000000
v 0.00000000 -0.43000000 4.25000000
v -0.13287731 -0.34787731 4.46500000
v 0.13287731 -0.34787731 4.46500000
v -0.13287731 0.34787731 4.46500000
v 0.13287731 0.34787731 4.46500000
v 0.00000000 0.00000000 4.68000000
v -0.13287731 -0.34787731 4.03500000
v 0.13287731 -0.34787731 4.03500000
v -0.13287731 0.34787731 4.03500000
v 0.13287731 0.34787731 4.03500000
v 0.00000000 0.00000000 3.82000000
v 0.34787731 0.21500000 4.11712269
v 0.34787731 -0.21500000 4.11712269
v 0.21500000 -0.13287731 3.90212269
v 0.21500000 0.13287731 3.90212269
v 0.34787731 0.21500000 4.38287731
v 0.34787731 -0.21500000 4.38287731
v 0.21500000 -0.13287731 4.59787731
v 0.21500000 0.13287731 4.59787731
v 0.43000000 0.00000000 4.25000000
v -0.34787731 0.21500000 4.11712269
v -0.34787731 -0.21500000 4.11712269
v -0.21500000 -0.13287731 3.90212269
v -0.21500000 0.13287731 3.90212269
v -0.34787731 0.21500000 4.38287731
v -0.34787731 -0.21500000 4.38287731
v -0.21500000 -0.13287731 4.59787731
v -0.21500000 0.13287731 4.59787731
v -0.43000000 0.00000000 4.25000000
v -0.11750461 0.41363349 4.25000000
v 0.11750461 0.41363349 4.25000000
v -0.11750461 -0.41363349 4.25000000
v 0.11750461 -0.41363349 4.25000000
v -0.18657208 -0.37094745 4.36175352
v -0.06906748 -0.29832561 4.55187997
v -0.06985773 -0.40895430 4.36303219
v 0.18657208 -0.37094745 4.36175352
v 0.06906748 -0.29832561 4.55187997
v 0.06985773 -0.40895430 4.36303219
v 0.00000000 -0.36577985 4.47606438
v -0.18657208 0.37094745 4.36175352
v -0.06906748 0.29832561 4.55187997
v -0.06985773 0.40895430 4.36303219
v 0.18657208 0.37094745 4.36175352
v 0.06906748 0.29832561 4.55187997
v 0.06985773 0.40895430 4.36303219
v 0.00000000 0.36577985 4.47606438
v 0.00000000 -0.11750461 4.66363349
v 0.00000000 0.11750461 4.66363349
v -0.18657208 -0.37094745 4.13824648
v -0.06906748 -0.29832561 3.94812003
v -0.06985773 -0.40895430 4.13696781
v 0.18657208 -0.37094745 4.13824648
v 0.06906748 -0.29832561 3.94812003
v 0.06985773 -0.40895430 4.13696781
v 0.00000000 -0.36577985 4.02393562
v -0.18657208 0.37094745 4.13824648
v -0.06906748 0.29832561 3.94812003
v -0.06985773 0.40895430 4.13696781
v 0.18657208 0.37094745 4.13824648
v 0.06906748 0.29832561 3.94812003
v 0.06985773 0.40895430 4.13696781
v 0.00000000 0.36577985 4.02393562
v 0.00000000 -0.11750461 3.83636651
v 0.00000000 0.11750461 3.83636651
v 0.29832561 0.30187997 4.18093252
v 0.37094745 0.11175352 4.06342792
v 0.25274766 0.29592211 4.06711008
v 0.29832561 -0.30187997 4.18093252
v 0.37094745 -0.11175352 4.06342792
v 0.25274766 -0.29592211 4.06711008
v 0.11175352 -0.18657208 3.87905255
v 0.30187997 -0.06906748 3.95167439
v 0.18288992 -0.25274766 3.95407789
v 0.11303219 -0.06985773 3.84104570
v 0.29592211 -0.18288992 3.99725234
v 0.11175352 0.18657208 3.87905255
v 0.30187997 0.06906748 3.95167439
v 0.18288992 0.25274766 3.95407789
v 0.11303219 0.06985773 3.84104570
v 0.29592211 0.18288992 3.99725234
v 0.22606438 0.00000000 3.88422015
v 0.29832561 0.30187997 4.31906748
v 0.37094745 0.11175352 4.43657208
v 0.25274766 0.29592211 4.43288992
v 0.36577985 0.22606438 4.25000000
v 0.29832561 -0.30187997 4.31906748
v 0.37094745 -0.11175352 4.43657208
v 0.25274766 -0.29592211 4.43288992
v 0.36577985 -0.22606438 4.25000000
v 0.11175352 -0.18657208 4.62094745
v 0.30187997 -0.06906748 4.54832561
v 0.18288992 -0.25274766 4.54592211
v 0.11303219 -0.06985773 4.65895430
v 0.29592211 -0.18288992 4.50274766
v 0.11175352 0.18657208 4.62094745
v 0.30187997 0.06906748 4.54832561
v 0.18288992 0.25274766 4.54592211
v 0.11303219 0.06985773 4.65895430
v 0.29592211 0.18288992 4.50274766
v 0.22606438 0.00000000 4.61577985
v 0.41363349 0.00000000 4.13249539
v 0.41363349 0.00000000 4.36750461
v 0.40895430 0.11303219 4.18014227
v 0.40895430 -0.11303219 4.18014227
v 0.40895430 0.11303219 4.31985773
v 0.40895430 -0.11303219 4.31985773
v -0.29832561 0.30187997 4.18093252
v -0.37094745 0.11175352 4.06342792
v -0.25274766 0.29592211 4.06711008
v -0.29832561 -0.30187997 4.18093252
v -0.37094745 -0.11175352 4.06342792
v -0.25274766 -0.29592211 4.06711008
v -0.11175352 -0.18657208 3.87905255
v -0.30187997 -0.06906748 3.95167439
v -0.18288992 -0.25274766 3.95407789
v -0.11303219 -0.06985773 3.84104570
v -0.29592211 -0.18288992 3.99725234
v -0.11175352 0.18657208 3.87905255
v -0.30187997 0.06906748 3.95167439
v -0.18288992 0.25274766 3.95407789
v -0.11303219 0.06985773 3.84104570
v -0.29592211 0.18288992 3.99725234
v -0.22606438 0.00000000 3.88422015
v -0.29832561 0.30187997 4.31906748
v -0.37094745 0.11175352 4.43657208
v -0.25274766 0.29592211 4.43288992
v -0.36577985 0.22606438 4.25000000
v -0.29832561 -0.30187997 4.31906748
v -0.37094745 -0.11175352 4.43657208
v -0.25274766 -0.29592211 4.43288992
v -0.36577985 -0.22606438 4.25000000
v -0.11175352 -0.18657208 4.62094745
v -0.30187997 -0.06906748 4.54832561
v -0.18288992 -0.25274766 4.54592211
v -0.11303219 -0.06985773 4.65895430
v -0.29592211 -0.18288992 4.50274766
v -0.11175352 0.18657208 4.62094745
v -0.30187997 0.06906748 4.54832561
v -0.18288992 0.25274766 4.54592211
v -0.11303219 0.06985773 4.65895430
v -0.29592211 0.18288992 4.50274766
v -0.22606438 0.00000000 4.61577985
v -0.41363349 0.00000000 4.13249539
v -0.41363349 0.00000000 4.36750461
v -0.40895430 0.11303219 4.18014227
v -0.40895430 -0.11303219 4.18014227
v -0.40895430 0.11303219 4.31985773
v -0.40895430 -0.11303219 4.31985773
v -0.17344280 0.39346867 4.25000000
v -0.05931946 0.42588872 4.25000000
v 0.17344280 0.39346867 4.25000000
v 0.05931946 0.42588872 4.25000000
v -0.17344280 -0.39346867 4.25000000
v -0.05931946 -0.42588872 4.25000000
v 0.17344280 -0.39346867 4.25000000
v 0.05931946 -0.42588872 4.25000000
v -0.20830991 -0.37191961 4.30641616
v -0.16126658 -0.36288193 4.41495391
v -0.15403838 -0.39745098 4.30661181
v -0.03486711 -0.26472607 4.58705251
v -0.10194712 -0.32622049 4.51093481
v -0.03536426 -0.42470599 4.30722057
v -0.10263108 -0.38313281 4.41606058
v -0.09465032 -0.41554882 4.30710077
v -0.12954132 -0.39398500 4.36355558
v 0.20830991 -0.37191961 4.30641616
v 0.16126658 -0.36288193 4.41495391
v 0.15403838 -0.39745098 4.30661181
v 0.03486711 -0.26472607 4.58705251
v 0.10194712 -0.32622049 4.51093481
v 0.00000000 -0.30225002 4.55585115
v 0.03536426 -0.42470599 4.30722057
v 0.10263108 -0.38313281 4.41606058
v 0.09465032 -0.41554882 4.30710077
v 0.00000000 -0.41446034 4.36455402
v 0.12954132 -0.39398500 4.36355558
v -0.06726682 -0.36127649 4.47328115
v 0.06726682 -0.36127649 4.47328115
v -0.03489100 -0.33548788 4.51670302
v -0.03539914 -0.39258247 4.42183103
v 0.03489100 -0.33548788 4.51670302
v 0.03539914 -0.39258247 4.42183103
v -0.20830991 0.37191961 4.30641616
v -0.16126658 0.36288193 4.41495391
v -0.15403838 0.39745098 4.30661181
v -0.03486711 0.26472607 4.58705251
v -0.10194712 0.32622049 4.51093481
v -0.03536426 0.42470599 4.30722057
v -0.10263108 0.38313281 4.41606058
v -0.09465032 0.41554882 4.30710077
v -0.12954132 0.39398500 4.36355558
v 0.20830991 0.37191961 4.30641616
v 0.16126658 0.36288193 4.41495391
v 0.15403838 0.39745098 4.30661181
v 0.03486711 0.26472607 4.58705251
v 0.10194712 0.32622049 4.51093481
v 0.00000000 0.30225002 4.55585115
v 0.03536426 0.42470599 4.30722057
v 0.10263108 0.38313281 4.41606058
v 0.09465032 0.41554882 4.30710077
v 0.00000000 0.41446034 4.36455402
v 0.12954132 0.39398500 4.36355558
v -0.06726682 0.36127649 4.47328115
v 0.06726682 0.36127649 4.47328115
v -0.03489100 0.33548788 4.51670302
v -0.03539914 0.39258247 4.42183103
v 0.03489100 0.33548788 4.51670302
v 0.03539914 0.39258247 4.42183103
v 0.00000000 -0.17344280 4.64346867
v 0.00000000 -0.05931946 4.67588872
v 0.00000000 0.17344280 4.64346867
v 0.00000000 0.05931946 4.67588872
v -0.20830991 -0.37191961 4.19358384
v -0.16126658 -0.36288193 4.08504609
v -0.15403838 -0.39745098 4.19338819
v -0.03486711 -0.26472607 3.91294749
v -0.10194712 -0.32622049 3.98906519
v -0.03536426 -0.42470599 4.19277943
v -0.10263108 -0.38313281 4.08393942
v -0.09465032 -0.41554882 4.19289923
v -0.12954132 -0.39398500 4.13644442
v 0.20830991 -0.37191961 4.19358384
v 0.16126658 -0.36288193 4.08504609
v 0.15403838 -0.39745098 4.19338819
v 0.03486711 -0.26472607 3.91294749
v 0.10194712 -0.32622049 3.98906519
v 0.00000000 -0.30225002 3.94414885
v 0.03536426 -0.42470599 4.19277943
v 0.10263108 -0.38313281 4.08393942
v 0.09465032 -0.41554882 4.19289923
v 0.00000000 -0.41446034 4.13544598
v 0.12954132 -0.39398500 4.13644442
v -0.06726682 -0.36127649 4.02671885
v 0.06726682 -0.36127649 4.02671885
v -0.03489100 -0.33548788 3.98329698
v -0.03539914 -0.39258247 4.07816897
v 0.03489100 -0.33548788 3.98329698
v 0.03539914 -0.39258247 4.07816897
v -0.20830991 0.37191961 4.19358384
v -0.16126658 0.36288193 4.08504609
v -0.15403838 0.39745098 4.19338819
v -0.03486711 0.26472607 3.91294749
v -0.10194712 0.32622049 3.98906519
v -0.03536426 0.42470599 4.19277943
v -0.10263108 0.38313281 4.08393942
v -0.09465032 0.41554882 4.19289923
v -0.12954132 0.39398500 4.13644442
v 0.20830991 0.37191961 4.19358384
v 0.16126658 0.36288193 4.08504609
v 0.15403838 0.39745098 4.19338819
v 0.03486711 0.26472607 3.91294749
v 0.10194712 0.32622049 3.98906519
v 0.00000000 0.30225002 3.94414885
v 0.03536426 0.42470599 4.19277943
v 0.10263108 0.38313281 4.08393942
v 0.09465032 0.41554882 4.19289923
v 0.00000000 0.41446034 4.13544598
v 0.12954132 0.39398500 4.13644442
v -0.06726682 0.36127649 4.02671885
v 0.06726682 0.36127649 4.02671885
v -0.03489100 0.33548788 3.98329698
v -0.03539914 0.39258247 4.07816897
v 0.03489100 0.33548788 3.98329698
v 0.03539914 0.39258247 4.07816897
v 0.00000000 -0.17344280 3.85653133
v 0.00000000 -0.05931946 3.82411128
v 0.00000000 0.17344280 3.85653133
v 0.00000000 0.05931946 3.82411128
v 0.26472607 0.33705251 4.21513289
v 0.32622049 0.26093481 4.14805288
v 0.24563821 0.34083917 4.15840017
v 0.37191961 0.05641616 4.04169009
v 0.36288193 0.16495391 4.08873342
v 0.19521591 0.32591223 4.04857516
v 0.30405592 0.25864541 4.09014835
v 0.22193230 0.33688423 4.10115420
v 0.27838711 0.30199323 4.12271803
v 0.26472607 -0.33705251 4.21513289
v 0.32622049 -0.26093481 4.14805288
v 0.24563821 -0.34083917 4.15840017
v 0.37191961 -0.05641616 4.04169009
v 0.36288193 -0.16495391 4.08873342
v 0.19521591 -0.32591223 4.04857516
v 0.30405592 -0.25864541 4.09014835
v 0.22193230 -0.33688423 4.10115420
v 0.27838711 -0.30199323 4.12271803
v 0.05641616 -0.20830991 3.87808039
v 0.16495391 -0.16126658 3.88711807
v 0.09159983 -0.24563821 3.90916083
v 0.05661181 -0.15403838 3.85254902
v 0.33705251 -0.03486711 3.98527393
v 0.26093481 -0.10194712 3.92377951
v 0.34083917 -0.09159983 4.00436179
v 0.15985165 -0.30405592 3.99135459
v 0.20142484 -0.19521591 3.92408777
v 0.12728197 -0.27838711 3.94800677
v 0.22075144 -0.27802845 4.00737069
v 0.14884580 -0.22193230 3.91311577
v 0.05722057 -0.03536426 3.82529401
v 0.16606058 -0.10263108 3.86686719
v 0.05710077 -0.09465032 3.83445118
v 0.11355558 -0.12954132 3.85601500
v 0.32591223 -0.20142484 4.05478409
v 0.25864541 -0.15985165 3.94594408
v 0.33688423 -0.14884580 4.02806770
v 0.27802845 -0.24262931 4.02924856
v 0.30199323 -0.12728197 3.97161289
v 0.24262931 -0.22075144 3.97197155
v 0.05641616 0.20830991 3.87808039
v 0.16495391 0.16126658 3.88711807
v 0.09159983 0.24563821 3.90916083
v 0.05661181 0.15403838 3.85254902
v 0.33705251 0.03486711 3.98527393
v 0.26093481 0.10194712 3.92377951
v 0.34083917 0.09159983 4.00436179
v 0.30585115 0.00000000 3.94774998
v 0.15985165 0.30405592 3.99135459
v 0.20142484 0.19521591 3.92408777
v 0.12728197 0.27838711 3.94800677
v 0.22075144 0.27802845 4.00737069
v 0.14884580 0.22193230 3.91311577
v 0.05722057 0.03536426 3.82529401
v 0.16606058 0.10263108 3.86686719
v 0.05710077 0.09465032 3.83445118
v 0.11455402 0.00000000 3.83553966
v 0.11355558 0.12954132 3.85601500
v 0.32591223 0.20142484 4.05478409
v 0.25864541 0.15985165 3.94594408
v 0.33688423 0.14884580 4.02806770
v 0.27802845 0.24262931 4.02924856
v 0.30199323 0.12728197 3.97161289
v 0.24262931 0.22075144 3.97197155
v 0.22328115 -0.06726682 3.88872351
v 0.22328115 0.06726682 3.88872351
v 0.26670302 -0.03489100 3.91451212
v 0.17183103 -0.03539914 3.85741753
v 0.26670302 0.03489100 3.91451212
v 0.17183103 0.03539914 3.85741753
v 0.26472607 0.33705251 4.28486711
v 0.32622049 0.26093481 4.35194712
v 0.24563821 0.34083917 4.34159983
v 0.30225002 0.30585115 4.25000000
v 0.37191961 0.05641616 4.45830991
v 0.36288193 0.16495391 4.41126658
v 0.19521591 0.32591223 4.45142484
v 0.30405592 0.25864541 4.40985165
v 0.22193230 0.33688423 4.39884580
v 0.27838711 0.30199323 4.37728197
v 0.36127649 0.22328115 4.18273318
v 0.36127649 0.22328115 4.31726682
v 0.33548788 0.26670302 4.21510900
v 0.33548788 0.26670302 4.28489100
v 0.26472607 -0.33705251 4.28486711
v 0.32622049 -0.26093481 4.35194712
v 0.24563821 -0.34083917 4.34159983
v 0.30225002 -0.30585115 4.25000000
v 0.37191961 -0.05641616 4.45830991
v 0.36288193 -0.16495391 4.41126658
v 0.19521591 -0.32591223 4.45142484
v 0.30405592 -0.25864541 4.40985165
v 0.22193230 -0.33688423 4.39884580
v 0.27838711 -0.30199323 4.37728197
v 0.36127649 -0.22328115 4.18273318
v 0.36127649 -0.22328115 4.31726682
v 0.33548788 -0.26670302 4.21510900
v 0.33548788 -0.26670302 4.28489100
v 0.05641616 -0.20830991 4.62191961
v 0.16495391 -0.16126658 4.61288193
v 0.09159983 -0.24563821 4.59083917
v 0.05661181 -0.15403838 4.64745098
v 0.33705251 -0.03486711 4.51472607
v 0.26093481 -0.10194712 4.57622049
v 0.34083917 -0.09159983 4.49563821
v 0.15985165 -0.30405592 4.50864541
v 0.20142484 -0.19521591 4.57591223
v 0.12728197 -0.27838711 4.55199323
v 0.22075144 -0.27802845 4.49262931
v 0.14884580 -0.22193230 4.58688423
v 0.05722057 -0.03536426 4.67470599
v 0.16606058 -0.10263108 4.63313281
v 0.05710077 -0.09465032 4.66554882
v 0.11355558 -0.12954132 4.64398500
v 0.32591223 -0.20142484 4.44521591
v 0.25864541 -0.15985165 4.55405592
v 0.33688423 -0.14884580 4.47193230
v 0.27802845 -0.24262931 4.47075144
v 0.30199323 -0.12728197 4.52838711
v 0.24262931 -0.22075144 4.52802845
v 0.05641616 0.20830991 4.62191961
v 0.16495391 0.16126658 4.61288193
v 0.09159983 0.24563821 4.59083917
v 0.05661181 0.15403838 4.64745098
v 0.33705251 0.03486711 4.51472607
v 0.26093481 0.10194712 4.57622049
v 0.34083917 0.09159983 4.49563821
v 0.30585115 0.00000000 4.55225002
v 0.15985165 0.30405592 4.50864541
v 0.20142484 0.19521591 4.57591223
v 0.12728197 0.27838711 4.55199323
v 0.22075144 0.27802845 4.49262931
v 0.14884580 0.22193230 4.58688423
v 0.05722057 0.03536426 4.67470599
v 0.16606058 0.10263108 4.63313281
v 0.05710077 0.09465032 4.66554882
v 0.11455402 0.00000000 4.66446034
v 0.11355558 0.12954132 4.64398500
v 0.32591223 0.20142484 4.44521591
v 0.25864541 0.15985165 4.55405592
v 0.33688423 0.14884580 4.47193230
v 0.27802845 0.24262931 4.47075144
v 0.30199323 0.12728197 4.52838711
v 0.24262931 0.22075144 4.52802845
v 0.22328115 -0.06726682 4.61127649
v 0.22328115 0.06726682 4.61127649
v 0.26670302 -0.03489100 4.58548788
v 0.17183103 -0.03539914 4.64258247
v 0.26670302 0.03489100 4.58548788
v 0.17183103 0.03539914 4.64258247
v 0.39346867 0.00000000 4.07655720
v 0.42588872 0.00000000 4.19068054
v 0.39745098 0.05661181 4.09596162
v 0.39745098 -0.05661181 4.09596162
v 0.39346867 0.00000000 4.42344280
v 0.42588872 0.00000000 4.30931946
v 0.39745098 0.05661181 4.40403838
v 0.39745098 -0.05661181 4.40403838
v 0.38313281 0.16606058 4.14736892
v 0.42470599 0.05722057 4.21463574
v 0.39398500 0.11355558 4.12045868
v 0.39258247 0.17183103 4.21460086
v 0.41554882 0.05710077 4.15534968
v 0.38313281 -0.16606058 4.14736892
v 0.42470599 -0.05722057 4.21463574
v 0.39398500 -0.11355558 4.12045868
v 0.39258247 -0.17183103 4.21460086
v 0.41554882 -0.05710077 4.15534968
v 0.38313281 0.16606058 4.35263108
v 0.42470599 0.05722057 4.28536426
v 0.39398500 0.11355558 4.37954132
v 0.39258247 0.17183103 4.28539914
v 0.41554882 0.05710077 4.34465032
v 0.41446034 0.11455402 4.25000000
v 0.38313281 -0.16606058 4.35263108
v 0.42470599 -0.05722057 4.28536426
v 0.39398500 -0.11355558 4.37954132
v 0.39258247 -0.17183103 4.28539914
v 0.41554882 -0.05710077 4.34465032
v 0.41446034 -0.11455402 4.25000000
v -0.26472607 0.33705251 4.21513289
v -0.32622049 0.26093481 4.14805288
v -0.24563821 0.34083917 4.15840017
v -0.37191961 0.05641616 4.04169009
v -0.36288193 0.16495391 4.08873342
v -0.19521591 0.32591223 4.04857516
v -0.30405592 0.25864541 4.09014835
v -0.22193230 0.33688423 4.10115420
v -0.27838711 0.30199323 4.12271803
v -0.26472607 -0.33705251 4.21513289
v -0.32622049 -0.26093481 4.14805288
v -0.24563821 -0.34083917 4.15840017
v -0.37191961 -0.05641616 4.04169009
v -0.36288193 -0.16495391 4.08873342
v -0.19521591 -0.32591223 4.04857516
v -0.30405592 -0.25864541 4.09014835
v -0.22193230 -0.33688423 4.10115420
v -0.27838711 -0.30199323 4.12271803
v -0.05641616 -0.20830991 3.87808039
v -0.16495391 -0.16126658 3.88711807
v -0.09159983 -0.24563821 3.90916083
v -0.05661181 -0.15403838 3.85254902
v -0.33705251 -0.03486711 3.98527393
v -0.26093481 -0.10194712 3.92377951
v -0.34083917 -0.09159983 4.00436179
v -0.15985165 -0.30405592 3.99135459
v -0.20142484 -0.19521591 3.92408777
v -0.12728197 -0.27838711 3.94800677
v -0.22075144 -0.27802845 4.00737069
v -0.14884580 -0.22193230 3.91311577
v -0.05722057 -0.03536426 3.82529401
v -0.16606058 -0.10263108 3.86686719
v -0.05710077 -0.09465032 3.83445118
v -0.11355558 -0.12954132 3.85601500
v -0.32591223 -0.20142484 4.05478409
v -0.25864541 -0.15985165 3.94594408
v -0.33688423 -0.14884580 4.02806770
v -0.27802845 -0.24262931 4.02924856
v -0.30199323 -0.12728197 3.97161289
v -0.24262931 -0.22075144 3.97197155
v -0.05641616 0.20830991 3.87808039
v -0.16495391 0.16126658 3.88711807
v -0.09159983 0.24563821 3.90916083
v -0.05661181 0.15403838 3.85254902
v -0.33705251 0.03486711 3.98527393
v -0.26093481 0.10194712 3.92377951
v -0.34083917 0.09159983 4.00436179
v -0.30585115 0.00000000 3.94774998
v -0.15985165 0.30405592 3.99135459
v -0.20142484 0.19521591 3.92408777
v -0.12728197 0.27838711 3.94800677
v -0.22075144 0.27802845 4.00737069
v -0.14884580 0.22193230 3.91311577
v -0.05722057 0.03536426 3.82529401
v -0.16606058 0.10263108 3.86686719
v -0.05710077 0.09465032 3.83445118
v -0.11455402 0.00000000 3.83553966
v -0.11355558 0.12954132 3.85601500
v -0.32591223 0.20142484 4.05478409
v -0.25864541 0.15985165 3.94594408
v -0.33688423 0.14884580 4.02806770
v -0.27802845 0.24262931 4.02924856
v -0.30199323 0.12728197 3.97161289
v -0.24262931 0.22075144 3.97197155
v -0.22328115 -0.06726682 3.88872351
v -0.22328115 0.06726682 3.88872351
v -0.26670302 -0.03489100 3.91451212
v -0.17183103 -0.03539914 3.85741753
v -0.26670302 0.03489100 3.91451212
v -0.17183103 0.03539914 3.85741753
v -0.26472607 0.33705251 4.28486711
v -0.32622049 0.26093481 4.35194712
v -0.24563821 0.34083917 4.34159983
v -0.30225002 0.30585115 4.25000000
v -0.37191961 0.05641616 4.45830991
v -0.36288193 0.16495391 4.41126658
v -0.19521591 0.32591223 4.45142484
v -0.30405592 0.25864541 4.40985165
v -0.22193230 0.33688423 4.39884580
v -0.27838711 0.30199323 4.37728197
v -0.36127649 0.22328115 4.18273318
v -0.36127649 0.22328115 4.31726682
v -0.33548788 0.26670302 4.21510900
v -0.33548788 0.26670302 4.28489100
v -0.26472607 -0.33705251 4.28486711
v -0.32622049 -0.26093481 4.35194712
v -0.24563821 -0.34083917 4.34159983
v -0.30225002 -0.30585115 4.25000000
v -0.37191961 -0.05641616 4.45830991
v -0.36288193 -0.16495391 4.41126658
v -0.19521591 -0.32591223 4.45142484
v -0.30405592 -0.25864541 4.40985165
v -0.22193230 -0.33688423 4.39884580
v -0.27838711 -0.30199323 4.37728197
v -0.36127649 -0.22328115 4.18273318
v -0.36127649 -0.22328115 4.31726682
v -0.33548788 -0.26670302 4.21510900
v -0.33548788 -0.26670302 4.28489100
v -0.05641616 -0.20830991 4.62191961
v -0.16495391 -0.16126658 4.61288193
v -0.09159983 -0.24563821 4.59083917
v -0.05661181 -0.15403838 4.64745098
v -0.33705251 -0.03486711 4.51472607
v -0.26093481 -0.10194712 4.57622049
v -0.34083917 -0.09159983 4.49563821
v -0.15985165 -0.30405592 4.50864541
v -0.20142484 -0.19521591 4.57591223
v -0.12728197 -0.27838711 4.55199323
v -0.22075144 -0.27802845 4.49262931
v -0.14884580 -0.22193230 4.58688423
v -0.05722057 -0.03536426 4.67470599
v -0.16606058 -0.10263108 4.63313281
v -0.05710077 -0.09465032 4.66554882
v -0.11355558 -0.12954132 4.64398500
v -0.32591223 -0.20142484 4.44521591
v -0.25864541 -0.15985165 4.55405592
v -0.33688423 -0.14884580 4.47193230
v -0.27802845 -0.24262931 4.47075144
v -0.30199323 -0.12728197 4.52838711
v -0.24262931 -0.22075144 4.52802845
v -0.05641616 0.20830991 4.62191961
v -0.16495391 0.16126658 4.61288193
v -0.09159983 0.24563821 4.59083917
v -0.05661181 0.15403838 4.64745098
v -0.33705251 0.03486711 4.51472607
v -0.26093481 0.10194712 4.57622049
v -0.34083917 0.09159983 4.49563821
v -0.30585115 0.00000000 4.55225002
v -0.15985165 0.30405592 4.50864541
v -0.20142484 0.19521591 4.57591223
v -0.12728197 0.27838711 4.55199323
v -0.22075144 0.27802845 4.49262931
v -0.14884580 0.22193230 4.58688423
v -0.05722057 0.03536426 4.67470599
v -0.16606058 0.10263108 4.63313281
v -0.05710077 0.09465032 4.66554882
v -0.11455402 0.00000000 4.66446034
v -0.11355558 0.12954132 4.64398500
v -0.32591223 0.20142484 4.44521591
v -0.25864541 0.15985165 4.55405592
v -0.33688423 0.14884580 4.47193230
v -0.27802845 0.24262931 4.47075144
v -0.30199323 0.12728197 4.52838711
v -0.24262931 0.22075144 4.52802845
v -0.22328115 -0.06726682 4.61127649
v -0.22328115 0.06726682 4.61127649
v -0.26670302 -0.03489100 4.58548788
v -0.17183103 -0.03539914 4.64258247
v -0.26670302 0.03489100 4.58548788
v -0.17183103 0.03539914 4.64258247
v -0.39346867 0.00000000 4.07655720
v -0.42588872 0.00000000 4.19068054
v -0.39745098 0.05661181 4.09596162
v -0.39745098 -0.05661181 4.09596162
v -0.39346867 0.00000000 4.42344280
v -0.42588872 0.00000000 4.30931946
v -0.39745098 0.05661181 4.40403838
v -0.39745098 -0.05661181 4.40403838
v -0.38313281 0.16606058 4.14736892
v -0.42470599 0.05722057 4.21463574
v -0.39398500 0.11355558 4.12045868
v -0.39258247 0.17183103 4.21460086
v -0.41554882 0.05710077 4.15534968
v -0.38313281 -0.16606058 4.14736892
v -0.42470599 -0.05722057 4.21463574
v -0.39398500 -0.11355558 4.12045868
v -0.39258247 -0.17183103 4.21460086
v -0.41554882 -0.05710077 4.15534968
v -0.38313281 0.16606058 4.35263108
v -0.42470599 0.05722057 4.28536426
v -0.39398500 0.11355558 4.37954132
v -0.39258247 0.17183103 4.28539914
v -0.41554882 0.05710077 4.34465032
v -0.41446034 0.11455402 4.25000000
v -0.38313281 -0.16606058 4.35263108
v -0.42470599 -0.05722057 4.28536426
v -0.39398500 -0.11355558 4.37954132
v -0.39258247 -0.17183103 4.28539914
v -0.41554882 -0.05710077 4.34465032
v -0.41446034 -0.11455402 4.25000000
v -0.51000000 0.00000000 4.25000000
v -0.51000000 0.00000000 4.18000000
v -0.35000000 0.00000000 4.18000000
v -0.35000000 0.00000000 4.25000000
v -0.51000000 0.04949747 4.20050253
v -0.35000000 0.04949747 4.20050253
v -0.51000000 0.07000000 4.25000000
v -0.35000000 0.07000000 4.25000000
v -0.51000000 0.04949747 4.29949747
v -0.35000000 0.04949747 4.29949747
v -0.51000000 0.00000000 4.32000000
v -0.35000000 0.00000000 4.32000000
v -0.51000000 -0.04949747 4.29949747
v -0.35000000 -0.04949747 4.29949747
v -0.51000000 -0.07000000 4.25000000
v -0.35000000 -0.07000000 4.25000000
v -0.51000000 -0.04949747 4.20050253
v -0.35000000 -0.04949747 4.20050253
v 0.35000000 0.00000000 4.25000000
v 0.35000000 0.00000000 4.18000000
v 0.51000000 0.00000000 4.18000000
v 0.51000000 0.00000000 4.25000000
v 0.35000000 0.04949747 4.20050253
v 0.51000000 0.04949747 4.20050253
v 0.35000000 0.07000000 4.25000000
v 0.51000000 0.07000000 4.25000000
v 0.35000000 0.04949747 4.29949747
v 0.51000000 0.04949747 4.29949747
v 0.35000000 0.00000000 4.32000000
v 0.51000000 0.00000000 4.32000000
v 0.35000000 -0.04949747 4.29949747
v 0.51000000 -0.04949747 4.29949747
v 0.35000000 -0.07000000 4.25000000
v 0.51000000 -0.07000000 4.25000000
v 0.35000000 -0.04949747 4.20050253
v 0.51000000 -0.04949747 4.20050253
v -0.46180195 0.00000000 3.69819805
v -0.63150758 0.00000000 3.86790368
v -1.26790368 0.00000000 3.23150758
v -1.09819805 0.00000000 3.06180195
v -0.60877133 0.12000000 3.84516744
v -1.24516744 0.12000000 3.20877133
v -0.54665476 0.20784610 3.78305087
v -1.18305087 0.20784610 3.14665476
v -0.46180195 0.24000000 3.69819805
v -1.09819805 0.24000000 3.06180195
v -0.37694913 0.20784610 3.61334524
v -1.01334524 0.20784610 2.97694913
v -0.31483256 0.12000000 3.55122867
v -0.95122867 0.12000000 2.91483256
v -0.29209632 0.00000000 3.52849242
v -0.92849242 0.00000000 2.89209632
v -0.31483256 -0.12000000 3.55122867
v -0.95122867 -0.12000000 2.91483256
v -0.37694913 -0.20784610 3.61334524
v -1.01334524 -0.20784610 2.97694913
v -0.46180195 -0.24000000 3.69819805
v -1.09819805 -0.24000000 3.06180195
v -0.54665476 -0.20784610 3.78305087
v -1.18305087 -0.20784610 3.14665476
v -0.60877133 -0.12000000 3.84516744
v -1.24516744 -0.12000000 3.20877133
v -0.73850580 0.08796694 3.24834049
v -0.80690121 0.00409337 3.41652875
v -1.68988961 -0.27184050 2.91984778
v -1.62149420 -0.18796694 2.75165951
v -0.83967475 0.10222505 3.42027521
v -1.72266314 -0.17370882 2.92359424
v -0.84534015 0.19653629 3.37795190
v -1.72832854 -0.07939759 2.88127093
v -0.82237937 0.26175645 3.30089932
v -1.70536776 -0.01417743 2.80421835
v -0.77694474 0.28040985 3.20976364
v -1.65993313 0.00447598 2.71308267
v -0.72121042 0.24749833 3.12896459
v -1.60419882 -0.02843554 2.63228362
v -0.67011039 0.17184050 3.08015222
v -1.55309879 -0.10409337 2.58347125
v -0.63733686 0.07370882 3.07640576
v -1.52032525 -0.20222505 2.57972479
v -0.63167146 -0.02060241 3.11872907
v -1.51465985 -0.29653629 2.62204810
v -0.65463224 -0.08582257 3.19578165
v -1.53762063 -0.36175645 2.69910068
v -0.70006687 -0.10447598 3.28691733
v -1.58305526 -0.38040985 2.79023636
v -0.75580118 -0.07156446 3.36771638
v -1.63878958 -0.34749833 2.87103541
v -1.37691435 -0.19655641 2.76000000
v -1.36266564 -0.25070148 2.97275640
v -1.76883695 -0.35758867 2.97275640
v -1.78308565 -0.30344359 2.76000000
v -1.39164715 -0.14057177 2.97224671
v -1.79781845 -0.24745896 2.97224671
v -1.41668101 -0.04544310 2.91486568
v -1.82285231 -0.15233028 2.91486568
v -1.43105942 0.00919489 2.81598853
v -1.83723073 -0.09769230 2.81598853
v -1.43092971 0.00870198 2.70210929
v -1.83710102 -0.09818521 2.70210929
v -1.41632663 -0.04678975 2.60374182
v -1.82249793 -0.15367693 2.60374182
v -1.39116305 -0.14241133 2.54724360
v -1.79733436 -0.24929852 2.54724360
v -1.36218155 -0.25254104 2.54775329
v -1.76835285 -0.35942823 2.54775329
v -1.33714769 -0.34766972 2.60513432
v -1.74331899 -0.45455690 2.60513432
v -1.32276927 -0.40230770 2.70401147
v -1.72894058 -0.50919489 2.70401147
v -1.32289898 -0.40181479 2.81789071
v -1.72907029 -0.50870198 2.81789071
v -1.33750207 -0.34632307 2.91625818
v -1.74367337 -0.45321025 2.91625818
v -1.75750532 -0.18350379 2.43989160
v -1.70589301 -0.16995305 2.45321625
v -1.80764490 0.23705454 2.43343306
v -1.85925722 0.22350379 2.42010840
v -1.71142808 -0.17335839 2.41162574
v -1.81317998 0.23364920 2.39184254
v -1.74395458 -0.18270676 2.38659299
v -1.84570648 0.22430082 2.36680979
v -1.78441892 -0.19252203 2.39278183
v -1.88617081 0.21448556 2.37299864
v -1.80911764 -0.19705454 2.42656694
v -1.91086953 0.20995305 2.40678375
v -1.80358256 -0.19364920 2.46815746
v -1.90533446 0.21335839 2.44837426
v -1.77105606 -0.18430082 2.49319021
v -1.87280796 0.22270676 2.47340701
v -1.73059173 -0.17448556 2.48700136
v -1.83234362 0.23252203 2.46721817
v -1.75889270 -0.15870393 2.65335434
v -1.70717967 -0.14555605 2.66669210
v -1.80903164 0.26185182 2.65998342
v -1.86074467 0.24870393 2.64664566
v -1.71302911 -0.14770394 2.62506068
v -1.81488107 0.25970393 2.61835200
v -1.74574481 -0.15629548 2.60000331
v -1.84759678 0.25111239 2.59329463
v -1.78616237 -0.16629786 2.60619825
v -1.88801434 0.24111001 2.59948957
v -1.81060573 -0.17185182 2.64001658
v -1.91245769 0.23555605 2.63330790
v -1.80475629 -0.16970393 2.68164800
v -1.90660826 0.23770394 2.67493932
v -1.77204059 -0.16111239 2.70670537
v -1.87389255 0.24629548 2.69999669
v -1.73162303 -0.15111001 2.70051043
v -1.83347499 0.25629786 2.69380175
v -1.75889270 -0.13370393 2.86664566
v -1.70707632 -0.12096947 2.87998342
v -1.80892828 0.28643840 2.88669210
v -1.86074467 0.27370393 2.87335434
v -1.71324836 -0.12182694 2.83835200
v -1.81510032 0.28558092 2.84506068
v -1.74615823 -0.12964180 2.81329463
v -1.84801020 0.27776607 2.82000331
v -1.78652779 -0.13983620 2.81948957
v -1.88837975 0.26757167 2.82619825
v -1.81070908 -0.14643840 2.85330790
v -1.91256105 0.26096947 2.86001658
v -1.80453704 -0.14558092 2.89493932
v -1.90638901 0.26182694 2.90164800
v -1.77162717 -0.13776607 2.91999669
v -1.87347913 0.26964180 2.92670537
v -1.73125761 -0.12757167 2.91380175
v -1.83310958 0.27983620 2.92051043
v -1.75750532 -0.10850379 3.08010840
v -1.70558822 -0.09617218 3.09343306
v -1.80734012 0.31083540 3.11321625
v -1.85925722 0.29850379 3.09989160
v -1.71207462 -0.09577222 3.05184254
v -1.81382652 0.31123537 3.07162574
v -1.74517371 -0.10283023 3.02680979
v -1.84692561 0.30417735 3.04659299
v -1.78549649 -0.11321175 3.03299864
v -1.88724839 0.29379584 3.05278183
v -1.80942242 -0.12083540 3.06678375
v -1.91117432 0.28617218 3.08656694
v -1.80293602 -0.12123537 3.10837426
v -1.90468792 0.28577222 3.12815746
v -1.76983693 -0.11417735 3.13340701
v -1.87158883 0.29283023 3.15319021
v -1.72951416 -0.10379584 3.12721817
v -1.83126605 0.30321175 3.14700136
v 0.46180195 0.00000000 3.69819805
v 0.29209632 0.00000000 3.52849242
v 0.92849242 0.00000000 2.89209632
v 1.09819805 0.00000000 3.06180195
v 0.31483256 0.12000000 3.55122867
v 0.95122867 0.12000000 2.91483256
v 0.37694913 0.20784610 3.61334524
v 1.01334524 0.20784610 2.97694913
v 0.46180195 0.24000000 3.69819805
v 1.09819805 0.24000000 3.06180195
v 0.54665476 0.20784610 3.78305087
v 1.18305087 0.20784610 3.14665476
v 0.60877133 0.12000000 3.84516744
v 1.24516744 0.12000000 3.20877133
v 0.63150758 0.00000000 3.86790368
v 1.26790368 0.00000000 3.23150758
v 0.60877133 -0.12000000 3.84516744
v 1.24516744 -0.12000000 3.20877133
v 0.54665476 -0.20784610 3.78305087
v 1.18305087 -0.20784610 3.14665476
v 0.46180195 -0.24000000 3.69819805
v 1.09819805 -0.24000000 3.06180195
v 0.37694913 -0.20784610 3.61334524
v 1.01334524 -0.20784610 2.97694913
v 0.31483256 -0.12000000 3.55122867
v 0.95122867 -0.12000000 2.91483256
v 0.73850580 0.08796694 3.24834049
v 0.67011039 0.17184050 3.08015222
v 1.55309879 -0.10409337 2.58347125
v 1.62149420 -0.18796694 2.75165951
v 0.72121042 0.24749833 3.12896459
v 1.60419882 -0.02843554 2.63228362
v 0.77694474 0.28040985 3.20976364
v 1.65993313 0.00447598 2.71308267
v 0.82237937 0.26175645 3.30089932
v 1.70536776 -0.01417743 2.80421835
v 0.84534015 0.19653629 3.37795190
v 1.72832854 -0.07939759 2.88127093
v 0.83967475 0.10222505 3.42027521
v 1.72266314 -0.17370882 2.92359424
v 0.80690121 0.00409337 3.41652875
v 1.68988961 -0.27184050 2.91984778
v 0.75580118 -0.07156446 3.36771638
v 1.63878958 -0.34749833 2.87103541
v 0.70006687 -0.10447598 3.28691733
v 1.58305526 -0.38040985 2.79023636
v 0.65463224 -0.08582257 3.19578165
v 1.53762063 -0.36175645 2.69910068
v 0.63167146 -0.02060241 3.11872907
v 1.51465985 -0.29653629 2.62204810
v 0.63733686 0.07370882 3.07640576
v 1.52032525 -0.20222505 2.57972479
v 1.37691435 -0.19655641 2.76000000
v 1.39116305 -0.14241133 2.54724360
v 1.79733436 -0.24929852 2.54724360
v 1.78308565 -0.30344359 2.76000000
v 1.41632663 -0.04678975 2.60374182
v 1.82249793 -0.15367693 2.60374182
v 1.43092971 0.00870198 2.70210929
v 1.83710102 -0.09818521 2.70210929
v 1.43105942 0.00919489 2.81598853
v 1.83723073 -0.09769230 2.81598853
v 1.41668101 -0.04544310 2.91486568
v 1.82285231 -0.15233028 2.91486568
v 1.39164715 -0.14057177 2.97224671
v 1.79781845 -0.24745896 2.97224671
v 1.36266564 -0.25070148 2.97275640
v 1.76883695 -0.35758867 2.97275640
v 1.33750207 -0.34632307 2.91625818
v 1.74367337 -0.45321025 2.91625818
v 1.32289898 -0.40181479 2.81789071
v 1.72907029 -0.50870198 2.81789071
v 1.32276927 -0.40230770 2.70401147
v 1.72894058 -0.50919489 2.70401147
v 1.33714769 -0.34766972 2.60513432
v 1.74331899 -0.45455690 2.60513432
v 1.36218155 -0.25254104 2.54775329
v 1.76835285 -0.35942823 2.54775329
v 1.75750532 -0.18350379 2.43989160
v 1.80911764 -0.19705454 2.42656694
v 1.91086953 0.20995305 2.40678375
v 1.85925722 0.22350379 2.42010840
v 1.78441892 -0.19252203 2.39278183
v 1.88617081 0.21448556 2.37299864
v 1.74395458 -0.18270676 2.38659299
v 1.84570648 0.22430082 2.36680979
v 1.71142808 -0.17335839 2.41162574
v 1.81317998 0.23364920 2.39184254
v 1.70589301 -0.16995305 2.45321625
v 1.80764490 0.23705454 2.43343306
v 1.73059173 -0.17448556 2.48700136
v 1.83234362 0.23252203 2.46721817
v 1.77105606 -0.18430082 2.49319021
v 1.87280796 0.22270676 2.47340701
v 1.80358256 -0.19364920 2.46815746
v 1.90533446 0.21335839 2.44837426
v 1.75889270 -0.15870393 2.65335434
v 1.81060573 -0.17185182 2.64001658
v 1.91245769 0.23555605 2.63330790
v 1.86074467 0.24870393 2.64664566
v 1.78616237 -0.16629786 2.60619825
v 1.88801434 0.24111001 2.59948957
v 1.74574481 -0.15629548 2.60000331
v 1.84759678 0.25111239 2.59329463
v 1.71302911 -0.14770394 2.62506068
v 1.81488107 0.25970393 2.61835200
v 1.70717967 -0.14555605 2.66669210
v 1.80903164 0.26185182 2.65998342
v 1.73162303 -0.15111001 2.70051043
v 1.83347499 0.25629786 2.69380175
v 1.77204059 -0.16111239 2.70670537
v 1.87389255 0.24629548 2.69999669
v 1.80475629 -0.16970393 2.68164800
v 1.90660826 0.23770394 2.67493932
v 1.75889270 -0.13370393 2.86664566
v 1.81070908 -0.14643840 2.85330790
v 1.91256105 0.26096947 2.86001658
v 1.86074467 0.27370393 2.87335434
v 1.78652779 -0.13983620 2.81948957
v 1.88837975 0.26757167 2.82619825
v 1.74615823 -0.12964180 2.81329463
v 1.84801020 0.27776607 2.82000331
v 1.71324836 -0.12182694 2.83835200
v 1.81510032 0.28558092 2.84506068
v 1.70707632 -0.12096947 2.87998342
v 1.80892828 0.28643840 2.88669210
v 1.73125761 -0.12757167 2.91380175
v 1.83310958 0.27983620 2.92051043
v 1.77162717 -0.13776607 2.91999669
v 1.87347913 0.26964180 2.92670537
v 1.80453704 -0.14558092 2.89493932
v 1.90638901 0.26182694 2.90164800
v 1.75750532 -0.10850379 3.08010840
v 1.80942242 -0.12083540 3.06678375
v 1.91117432 0.28617218 3.08656694
v 1.85925722 0.29850379 3.09989160
v 1.78549649 -0.11321175 3.03299864
v 1.88724839 0.29379584 3.05278183
v 1.74517371 -0.10283023 3.02680979
v 1.84692561 0.30417735 3.04659299
v 1.71207462 -0.09577222 3.05184254
v 1.81382652 0.31123537 3.07162574
v 1.70558822 -0.09617218 3.09343306
v 1.80734012 0.31083540 3.11321625
v 1.72951416 -0.10379584 3.12721817
v 1.83126605 0.30321175 3.14700136
v 1.76983693 -0.11417735 3.13340701
v 1.87158883 0.29283023 3.15319021
v 1.80293602 -0.12123537 3.10837426
v 1.90468792 0.28577222 3.12815746
v 0.81000000 0.00000000 2.55000000
v 0.78363961 0.00000000 2.61363961
v 0.72000000 0.00000000 2.64000000
v 0.65636039 0.00000000 2.61363961
v 0.63000000 0.00000000 2.55000000
v 0.65636039 0.00000000 2.48636039
v 0.72000000 0.00000000 2.46000000
v 0.78363961 0.00000000 2.48636039
v 0.78239992 0.20964343 2.55000000
v 0.75693774 0.20282086 2.61363961
v 0.69546659 0.18634971 2.64000000
v 0.63399545 0.16987857 2.61363961
v 0.60853327 0.16305600 2.55000000
v 0.63399545 0.16987857 2.48636039
v 0.69546659 0.18634971 2.46000000
v 0.75693774 0.20282086 2.48636039
v 0.70148058 0.40500000 2.55000000
v 0.67865181 0.39181981 2.61363961
v 0.62353829 0.36000000 2.64000000
v 0.56842477 0.32818019 2.61363961
v 0.54559600 0.31500000 2.55000000
v 0.56842477 0.32818019 2.48636039
v 0.62353829 0.36000000 2.46000000
v 0.67865181 0.39181981 2.48636039
v 0.57275649 0.57275649 2.55000000
v 0.55411688 0.55411688 2.61363961
v 0.50911688 0.50911688 2.64000000
v 0.46411688 0.46411688 2.61363961
v 0.44547727 0.44547727 2.55000000
v 0.46411688 0.46411688 2.48636039
v 0.50911688 0.50911688 2.46000000
v 0.55411688 0.55411688 2.48636039
v 0.40500000 0.70148058 2.55000000
v 0.39181981 0.67865181 2.61363961
v 0.36000000 0.62353829 2.64000000
v 0.32818019 0.56842477 2.61363961
v 0.31500000 0.54559600 2.55000000
v 0.32818019 0.56842477 2.48636039
v 0.36000000 0.62353829 2.46000000
v 0.39181981 0.67865181 2.48636039
v 0.20964343 0.78239992 2.55000000
v 0.20282086 0.75693774 2.61363961
v 0.18634971 0.69546659 2.64000000
v 0.16987857 0.63399545 2.61363961
v 0.16305600 0.60853327 2.55000000
v 0.16987857 0.63399545 2.48636039
v 0.18634971 0.69546659 2.46000000
v 0.20282086 0.75693774 2.48636039
v 0.00000000 0.81000000 2.55000000
v 0.00000000 0.78363961 2.61363961
v 0.00000000 0.72000000 2.64000000
v 0.00000000 0.65636039 2.61363961
v 0.00000000 0.63000000 2.55000000
v 0.00000000 0.65636039 2.48636039
v 0.00000000 0.72000000 2.46000000
v 0.00000000 0.78363961 2.48636039
v -0.20964343 0.78239992 2.55000000
v -0.20282086 0.75693774 2.61363961
v -0.18634971 0.69546659 2.64000000
v -0.16987857 0.63399545 2.61363961
v -0.16305600 0.60853327 2.55000000
v -0.16987857 0.63399545 2.48636039
v -0.18634971 0.69546659 2.46000000
v -0.20282086 0.75693774 2.48636039
v -0.40500000 0.70148058 2.55000000
v -0.39181981 0.67865181 2.61363961
v -0.36000000 0.62353829 2.64000000
v -0.32818019 0.56842477 2.61363961
v -0.31500000 0.54559600 2.55000000
v -0.32818019 0.56842477 2.48636039
v -0.36000000 0.62353829 2.46000000
v -0.39181981 0.67865181 2.48636039
v -0.57275649 0.57275649 2.55000000
v -0.55411688 0.55411688 2.61363961
v -0.50911688 0.50911688 2.64000000
v -0.46411688 0.46411688 2.61363961
v -0.44547727 0.44547727 2.55000000
v -0.46411688 0.46411688 2.48636039
v -0.50911688 0.50911688 2.46000000
v -0.55411688 0.55411688 2.48636039
v -0.70148058 0.40500000 2.55000000
v -0.67865181 0.39181981 2.61363961
v -0.62353829 0.36000000 2.64000000
v -0.56842477 0.32818019 2.61363961
v -0.54559600 0.31500000 2.55000000
v -0.56842477 0.32818019 2.48636039
v -0.62353829 0.36000000 2.46000000
v -0.67865181 0.39181981 2.48636039
v -0.78239992 0.20964343 2.55000000
v -0.75693774 0.20282086 2.61363961
v -0.69546659 0.18634971 2.64000000
v -0.63399545 0.16987857 2.61363961
v -0.60853327 0.16305600 2.55000000
v -0.63399545 0.16987857 2.48636039
v -0.69546659 0.18634971 2.46000000
v -0.75693774 0.20282086 2.48636039
v -0.81000000 0.00000000 2.55000000
v -0.78363961 0.00000000 2.61363961
v -0.72000000 0.00000000 2.64000000
v -0.65636039 0.00000000 2.61363961
v -0.63000000 0.00000000 2.55000000
v -0.65636039 0.00000000 2.48636039
v -0.72000000 0.00000000 2.46000000
v -0.78363961 0.00000000 2.48636039
v -0.78239992 -0.20964343 2.55000000
v -0.75693774 -0.20282086 2.61363961
v -0.69546659 -0.18634971 2.64000000
v -0.63399545 -0.16987857 2.61363961
v -0.60853327 -0.16305600 2.55000000
v -0.63399545 -0.16987857 2.48636039
v -0.69546659 -0.18634971 2.46000000
v -0.75693774 -0.20282086 2.48636039
v -0.70148058 -0.40500000 2.55000000
v -0.67865181 -0.39181981 2.61363961
v -0.62353829 -0.36000000 2.64000000
v -0.56842477 -0.32818019 2.61363961
v -0.54559600 -0.31500000 2.55000000
v -0.56842477 -0.32818019 2.48636039
v -0.62353829 -0.36000000 2.46000000
v -0.67865181 -0.39181981 2.48636039
v -0.57275649 -0.57275649 2.55000000
v -0.55411688 -0.55411688 2.61363961
v -0.50911688 -0.50911688 2.64000000
v -0.46411688 -0.46411688 2.61363961
v -0.44547727 -0.44547727 2.55000000
v -0.46411688 -0.46411688 2.48636039
v -0.50911688 -0.50911688 2.46000000
v -0.55411688 -0.55411688 2.48636039
v -0.40500000 -0.70148058 2.55000000
v -0.39181981 -0.67865181 2.61363961
v -0.36000000 -0.62353829 2.64000000
v -0.32818019 -0.56842477 2.61363961
v -0.31500000 -0.54559600 2.55000000
v -0.32818019 -0.56842477 2.48636039
v -0.36000000 -0.62353829 2.46000000
v -0.39181981 -0.67865181 2.48636039
v -0.20964343 -0.78239992 2.55000000
v -0.20282086 -0.75693774 2.61363961
v -0.18634971 -0.69546659 2.64000000
v -0.16987857 -0.63399545 2.61363961
v -0.16305600 -0.60853327 2.55000000
v -0.16987857 -0.63399545 2.48636039
v -0.18634971 -0.69546659 2.46000000
v -0.20282086 -0.75693774 2.48636039
v -0.00000000 -0.81000000 2.55000000
v -0.00000000 -0.78363961 2.61363961
v -0.00000000 -0.72000000 2.64000000
v -0.00000000 -0.65636039 2.61363961
v -0.00000000 -0.63000000 2.55000000
v -0.00000000 -0.65636039 2.48636039
v -0.00000000 -0.72000000 2.46000000
v -0.00000000 -0.78363961 2.48636039
v 0.20964343 -0.78239992 2.55000000
v 0.20282086 -0.75693774 2.61363961
v 0.18634971 -0.69546659 2.64000000
v 0.16987857 -0.63399545 2.61363961
v 0.16305600 -0.60853327 2.55000000
v 0.16987857 -0.63399545 2.48636039
v 0.18634971 -0.69546659 2.46000000
v 0.20282086 -0.75693774 2.48636039
v 0.40500000 -0.70148058 2.55000000
v 0.39181981 -0.67865181 2.61363961
v 0.36000000 -0.62353829 2.64000000
v 0.32818019 -0.56842477 2.61363961
v 0.31500000 -0.54559600 2.55000000
v 0.32818019 -0.56842477 2.48636039
v 0.36000000 -0.62353829 2.46000000
v 0.39181981 -0.67865181 2.48636039
v 0.57275649 -0.57275649 2.55000000
v 0.55411688 -0.55411688 2.61363961
v 0.50911688 -0.50911688 2.64000000
v 0.46411688 -0.46411688 2.61363961
v 0.44547727 -0.44547727 2.55000000
v 0.46411688 -0.46411688 2.48636039
v 0.50911688 -0.50911688 2.46000000
v 0.55411688 -0.55411688 2.48636039
v 0.70148058 -0.40500000 2.55000000
v 0.67865181 -0.39181981 2.61363961
v 0.62353829 -0.36000000 2.64000000
v 0.56842477 -0.32818019 2.61363961
v 0.54559600 -0.31500000 2.55000000
v 0.56842477 -0.32818019 2.48636039
v 0.62353829 -0.36000000 2.46000000
v 0.67865181 -0.39181981 2.48636039
v 0.78239992 -0.20964343 2.55000000
v 0.75693774 -0.20282086 2.61363961
v 0.69546659 -0.18634971 2.64000000
v 0.63399545 -0.16987857 2.61363961
v 0.60853327 -0.16305600 2.55000000
v 0.63399545 -0.16987857 2.48636039
v 0.69546659 -0.18634971 2.46000000
v 0.75693774 -0.20282086 2.48636039
v -0.24000000 0.66000000 2.34000000
v -0.24000000 0.66000000 2.76000000
v -0.24000000 0.78000000 2.34000000
v -0.24000000 0.78000000 2.76000000
v 0.24000000 0.66000000 2.34000000
v 0.24000000 0.66000000 2.76000000
v 0.24000000 0.78000000 2.34000000
v 0.24000000 0.78000000 2.76000000
v -1.54519847 -0.36000000 0.29897607
v -2.12133953 -0.36000000 3.14116915
v -1.54519847 -0.20000000 0.29897607
v -2.12133953 -0.20000000 3.14116915
v -0.22210859 -0.36000000 0.56717967
v -0.79824965 -0.36000000 3.40937274
v -0.22210859 -0.20000000 0.56717967
v -0.79824965 -0.20000000 3.40937274
v 0.22210859 -0.36000000 0.56717967
v 0.79824965 -0.36000000 3.40937274
v 0.22210859 -0.20000000 0.56717967
v 0.79824965 -0.20000000 3.40937274
v 1.54519847 -0.36000000 0.29897607
v 2.12133953 -0.36000000 3.14116915
v 1.54519847 -0.20000000 0.29897607
v 2.12133953 -0.20000000 3.14116915
v 0.67500000 0.21000000 1.05000000
v 0.67500000 0.21000000 2.85000000
v 0.67500000 0.35000000 1.05000000
v 0.67500000 0.35000000 2.85000000
v 1.22500000 0.21000000 1.05000000
v 1.22500000 0.21000000 2.85000000
v 1.22500000 0.35000000 1.05000000
v 1.22500000 0.35000000 2.85000000
v 0.74730778 0.18887604 1.05000000
v 0.74730778 0.18887604 2.85000000
v 0.82959771 0.30213841 1.05000000
v 0.82959771 0.30213841 2.85000000
v 1.19226713 -0.13440585 1.05000000
v 1.19226713 -0.13440585 2.85000000
v 1.27455706 -0.02114347 1.05000000
v 1.27455706 -0.02114347 2.85000000
v 0.79338965 0.23826632 1.05000000
v 0.79338965 0.23826632 2.85000000
v 0.92653756 0.28152870 1.05000000
v 0.92653756 0.28152870 2.85000000
v 0.96334899 -0.28481476 1.05000000
v 0.96334899 -0.28481476 2.85000000
v 1.09649691 -0.24155238 1.05000000
v 1.09649691 -0.24155238 2.85000000
v 0.96334899 0.28481476 1.05000000
v 0.96334899 0.28481476 2.85000000
v 1.09649691 0.24155238 1.05000000
v 1.09649691 0.24155238 2.85000000
v 0.79338965 -0.23826632 1.05000000
v 0.79338965 -0.23826632 2.85000000
v 0.92653756 -0.28152870 1.05000000
v 0.92653756 -0.28152870 2.85000000
v 1.19226713 0.13440585 1.05000000
v 1.19226713 0.13440585 2.85000000
v 1.27455706 0.02114347 1.05000000
v 1.27455706 0.02114347 2.85000000
v 0.74730778 -0.18887604 1.05000000
v 0.74730778 -0.18887604 2.85000000
v 0.82959771 -0.30213841 1.05000000
v 0.82959771 -0.30213841 2.85000000
v 1.22500000 -0.21000000 1.05000000
v 1.22500000 -0.21000000 2.85000000
v 1.22500000 -0.35000000 1.05000000
v 1.22500000 -0.35000000 2.85000000
v 0.67500000 -0.21000000 1.05000000
v 0.67500000 -0.21000000 2.85000000
v 0.67500000 -0.35000000 1.05000000
v 0.67500000 -0.35000000 2.85000000
v 0.94539732 -0.47419299 1.05000000
v 0.94539732 -0.47419299 2.85000000
v 0.86310738 -0.58745537 1.05000000
v 0.86310738 -0.58745537 2.85000000
v 0.50043797 -0.15091110 1.05000000
v 0.50043797 -0.15091110 2.85000000
v 0.41814804 -0.26417348 1.05000000
v 0.41814804 -0.26417348 2.85000000
v 0.56390526 -0.41460190 1.05000000
v 0.56390526 -0.41460190 2.85000000
v 0.43075734 -0.45786428 1.05000000
v 0.43075734 -0.45786428 2.85000000
v 0.39394591 0.10847919 1.05000000
v 0.39394591 0.10847919 2.85000000
v 0.26079800 0.06521681 1.05000000
v 0.26079800 0.06521681 2.85000000
v 0.39394591 -0.10847919 1.05000000
v 0.39394591 -0.10847919 2.85000000
v 0.26079800 -0.06521681 1.05000000
v 0.26079800 -0.06521681 2.85000000
v 0.56390526 0.41460190 1.05000000
v 0.56390526 0.41460190 2.85000000
v 0.43075734 0.45786428 1.05000000
v 0.43075734 0.45786428 2.85000000
v 0.50043797 0.15091110 1.05000000
v 0.50043797 0.15091110 2.85000000
v 0.41814804 0.26417348 1.05000000
v 0.41814804 0.26417348 2.85000000
v 0.94539732 0.47419299 1.05000000
v 0.94539732 0.47419299 2.85000000
v 0.86310738 0.58745537 1.05000000
v 0.86310738 0.58745537 2.85000000
v -0.96972228 0.25859785 3.48000000
v -0.47027772 0.25859785 3.48000000
v -0.96972228 -0.25859785 3.48000000
v -0.47027772 -0.25859785 3.48000000
v -0.72000000 -0.15982226 3.65778602
v -0.72000000 0.15982226 3.65778602
v -0.72000000 -0.15982226 3.30221398
v -0.72000000 0.15982226 3.30221398
v -0.31594087 0.00000000 3.37012220
v -0.31594087 0.00000000 3.58987780
v -1.12405913 0.00000000 3.37012220
v -1.12405913 0.00000000 3.58987780
v -0.72000000 0.30400000 3.48000000
v -0.72000000 -0.30400000 3.48000000
v -0.86678307 -0.24594117 3.58450000
v -0.57321693 -0.24594117 3.58450000
v -0.86678307 0.24594117 3.58450000
v -0.57321693 0.24594117 3.58450000
v -0.72000000 0.00000000 3.68900000
v -0.86678307 -0.24594117 3.37550000
v -0.57321693 -0.24594117 3.37550000
v -0.86678307 0.24594117 3.37550000
v -0.57321693 0.24594117 3.37550000
v -0.72000000 0.00000000 3.27100000
v -0.33571693 0.15200000 3.41541545
v -0.33571693 -0.15200000 3.41541545
v -0.48250000 -0.09394117 3.31091545
v -0.48250000 0.09394117 3.31091545
v -0.33571693 0.15200000 3.54458455
v -0.33571693 -0.15200000 3.54458455
v -0.48250000 -0.09394117 3.64908455
v -0.48250000 0.09394117 3.64908455
v -0.24500000 0.00000000 3.48000000
v -1.10428307 0.15200000 3.41541545
v -1.10428307 -0.15200000 3.41541545
v -0.95750000 -0.09394117 3.31091545
v -0.95750000 0.09394117 3.31091545
v -1.10428307 0.15200000 3.54458455
v -1.10428307 -0.15200000 3.54458455
v -0.95750000 -0.09394117 3.64908455
v -0.95750000 0.09394117 3.64908455
v -1.19500000 0.00000000 3.48000000
v -0.84980160 0.29242926 3.48000000
v -0.59019840 0.29242926 3.48000000
v -0.84980160 -0.29242926 3.48000000
v -0.59019840 -0.29242926 3.48000000
v -0.92609707 -0.26225122 3.53431741
v -0.79629547 -0.21090927 3.62672771
v -0.79716843 -0.28912118 3.53493890
v -0.51390293 -0.26225122 3.53431741
v -0.64370453 -0.21090927 3.62672771
v -0.64283157 -0.28912118 3.53493890
v -0.72000000 -0.25859785 3.58987780
v -0.92609707 0.26225122 3.53431741
v -0.79629547 0.21090927 3.62672771
v -0.79716843 0.28912118 3.53493890
v -0.51390293 0.26225122 3.53431741
v -0.64370453 0.21090927 3.62672771
v -0.64283157 0.28912118 3.53493890
v -0.72000000 0.25859785 3.58987780
v -0.72000000 -0.08307302 3.68104512
v -0.72000000 0.08307302 3.68104512
v -0.92609707 -0.26225122 3.42568259
v -0.79629547 -0.21090927 3.33327229
v -0.79716843 -0.28912118 3.42506110
v -0.51390293 -0.26225122 3.42568259
v -0.64370453 -0.21090927 3.33327229
v -0.64283157 -0.28912118 3.42506110
v -0.72000000 -0.25859785 3.37012220
v -0.92609707 0.26225122 3.42568259
v -0.79629547 0.21090927 3.33327229
v -0.79716843 0.28912118 3.42506110
v -0.51390293 0.26225122 3.42568259
v -0.64370453 0.21090927 3.33327229
v -0.64283157 0.28912118 3.42506110
v -0.72000000 0.25859785 3.37012220
v -0.72000000 -0.08307302 3.27895488
v -0.72000000 0.08307302 3.27895488
v -0.39045427 0.21342212 3.44642999
v -0.31023247 0.07900714 3.38931729
v -0.44080201 0.20921005 3.39110699
v -0.39045427 -0.21342212 3.44642999
v -0.31023247 -0.07900714 3.38931729
v -0.44080201 -0.20921005 3.39110699
v -0.59655134 -0.13190212 3.29970229
v -0.38652794 -0.04882910 3.33499988
v -0.51797043 -0.17868672 3.33616809
v -0.59513886 -0.04938779 3.28122919
v -0.39310929 -0.12929892 3.35715288
v -0.59655134 0.13190212 3.29970229
v -0.38652794 0.04882910 3.33499988
v -0.51797043 0.17868672 3.33616809
v -0.59513886 0.04938779 3.28122919
v -0.39310929 0.12929892 3.35715288
v -0.47027772 0.00000000 3.30221398
v -0.39045427 0.21342212 3.51357001
v -0.31023247 0.07900714 3.57068271
v -0.44080201 0.20921005 3.56889301
v -0.31594087 0.15982226 3.48000000
v -0.39045427 -0.21342212 3.51357001
v -0.31023247 -0.07900714 3.57068271
v -0.44080201 -0.20921005 3.56889301
v -0.31594087 -0.15982226 3.48000000
v -0.59655134 -0.13190212 3.66029771
v -0.38652794 -0.04882910 3.62500012
v -0.51797043 -0.17868672 3.62383191
v -0.59513886 -0.04938779 3.67877081
v -0.39310929 -0.12929892 3.60284712
v -0.59655134 0.13190212 3.66029771
v -0.38652794 0.04882910 3.62500012
v -0.51797043 0.17868672 3.62383191
v -0.59513886 0.04938779 3.67877081
v -0.39310929 0.12929892 3.60284712
v -0.47027772 0.00000000 3.65778602
v -0.26307928 0.00000000 3.42288730
v -0.26307928 0.00000000 3.53711270
v -0.26824815 0.07991113 3.44604589
v -0.26824815 -0.07991113 3.44604589
v -0.26824815 0.07991113 3.51395411
v -0.26824815 -0.07991113 3.51395411
v -1.04954573 0.21342212 3.44642999
v -1.12976753 0.07900714 3.38931729
v -0.99919799 0.20921005 3.39110699
v -1.04954573 -0.21342212 3.44642999
v -1.12976753 -0.07900714 3.38931729
v -0.99919799 -0.20921005 3.39110699
v -0.84344866 -0.13190212 3.29970229
v -1.05347206 -0.04882910 3.33499988
v -0.92202957 -0.17868672 3.33616809
v -0.84486114 -0.04938779 3.28122919
v -1.04689071 -0.12929892 3.35715288
v -0.84344866 0.13190212 3.29970229
v -1.05347206 0.04882910 3.33499988
v -0.92202957 0.17868672 3.33616809
v -0.84486114 0.04938779 3.28122919
v -1.04689071 0.12929892 3.35715288
v -0.96972228 0.00000000 3.30221398
v -1.04954573 0.21342212 3.51357001
v -1.12976753 0.07900714 3.57068271
v -0.99919799 0.20921005 3.56889301
v -1.12405913 0.15982226 3.48000000
v -1.04954573 -0.21342212 3.51357001
v -1.12976753 -0.07900714 3.57068271
v -0.99919799 -0.20921005 3.56889301
v -1.12405913 -0.15982226 3.48000000
v -0.84344866 -0.13190212 3.66029771
v -1.05347206 -0.04882910 3.62500012
v -0.92202957 -0.17868672 3.62383191
v -0.84486114 -0.04938779 3.67877081
v -1.04689071 -0.12929892 3.60284712
v -0.84344866 0.13190212 3.66029771
v -1.05347206 0.04882910 3.62500012
v -0.92202957 0.17868672 3.62383191
v -0.84486114 0.04938779 3.67877081
v -1.04689071 0.12929892 3.60284712
v -0.96972228 0.00000000 3.65778602
v -1.17692072 0.00000000 3.42288730
v -1.17692072 0.00000000 3.53711270
v -1.17175185 0.07991113 3.44604589
v -1.17175185 -0.07991113 3.44604589
v -1.17175185 0.07991113 3.51395411
v -1.17175185 -0.07991113 3.51395411
v 0.47027772 0.25859785 3.48000000
v 0.96972228 0.25859785 3.48000000
v 0.47027772 -0.25859785 3.48000000
v 0.96972228 -0.25859785 3.48000000
v 0.72000000 -0.15982226 3.65778602
v 0.72000000 0.15982226 3.65778602
v 0.72000000 -0.15982226 3.30221398
v 0.72000000 0.15982226 3.30221398
v 1.12405913 0.00000000 3.37012220
v 1.12405913 0.00000000 3.58987780
v 0.31594087 0.00000000 3.37012220
v 0.31594087 0.00000000 3.58987780
v 0.72000000 0.30400000 3.48000000
v 0.72000000 -0.30400000 3.48000000
v 0.57321693 -0.24594117 3.58450000
v 0.86678307 -0.24594117 3.58450000
v 0.57321693 0.24594117 3.58450000
v 0.86678307 0.24594117 3.58450000
v 0.72000000 0.00000000 3.68900000
v 0.57321693 -0.24594117 3.37550000
v 0.86678307 -0.24594117 3.37550000
v 0.57321693 0.24594117 3.37550000
v 0.86678307 0.24594117 3.37550000
v 0.72000000 0.00000000 3.27100000
v 1.10428307 0.15200000 3.41541545
v 1.10428307 -0.15200000 3.41541545
v 0.95750000 -0.09394117 3.31091545
v 0.95750000 0.09394117 3.31091545
v 1.10428307 0.15200000 3.54458455
v 1.10428307 -0.15200000 3.54458455
v 0.95750000 -0.09394117 3.64908455
v 0.95750000 0.09394117 3.64908455
v 1.19500000 0.00000000 3.48000000
v 0.33571693 0.15200000 3.41541545
v 0.33571693 -0.15200000 3.41541545
v 0.48250000 -0.09394117 3.31091545
v 0.48250000 0.09394117 3.31091545
v 0.33571693 0.15200000 3.54458455
v 0.33571693 -0.15200000 3.54458455
v 0.48250000 -0.09394117 3.64908455
v 0.48250000 0.09394117 3.64908455
v 0.24500000 0.00000000 3.48000000
v 0.59019840 0.29242926 3.48000000
v 0.84980160 0.29242926 3.48000000
v 0.59019840 -0.29242926 3.48000000
v 0.84980160 -0.29242926 3.48000000
v 0.51390293 -0.26225122 3.53431741
v 0.64370453 -0.21090927 3.62672771
v 0.64283157 -0.28912118 3.53493890
v 0.92609707 -0.26225122 3.53431741
v 0.79629547 -0.21090927 3.62672771
v 0.79716843 -0.28912118 3.53493890
v 0.72000000 -0.25859785 3.58987780
v 0.51390293 0.26225122 3.53431741
v 0.64370453 0.21090927 3.62672771
v 0.64283157 0.28912118 3.53493890
v 0.92609707 0.26225122 3.53431741
v 0.79629547 0.21090927 3.62672771
v 0.79716843 0.28912118 3.53493890
v 0.72000000 0.25859785 3.58987780
v 0.72000000 -0.08307302 3.68104512
v 0.72000000 0.08307302 3.68104512
v 0.51390293 -0.26225122 3.42568259
v 0.64370453 -0.21090927 3.33327229
v 0.64283157 -0.28912118 3.42506110
v 0.92609707 -0.26225122 3.42568259
v 0.79629547 -0.21090927 3.33327229
v 0.79716843 -0.28912118 3.42506110
v 0.72000000 -0.25859785 3.37012220
v 0.51390293 0.26225122 3.42568259
v 0.64370453 0.21090927 3.33327229
v 0.64283157 0.28912118 3.42506110
v 0.92609707 0.26225122 3.42568259
v 0.79629547 0.21090927 3.33327229
v 0.79716843 0.28912118 3.42506110
v 0.72000000 0.25859785 3.37012220
v 0.72000000 -0.08307302 3.27895488
v 0.72000000 0.08307302 3.27895488
v 1.04954573 0.21342212 3.44642999
v 1.12976753 0.07900714 3.38931729
v 0.99919799 0.20921005 3.39110699
v 1.04954573 -0.21342212 3.44642999
v 1.12976753 -0.07900714 3.38931729
v 0.99919799 -0.20921005 3.39110699
v 0.84344866 -0.13190212 3.29970229
v 1.05347206 -0.04882910 3.33499988
v 0.92202957 -0.17868672 3.33616809
v 0.84486114 -0.04938779 3.28122919
v 1.04689071 -0.12929892 3.35715288
v 0.84344866 0.13190212 3.29970229
v 1.05347206 0.04882910 3.33499988
v 0.92202957 0.17868672 3.33616809
v 0.84486114 0.04938779 3.28122919
v 1.04689071 0.12929892 3.35715288
v 0.96972228 0.00000000 3.30221398
v 1.04954573 0.21342212 3.51357001
v 1.12976753 0.07900714 3.57068271
v 0.99919799 0.20921005 3.56889301
v 1.12405913 0.15982226 3.48000000
v 1.04954573 -0.21342212 3.51357001
v 1.12976753 -0.07900714 3.57068271
v 0.99919799 -0.20921005 3.56889301
v 1.12405913 -0.15982226 3.48000000
v 0.84344866 -0.13190212 3.66029771
v 1.05347206 -0.04882910 3.62500012
v 0.92202957 -0.17868672 3.62383191
v 0.84486114 -0.04938779 3.67877081
v 1.04689071 -0.12929892 3.60284712
v 0.84344866 0.13190212 3.66029771
v 1.05347206 0.04882910 3.62500012
v 0.92202957 0.17868672 3.62383191
v 0.84486114 0.04938779 3.67877081
v 1.04689071 0.12929892 3.60284712
v 0.96972228 0.00000000 3.65778602
v 1.17692072 0.00000000 3.42288730
v 1.17692072 0.00000000 3.53711270
v 1.17175185 0.07991113 3.44604589
v 1.17175185 -0.07991113 3.44604589
v 1.17175185 0.07991113 3.51395411
v 1.17175185 -0.07991113 3.51395411
v 0.39045427 0.21342212 3.44642999
v 0.31023247 0.07900714 3.38931729
v 0.44080201 0.20921005 3.39110699
v 0.39045427 -0.21342212 3.44642999
v 0.31023247 -0.07900714 3.38931729
v 0.44080201 -0.20921005 3.39110699
v 0.59655134 -0.13190212 3.29970229
v 0.38652794 -0.04882910 3.33499988
v 0.51797043 -0.17868672 3.33616809
v 0.59513886 -0.04938779 3.28122919
v 0.39310929 -0.12929892 3.35715288
v 0.59655134 0.13190212 3.29970229
v 0.38652794 0.04882910 3.33499988
v 0.51797043 0.17868672 3.33616809
v 0.59513886 0.04938779 3.28122919
v 0.39310929 0.12929892 3.35715288
v 0.47027772 0.00000000 3.30221398
v 0.39045427 0.21342212 3.51357001
v 0.31023247 0.07900714 3.57068271
v 0.44080201 0.20921005 3.56889301
v 0.31594087 0.15982226 3.48000000
v 0.39045427 -0.21342212 3.51357001
v 0.31023247 -0.07900714 3.57068271
v 0.44080201 -0.20921005 3.56889301
v 0.31594087 -0.15982226 3.48000000
v 0.59655134 -0.13190212 3.66029771
v 0.38652794 -0.04882910 3.62500012
v 0.51797043 -0.17868672 3.62383191
v 0.59513886 -0.04938779 3.67877081
v 0.39310929 -0.12929892 3.60284712
v 0.59655134 0.13190212 3.66029771
v 0.38652794 0.04882910 3.62500012
v 0.51797043 0.17868672 3.62383191
v 0.59513886 0.04938779 3.67877081
v 0.39310929 0.12929892 3.60284712
v 0.47027772 0.00000000 3.65778602
v 0.26307928 0.00000000 3.42288730
v 0.26307928 0.00000000 3.53711270
v 0.26824815 0.07991113 3.44604589
v 0.26824815 -0.07991113 3.44604589
v 0.26824815 0.07991113 3.51395411
v 0.26824815 -0.07991113 3.51395411
v -0.51286556 -0.00353849 4.55000000
v 0.01286556 -0.00353849 4.55000000
v -0.51286556 -0.55646151 4.55000000
v 0.01286556 -0.55646151 4.55000000
v -0.25000000 -0.45086261 5.08165676
v -0.25000000 -0.10913739 5.08165676
v -0.25000000 -0.45086261 4.01834324
v -0.25000000 -0.10913739 4.01834324
v 0.17532540 -0.28000000 4.22141805
v 0.17532540 -0.28000000 4.87858195
v -0.67532540 -0.28000000 4.22141805
v -0.67532540 -0.28000000 4.87858195
v -0.25000000 0.04500000 4.55000000
v -0.25000000 -0.60500000 4.55000000
v -0.40450850 -0.54293052 4.86250000
v -0.09549150 -0.54293052 4.86250000
v -0.40450850 -0.01706948 4.86250000
v -0.09549150 -0.01706948 4.86250000
v -0.25000000 -0.28000000 5.17500000
v -0.40450850 -0.54293052 4.23750000
v -0.09549150 -0.54293052 4.23750000
v -0.40450850 -0.01706948 4.23750000
v -0.09549150 -0.01706948 4.23750000
v -0.25000000 -0.28000000 3.92500000
v 0.15450850 -0.11750000 4.35686438
v 0.15450850 -0.44250000 4.35686438
v 0.00000000 -0.38043052 4.04436438
v 0.00000000 -0.17956948 4.04436438
v 0.15450850 -0.11750000 4.74313562
v 0.15450850 -0.44250000 4.74313562
v 0.00000000 -0.38043052 5.05563562
v 0.00000000 -0.17956948 5.05563562
v 0.25000000 -0.28000000 4.55000000
v -0.65450850 -0.11750000 4.35686438
v -0.65450850 -0.44250000 4.35686438
v -0.50000000 -0.38043052 4.04436438
v -0.50000000 -0.17956948 4.04436438
v -0.65450850 -0.11750000 4.74313562
v -0.65450850 -0.44250000 4.74313562
v -0.50000000 -0.38043052 5.05563562
v -0.50000000 -0.17956948 5.05563562
v -0.75000000 -0.28000000 4.55000000
v -0.38663326 0.03262997 4.55000000
v -0.11336674 0.03262997 4.55000000
v -0.38663326 -0.59262997 4.55000000
v -0.11336674 -0.59262997 4.55000000
v -0.46694428 -0.56036726 4.71243245
v -0.33031102 -0.50547866 4.98877903
v -0.33122992 -0.58909337 4.71429097
v -0.03305572 -0.56036726 4.71243245
v -0.16968898 -0.50547866 4.98877903
v -0.16877008 -0.58909337 4.71429097
v -0.25000000 -0.55646151 4.87858195
v -0.46694428 0.00036726 4.71243245
v -0.33031102 -0.05452134 4.98877903
v -0.33122992 0.02909337 4.71429097
v -0.03305572 0.00036726 4.71243245
v -0.16968898 -0.05452134 4.98877903
v -0.16877008 0.02909337 4.71429097
v -0.25000000 -0.00353849 4.87858195
v -0.25000000 -0.36881162 5.15121147
v -0.25000000 -0.19118838 5.15121147
v -0.46694428 -0.56036726 4.38756755
v -0.33031102 -0.50547866 4.11122097
v -0.33122992 -0.58909337 4.38570903
v -0.03305572 -0.56036726 4.38756755
v -0.16968898 -0.50547866 4.11122097
v -0.16877008 -0.58909337 4.38570903
v -0.25000000 -0.55646151 4.22141805
v -0.46694428 0.00036726 4.38756755
v -0.33031102 -0.05452134 4.11122097
v -0.33122992 0.02909337 4.38570903
v -0.03305572 0.00036726 4.38756755
v -0.16968898 -0.05452134 4.11122097
v -0.16877008 0.02909337 4.38570903
v -0.25000000 -0.00353849 4.22141805
v -0.25000000 -0.36881162 3.94878853
v -0.25000000 -0.19118838 3.94878853
v 0.09689024 -0.05183491 4.44961123
v 0.18133424 -0.19553513 4.27881965
v 0.04389263 -0.05633794 4.28417162
v 0.09689024 -0.50816509 4.44961123
v 0.18133424 -0.36446487 4.27881965
v 0.04389263 -0.50366206 4.28417162
v -0.12005404 -0.42101378 4.01083220
v 0.10102322 -0.33220216 4.11638720
v -0.03733730 -0.47103021 4.11988065
v -0.11856722 -0.33279945 3.95558968
v 0.09409548 -0.41823076 4.18263422
v -0.12005404 -0.13898622 4.01083220
v 0.10102322 -0.22779784 4.11638720
v -0.03733730 -0.08896979 4.11988065
v -0.11856722 -0.22720055 3.95558968
v 0.09409548 -0.14176924 4.18263422
v 0.01286556 -0.28000000 4.01834324
v 0.09689024 -0.05183491 4.65038877
v 0.18133424 -0.19553513 4.82118035
v 0.04389263 -0.05633794 4.81582838
v 0.17532540 -0.10913739 4.55000000
v 0.09689024 -0.50816509 4.65038877
v 0.18133424 -0.36446487 4.82118035
v 0.04389263 -0.50366206 4.81582838
v 0.17532540 -0.45086261 4.55000000
v -0.12005404 -0.42101378 5.08916780
v 0.10102322 -0.33220216 4.98361280
v -0.03733730 -0.47103021 4.98011935
v -0.11856722 -0.33279945 5.14441032
v 0.09409548 -0.41823076 4.91736578
v -0.12005404 -0.13898622 5.08916780
v 0.10102322 -0.22779784 4.98361280
v -0.03733730 -0.08896979 4.98011935
v -0.11856722 -0.22720055 5.14441032
v 0.09409548 -0.14176924 4.91736578
v 0.01286556 -0.28000000 5.08165676
v 0.23096918 -0.28000000 4.37920842
v 0.23096918 -0.28000000 4.72079158
v 0.22552826 -0.19456869 4.44846259
v 0.22552826 -0.36543131 4.44846259
v 0.22552826 -0.19456869 4.65153741
v 0.22552826 -0.36543131 4.65153741
v -0.59689024 -0.05183491 4.44961123
v -0.68133424 -0.19553513 4.27881965
v -0.54389263 -0.05633794 4.28417162
v -0.59689024 -0.50816509 4.44961123
v -0.68133424 -0.36446487 4.27881965
v -0.54389263 -0.50366206 4.28417162
v -0.37994596 -0.42101378 4.01083220
v -0.60102322 -0.33220216 4.11638720
v -0.46266270 -0.47103021 4.11988065
v -0.38143278 -0.33279945 3.95558968
v -0.59409548 -0.41823076 4.18263422
v -0.37994596 -0.13898622 4.01083220
v -0.60102322 -0.22779784 4.11638720
v -0.46266270 -0.08896979 4.11988065
v -0.38143278 -0.22720055 3.95558968
v -0.59409548 -0.14176924 4.18263422
v -0.51286556 -0.28000000 4.01834324
v -0.59689024 -0.05183491 4.65038877
v -0.68133424 -0.19553513 4.82118035
v -0.54389263 -0.05633794 4.81582838
v -0.67532540 -0.10913739 4.55000000
v -0.59689024 -0.50816509 4.65038877
v -0.68133424 -0.36446487 4.82118035
v -0.54389263 -0.50366206 4.81582838
v -0.67532540 -0.45086261 4.55000000
v -0.37994596 -0.42101378 5.08916780
v -0.60102322 -0.33220216 4.98361280
v -0.46266270 -0.47103021 4.98011935
v -0.38143278 -0.33279945 5.14441032
v -0.59409548 -0.41823076 4.91736578
v -0.37994596 -0.13898622 5.08916780
v -0.60102322 -0.22779784 4.98361280
v -0.46266270 -0.08896979 4.98011935
v -0.38143278 -0.22720055 5.14441032
v -0.59409548 -0.14176924 4.91736578
v -0.51286556 -0.28000000 5.08165676
v -0.73096918 -0.28000000 4.37920842
v -0.73096918 -0.28000000 4.72079158
v -0.72552826 -0.19456869 4.44846259
v -0.72552826 -0.36543131 4.44846259
v -0.72552826 -0.19456869 4.65153741
v -0.72552826 -0.36543131 4.65153741
v -0.01286556 -0.02353849 4.58000000
v 0.51286556 -0.02353849 4.58000000
v -0.01286556 -0.57646151 4.58000000
v 0.51286556 -0.57646151 4.58000000
v 0.25000000 -0.47086261 5.11165676
v 0.25000000 -0.12913739 5.11165676
v 0.25000000 -0.47086261 4.04834324
v 0.25000000 -0.12913739 4.04834324
v 0.67532540 -0.30000000 4.25141805
v 0.67532540 -0.30000000 4.90858195
v -0.17532540 -0.30000000 4.25141805
v -0.17532540 -0.30000000 4.90858195
v 0.25000000 0.02500000 4.58000000
v 0.25000000 -0.62500000 4.58000000
v 0.09549150 -0.56293052 4.89250000
v 0.40450850 -0.56293052 4.89250000
v 0.09549150 -0.03706948 4.89250000
v 0.40450850 -0.03706948 4.89250000
v 0.25000000 -0.30000000 5.20500000
v 0.09549150 -0.56293052 4.26750000
v 0.40450850 -0.56293052 4.26750000
v 0.09549150 -0.03706948 4.26750000
v 0.40450850 -0.03706948 4.26750000
v 0.25000000 -0.30000000 3.95500000
v 0.65450850 -0.13750000 4.38686438
v 0.65450850 -0.46250000 4.38686438
v 0.50000000 -0.40043052 4.07436438
v 0.50000000 -0.19956948 4.07436438
v 0.65450850 -0.13750000 4.77313562
v 0.65450850 -0.46250000 4.77313562
v 0.50000000 -0.40043052 5.08563562
v 0.50000000 -0.19956948 5.08563562
v 0.75000000 -0.30000000 4.58000000
v -0.15450850 -0.13750000 4.38686438
v -0.15450850 -0.46250000 4.38686438
v 0.00000000 -0.40043052 4.07436438
v 0.00000000 -0.19956948 4.07436438
v -0.15450850 -0.13750000 4.77313562
v -0.15450850 -0.46250000 4.77313562
v 0.00000000 -0.40043052 5.08563562
v 0.00000000 -0.19956948 5.08563562
v -0.25000000 -0.30000000 4.58000000
v 0.11336674 0.01262997 4.58000000
v 0.38663326 0.01262997 4.58000000
v 0.11336674 -0.61262997 4.58000000
v 0.38663326 -0.61262997 4.58000000
v 0.03305572 -0.58036726 4.74243245
v 0.16968898 -0.52547866 5.01877903
v 0.16877008 -0.60909337 4.74429097
v 0.46694428 -0.58036726 4.74243245
v 0.33031102 -0.52547866 5.01877903
v 0.33122992 -0.60909337 4.74429097
v 0.25000000 -0.57646151 4.90858195
v 0.03305572 -0.01963274 4.74243245
v 0.16968898 -0.07452134 5.01877903
v 0.16877008 0.00909337 4.74429097
v 0.46694428 -0.01963274 4.74243245
v 0.33031102 -0.07452134 5.01877903
v 0.33122992 0.00909337 4.74429097
v 0.25000000 -0.02353849 4.90858195
v 0.25000000 -0.38881162 5.18121147
v 0.25000000 -0.21118838 5.18121147
v 0.03305572 -0.58036726 4.41756755
v 0.16968898 -0.52547866 4.14122097
v 0.16877008 -0.60909337 4.41570903
v 0.46694428 -0.58036726 4.41756755
v 0.33031102 -0.52547866 4.14122097
v 0.33122992 -0.60909337 4.41570903
v 0.25000000 -0.57646151 4.25141805
v 0.03305572 -0.01963274 4.41756755
v 0.16968898 -0.07452134 4.14122097
v 0.16877008 0.00909337 4.41570903
v 0.46694428 -0.01963274 4.41756755
v 0.33031102 -0.07452134 4.14122097
v 0.33122992 0.00909337 4.41570903
v 0.25000000 -0.02353849 4.25141805
v 0.25000000 -0.38881162 3.97878853
v 0.25000000 -0.21118838 3.97878853
v 0.59689024 -0.07183491 4.47961123
v 0.68133424 -0.21553513 4.30881965
v 0.54389263 -0.07633794 4.31417162
v 0.59689024 -0.52816509 4.47961123
v 0.68133424 -0.38446487 4.30881965
v 0.54389263 -0.52366206 4.31417162
v 0.37994596 -0.44101378 4.04083220
v 0.60102322 -0.35220216 4.14638720
v 0.46266270 -0.49103021 4.14988065
v 0.38143278 -0.35279945 3.98558968
v 0.59409548 -0.43823076 4.21263422
v 0.37994596 -0.15898622 4.04083220
v 0.60102322 -0.24779784 4.14638720
v 0.46266270 -0.10896979 4.14988065
v 0.38143278 -0.24720055 3.98558968
v 0.59409548 -0.16176924 4.21263422
v 0.51286556 -0.30000000 4.04834324
v 0.59689024 -0.07183491 4.68038877
v 0.68133424 -0.21553513 4.85118035
v 0.54389263 -0.07633794 4.84582838
v 0.67532540 -0.12913739 4.58000000
v 0.59689024 -0.52816509 4.68038877
v 0.68133424 -0.38446487 4.85118035
v 0.54389263 -0.52366206 4.84582838
v 0.67532540 -0.47086261 4.58000000
v 0.37994596 -0.44101378 5.11916780
v 0.60102322 -0.35220216 5.01361280
v 0.46266270 -0.49103021 5.01011935
v 0.38143278 -0.35279945 5.17441032
v 0.59409548 -0.43823076 4.94736578
v 0.37994596 -0.15898622 5.11916780
v 0.60102322 -0.24779784 5.01361280
v 0.46266270 -0.10896979 5.01011935
v 0.38143278 -0.24720055 5.17441032
v 0.59409548 -0.16176924 4.94736578
v 0.51286556 -0.30000000 5.11165676
v 0.73096918 -0.30000000 4.40920842
v 0.73096918 -0.30000000 4.75079158
v 0.72552826 -0.21456869 4.47846259
v 0.72552826 -0.38543131 4.47846259
v 0.72552826 -0.21456869 4.68153741
v 0.72552826 -0.38543131 4.68153741
v -0.09689024 -0.07183491 4.47961123
v -0.18133424 -0.21553513 4.30881965
v -0.04389263 -0.07633794 4.31417162
v -0.09689024 -0.52816509 4.47961123
v -0.18133424 -0.38446487 4.30881965
v -0.04389263 -0.52366206 4.31417162
v 0.12005404 -0.44101378 4.04083220
v -0.10102322 -0.35220216 4.14638720
v 0.03733730 -0.49103021 4.14988065
v 0.11856722 -0.35279945 3.98558968
v -0.09409548 -0.43823076 4.21263422
v 0.12005404 -0.15898622 4.04083220
v -0.10102322 -0.24779784 4.14638720
v 0.03733730 -0.10896979 4.14988065
v 0.11856722 -0.24720055 3.98558968
v -0.09409548 -0.16176924 4.21263422
v -0.01286556 -0.30000000 4.04834324
v -0.09689024 -0.07183491 4.68038877
v -0.18133424 -0.21553513 4.85118035
v -0.04389263 -0.07633794 4.84582838
v -0.17532540 -0.12913739 4.58000000
v -0.09689024 -0.52816509 4.68038877
v -0.18133424 -0.38446487 4.85118035
v -0.04389263 -0.52366206 4.84582838
v -0.17532540 -0.47086261 4.58000000
v 0.12005404 -0.44101378 5.11916780
v -0.10102322 -0.35220216 5.01361280
v 0.03733730 -0.49103021 5.01011935
v 0.11856722 -0.35279945 5.17441032
v -0.09409548 -0.43823076 4.94736578
v 0.12005404 -0.15898622 5.11916780
v -0.10102322 -0.24779784 5.01361280
v 0.03733730 -0.10896979 5.01011935
v 0.11856722 -0.24720055 5.17441032
v -0.09409548 -0.16176924 4.94736578
v -0.01286556 -0.30000000 5.11165676
v -0.23096918 -0.30000000 4.40920842
v -0.23096918 -0.30000000 4.75079158
v -0.22552826 -0.21456869 4.47846259
v -0.22552826 -0.38543131 4.47846259
v -0.22552826 -0.21456869 4.68153741
v -0.22552826 -0.38543131 4.68153741
v -0.73926320 -0.02094771 4.25000000
v -0.36073680 -0.02094771 4.25000000
v -0.73926320 -0.41905229 4.25000000
v -0.36073680 -0.41905229 4.25000000
v -0.55000000 -0.34302108 4.63279286
v -0.55000000 -0.09697892 4.63279286
v -0.55000000 -0.34302108 3.86720714
v -0.55000000 -0.09697892 3.86720714
v -0.24376571 -0.22000000 4.01342100
v -0.24376571 -0.22000000 4.48657900
v -0.85623429 -0.22000000 4.01342100
v -0.85623429 -0.22000000 4.48657900
v -0.55000000 0.01400000 4.25000000
v -0.55000000 -0.45400000 4.25000000
v -0.66124612 -0.40930998 4.47500000
v -0.43875388 -0.40930998 4.47500000
v -0.66124612 -0.03069002 4.47500000
v -0.43875388 -0.03069002 4.47500000
v -0.55000000 -0.22000000 4.70000000
v -0.66124612 -0.40930998 4.02500000
v -0.43875388 -0.40930998 4.02500000
v -0.66124612 -0.03069002 4.02500000
v -0.43875388 -0.03069002 4.02500000
v -0.55000000 -0.22000000 3.80000000
v -0.25875388 -0.10300000 4.11094235
v -0.25875388 -0.33700000 4.11094235
v -0.37000000 -0.29230998 3.88594235
v -0.37000000 -0.14769002 3.88594235
v -0.25875388 -0.10300000 4.38905765
v -0.25875388 -0.33700000 4.38905765
v -0.37000000 -0.29230998 4.61405765
v -0.37000000 -0.14769002 4.61405765
v -0.19000000 -0.22000000 4.25000000
v -0.84124612 -0.10300000 4.11094235
v -0.84124612 -0.33700000 4.11094235
v -0.73000000 -0.29230998 3.88594235
v -0.73000000 -0.14769002 3.88594235
v -0.84124612 -0.10300000 4.38905765
v -0.84124612 -0.33700000 4.38905765
v -0.73000000 -0.29230998 4.61405765
v -0.73000000 -0.14769002 4.61405765
v -0.91000000 -0.22000000 4.25000000
v -0.64837595 0.00509358 4.25000000
v -0.45162405 0.00509358 4.25000000
v -0.64837595 -0.44509358 4.25000000
v -0.45162405 -0.44509358 4.25000000
v -0.70619988 -0.42186442 4.36695136
v -0.60782393 -0.38234463 4.56592090
v -0.60848555 -0.44254722 4.36828950
v -0.39380012 -0.42186442 4.36695136
v -0.49217607 -0.38234463 4.56592090
v -0.49151445 -0.44254722 4.36828950
v -0.55000000 -0.41905229 4.48657900
v -0.70619988 -0.01813558 4.36695136
v -0.60782393 -0.05765537 4.56592090
v -0.60848555 0.00254722 4.36828950
v -0.39380012 -0.01813558 4.36695136
v -0.49217607 -0.05765537 4.56592090
v -0.49151445 0.00254722 4.36828950
v -0.55000000 -0.02094771 4.48657900
v -0.55000000 -0.28394437 4.68287226
v -0.55000000 -0.15605563 4.68287226
v -0.70619988 -0.42186442 4.13304864
v -0.60782393 -0.38234463 3.93407910
v -0.60848555 -0.44254722 4.13171050
v -0.39380012 -0.42186442 4.13304864
v -0.49217607 -0.38234463 3.93407910
v -0.49151445 -0.44254722 4.13171050
v -0.55000000 -0.41905229 4.01342100
v -0.70619988 -0.01813558 4.13304864
v -0.60782393 -0.05765537 3.93407910
v -0.60848555 0.00254722 4.13171050
v -0.39380012 -0.01813558 4.13304864
v -0.49217607 -0.05765537 3.93407910
v -0.49151445 0.00254722 4.13171050
v -0.55000000 -0.02094771 4.01342100
v -0.55000000 -0.28394437 3.81712774
v -0.55000000 -0.15605563 3.81712774
v -0.30023903 -0.05572113 4.17772008
v -0.23943935 -0.15918529 4.05475015
v -0.33839731 -0.05896332 4.05860357
v -0.30023903 -0.38427887 4.17772008
v -0.23943935 -0.28081471 4.05475015
v -0.33839731 -0.38103668 4.05860357
v -0.45643891 -0.32152992 3.86179918
v -0.29726328 -0.25758556 3.93779879
v -0.39688285 -0.35754175 3.94031407
v -0.45536840 -0.25801560 3.82202457
v -0.30225125 -0.31952614 3.98549664
v -0.45643891 -0.11847008 3.86179918
v -0.29726328 -0.18241444 3.93779879
v -0.39688285 -0.08245825 3.94031407
v -0.45536840 -0.18198440 3.82202457
v -0.30225125 -0.12047386 3.98549664
v -0.36073680 -0.22000000 3.86720714
v -0.30023903 -0.05572113 4.32227992
v -0.23943935 -0.15918529 4.44524985
v -0.33839731 -0.05896332 4.44139643
v -0.24376571 -0.09697892 4.25000000
v -0.30023903 -0.38427887 4.32227992
v -0.23943935 -0.28081471 4.44524985
v -0.33839731 -0.38103668 4.44139643
v -0.24376571 -0.34302108 4.25000000
v -0.45643891 -0.32152992 4.63820082
v -0.29726328 -0.25758556 4.56220121
v -0.39688285 -0.35754175 4.55968593
v -0.45536840 -0.25801560 4.67797543
v -0.30225125 -0.31952614 4.51450336
v -0.45643891 -0.11847008 4.63820082
v -0.29726328 -0.18241444 4.56220121
v -0.39688285 -0.08245825 4.55968593
v -0.45536840 -0.18198440 4.67797543
v -0.30225125 -0.12047386 4.51450336
v -0.36073680 -0.22000000 4.63279286
v -0.20370219 -0.22000000 4.12703006
v -0.20370219 -0.22000000 4.37296994
v -0.20761965 -0.15848946 4.17689307
v -0.20761965 -0.28151054 4.17689307
v -0.20761965 -0.15848946 4.32310693
v -0.20761965 -0.28151054 4.32310693
v -0.79976097 -0.05572113 4.17772008
v -0.86056065 -0.15918529 4.05475015
v -0.76160269 -0.05896332 4.05860357
v -0.79976097 -0.38427887 4.17772008
v -0.86056065 -0.28081471 4.05475015
v -0.76160269 -0.38103668 4.05860357
v -0.64356109 -0.32152992 3.86179918
v -0.80273672 -0.25758556 3.93779879
v -0.70311715 -0.35754175 3.94031407
v -0.64463160 -0.25801560 3.82202457
v -0.79774875 -0.31952614 3.98549664
v -0.64356109 -0.11847008 3.86179918
v -0.80273672 -0.18241444 3.93779879
v -0.70311715 -0.08245825 3.94031407
v -0.64463160 -0.18198440 3.82202457
v -0.79774875 -0.12047386 3.98549664
v -0.73926320 -0.22000000 3.86720714
v -0.79976097 -0.05572113 4.32227992
v -0.86056065 -0.15918529 4.44524985
v -0.76160269 -0.05896332 4.44139643
v -0.85623429 -0.09697892 4.25000000
v -0.79976097 -0.38427887 4.32227992
v -0.86056065 -0.28081471 4.44524985
v -0.76160269 -0.38103668 4.44139643
v -0.85623429 -0.34302108 4.25000000
v -0.64356109 -0.32152992 4.63820082
v -0.80273672 -0.25758556 4.56220121
v -0.70311715 -0.35754175 4.55968593
v -0.64463160 -0.25801560 4.67797543
v -0.79774875 -0.31952614 4.51450336
v -0.64356109 -0.11847008 4.63820082
v -0.80273672 -0.18241444 4.56220121
v -0.70311715 -0.08245825 4.55968593
v -0.64463160 -0.18198440 4.67797543
v -0.79774875 -0.12047386 4.51450336
v -0.73926320 -0.22000000 4.63279286
v -0.89629781 -0.22000000 4.12703006
v -0.89629781 -0.22000000 4.37296994
v -0.89238035 -0.15848946 4.17689307
v -0.89238035 -0.28151054 4.17689307
v -0.89238035 -0.15848946 4.32310693
v -0.89238035 -0.28151054 4.32310693
v 0.36073680 -0.02094771 4.28000000
v 0.73926320 -0.02094771 4.28000000
v 0.36073680 -0.41905229 4.28000000
v 0.73926320 -0.41905229 4.28000000
v 0.55000000 -0.34302108 4.66279286
v 0.55000000 -0.09697892 4.66279286
v 0.55000000 -0.34302108 3.89720714
v 0.55000000 -0.09697892 3.89720714
v 0.85623429 -0.22000000 4.04342100
v 0.85623429 -0.22000000 4.51657900
v 0.24376571 -0.22000000 4.04342100
v 0.24376571 -0.22000000 4.51657900
v 0.55000000 0.01400000 4.28000000
v 0.55000000 -0.45400000 4.28000000
v 0.43875388 -0.40930998 4.50500000
v 0.66124612 -0.40930998 4.50500000
v 0.43875388 -0.03069002 4.50500000
v 0.66124612 -0.03069002 4.50500000
v 0.55000000 -0.22000000 4.73000000
v 0.43875388 -0.40930998 4.05500000
v 0.66124612 -0.40930998 4.05500000
v 0.43875388 -0.03069002 4.05500000
v 0.66124612 -0.03069002 4.05500000
v 0.55000000 -0.22000000 3.83000000
v 0.84124612 -0.10300000 4.14094235
v 0.84124612 -0.33700000 4.14094235
v 0.73000000 -0.29230998 3.91594235
v 0.73000000 -0.14769002 3.91594235
v 0.84124612 -0.10300000 4.41905765
v 0.84124612 -0.33700000 4.41905765
v 0.73000000 -0.29230998 4.64405765
v 0.73000000 -0.14769002 4.64405765
v 0.91000000 -0.22000000 4.28000000
v 0.25875388 -0.10300000 4.14094235
v 0.25875388 -0.33700000 4.14094235
v 0.37000000 -0.29230998 3.91594235
v 0.37000000 -0.14769002 3.91594235
v 0.25875388 -0.10300000 4.41905765
v 0.25875388 -0.33700000 4.41905765
v 0.37000000 -0.29230998 4.64405765
v 0.37000000 -0.14769002 4.64405765
v 0.19000000 -0.22000000 4.28000000
v 0.45162405 0.00509358 4.28000000
v 0.64837595 0.00509358 4.28000000
v 0.45162405 -0.44509358 4.28000000
v 0.64837595 -0.44509358 4.28000000
v 0.39380012 -0.42186442 4.39695136
v 0.49217607 -0.38234463 4.59592090
v 0.49151445 -0.44254722 4.39828950
v 0.70619988 -0.42186442 4.39695136
v 0.60782393 -0.38234463 4.59592090
v 0.60848555 -0.44254722 4.39828950
v 0.55000000 -0.41905229 4.51657900
v 0.39380012 -0.01813558 4.39695136
v 0.49217607 -0.05765537 4.59592090
v 0.49151445 0.00254722 4.39828950
v 0.70619988 -0.01813558 4.39695136
v 0.60782393 -0.05765537 4.59592090
v 0.60848555 0.00254722 4.39828950
v 0.55000000 -0.02094771 4.51657900
v 0.55000000 -0.28394437 4.71287226
v 0.55000000 -0.15605563 4.71287226
v 0.39380012 -0.42186442 4.16304864
v 0.49217607 -0.38234463 3.96407910
v 0.49151445 -0.44254722 4.16171050
v 0.70619988 -0.42186442 4.16304864
v 0.60782393 -0.38234463 3.96407910
v 0.60848555 -0.44254722 4.16171050
v 0.55000000 -0.41905229 4.04342100
v 0.39380012 -0.01813558 4.16304864
v 0.49217607 -0.05765537 3.96407910
v 0.49151445 0.00254722 4.16171050
v 0.70619988 -0.01813558 4.16304864
v 0.60782393 -0.05765537 3.96407910
v 0.60848555 0.00254722 4.16171050
v 0.55000000 -0.02094771 4.04342100
v 0.55000000 -0.28394437 3.84712774
v 0.55000000 -0.15605563 3.84712774
v 0.79976097 -0.05572113 4.20772008
v 0.86056065 -0.15918529 4.08475015
v 0.76160269 -0.05896332 4.08860357
v 0.79976097 -0.38427887 4.20772008
v 0.86056065 -0.28081471 4.08475015
v 0.76160269 -0.38103668 4.08860357
v 0.64356109 -0.32152992 3.89179918
v 0.80273672 -0.25758556 3.96779879
v 0.70311715 -0.35754175 3.97031407
v 0.64463160 -0.25801560 3.85202457
v 0.79774875 -0.31952614 4.01549664
v 0.64356109 -0.11847008 3.89179918
v 0.80273672 -0.18241444 3.96779879
v 0.70311715 -0.08245825 3.97031407
v 0.64463160 -0.18198440 3.85202457
v 0.79774875 -0.12047386 4.01549664
v 0.73926320 -0.22000000 3.89720714
v 0.79976097 -0.05572113 4.35227992
v 0.86056065 -0.15918529 4.47524985
v 0.76160269 -0.05896332 4.47139643
v 0.85623429 -0.09697892 4.28000000
v 0.79976097 -0.38427887 4.35227992
v 0.86056065 -0.28081471 4.47524985
v 0.76160269 -0.38103668 4.47139643
v 0.85623429 -0.34302108 4.28000000
v 0.64356109 -0.32152992 4.66820082
v 0.80273672 -0.25758556 4.59220121
v 0.70311715 -0.35754175 4.58968593
v 0.64463160 -0.25801560 4.70797543
v 0.79774875 -0.31952614 4.54450336
v 0.64356109 -0.11847008 4.66820082
v 0.80273672 -0.18241444 4.59220121
v 0.70311715 -0.08245825 4.58968593
v 0.64463160 -0.18198440 4.70797543
v 0.79774875 -0.12047386 4.54450336
v 0.73926320 -0.22000000 4.66279286
v 0.89629781 -0.22000000 4.15703006
v 0.89629781 -0.22000000 4.40296994
v 0.89238035 -0.15848946 4.20689307
v 0.89238035 -0.28151054 4.20689307
v 0.89238035 -0.15848946 4.35310693
v 0.89238035 -0.28151054 4.35310693
v 0.30023903 -0.05572113 4.20772008
v 0.23943935 -0.15918529 4.08475015
v 0.33839731 -0.05896332 4.08860357
v 0.30023903 -0.38427887 4.20772008
v 0.23943935 -0.28081471 4.08475015
v 0.33839731 -0.38103668 4.08860357
v 0.45643891 -0.32152992 3.89179918
v 0.29726328 -0.25758556 3.96779879
v 0.39688285 -0.35754175 3.97031407
v 0.45536840 -0.25801560 3.85202457
v 0.30225125 -0.31952614 4.01549664
v 0.45643891 -0.11847008 3.89179918
v 0.29726328 -0.18241444 3.96779879
v 0.39688285 -0.08245825 3.97031407
v 0.45536840 -0.18198440 3.85202457
v 0.30225125 -0.12047386 4.01549664
v 0.36073680 -0.22000000 3.89720714
v 0.30023903 -0.05572113 4.35227992
v 0.23943935 -0.15918529 4.47524985
v 0.33839731 -0.05896332 4.47139643
v 0.24376571 -0.09697892 4.28000000
v 0.30023903 -0.38427887 4.35227992
v 0.23943935 -0.28081471 4.47524985
v 0.33839731 -0.38103668 4.47139643
v 0.24376571 -0.34302108 4.28000000
v 0.45643891 -0.32152992 4.66820082
v 0.29726328 -0.25758556 4.59220121
v 0.39688285 -0.35754175 4.58968593
v 0.45536840 -0.25801560 4.70797543
v 0.30225125 -0.31952614 4.54450336
v 0.45643891 -0.11847008 4.66820082
v 0.29726328 -0.18241444 4.59220121
v 0.39688285 -0.08245825 4.58968593
v 0.45536840 -0.18198440 4.70797543
v 0.30225125 -0.12047386 4.54450336
v 0.36073680 -0.22000000 4.66279286
v 0.20370219 -0.22000000 4.15703006
v 0.20370219 -0.22000000 4.40296994
v 0.20761965 -0.15848946 4.20689307
v 0.20761965 -0.28151054 4.20689307
v 0.20761965 -0.15848946 4.35310693
v 0.20761965 -0.28151054 4.35310693
v -0.84194740 0.02928922 4.05000000
v -0.55805260 0.02928922 4.05000000
v -0.84194740 -0.26928922 4.05000000
v -0.55805260 -0.26928922 4.05000000
v -0.70000000 -0.21226581 4.33709465
v -0.70000000 -0.02773419 4.33709465
v -0.70000000 -0.21226581 3.76290535
v -0.70000000 -0.02773419 3.76290535
v -0.47032428 -0.12000000 3.87256575
v -0.47032428 -0.12000000 4.22743425
v -0.92967572 -0.12000000 3.87256575
v -0.92967572 -0.12000000 4.22743425
v -0.70000000 0.05550000 4.05000000
v -0.70000000 -0.29550000 4.05000000
v -0.78343459 -0.26198248 4.21875000
v -0.61656541 -0.26198248 4.21875000
v -0.78343459 0.02198248 4.21875000
v -0.61656541 0.02198248 4.21875000
v -0.70000000 -0.12000000 4.38750000
v -0.78343459 -0.26198248 3.88125000
v -0.61656541 -0.26198248 3.88125000
v -0.78343459 0.02198248 3.88125000
v -0.61656541 0.02198248 3.88125000
v -0.70000000 -0.12000000 3.71250000
v -0.48156541 -0.03225000 3.94570676
v -0.48156541 -0.20775000 3.94570676
v -0.56500000 -0.17423248 3.77695676
v -0.56500000 -0.06576752 3.77695676
v -0.48156541 -0.03225000 4.15429324
v -0.48156541 -0.20775000 4.15429324
v -0.56500000 -0.17423248 4.32304324
v -0.56500000 -0.06576752 4.32304324
v -0.43000000 -0.12000000 4.05000000
v -0.91843459 -0.03225000 3.94570676
v -0.91843459 -0.20775000 3.94570676
v -0.83500000 -0.17423248 3.77695676
v -0.83500000 -0.06576752 3.77695676
v -0.91843459 -0.03225000 4.15429324
v -0.91843459 -0.20775000 4.15429324
v -0.83500000 -0.17423248 4.32304324
v -0.83500000 -0.06576752 4.32304324
v -0.97000000 -0.12000000 4.05000000
v -0.77378196 0.04882018 4.05000000
v -0.62621804 0.04882018 4.05000000
v -0.77378196 -0.28882018 4.05000000
v -0.62621804 -0.28882018 4.05000000
v -0.81714991 -0.27139832 4.13771352
v -0.74336795 -0.24175847 4.28694068
v -0.74386416 -0.28691042 4.13871713
v -0.58285009 -0.27139832 4.13771352
v -0.65663205 -0.24175847 4.28694068
v -0.65613584 -0.28691042 4.13871713
v -0.70000000 -0.26928922 4.22743425
v -0.81714991 0.03139832 4.13771352
v -0.74336795 0.00175847 4.28694068
v -0.74386416 0.04691042 4.13871713
v -0.58285009 0.03139832 4.13771352
v -0.65663205 0.00175847 4.28694068
v -0.65613584 0.04691042 4.13871713
v -0.70000000 0.02928922 4.22743425
v -0.70000000 -0.16795828 4.37465420
v -0.70000000 -0.07204172 4.37465420
v -0.81714991 -0.27139832 3.96228648
v -0.74336795 -0.24175847 3.81305932
v -0.74386416 -0.28691042 3.96128287
v -0.58285009 -0.27139832 3.96228648
v -0.65663205 -0.24175847 3.81305932
v -0.65613584 -0.28691042 3.96128287
v -0.70000000 -0.26928922 3.87256575
v -0.81714991 0.03139832 3.96228648
v -0.74336795 0.00175847 3.81305932
v -0.74386416 0.04691042 3.96128287
v -0.58285009 0.03139832 3.96228648
v -0.65663205 0.00175847 3.81305932
v -0.65613584 0.04691042 3.96128287
v -0.70000000 0.02928922 3.87256575
v -0.70000000 -0.16795828 3.72534580
v -0.70000000 -0.07204172 3.72534580
v -0.51267927 0.00320915 3.99579006
v -0.46707951 -0.07438897 3.90356261
v -0.54129798 0.00077751 3.90645268
v -0.51267927 -0.24320915 3.99579006
v -0.46707951 -0.16561103 3.90356261
v -0.54129798 -0.24077751 3.90645268
v -0.62982918 -0.19614744 3.75884939
v -0.51044746 -0.14818917 3.81584909
v -0.58516214 -0.22315631 3.81773555
v -0.62902630 -0.14851170 3.72901843
v -0.51418844 -0.19464461 3.85162248
v -0.62982918 -0.04385256 3.75884939
v -0.51044746 -0.09181083 3.81584909
v -0.58516214 -0.01684369 3.81773555
v -0.62902630 -0.09148830 3.72901843
v -0.51418844 -0.04535539 3.85162248
v -0.55805260 -0.12000000 3.76290535
v -0.51267927 0.00320915 4.10420994
v -0.46707951 -0.07438897 4.19643739
v -0.54129798 0.00077751 4.19354732
v -0.47032428 -0.02773419 4.05000000
v -0.51267927 -0.24320915 4.10420994
v -0.46707951 -0.16561103 4.19643739
v -0.54129798 -0.24077751 4.19354732
v -0.47032428 -0.21226581 4.05000000
v -0.62982918 -0.19614744 4.34115061
v -0.51044746 -0.14818917 4.28415091
v -0.58516214 -0.22315631 4.28226445
v -0.62902630 -0.14851170 4.37098157
v -0.51418844 -0.19464461 4.24837752
v -0.62982918 -0.04385256 4.34115061
v -0.51044746 -0.09181083 4.28415091
v -0.58516214 -0.01684369 4.28226445
v -0.62902630 -0.09148830 4.37098157
v -0.51418844 -0.04535539 4.24837752
v -0.55805260 -0.12000000 4.33709465
v -0.44027664 -0.12000000 3.95777255
v -0.44027664 -0.12000000 4.14222745
v -0.44321474 -0.07386709 3.99516980
v -0.44321474 -0.16613291 3.99516980
v -0.44321474 -0.07386709 4.10483020
v -0.44321474 -0.16613291 4.10483020
v -0.88732073 0.00320915 3.99579006
v -0.93292049 -0.07438897 3.90356261
v -0.85870202 0.00077751 3.90645268
v -0.88732073 -0.24320915 3.99579006
v -0.93292049 -0.16561103 3.90356261
v -0.85870202 -0.24077751 3.90645268
v -0.77017082 -0.19614744 3.75884939
v -0.88955254 -0.14818917 3.81584909
v -0.81483786 -0.22315631 3.81773555
v -0.77097370 -0.14851170 3.72901843
v -0.88581156 -0.19464461 3.85162248
v -0.77017082 -0.04385256 3.75884939
v -0.88955254 -0.09181083 3.81584909
v -0.81483786 -0.01684369 3.81773555
v -0.77097370 -0.09148830 3.72901843
v -0.88581156 -0.04535539 3.85162248
v -0.84194740 -0.12000000 3.76290535
v -0.88732073 0.00320915 4.10420994
v -0.93292049 -0.07438897 4.19643739
v -0.85870202 0.00077751 4.19354732
v -0.92967572 -0.02773419 4.05000000
v -0.88732073 -0.24320915 4.10420994
v -0.93292049 -0.16561103 4.19643739
v -0.85870202 -0.24077751 4.19354732
v -0.92967572 -0.21226581 4.05000000
v -0.77017082 -0.19614744 4.34115061
v -0.88955254 -0.14818917 4.28415091
v -0.81483786 -0.22315631 4.28226445
v -0.77097370 -0.14851170 4.37098157
v -0.88581156 -0.19464461 4.24837752
v -0.77017082 -0.04385256 4.34115061
v -0.88955254 -0.09181083 4.28415091
v -0.81483786 -0.01684369 4.28226445
v -0.77097370 -0.09148830 4.37098157
v -0.88581156 -0.04535539 4.24837752
v -0.84194740 -0.12000000 4.33709465
v -0.95972336 -0.12000000 3.95777255
v -0.95972336 -0.12000000 4.14222745
v -0.95678526 -0.07386709 3.99516980
v -0.95678526 -0.16613291 3.99516980
v -0.95678526 -0.07386709 4.10483020
v -0.95678526 -0.16613291 4.10483020
v 0.55805260 0.02928922 4.05000000
v 0.84194740 0.02928922 4.05000000
v 0.55805260 -0.26928922 4.05000000
v 0.84194740 -0.26928922 4.05000000
v 0.70000000 -0.21226581 4.33709465
v 0.70000000 -0.02773419 4.33709465
v 0.70000000 -0.21226581 3.76290535
v 0.70000000 -0.02773419 3.76290535
v 0.92967572 -0.12000000 3.87256575
v 0.92967572 -0.12000000 4.22743425
v 0.47032428 -0.12000000 3.87256575
v 0.47032428 -0.12000000 4.22743425
v 0.70000000 0.05550000 4.05000000
v 0.70000000 -0.29550000 4.05000000
v 0.61656541 -0.26198248 4.21875000
v 0.78343459 -0.26198248 4.21875000
v 0.61656541 0.02198248 4.21875000
v 0.78343459 0.02198248 4.21875000
v 0.70000000 -0.12000000 4.38750000
v 0.61656541 -0.26198248 3.88125000
v 0.78343459 -0.26198248 3.88125000
v 0.61656541 0.02198248 3.88125000
v 0.78343459 0.02198248 3.88125000
v 0.70000000 -0.12000000 3.71250000
v 0.91843459 -0.03225000 3.94570676
v 0.91843459 -0.20775000 3.94570676
v 0.83500000 -0.17423248 3.77695676
v 0.83500000 -0.06576752 3.77695676
v 0.91843459 -0.03225000 4.15429324
v 0.91843459 -0.20775000 4.15429324
v 0.83500000 -0.17423248 4.32304324
v 0.83500000 -0.06576752 4.32304324
v 0.97000000 -0.12000000 4.05000000
v 0.48156541 -0.03225000 3.94570676
v 0.48156541 -0.20775000 3.94570676
v 0.56500000 -0.17423248 3.77695676
v 0.56500000 -0.06576752 3.77695676
v 0.48156541 -0.03225000 4.15429324
v 0.48156541 -0.20775000 4.15429324
v 0.56500000 -0.17423248 4.32304324
v 0.56500000 -0.06576752 4.32304324
v 0.43000000 -0.12000000 4.05000000
v 0.62621804 0.04882018 4.05000000
v 0.77378196 0.04882018 4.05000000
v 0.62621804 -0.28882018 4.05000000
v 0.77378196 -0.28882018 4.05000000
v 0.58285009 -0.27139832 4.13771352
v 0.65663205 -0.24175847 4.28694068
v 0.65613584 -0.28691042 4.13871713
v 0.81714991 -0.27139832 4.13771352
v 0.74336795 -0.24175847 4.28694068
v 0.74386416 -0.28691042 4.13871713
v 0.70000000 -0.26928922 4.22743425
v 0.58285009 0.03139832 4.13771352
v 0.65663205 0.00175847 4.28694068
v 0.65613584 0.04691042 4.13871713
v 0.81714991 0.03139832 4.13771352
v 0.74336795 0.00175847 4.28694068
v 0.74386416 0.04691042 4.13871713
v 0.70000000 0.02928922 4.22743425
v 0.70000000 -0.16795828 4.37465420
v 0.70000000 -0.07204172 4.37465420
v 0.58285009 -0.27139832 3.96228648
v 0.65663205 -0.24175847 3.81305932
v 0.65613584 -0.28691042 3.96128287
v 0.81714991 -0.27139832 3.96228648
v 0.74336795 -0.24175847 3.81305932
v 0.74386416 -0.28691042 3.96128287
v 0.70000000 -0.26928922 3.87256575
v 0.58285009 0.03139832 3.96228648
v 0.65663205 0.00175847 3.81305932
v 0.65613584 0.04691042 3.96128287
v 0.81714991 0.03139832 3.96228648
v 0.74336795 0.00175847 3.81305932
v 0.74386416 0.04691042 3.96128287
v 0.70000000 0.02928922 3.87256575
v 0.70000000 -0.16795828 3.72534580
v 0.70000000 -0.07204172 3.72534580
v 0.88732073 0.00320915 3.99579006
v 0.93292049 -0.07438897 3.90356261
v 0.85870202 0.00077751 3.90645268
v 0.88732073 -0.24320915 3.99579006
v 0.93292049 -0.16561103 3.90356261
v 0.85870202 -0.24077751 3.90645268
v 0.77017082 -0.19614744 3.75884939
v 0.88955254 -0.14818917 3.81584909
v 0.81483786 -0.22315631 3.81773555
v 0.77097370 -0.14851170 3.72901843
v 0.88581156 -0.19464461 3.85162248
v 0.77017082 -0.04385256 3.75884939
v 0.88955254 -0.09181083 3.81584909
v 0.81483786 -0.01684369 3.81773555
v 0.77097370 -0.09148830 3.72901843
v 0.88581156 -0.04535539 3.85162248
v 0.84194740 -0.12000000 3.76290535
v 0.88732073 0.00320915 4.10420994
v 0.93292049 -0.07438897 4.19643739
v 0.85870202 0.00077751 4.19354732
v 0.92967572 -0.02773419 4.05000000
v 0.88732073 -0.24320915 4.10420994
v 0.93292049 -0.16561103 4.19643739
v 0.85870202 -0.24077751 4.19354732
v 0.92967572 -0.21226581 4.05000000
v 0.77017082 -0.19614744 4.34115061
v 0.88955254 -0.14818917 4.28415091
v 0.81483786 -0.22315631 4.28226445
v 0.77097370 -0.14851170 4.37098157
v 0.88581156 -0.19464461 4.24837752
v 0.77017082 -0.04385256 4.34115061
v 0.88955254 -0.09181083 4.28415091
v 0.81483786 -0.01684369 4.28226445
v 0.77097370 -0.09148830 4.37098157
v 0.88581156 -0.04535539 4.24837752
v 0.84194740 -0.12000000 4.33709465
v 0.95972336 -0.12000000 3.95777255
v 0.95972336 -0.12000000 4.14222745
v 0.95678526 -0.07386709 3.99516980
v 0.95678526 -0.16613291 3.99516980
v 0.95678526 -0.07386709 4.10483020
v 0.95678526 -0.16613291 4.10483020
v 0.51267927 0.00320915 3.99579006
v 0.46707951 -0.07438897 3.90356261
v 0.54129798 0.00077751 3.90645268
v 0.51267927 -0.24320915 3.99579006
v 0.46707951 -0.16561103 3.90356261
v 0.54129798 -0.24077751 3.90645268
v 0.62982918 -0.19614744 3.75884939
v 0.51044746 -0.14818917 3.81584909
v 0.58516214 -0.22315631 3.81773555
v 0.62902630 -0.14851170 3.72901843
v 0.51418844 -0.19464461 3.85162248
v 0.62982918 -0.04385256 3.75884939
v 0.51044746 -0.09181083 3.81584909
v 0.58516214 -0.01684369 3.81773555
v 0.62902630 -0.09148830 3.72901843
v 0.51418844 -0.04535539 3.85162248
v 0.55805260 -0.12000000 3.76290535
v 0.51267927 0.00320915 4.10420994
v 0.46707951 -0.07438897 4.19643739
v 0.54129798 0.00077751 4.19354732
v 0.47032428 -0.02773419 4.05000000
v 0.51267927 -0.24320915 4.10420994
v 0.46707951 -0.16561103 4.19643739
v 0.54129798 -0.24077751 4.19354732
v 0.47032428 -0.21226581 4.05000000
v 0.62982918 -0.19614744 4.34115061
v 0.51044746 -0.14818917 4.28415091
v 0.58516214 -0.22315631 4.28226445
v 0.62902630 -0.14851170 4.37098157
v 0.51418844 -0.19464461 4.24837752
v 0.62982918 -0.04385256 4.34115061
v 0.51044746 -0.09181083 4.28415091
v 0.58516214 -0.01684369 4.28226445
v 0.62902630 -0.09148830 4.37098157
v 0.51418844 -0.04535539 4.24837752
v 0.55805260 -0.12000000 4.33709465
v 0.44027664 -0.12000000 3.95777255
v 0.44027664 -0.12000000 4.14222745
v 0.44321474 -0.07386709 3.99516980
v 0.44321474 -0.16613291 3.99516980
v 0.44321474 -0.07386709 4.10483020
v 0.44321474 -0.16613291 4.10483020
v -0.61823396 0.02693537 4.85000000
v -0.28176604 0.02693537 4.85000000
v -0.61823396 -0.32693537 4.85000000
v -0.28176604 -0.32693537 4.85000000
v -0.45000000 -0.25935207 5.19026032
v -0.45000000 -0.04064793 5.19026032
v -0.45000000 -0.25935207 4.50973968
v -0.45000000 -0.04064793 4.50973968
v -0.17779174 -0.15000000 4.63970756
v -0.17779174 -0.15000000 5.06029244
v -0.72220826 -0.15000000 4.63970756
v -0.72220826 -0.15000000 5.06029244
v -0.45000000 0.05800000 4.85000000
v -0.45000000 -0.35800000 4.85000000
v -0.54888544 -0.31827553 5.05000000
v -0.35111456 -0.31827553 5.05000000
v -0.54888544 0.01827553 5.05000000
v -0.35111456 0.01827553 5.05000000
v -0.45000000 -0.15000000 5.25000000
v -0.54888544 -0.31827553 4.65000000
v -0.35111456 -0.31827553 4.65000000
v -0.54888544 0.01827553 4.65000000
v -0.35111456 0.01827553 4.65000000
v -0.45000000 -0.15000000 4.45000000
v -0.19111456 -0.04600000 4.72639320
v -0.19111456 -0.25400000 4.72639320
v -0.29000000 -0.21427553 4.52639320
v -0.29000000 -0.08572447 4.52639320
v -0.19111456 -0.04600000 4.97360680
v -0.19111456 -0.25400000 4.97360680
v -0.29000000 -0.21427553 5.17360680
v -0.29000000 -0.08572447 5.17360680
v -0.13000000 -0.15000000 4.85000000
v -0.70888544 -0.04600000 4.72639320
v -0.70888544 -0.25400000 4.72639320
v -0.61000000 -0.21427553 4.52639320
v -0.61000000 -0.08572447 4.52639320
v -0.70888544 -0.04600000 4.97360680
v -0.70888544 -0.25400000 4.97360680
v -0.61000000 -0.21427553 5.17360680
v -0.61000000 -0.08572447 5.17360680
v -0.77000000 -0.15000000 4.85000000
v -0.53744529 0.05008318 4.85000000
v -0.36255471 0.05008318 4.85000000
v -0.53744529 -0.35008318 4.85000000
v -0.36255471 -0.35008318 4.85000000
v -0.58884434 -0.32943504 4.95395677
v -0.50139905 -0.29430634 5.13081858
v -0.50198715 -0.34781976 4.95514622
v -0.31115566 -0.32943504 4.95395677
v -0.39860095 -0.29430634 5.13081858
v -0.39801285 -0.34781976 4.95514622
v -0.45000000 -0.32693537 5.06029244
v -0.58884434 0.02943504 4.95395677
v -0.50139905 -0.00569366 5.13081858
v -0.50198715 0.04781976 4.95514622
v -0.31115566 0.02943504 4.95395677
v -0.39860095 -0.00569366 5.13081858
v -0.39801285 0.04781976 4.95514622
v -0.45000000 0.02693537 5.06029244
v -0.45000000 -0.20683944 5.23477534
v -0.45000000 -0.09316056 5.23477534
v -0.58884434 -0.32943504 4.74604323
v -0.50139905 -0.29430634 4.56918142
v -0.50198715 -0.34781976 4.74485378
v -0.31115566 -0.32943504 4.74604323
v -0.39860095 -0.29430634 4.56918142
v -0.39801285 -0.34781976 4.74485378
v -0.45000000 -0.32693537 4.63970756
v -0.58884434 0.02943504 4.74604323
v -0.50139905 -0.00569366 4.56918142
v -0.50198715 0.04781976 4.74485378
v -0.31115566 0.02943504 4.74604323
v -0.39860095 -0.00569366 4.56918142
v -0.39801285 0.04781976 4.74485378
v -0.45000000 0.02693537 4.63970756
v -0.45000000 -0.20683944 4.46522466
v -0.45000000 -0.09316056 4.46522466
v -0.22799025 -0.00397434 4.78575119
v -0.17394609 -0.09594248 4.67644457
v -0.26190872 -0.00685628 4.67986984
v -0.22799025 -0.29602566 4.78575119
v -0.17394609 -0.20405752 4.67644457
v -0.26190872 -0.29314372 4.67986984
v -0.36683459 -0.24024882 4.50493261
v -0.22534514 -0.18340938 4.57248781
v -0.31389587 -0.27225933 4.57472362
v -0.36588302 -0.18379165 4.46957739
v -0.22977889 -0.23846768 4.61488590
v -0.36683459 -0.05975118 4.50493261
v -0.22534514 -0.11659062 4.57248781
v -0.31389587 -0.02774067 4.57472362
v -0.36588302 -0.11620835 4.46957739
v -0.22977889 -0.06153232 4.61488590
v -0.28176604 -0.15000000 4.50973968
v -0.22799025 -0.00397434 4.91424881
v -0.17394609 -0.09594248 5.02355543
v -0.26190872 -0.00685628 5.02013016
v -0.17779174 -0.04064793 4.85000000
v -0.22799025 -0.29602566 4.91424881
v -0.17394609 -0.20405752 5.02355543
v -0.26190872 -0.29314372 5.02013016
v -0.17779174 -0.25935207 4.85000000
v -0.36683459 -0.24024882 5.19506739
v -0.22534514 -0.18340938 5.12751219
v -0.31389587 -0.27225933 5.12527638
v -0.36588302 -0.18379165 5.23042261
v -0.22977889 -0.23846768 5.08511410
v -0.36683459 -0.05975118 5.19506739
v -0.22534514 -0.11659062 5.12751219
v -0.31389587 -0.02774067 5.12527638
v -0.36588302 -0.11620835 5.23042261
v -0.22977889 -0.06153232 5.08511410
v -0.28176604 -0.15000000 5.19026032
v -0.14217973 -0.15000000 4.74069339
v -0.14217973 -0.15000000 4.95930661
v -0.14566191 -0.09532396 4.78501606
v -0.14566191 -0.20467604 4.78501606
v -0.14566191 -0.09532396 4.91498394
v -0.14566191 -0.20467604 4.91498394
v -0.67200975 -0.00397434 4.78575119
v -0.72605391 -0.09594248 4.67644457
v -0.63809128 -0.00685628 4.67986984
v -0.67200975 -0.29602566 4.78575119
v -0.72605391 -0.20405752 4.67644457
v -0.63809128 -0.29314372 4.67986984
v -0.53316541 -0.24024882 4.50493261
v -0.67465486 -0.18340938 4.57248781
v -0.58610413 -0.27225933 4.57472362
v -0.53411698 -0.18379165 4.46957739
v -0.67022111 -0.23846768 4.61488590
v -0.53316541 -0.05975118 4.50493261
v -0.67465486 -0.11659062 4.57248781
v -0.58610413 -0.02774067 4.57472362
v -0.53411698 -0.11620835 4.46957739
v -0.67022111 -0.06153232 4.61488590
v -0.61823396 -0.15000000 4.50973968
v -0.67200975 -0.00397434 4.91424881
v -0.72605391 -0.09594248 5.02355543
v -0.63809128 -0.00685628 5.02013016
v -0.72220826 -0.04064793 4.85000000
v -0.67200975 -0.29602566 4.91424881
v -0.72605391 -0.20405752 5.02355543
v -0.63809128 -0.29314372 5.02013016
v -0.72220826 -0.25935207 4.85000000
v -0.53316541 -0.24024882 5.19506739
v -0.67465486 -0.18340938 5.12751219
v -0.58610413 -0.27225933 5.12527638
v -0.53411698 -0.18379165 5.23042261
v -0.67022111 -0.23846768 5.08511410
v -0.53316541 -0.05975118 5.19506739
v -0.67465486 -0.11659062 5.12751219
v -0.58610413 -0.02774067 5.12527638
v -0.53411698 -0.11620835 5.23042261
v -0.67022111 -0.06153232 5.08511410
v -0.61823396 -0.15000000 5.19026032
v -0.75782027 -0.15000000 4.74069339
v -0.75782027 -0.15000000 4.95930661
v -0.75433809 -0.09532396 4.78501606
v -0.75433809 -0.20467604 4.78501606
v -0.75433809 -0.09532396 4.91498394
v -0.75433809 -0.20467604 4.91498394
v 0.28176604 0.02693537 4.85000000
v 0.61823396 0.02693537 4.85000000
v 0.28176604 -0.32693537 4.85000000
v 0.61823396 -0.32693537 4.85000000
v 0.45000000 -0.25935207 5.19026032
v 0.45000000 -0.04064793 5.19026032
v 0.45000000 -0.25935207 4.50973968
v 0.45000000 -0.04064793 4.50973968
v 0.72220826 -0.15000000 4.63970756
v 0.72220826 -0.15000000 5.06029244
v 0.17779174 -0.15000000 4.63970756
v 0.17779174 -0.15000000 5.06029244
v 0.45000000 0.05800000 4.85000000
v 0.45000000 -0.35800000 4.85000000
v 0.35111456 -0.31827553 5.05000000
v 0.54888544 -0.31827553 5.05000000
v 0.35111456 0.01827553 5.05000000
v 0.54888544 0.01827553 5.05000000
v 0.45000000 -0.15000000 5.25000000
v 0.35111456 -0.31827553 4.65000000
v 0.54888544 -0.31827553 4.65000000
v 0.35111456 0.01827553 4.65000000
v 0.54888544 0.01827553 4.65000000
v 0.45000000 -0.15000000 4.45000000
v 0.70888544 -0.04600000 4.72639320
v 0.70888544 -0.25400000 4.72639320
v 0.61000000 -0.21427553 4.52639320
v 0.61000000 -0.08572447 4.52639320
v 0.70888544 -0.04600000 4.97360680
v 0.70888544 -0.25400000 4.97360680
v 0.61000000 -0.21427553 5.17360680
v 0.61000000 -0.08572447 5.17360680
v 0.77000000 -0.15000000 4.85000000
v 0.19111456 -0.04600000 4.72639320
v 0.19111456 -0.25400000 4.72639320
v 0.29000000 -0.21427553 4.52639320
v 0.29000000 -0.08572447 4.52639320
v 0.19111456 -0.04600000 4.97360680
v 0.19111456 -0.25400000 4.97360680
v 0.29000000 -0.21427553 5.17360680
v 0.29000000 -0.08572447 5.17360680
v 0.13000000 -0.15000000 4.85000000
v 0.36255471 0.05008318 4.85000000
v 0.53744529 0.05008318 4.85000000
v 0.36255471 -0.35008318 4.85000000
v 0.53744529 -0.35008318 4.85000000
v 0.31115566 -0.32943504 4.95395677
v 0.39860095 -0.29430634 5.13081858
v 0.39801285 -0.34781976 4.95514622
v 0.58884434 -0.32943504 4.95395677
v 0.50139905 -0.29430634 5.13081858
v 0.50198715 -0.34781976 4.95514622
v 0.45000000 -0.32693537 5.06029244
v 0.31115566 0.02943504 4.95395677
v 0.39860095 -0.00569366 5.13081858
v 0.39801285 0.04781976 4.95514622
v 0.58884434 0.02943504 4.95395677
v 0.50139905 -0.00569366 5.13081858
v 0.50198715 0.04781976 4.95514622
v 0.45000000 0.02693537 5.06029244
v 0.45000000 -0.20683944 5.23477534
v 0.45000000 -0.09316056 5.23477534
v 0.31115566 -0.32943504 4.74604323
v 0.39860095 -0.29430634 4.56918142
v 0.39801285 -0.34781976 4.74485378
v 0.58884434 -0.32943504 4.74604323
v 0.50139905 -0.29430634 4.56918142
v 0.50198715 -0.34781976 4.74485378
v 0.45000000 -0.32693537 4.63970756
v 0.31115566 0.02943504 4.74604323
v 0.39860095 -0.00569366 4.56918142
v 0.39801285 0.04781976 4.74485378
v 0.58884434 0.02943504 4.74604323
v 0.50139905 -0.00569366 4.56918142
v 0.50198715 0.04781976 4.74485378
v 0.45000000 0.02693537 4.63970756
v 0.45000000 -0.20683944 4.46522466
v 0.45000000 -0.09316056 4.46522466
v 0.67200975 -0.00397434 4.78575119
v 0.72605391 -0.09594248 4.67644457
v 0.63809128 -0.00685628 4.67986984
v 0.67200975 -0.29602566 4.78575119
v 0.72605391 -0.20405752 4.67644457
v 0.63809128 -0.29314372 4.67986984
v 0.53316541 -0.24024882 4.50493261
v 0.67465486 -0.18340938 4.57248781
v 0.58610413 -0.27225933 4.57472362
v 0.53411698 -0.18379165 4.46957739
v 0.67022111 -0.23846768 4.61488590
v 0.53316541 -0.05975118 4.50493261
v 0.67465486 -0.11659062 4.57248781
v 0.58610413 -0.02774067 4.57472362
v 0.53411698 -0.11620835 4.46957739
v 0.67022111 -0.06153232 4.61488590
v 0.61823396 -0.15000000 4.50973968
v 0.67200975 -0.00397434 4.91424881
v 0.72605391 -0.09594248 5.02355543
v 0.63809128 -0.00685628 5.02013016
v 0.72220826 -0.04064793 4.85000000
v 0.67200975 -0.29602566 4.91424881
v 0.72605391 -0.20405752 5.02355543
v 0.63809128 -0.29314372 5.02013016
v 0.72220826 -0.25935207 4.85000000
v 0.53316541 -0.24024882 5.19506739
v 0.67465486 -0.18340938 5.12751219
v 0.58610413 -0.27225933 5.12527638
v 0.53411698 -0.18379165 5.23042261
v 0.67022111 -0.23846768 5.08511410
v 0.53316541 -0.05975118 5.19506739
v 0.67465486 -0.11659062 5.12751219
v 0.58610413 -0.02774067 5.12527638
v 0.53411698 -0.11620835 5.23042261
v 0.67022111 -0.06153232 5.08511410
v 0.61823396 -0.15000000 5.19026032
v 0.75782027 -0.15000000 4.74069339
v 0.75782027 -0.15000000 4.95930661
v 0.75433809 -0.09532396 4.78501606
v 0.75433809 -0.20467604 4.78501606
v 0.75433809 -0.09532396 4.91498394
v 0.75433809 -0.20467604 4.91498394
v 0.22799025 -0.00397434 4.78575119
v 0.17394609 -0.09594248 4.67644457
v 0.26190872 -0.00685628 4.67986984
v 0.22799025 -0.29602566 4.78575119
v 0.17394609 -0.20405752 4.67644457
v 0.26190872 -0.29314372 4.67986984
v 0.36683459 -0.24024882 4.50493261
v 0.22534514 -0.18340938 4.57248781
v 0.31389587 -0.27225933 4.57472362
v 0.36588302 -0.18379165 4.46957739
v 0.22977889 -0.23846768 4.61488590
v 0.36683459 -0.05975118 4.50493261
v 0.22534514 -0.11659062 4.57248781
v 0.31389587 -0.02774067 4.57472362
v 0.36588302 -0.11620835 4.46957739
v 0.22977889 -0.06153232 4.61488590
v 0.28176604 -0.15000000 4.50973968
v 0.22799025 -0.00397434 4.91424881
v 0.17394609 -0.09594248 5.02355543
v 0.26190872 -0.00685628 5.02013016
v 0.17779174 -0.04064793 4.85000000
v 0.22799025 -0.29602566 4.91424881
v 0.17394609 -0.20405752 5.02355543
v 0.26190872 -0.29314372 5.02013016
v 0.17779174 -0.25935207 4.85000000
v 0.36683459 -0.24024882 5.19506739
v 0.22534514 -0.18340938 5.12751219
v 0.31389587 -0.27225933 5.12527638
v 0.36588302 -0.18379165 5.23042261
v 0.22977889 -0.23846768 5.08511410
v 0.36683459 -0.05975118 5.19506739
v 0.22534514 -0.11659062 5.12751219
v 0.31389587 -0.02774067 5.12527638
v 0.36588302 -0.11620835 5.23042261
v 0.22977889 -0.06153232 5.08511410
v 0.28176604 -0.15000000 5.19026032
v 0.14217973 -0.15000000 4.74069339
v 0.14217973 -0.15000000 4.95930661
v 0.14566191 -0.09532396 4.78501606
v 0.14566191 -0.20467604 4.78501606
v 0.14566191 -0.09532396 4.91498394
v 0.14566191 -0.20467604 4.91498394
v -0.26671365 -0.27659743 4.69701283
v -0.23232351 -0.32537812 4.70315800
v -0.29889621 -0.45218325 4.06913234
v -0.33328635 -0.40340257 4.06298717
v -0.27688930 -0.33436542 4.70963487
v -0.34346200 -0.46117055 4.07560921
v -0.31549434 -0.30951302 4.70871792
v -0.38206703 -0.43631815 4.07469226
v -0.32552431 -0.26537912 4.70094428
v -0.39209700 -0.39218425 4.06691863
v -0.30110379 -0.22781675 4.69086766
v -0.36767649 -0.35462188 4.05684200
v -0.25653800 -0.21882945 4.68439079
v -0.32311070 -0.34563458 4.05036513
v -0.21793297 -0.24368185 4.68530774
v -0.28450566 -0.37048698 4.05128208
v -0.20790300 -0.28781575 4.69308137
v -0.27447569 -0.41462088 4.05905572
v -0.13329097 -0.27634655 4.69826726
v -0.08094655 -0.30551068 4.70135200
v -0.11436462 -0.43281758 4.06481749
v -0.16670903 -0.40365345 4.06173274
v -0.11690003 -0.33310288 4.70875800
v -0.15031809 -0.46040979 4.07222349
v -0.16245510 -0.32744800 4.71001866
v -0.19587316 -0.45475490 4.07348415
v -0.19092621 -0.29185857 4.70439551
v -0.22434428 -0.41916548 4.06786100
v -0.18563538 -0.24718242 4.69518251
v -0.21905345 -0.37448932 4.05864800
v -0.14968191 -0.21959021 4.68777651
v -0.18309997 -0.34689712 4.05124200
v -0.10412684 -0.22524510 4.68651585
v -0.13754490 -0.35255200 4.04998134
v -0.07565572 -0.26083452 4.69213900
v -0.10907379 -0.38814143 4.05560449
v 0.00000000 -0.27626226 4.69868872
v 0.06000000 -0.27626226 4.69868872
v 0.06000000 -0.40373774 4.06131128
v 0.00000000 -0.40373774 4.06131128
v 0.04242641 -0.31786477 4.70700922
v 0.04242641 -0.44534026 4.06963178
v 0.00000000 -0.33509710 4.71045569
v 0.00000000 -0.46257258 4.07307825
v -0.04242641 -0.31786477 4.70700922
v -0.04242641 -0.44534026 4.06963178
v -0.06000000 -0.27626226 4.69868872
v -0.06000000 -0.40373774 4.06131128
v -0.04242641 -0.23465974 4.69036822
v -0.04242641 -0.36213523 4.05299078
v -0.00000000 -0.21742742 4.68692175
v -0.00000000 -0.34490290 4.04954431
v 0.04242641 -0.23465974 4.69036822
v 0.04242641 -0.36213523 4.05299078
v 0.13329097 -0.27634655 4.69826726
v 0.18563538 -0.24718242 4.69518251
v 0.21905345 -0.37448932 4.05864800
v 0.16670903 -0.40365345 4.06173274
v 0.19092621 -0.29185857 4.70439551
v 0.22434428 -0.41916548 4.06786100
v 0.16245510 -0.32744800 4.71001866
v 0.19587316 -0.45475490 4.07348415
v 0.11690003 -0.33310288 4.70875800
v 0.15031809 -0.46040979 4.07222349
v 0.08094655 -0.30551068 4.70135200
v 0.11436462 -0.43281758 4.06481749
v 0.07565572 -0.26083452 4.69213900
v 0.10907379 -0.38814143 4.05560449
v 0.10412684 -0.22524510 4.68651585
v 0.13754490 -0.35255200 4.04998134
v 0.14968191 -0.21959021 4.68777651
v 0.18309997 -0.34689712 4.05124200
v 0.26671365 -0.27659743 4.69701283
v 0.30110379 -0.22781675 4.69086766
v 0.36767649 -0.35462188 4.05684200
v 0.33328635 -0.40340257 4.06298717
v 0.32552431 -0.26537912 4.70094428
v 0.39209700 -0.39218425 4.06691863
v 0.31549434 -0.30951302 4.70871792
v 0.38206703 -0.43631815 4.07469226
v 0.27688930 -0.33436542 4.70963487
v 0.34346200 -0.46117055 4.07560921
v 0.23232351 -0.32537812 4.70315800
v 0.29889621 -0.45218325 4.06913234
v 0.20790300 -0.28781575 4.69308137
v 0.27447569 -0.41462088 4.05905572
v 0.21793297 -0.24368185 4.68530774
v 0.28450566 -0.37048698 4.05128208
v 0.25653800 -0.21882945 4.68439079
v 0.32311070 -0.34563458 4.05036513
v 1.80279529 0.35818223 2.82000000
v 2.09720471 0.35818223 2.82000000
v 1.80279529 -0.11818223 2.82000000
v 2.09720471 -0.11818223 2.82000000
v 1.95000000 -0.02720471 3.05818223
v 1.95000000 0.26720471 3.05818223
v 1.95000000 -0.02720471 2.58181777
v 1.95000000 0.26720471 2.58181777
v 2.18818223 0.12000000 2.67279529
v 2.18818223 0.12000000 2.96720471
v 1.71181777 0.12000000 2.67279529
v 1.71181777 0.12000000 2.96720471
v 1.95000000 0.40000000 2.82000000
v 1.95000000 -0.16000000 2.82000000
v 1.86347524 -0.10652476 2.96000000
v 2.03652476 -0.10652476 2.96000000
v 1.86347524 0.34652476 2.96000000
v 2.03652476 0.34652476 2.96000000
v 1.95000000 0.12000000 3.10000000
v 1.86347524 -0.10652476 2.68000000
v 2.03652476 -0.10652476 2.68000000
v 1.86347524 0.34652476 2.68000000
v 2.03652476 0.34652476 2.68000000
v 1.95000000 0.12000000 2.54000000
v 2.17652476 0.26000000 2.73347524
v 2.17652476 -0.02000000 2.73347524
v 2.09000000 0.03347524 2.59347524
v 2.09000000 0.20652476 2.59347524
v 2.17652476 0.26000000 2.90652476
v 2.17652476 -0.02000000 2.90652476
v 2.09000000 0.03347524 3.04652476
v 2.09000000 0.20652476 3.04652476
v 2.23000000 0.12000000 2.82000000
v 1.72347524 0.26000000 2.73347524
v 1.72347524 -0.02000000 2.73347524
v 1.81000000 0.03347524 2.59347524
v 1.81000000 0.20652476 2.59347524
v 1.72347524 0.26000000 2.90652476
v 1.72347524 -0.02000000 2.90652476
v 1.81000000 0.03347524 3.04652476
v 1.81000000 0.20652476 3.04652476
v 1.67000000 0.12000000 2.82000000
v 1.87348537 0.38934274 2.82000000
v 2.02651463 0.38934274 2.82000000
v 1.87348537 -0.14934274 2.82000000
v 2.02651463 -0.14934274 2.82000000
v 1.82851120 -0.12154717 2.89276974
v 1.90502583 -0.07425853 3.01657300
v 1.90451124 -0.14629582 2.89360236
v 2.07148880 -0.12154717 2.89276974
v 1.99497417 -0.07425853 3.01657300
v 1.99548876 -0.14629582 2.89360236
v 1.95000000 -0.11818223 2.96720471
v 1.82851120 0.36154717 2.89276974
v 1.90502583 0.31425853 3.01657300
v 1.90451124 0.38629582 2.89360236
v 2.07148880 0.36154717 2.89276974
v 1.99497417 0.31425853 3.01657300
v 1.99548876 0.38629582 2.89360236
v 1.95000000 0.35818223 2.96720471
v 1.95000000 0.04348537 3.08934274
v 1.95000000 0.19651463 3.08934274
v 1.82851120 -0.12154717 2.74723026
v 1.90502583 -0.07425853 2.62342700
v 1.90451124 -0.14629582 2.74639764
v 2.07148880 -0.12154717 2.74723026
v 1.99497417 -0.07425853 2.62342700
v 1.99548876 -0.14629582 2.74639764
v 1.95000000 -0.11818223 2.67279529
v 1.82851120 0.36154717 2.74723026
v 1.90502583 0.31425853 2.62342700
v 1.90451124 0.38629582 2.74639764
v 2.07148880 0.36154717 2.74723026
v 1.99497417 0.31425853 2.62342700
v 1.99548876 0.38629582 2.74639764
v 1.95000000 0.35818223 2.67279529
v 1.95000000 0.04348537 2.55065726
v 1.95000000 0.19651463 2.55065726
v 2.14425853 0.31657300 2.77502583
v 2.19154717 0.19276974 2.69851120
v 2.11457987 0.31269347 2.70090889
v 2.14425853 -0.07657300 2.77502583
v 2.19154717 0.04723026 2.69851120
v 2.11457987 -0.07269347 2.70090889
v 2.02276974 -0.00148880 2.57845283
v 2.14657300 0.07502583 2.62574147
v 2.06909111 -0.04457987 2.62730653
v 2.02360236 0.07451124 2.55370418
v 2.14269347 0.00090889 2.65542013
v 2.02276974 0.24148880 2.57845283
v 2.14657300 0.16497417 2.62574147
v 2.06909111 0.28457987 2.62730653
v 2.02360236 0.16548876 2.55370418
v 2.14269347 0.23909111 2.65542013
v 2.09720471 0.12000000 2.58181777
v 2.14425853 0.31657300 2.86497417
v 2.19154717 0.19276974 2.94148880
v 2.11457987 0.31269347 2.93909111
v 2.18818223 0.26720471 2.82000000
v 2.14425853 -0.07657300 2.86497417
v 2.19154717 0.04723026 2.94148880
v 2.11457987 -0.07269347 2.93909111
v 2.18818223 -0.02720471 2.82000000
v 2.02276974 -0.00148880 3.06154717
v 2.14657300 0.07502583 3.01425853
v 2.06909111 -0.04457987 3.01269347
v 2.02360236 0.07451124 3.08629582
v 2.14269347 0.00090889 2.98457987
v 2.02276974 0.24148880 3.06154717
v 2.14657300 0.16497417 3.01425853
v 2.06909111 0.28457987 3.01269347
v 2.02360236 0.16548876 3.08629582
v 2.14269347 0.23909111 2.98457987
v 2.09720471 0.12000000 3.05818223
v 2.21934274 0.12000000 2.74348537
v 2.21934274 0.12000000 2.89651463
v 2.21629582 0.19360236 2.77451124
v 2.21629582 0.04639764 2.77451124
v 2.21629582 0.19360236 2.86548876
v 2.21629582 0.04639764 2.86548876
v 1.75574147 0.31657300 2.77502583
v 1.70845283 0.19276974 2.69851120
v 1.78542013 0.31269347 2.70090889
v 1.75574147 -0.07657300 2.77502583
v 1.70845283 0.04723026 2.69851120
v 1.78542013 -0.07269347 2.70090889
v 1.87723026 -0.00148880 2.57845283
v 1.75342700 0.07502583 2.62574147
v 1.83090889 -0.04457987 2.62730653
v 1.87639764 0.07451124 2.55370418
v 1.75730653 0.00090889 2.65542013
v 1.87723026 0.24148880 2.57845283
v 1.75342700 0.16497417 2.62574147
v 1.83090889 0.28457987 2.62730653
v 1.87639764 0.16548876 2.55370418
v 1.75730653 0.23909111 2.65542013
v 1.80279529 0.12000000 2.58181777
v 1.75574147 0.31657300 2.86497417
v 1.70845283 0.19276974 2.94148880
v 1.78542013 0.31269347 2.93909111
v 1.71181777 0.26720471 2.82000000
v 1.75574147 -0.07657300 2.86497417
v 1.70845283 0.04723026 2.94148880
v 1.78542013 -0.07269347 2.93909111
v 1.71181777 -0.02720471 2.82000000
v 1.87723026 -0.00148880 3.06154717
v 1.75342700 0.07502583 3.01425853
v 1.83090889 -0.04457987 3.01269347
v 1.87639764 0.07451124 3.08629582
v 1.75730653 0.00090889 2.98457987
v 1.87723026 0.24148880 3.06154717
v 1.75342700 0.16497417 3.01425853
v 1.83090889 0.28457987 3.01269347
v 1.87639764 0.16548876 3.08629582
v 1.75730653 0.23909111 2.98457987
v 1.80279529 0.12000000 3.05818223
v 1.68065726 0.12000000 2.74348537
v 1.68065726 0.12000000 2.89651463
v 1.68370418 0.19360236 2.77451124
v 1.68370418 0.04639764 2.77451124
v 1.68370418 0.19360236 2.86548876
v 1.68370418 0.04639764 2.86548876
v 1.83706050 0.37621216 2.82000000
v 1.91137337 0.39732289 2.82000000
v 2.06293950 0.37621216 2.82000000
v 1.98862663 0.39732289 2.82000000
v 1.83706050 -0.13621216 2.82000000
v 1.91137337 -0.15732289 2.82000000
v 2.06293950 -0.13621216 2.82000000
v 1.98862663 -0.15732289 2.82000000
v 1.81435634 -0.12218021 2.85673611
v 1.84498920 -0.11629521 2.92741185
v 1.84969594 -0.13880529 2.85686350
v 1.92729584 -0.05237977 3.03947605
v 1.88361583 -0.09242264 2.98991104
v 1.92697211 -0.15655274 2.85725991
v 1.88317046 -0.12948183 2.92813247
v 1.88836723 -0.15058993 2.85718189
v 1.86564751 -0.13654837 2.89394317
v 2.08564366 -0.12218021 2.85673611
v 2.05501080 -0.11629521 2.92741185
v 2.05030406 -0.13880529 2.85686350
v 1.97270416 -0.05237977 3.03947605
v 2.01638417 -0.09242264 2.98991104
v 1.95000000 -0.07681397 3.01915889
v 1.97302789 -0.15655274 2.85725991
v 2.01682954 -0.12948183 2.92813247
v 2.01163277 -0.15058993 2.85718189
v 1.95000000 -0.14988115 2.89459332
v 2.03435249 -0.13654837 2.89394317
v 1.90619835 -0.11524981 2.96539238
v 1.99380165 -0.11524981 2.96539238
v 1.92728028 -0.09845722 2.99366708
v 1.92694940 -0.13563510 2.93188997
v 1.97271972 -0.09845722 2.99366708
v 1.97305060 -0.13563510 2.93188997
v 1.81435634 0.36218021 2.85673611
v 1.84498920 0.35629521 2.92741185
v 1.84969594 0.37880529 2.85686350
v 1.92729584 0.29237977 3.03947605
v 1.88361583 0.33242264 2.98991104
v 1.92697211 0.39655274 2.85725991
v 1.88317046 0.36948183 2.92813247
v 1.88836723 0.39058993 2.85718189
v 1.86564751 0.37654837 2.89394317
v 2.08564366 0.36218021 2.85673611
v 2.05501080 0.35629521 2.92741185
v 2.05030406 0.37880529 2.85686350
v 1.97270416 0.29237977 3.03947605
v 2.01638417 0.33242264 2.98991104
v 1.95000000 0.31681397 3.01915889
v 1.97302789 0.39655274 2.85725991
v 2.01682954 0.36948183 2.92813247
v 2.01163277 0.39058993 2.85718189
v 1.95000000 0.38988115 2.89459332
v 2.03435249 0.37654837 2.89394317
v 1.90619835 0.35524981 2.96539238
v 1.99380165 0.35524981 2.96539238
v 1.92728028 0.33845722 2.99366708
v 1.92694940 0.37563510 2.93188997
v 1.97271972 0.33845722 2.99366708
v 1.97305060 0.37563510 2.93188997
v 1.95000000 0.00706050 3.07621216
v 1.95000000 0.08137337 3.09732289
v 1.95000000 0.23293950 3.07621216
v 1.95000000 0.15862663 3.09732289
v 1.81435634 -0.12218021 2.78326389
v 1.84498920 -0.11629521 2.71258815
v 1.84969594 -0.13880529 2.78313650
v 1.92729584 -0.05237977 2.60052395
v 1.88361583 -0.09242264 2.65008896
v 1.92697211 -0.15655274 2.78274009
v 1.88317046 -0.12948183 2.71186753
v 1.88836723 -0.15058993 2.78281811
v 1.86564751 -0.13654837 2.74605683
v 2.08564366 -0.12218021 2.78326389
v 2.05501080 -0.11629521 2.71258815
v 2.05030406 -0.13880529 2.78313650
v 1.97270416 -0.05237977 2.60052395
v 2.01638417 -0.09242264 2.65008896
v 1.95000000 -0.07681397 2.62084111
v 1.97302789 -0.15655274 2.78274009
v 2.01682954 -0.12948183 2.71186753
v 2.01163277 -0.15058993 2.78281811
v 1.95000000 -0.14988115 2.74540668
v 2.03435249 -0.13654837 2.74605683
v 1.90619835 -0.11524981 2.67460762
v 1.99380165 -0.11524981 2.67460762
v 1.92728028 -0.09845722 2.64633292
v 1.92694940 -0.13563510 2.70811003
v 1.97271972 -0.09845722 2.64633292
v 1.97305060 -0.13563510 2.70811003
v 1.81435634 0.36218021 2.78326389
v 1.84498920 0.35629521 2.71258815
v 1.84969594 0.37880529 2.78313650
v 1.92729584 0.29237977 2.60052395
v 1.88361583 0.33242264 2.65008896
v 1.92697211 0.39655274 2.78274009
v 1.88317046 0.36948183 2.71186753
v 1.88836723 0.39058993 2.78281811
v 1.86564751 0.37654837 2.74605683
v 2.08564366 0.36218021 2.78326389
v 2.05501080 0.35629521 2.71258815
v 2.05030406 0.37880529 2.78313650
v 1.97270416 0.29237977 2.60052395
v 2.01638417 0.33242264 2.65008896
v 1.95000000 0.31681397 2.62084111
v 1.97302789 0.39655274 2.78274009
v 2.01682954 0.36948183 2.71186753
v 2.01163277 0.39058993 2.78281811
v 1.95000000 0.38988115 2.74540668
v 2.03435249 0.37654837 2.74605683
v 1.90619835 0.35524981 2.67460762
v 1.99380165 0.35524981 2.67460762
v 1.92728028 0.33845722 2.64633292
v 1.92694940 0.37563510 2.70811003
v 1.97271972 0.33845722 2.64633292
v 1.97305060 0.37563510 2.70811003
v 1.95000000 0.00706050 2.56378784
v 1.95000000 0.08137337 2.54267711
v 1.95000000 0.23293950 2.56378784
v 1.95000000 0.15862663 2.54267711
v 2.12237977 0.33947605 2.79729584
v 2.16242264 0.28991104 2.75361583
v 2.10995046 0.34194178 2.76035360
v 2.19218021 0.15673611 2.68435634
v 2.18629521 0.22741185 2.71498920
v 2.07711734 0.33222192 2.68883964
v 2.14798990 0.28842027 2.71591055
v 2.09451405 0.33936648 2.72307716
v 2.13127533 0.31664676 2.73711871
v 2.12237977 -0.09947605 2.79729584
v 2.16242264 -0.04991104 2.75361583
v 2.10995046 -0.10194178 2.76035360
v 2.19218021 0.08326389 2.68435634
v 2.18629521 0.01258815 2.71498920
v 2.07711734 -0.09222192 2.68883964
v 2.14798990 -0.04842027 2.71591055
v 2.09451405 -0.09936648 2.72307716
v 2.13127533 -0.07664676 2.73711871
v 1.98673611 -0.01564366 2.57781979
v 2.05741185 0.01498920 2.58370479
v 2.00964640 -0.03995046 2.59805822
v 1.98686350 0.01969594 2.56119471
v 2.16947605 0.09729584 2.64762023
v 2.11991104 0.05361583 2.60757736
v 2.17194178 0.06035360 2.66004954
v 2.05408945 -0.07798990 2.65157973
v 2.08116036 -0.00711734 2.60777808
v 2.03288129 -0.06127533 2.62335324
v 2.09374512 -0.06104178 2.66200882
v 2.04692284 -0.02451405 2.60063352
v 1.98725991 0.09697211 2.54344726
v 2.05813247 0.05317046 2.57051817
v 1.98718189 0.05836723 2.54941007
v 2.02394317 0.03564751 2.56345163
v 2.16222192 -0.01116036 2.69288266
v 2.11842027 0.01591055 2.62201010
v 2.16936648 0.02307716 2.67548595
v 2.13104178 -0.03799118 2.67625488
v 2.14664676 0.03711871 2.63872467
v 2.10799118 -0.02374512 2.63895822
v 1.98673611 0.25564366 2.57781979
v 2.05741185 0.22501080 2.58370479
v 2.00964640 0.27995046 2.59805822
v 1.98686350 0.22030406 2.56119471
v 2.16947605 0.14270416 2.64762023
v 2.11991104 0.18638417 2.60757736
v 2.17194178 0.17964640 2.66004954
v 2.14915889 0.12000000 2.62318603
v 2.05408945 0.31798990 2.65157973
v 2.08116036 0.24711734 2.60777808
v 2.03288129 0.30127533 2.62335324
v 2.09374512 0.30104178 2.66200882
v 2.04692284 0.26451405 2.60063352
v 1.98725991 0.14302789 2.54344726
v 2.05813247 0.18682954 2.57051817
v 1.98718189 0.18163277 2.54941007
v 2.02459332 0.12000000 2.55011885
v 2.02394317 0.20435249 2.56345163
v 2.16222192 0.25116036 2.69288266
v 2.11842027 0.22408945 2.62201010
v 2.16936648 0.21692284 2.67548595
v 2.13104178 0.27799118 2.67625488
v 2.14664676 0.20288129 2.63872467
v 2.10799118 0.26374512 2.63895822
v 2.09539238 0.07619835 2.58475019
v 2.09539238 0.16380165 2.58475019
v 2.12366708 0.09728028 2.60154278
v 2.06188997 0.09694940 2.56436490
v 2.12366708 0.14271972 2.60154278
v 2.06188997 0.14305060 2.56436490
v 2.12237977 0.33947605 2.84270416
v 2.16242264 0.28991104 2.88638417
v 2.10995046 0.34194178 2.87964640
v 2.14681397 0.31915889 2.82000000
v 2.19218021 0.15673611 2.95564366
v 2.18629521 0.22741185 2.92501080
v 2.07711734 0.33222192 2.95116036
v 2.14798990 0.28842027 2.92408945
v 2.09451405 0.33936648 2.91692284
v 2.13127533 0.31664676 2.90288129
v 2.18524981 0.26539238 2.77619835
v 2.18524981 0.26539238 2.86380165
v 2.16845722 0.29366708 2.79728028
v 2.16845722 0.29366708 2.84271972
v 2.12237977 -0.09947605 2.84270416
v 2.16242264 -0.04991104 2.88638417
v 2.10995046 -0.10194178 2.87964640
v 2.14681397 -0.07915889 2.82000000
v 2.19218021 0.08326389 2.95564366
v 2.18629521 0.01258815 2.92501080
v 2.07711734 -0.09222192 2.95116036
v 2.14798990 -0.04842027 2.92408945
v 2.09451405 -0.09936648 2.91692284
v 2.13127533 -0.07664676 2.90288129
v 2.18524981 -0.02539238 2.77619835
v 2.18524981 -0.02539238 2.86380165
v 2.16845722 -0.05366708 2.79728028
v 2.16845722 -0.05366708 2.84271972
v 1.98673611 -0.01564366 3.06218021
v 2.05741185 0.01498920 3.05629521
v 2.00964640 -0.03995046 3.04194178
v 1.98686350 0.01969594 3.07880529
v 2.16947605 0.09729584 2.99237977
v 2.11991104 0.05361583 3.03242264
v 2.17194178 0.06035360 2.97995046
v 2.05408945 -0.07798990 2.98842027
v 2.08116036 -0.00711734 3.03222192
v 2.03288129 -0.06127533 3.01664676
v 2.09374512 -0.06104178 2.97799118
v 2.04692284 -0.02451405 3.03936648
v 1.98725991 0.09697211 3.09655274
v 2.05813247 0.05317046 3.06948183
v 1.98718189 0.05836723 3.09058993
v 2.02394317 0.03564751 3.07654837
v 2.16222192 -0.01116036 2.94711734
v 2.11842027 0.01591055 3.01798990
v 2.16936648 0.02307716 2.96451405
v 2.13104178 -0.03799118 2.96374512
v 2.14664676 0.03711871 3.00127533
v 2.10799118 -0.02374512 3.00104178
v 1.98673611 0.25564366 3.06218021
v 2.05741185 0.22501080 3.05629521
v 2.00964640 0.27995046 3.04194178
v 1.98686350 0.22030406 3.07880529
v 2.16947605 0.14270416 2.99237977
v 2.11991104 0.18638417 3.03242264
v 2.17194178 0.17964640 2.97995046
v 2.14915889 0.12000000 3.01681397
v 2.05408945 0.31798990 2.98842027
v 2.08116036 0.24711734 3.03222192
v 2.03288129 0.30127533 3.01664676
v 2.09374512 0.30104178 2.97799118
v 2.04692284 0.26451405 3.03936648
v 1.98725991 0.14302789 3.09655274
v 2.05813247 0.18682954 3.06948183
v 1.98718189 0.18163277 3.09058993
v 2.02459332 0.12000000 3.08988115
v 2.02394317 0.20435249 3.07654837
v 2.16222192 0.25116036 2.94711734
v 2.11842027 0.22408945 3.01798990
v 2.16936648 0.21692284 2.96451405
v 2.13104178 0.27799118 2.96374512
v 2.14664676 0.20288129 3.00127533
v 2.10799118 0.26374512 3.00104178
v 2.09539238 0.07619835 3.05524981
v 2.09539238 0.16380165 3.05524981
v 2.12366708 0.09728028 3.03845722
v 2.06188997 0.09694940 3.07563510
v 2.12366708 0.14271972 3.03845722
v 2.06188997 0.14305060 3.07563510
v 2.20621216 0.12000000 2.70706050
v 2.22732289 0.12000000 2.78137337
v 2.20880529 0.15686350 2.71969594
v 2.20880529 0.08313650 2.71969594
v 2.20621216 0.12000000 2.93293950
v 2.22732289 0.12000000 2.85862663
v 2.20880529 0.15686350 2.92030406
v 2.20880529 0.08313650 2.92030406
v 2.19948183 0.22813247 2.75317046
v 2.22655274 0.15725991 2.79697211
v 2.20654837 0.19394317 2.73564751
v 2.20563510 0.23188997 2.79694940
v 2.22058993 0.15718189 2.75836723
v 2.19948183 0.01186753 2.75317046
v 2.22655274 0.08274009 2.79697211
v 2.20654837 0.04605683 2.73564751
v 2.20563510 0.00811003 2.79694940
v 2.22058993 0.08281811 2.75836723
v 2.19948183 0.22813247 2.88682954
v 2.22655274 0.15725991 2.84302789
v 2.20654837 0.19394317 2.90435249
v 2.20563510 0.23188997 2.84305060
v 2.22058993 0.15718189 2.88163277
v 2.21988115 0.19459332 2.82000000
v 2.19948183 0.01186753 2.88682954
v 2.22655274 0.08274009 2.84302789
v 2.20654837 0.04605683 2.90435249
v 2.20563510 0.00811003 2.84305060
v 2.22058993 0.08281811 2.88163277
v 2.21988115 0.04540668 2.82000000
v 1.77762023 0.33947605 2.79729584
v 1.73757736 0.28991104 2.75361583
v 1.79004954 0.34194178 2.76035360
v 1.70781979 0.15673611 2.68435634
v 1.71370479 0.22741185 2.71498920
v 1.82288266 0.33222192 2.68883964
v 1.75201010 0.28842027 2.71591055
v 1.80548595 0.33936648 2.72307716
v 1.76872467 0.31664676 2.73711871
v 1.77762023 -0.09947605 2.79729584
v 1.73757736 -0.04991104 2.75361583
v 1.79004954 -0.10194178 2.76035360
v 1.70781979 0.08326389 2.68435634
v 1.71370479 0.01258815 2.71498920
v 1.82288266 -0.09222192 2.68883964
v 1.75201010 -0.04842027 2.71591055
v 1.80548595 -0.09936648 2.72307716
v 1.76872467 -0.07664676 2.73711871
v 1.91326389 -0.01564366 2.57781979
v 1.84258815 0.01498920 2.58370479
v 1.89035360 -0.03995046 2.59805822
v 1.91313650 0.01969594 2.56119471
v 1.73052395 0.09729584 2.64762023
v 1.78008896 0.05361583 2.60757736
v 1.72805822 0.06035360 2.66004954
v 1.84591055 -0.07798990 2.65157973
v 1.81883964 -0.00711734 2.60777808
v 1.86711871 -0.06127533 2.62335324
v 1.80625488 -0.06104178 2.66200882
v 1.85307716 -0.02451405 2.60063352
v 1.91274009 0.09697211 2.54344726
v 1.84186753 0.05317046 2.57051817
v 1.91281811 0.05836723 2.54941007
v 1.87605683 0.03564751 2.56345163
v 1.73777808 -0.01116036 2.69288266
v 1.78157973 0.01591055 2.62201010
v 1.73063352 0.02307716 2.67548595
v 1.76895822 -0.03799118 2.67625488
v 1.75335324 0.03711871 2.63872467
v 1.79200882 -0.02374512 2.63895822
v 1.91326389 0.25564366 2.57781979
v 1.84258815 0.22501080 2.58370479
v 1.89035360 0.27995046 2.59805822
v 1.91313650 0.22030406 2.56119471
v 1.73052395 0.14270416 2.64762023
v 1.78008896 0.18638417 2.60757736
v 1.72805822 0.17964640 2.66004954
v 1.75084111 0.12000000 2.62318603
v 1.84591055 0.31798990 2.65157973
v 1.81883964 0.24711734 2.60777808
v 1.86711871 0.30127533 2.62335324
v 1.80625488 0.30104178 2.66200882
v 1.85307716 0.26451405 2.60063352
v 1.91274009 0.14302789 2.54344726
v 1.84186753 0.18682954 2.57051817
v 1.91281811 0.18163277 2.54941007
v 1.87540668 0.12000000 2.55011885
v 1.87605683 0.20435249 2.56345163
v 1.73777808 0.25116036 2.69288266
v 1.78157973 0.22408945 2.62201010
v 1.73063352 0.21692284 2.67548595
v 1.76895822 0.27799118 2.67625488
v 1.75335324 0.20288129 2.63872467
v 1.79200882 0.26374512 2.63895822
v 1.80460762 0.07619835 2.58475019
v 1.80460762 0.16380165 2.58475019
v 1.77633292 0.09728028 2.60154278
v 1.83811003 0.09694940 2.56436490
v 1.77633292 0.14271972 2.60154278
v 1.83811003 0.14305060 2.56436490
v 1.77762023 0.33947605 2.84270416
v 1.73757736 0.28991104 2.88638417
v 1.79004954 0.34194178 2.87964640
v 1.75318603 0.31915889 2.82000000
v 1.70781979 0.15673611 2.95564366
v 1.71370479 0.22741185 2.92501080
v 1.82288266 0.33222192 2.95116036
v 1.75201010 0.28842027 2.92408945
v 1.80548595 0.33936648 2.91692284
v 1.76872467 0.31664676 2.90288129
v 1.71475019 0.26539238 2.77619835
v 1.71475019 0.26539238 2.86380165
v 1.73154278 0.29366708 2.79728028
v 1.73154278 0.29366708 2.84271972
v 1.77762023 -0.09947605 2.84270416
v 1.73757736 -0.04991104 2.88638417
v 1.79004954 -0.10194178 2.87964640
v 1.75318603 -0.07915889 2.82000000
v 1.70781979 0.08326389 2.95564366
v 1.71370479 0.01258815 2.92501080
v 1.82288266 -0.09222192 2.95116036
v 1.75201010 -0.04842027 2.92408945
v 1.80548595 -0.09936648 2.91692284
v 1.76872467 -0.07664676 2.90288129
v 1.71475019 -0.02539238 2.77619835
v 1.71475019 -0.02539238 2.86380165
v 1.73154278 -0.05366708 2.79728028
v 1.73154278 -0.05366708 2.84271972
v 1.91326389 -0.01564366 3.06218021
v 1.84258815 0.01498920 3.05629521
v 1.89035360 -0.03995046 3.04194178
v 1.91313650 0.01969594 3.07880529
v 1.73052395 0.09729584 2.99237977
v 1.78008896 0.05361583 3.03242264
v 1.72805822 0.06035360 2.97995046
v 1.84591055 -0.07798990 2.98842027
v 1.81883964 -0.00711734 3.03222192
v 1.86711871 -0.06127533 3.01664676
v 1.80625488 -0.06104178 2.97799118
v 1.85307716 -0.02451405 3.03936648
v 1.91274009 0.09697211 3.09655274
v 1.84186753 0.05317046 3.06948183
v 1.91281811 0.05836723 3.09058993
v 1.87605683 0.03564751 3.07654837
v 1.73777808 -0.01116036 2.94711734
v 1.78157973 0.01591055 3.01798990
v 1.73063352 0.02307716 2.96451405
v 1.76895822 -0.03799118 2.96374512
v 1.75335324 0.03711871 3.00127533
v 1.79200882 -0.02374512 3.00104178
v 1.91326389 0.25564366 3.06218021
v 1.84258815 0.22501080 3.05629521
v 1.89035360 0.27995046 3.04194178
v 1.91313650 0.22030406 3.07880529
v 1.73052395 0.14270416 2.99237977
v 1.78008896 0.18638417 3.03242264
v 1.72805822 0.17964640 2.97995046
v 1.75084111 0.12000000 3.01681397
v 1.84591055 0.31798990 2.98842027
v 1.81883964 0.24711734 3.03222192
v 1.86711871 0.30127533 3.01664676
v 1.80625488 0.30104178 2.97799118
v 1.85307716 0.26451405 3.03936648
v 1.91274009 0.14302789 3.09655274
v 1.84186753 0.18682954 3.06948183
v 1.91281811 0.18163277 3.09058993
v 1.87540668 0.12000000 3.08988115
v 1.87605683 0.20435249 3.07654837
v 1.73777808 0.25116036 2.94711734
v 1.78157973 0.22408945 3.01798990
v 1.73063352 0.21692284 2.96451405
v 1.76895822 0.27799118 2.96374512
v 1.75335324 0.20288129 3.00127533
v 1.79200882 0.26374512 3.00104178
v 1.80460762 0.07619835 3.05524981
v 1.80460762 0.16380165 3.05524981
v 1.77633292 0.09728028 3.03845722
v 1.83811003 0.09694940 3.07563510
v 1.77633292 0.14271972 3.03845722
v 1.83811003 0.14305060 3.07563510
v 1.69378784 0.12000000 2.70706050
v 1.67267711 0.12000000 2.78137337
v 1.69119471 0.15686350 2.71969594
v 1.69119471 0.08313650 2.71969594
v 1.69378784 0.12000000 2.93293950
v 1.67267711 0.12000000 2.85862663
v 1.69119471 0.15686350 2.92030406
v 1.69119471 0.08313650 2.92030406
v 1.70051817 0.22813247 2.75317046
v 1.67344726 0.15725991 2.79697211
v 1.69345163 0.19394317 2.73564751
v 1.69436490 0.23188997 2.79694940
v 1.67941007 0.15718189 2.75836723
v 1.70051817 0.01186753 2.75317046
v 1.67344726 0.08274009 2.79697211
v 1.69345163 0.04605683 2.73564751
v 1.69436490 0.00811003 2.79694940
v 1.67941007 0.08281811 2.75836723
v 1.70051817 0.22813247 2.88682954
v 1.67344726 0.15725991 2.84302789
v 1.69345163 0.19394317 2.90435249
v 1.69436490 0.23188997 2.84305060
v 1.67941007 0.15718189 2.88163277
v 1.68011885 0.19459332 2.82000000
v 1.70051817 0.01186753 2.88682954
v 1.67344726 0.08274009 2.84302789
v 1.69345163 0.04605683 2.90435249
v 1.69436490 0.00811003 2.84305060
v 1.67941007 0.08281811 2.88163277
v 1.68011885 0.04540668 2.82000000
f 2 4 1
f 5 2 1
f 1 4 3
f 3 5 1
f 2 8 4
f 6 2 5
f 6 8 2
f 4 8 3
f 7 5 3
f 3 8 7
f 7 6 5
f 8 6 7
f 10 9 13
f 10 13 11
f 11 13 14
f 11 14 12
f 13 9 15
f 13 15 14
f 14 15 16
f 14 16 12
f 15 9 17
f 15 17 16
f 16 17 18
f 16 18 12
f 17 9 19
f 17 19 18
f 18 19 20
f 18 20 12
f 19 9 21
f 19 21 20
f 20 21 22
f 20 22 12
f 21 9 23
f 21 23 22
f 22 23 24
f 22 24 12
f 23 9 25
f 23 25 24
f 24 25 26
f 24 26 12
f 25 9 27
f 25 27 26
f 26 27 28
f 26 28 12
f 27 9 29
f 27 29 28
f 28 29 30
f 28 30 12
f 29 9 31
f 29 31 30
f 30 31 32
f 30 32 12
f 31 9 33
f 31 33 32
f 32 33 34
f 32 34 12
f 33 9 10
f 33 10 34
f 34 10 11
f 34 11 12
f 36 38 35
f 39 36 35
f 35 38 37
f 37 39 35
f 36 42 38
f 40 36 39
f 40 42 36
f 38 42 37
f 41 39 37
f 37 42 41
f 41 40 39
f 42 40 41
f 44 43 47
f 44 47 45
f 45 47 48
f 45 48 46
f 47 43 49
f 47 49 48
f 48 49 50
f 48 50 46
f 49 43 51
f 49 51 50
f 50 51 52
f 50 52 46
f 51 43 53
f 51 53 52
f 52 53 54
f 52 54 46
f 53 43 55
f 53 55 54
f 54 55 56
f 54 56 46
f 55 43 57
f 55 57 56
f 56 57 58
f 56 58 46
f 57 43 59
f 57 59 58
f 58 59 60
f 58 60 46
f 59 43 61
f 59 61 60
f 60 61 62
f 60 62 46
f 61 43 63
f 61 63 62
f 62 63 64
f 62 64 46
f 63 43 65
f 63 65 64
f 64 65 66
f 64 66 46
f 65 43 67
f 65 67 66
f 66 67 68
f 66 68 46
f 67 43 44
f 67 44 68
f 68 44 45
f 68 45 46
f 70 69 73
f 70 73 71
f 71 73 74
f 71 74 72
f 73 69 75
f 73 75 74
f 74 75 76
f 74 76 72
f 75 69 77
f 75 77 76
f 76 77 78
f 76 78 72
f 77 69 79
f 77 79 78
f 78 79 80
f 78 80 72
f 79 69 81
f 79 81 80
f 80 81 82
f 80 82 72
f 81 69 83
f 81 83 82
f 82 83 84
f 82 84 72
f 83 69 85
f 83 85 84
f 84 85 86
f 84 86 72
f 85 69 87
f 85 87 86
f 86 87 88
f 86 88 72
f 87 69 89
f 87 89 88
f 88 89 90
f 88 90 72
f 89 69 91
f 89 91 90
f 90 91 92
f 90 92 72
f 91 69 93
f 91 93 92
f 92 93 94
f 92 94 72
f 93 69 70
f 93 70 94
f 94 70 71
f 94 71 72
f 96 95 99
f 96 99 97
f 97 99 100
f 97 100 98
f 99 95 101
f 99 101 100
f 100 101 102
f 100 102 98
f 101 95 103
f 101 103 102
f 102 103 104
f 102 104 98
f 103 95 105
f 103 105 104
f 104 105 106
f 104 106 98
f 105 95 107
f 105 107 106
f 106 107 108
f 106 108 98
f 107 95 109
f 107 109 108
f 108 109 110
f 108 110 98
f 109 95 111
f 109 111 110
f 110 111 112
f 110 112 98
f 111 95 113
f 111 113 112
f 112 113 114
f 112 114 98
f 113 95 115
f 113 115 114
f 114 115 116
f 114 116 98
f 115 95 117
f 115 117 116
f 116 117 118
f 116 118 98
f 117 95 119
f 117 119 118
f 118 119 120
f 118 120 98
f 119 95 96
f 119 96 120
f 120 96 97
f 120 97 98
f 122 121 125
f 122 125 123
f 123 125 126
f 123 126 124
f 125 121 127
f 125 127 126
f 126 127 128
f 126 128 124
f 127 121 129
f 127 129 128
f 128 129 130
f 128 130 124
f 129 121 131
f 129 131 130
f 130 131 132
f 130 132 124
f 131 121 133
f 131 133 132
f 132 133 134
f 132 134 124
f 133 121 135
f 133 135 134
f 134 135 136
f 134 136 124
f 135 121 137
f 135 137 136
f 136 137 138
f 136 138 124
f 137 121 139
f 137 139 138
f 138 139 140
f 138 140 124
f 139 121 141
f 139 141 140
f 140 141 142
f 140 142 124
f 141 121 143
f 141 143 142
f 142 143 144
f 142 144 124
f 143 121 145
f 143 145 144
f 144 145 146
f 144 146 124
f 145 121 147
f 145 147 146
f 146 147 148
f 146 148 124
f 147 121 149
f 147 149 148
f 148 149 150
f 148 150 124
f 149 121 151
f 149 151 150
f 150 151 152
f 150 152 124
f 151 121 153
f 151 153 152
f 152 153 154
f 152 154 124
f 153 121 155
f 153 155 154
f 154 155 156
f 154 156 124
f 155 121 157
f 155 157 156
f 156 157 158
f 156 158 124
f 157 121 159
f 157 159 158
f 158 159 160
f 158 160 124
f 159 121 161
f 159 161 160
f 160 161 162
f 160 162 124
f 161 121 122
f 161 122 162
f 162 122 123
f 162 123 124
f 164 163 167
f 164 167 165
f 165 167 168
f 165 168 166
f 167 163 169
f 167 169 168
f 168 169 170
f 168 170 166
f 169 163 171
f 169 171 170
f 170 171 172
f 170 172 166
f 171 163 173
f 171 173 172
f 172 173 174
f 172 174 166
f 173 163 175
f 173 175 174
f 174 175 176
f 174 176 166
f 175 163 177
f 175 177 176
f 176 177 178
f 176 178 166
f 177 163 179
f 177 179 178
f 178 179 180
f 178 180 166
f 179 163 181
f 179 181 180
f 180 181 182
f 180 182 166
f 181 163 183
f 181 183 182
f 182 183 184
f 182 184 166
f 183 163 185
f 183 185 184
f 184 185 186
f 184 186 166
f 185 163 187
f 185 187 186
f 186 187 188
f 186 188 166
f 187 163 189
f 187 189 188
f 188 189 190
f 188 190 166
f 189 163 191
f 189 191 190
f 190 191 192
f 190 192 166
f 191 163 193
f 191 193 192
f 192 193 194
f 192 194 166
f 193 163 195
f 193 195 194
f 194 195 196
f 194 196 166
f 195 163 164
f 195 164 196
f 196 164 165
f 196 165 166
f 198 197 201
f 198 201 199
f 199 201 202
f 199 202 200
f 201 197 203
f 201 203 202
f 202 203 204
f 202 204 200
f 203 197 205
f 203 205 204
f 204 205 206
f 204 206 200
f 205 197 207
f 205 207 206
f 206 207 208
f 206 208 200
f 207 197 209
f 207 209 208
f 208 209 210
f 208 210 200
f 209 197 211
f 209 211 210
f 210 211 212
f 210 212 200
f 211 197 213
f 211 213 212
f 212 213 214
f 212 214 200
f 213 197 215
f 213 215 214
f 214 215 216
f 214 216 200
f 215 197 217
f 215 217 216
f 216 217 218
f 216 218 200
f 217 197 219
f 217 219 218
f 218 219 220
f 218 220 200
f 219 197 221
f 219 221 220
f 220 221 222
f 220 222 200
f 221 197 198
f 221 198 222
f 222 198 199
f 222 199 200
f 223 755 419
f 755 360 757
f 419 757 276
f 755 757 419
f 360 756 764
f 756 260 762
f 764 762 362
f 756 762 764
f 276 763 420
f 763 362 761
f 420 761 239
f 763 761 420
f 360 764 757
f 764 362 763
f 757 763 276
f 764 763 757
f 260 760 823
f 760 361 825
f 823 825 377
f 760 825 823
f 361 759 811
f 759 234 809
f 811 809 374
f 759 809 811
f 377 827 824
f 827 374 810
f 824 810 263
f 827 810 824
f 361 811 825
f 811 374 827
f 825 827 377
f 811 827 825
f 239 813 423
f 813 375 815
f 423 815 277
f 813 815 423
f 375 814 817
f 814 263 806
f 817 806 373
f 814 806 817
f 277 807 422
f 807 373 805
f 422 805 228
f 807 805 422
f 375 817 815
f 817 373 807
f 815 807 277
f 817 807 815
f 260 823 762
f 823 377 826
f 762 826 362
f 823 826 762
f 377 824 828
f 824 263 814
f 828 814 375
f 824 814 828
f 362 816 761
f 816 375 813
f 761 813 239
f 816 813 761
f 377 828 826
f 828 375 816
f 826 816 362
f 828 816 826
f 223 419 385
f 419 276 421
f 385 421 265
f 419 421 385
f 276 420 427
f 420 239 425
f 427 425 278
f 420 425 427
f 265 426 386
f 426 278 424
f 386 424 235
f 426 424 386
f 276 427 421
f 427 278 426
f 421 426 265
f 427 426 421
f 239 423 439
f 423 277 441
f 439 441 282
f 423 441 439
f 277 422 433
f 422 228 431
f 433 431 280
f 422 431 433
f 282 443 440
f 443 280 432
f 440 432 240
f 443 432 440
f 277 433 441
f 433 280 443
f 441 443 282
f 433 443 441
f 235 434 388
f 434 281 436
f 388 436 266
f 434 436 388
f 281 435 438
f 435 240 429
f 438 429 279
f 435 429 438
f 266 430 387
f 430 279 428
f 387 428 224
f 430 428 387
f 281 438 436
f 438 279 430
f 436 430 266
f 438 430 436
f 239 439 425
f 439 282 442
f 425 442 278
f 439 442 425
f 282 440 444
f 440 240 435
f 444 435 281
f 440 435 444
f 278 437 424
f 437 281 434
f 424 434 235
f 437 434 424
f 282 444 442
f 444 281 437
f 442 437 278
f 444 437 442
f 223 385 475
f 385 265 477
f 475 477 292
f 385 477 475
f 265 386 482
f 386 235 480
f 482 480 294
f 386 480 482
f 292 483 476
f 483 294 481
f 476 481 244
f 483 481 476
f 265 482 477
f 482 294 483
f 477 483 292
f 482 483 477
f 235 388 490
f 388 266 492
f 490 492 297
f 388 492 490
f 266 387 486
f 387 224 484
f 486 484 295
f 387 484 486
f 297 494 491
f 494 295 485
f 491 485 245
f 494 485 491
f 266 486 492
f 486 295 494
f 492 494 297
f 486 494 492
f 244 495 479
f 495 298 497
f 479 497 293
f 495 497 479
f 298 496 499
f 496 245 488
f 499 488 296
f 496 488 499
f 293 489 478
f 489 296 487
f 478 487 230
f 489 487 478
f 298 499 497
f 499 296 489
f 497 489 293
f 499 489 497
f 235 490 480
f 490 297 493
f 480 493 294
f 490 493 480
f 297 491 500
f 491 245 496
f 500 496 298
f 491 496 500
f 294 498 481
f 498 298 495
f 481 495 244
f 498 495 481
f 297 500 493
f 500 298 498
f 493 498 294
f 500 498 493
f 223 475 685
f 475 292 687
f 685 687 343
f 475 687 685
f 292 476 692
f 476 244 690
f 692 690 345
f 476 690 692
f 343 693 686
f 693 345 691
f 686 691 256
f 693 691 686
f 292 692 687
f 692 345 693
f 687 693 343
f 692 693 687
f 244 479 733
f 479 293 735
f 733 735 356
f 479 735 733
f 293 478 727
f 478 230 725
f 727 725 354
f 478 725 727
f 356 737 734
f 737 354 726
f 734 726 259
f 737 726 734
f 293 727 735
f 727 354 737
f 735 737 356
f 727 737 735
f 256 743 689
f 743 358 745
f 689 745 344
f 743 745 689
f 358 744 747
f 744 259 730
f 747 730 355
f 744 730 747
f 344 731 688
f 731 355 729
f 688 729 233
f 731 729 688
f 358 747 745
f 747 355 731
f 745 731 344
f 747 731 745
f 244 733 690
f 733 356 736
f 690 736 345
f 733 736 690
f 356 734 748
f 734 259 744
f 748 744 358
f 734 744 748
f 345 746 691
f 746 358 743
f 691 743 256
f 746 743 691
f 356 748 736
f 748 358 746
f 736 746 345
f 748 746 736
f 223 685 755
f 685 343 758
f 755 758 360
f 685 758 755
f 343 686 767
f 686 256 765
f 767 765 363
f 686 765 767
f 360 768 756
f 768 363 766
f 756 766 260
f 768 766 756
f 343 767 758
f 767 363 768
f 758 768 360
f 767 768 758
f 256 689 843
f 689 344 845
f 843 845 381
f 689 845 843
f 344 688 837
f 688 233 835
f 837 835 379
f 688 835 837
f 381 847 844
f 847 379 836
f 844 836 264
f 847 836 844
f 344 837 845
f 837 379 847
f 845 847 381
f 837 847 845
f 260 853 760
f 853 383 855
f 760 855 361
f 853 855 760
f 383 854 857
f 854 264 840
f 857 840 380
f 854 840 857
f 361 841 759
f 841 380 839
f 759 839 234
f 841 839 759
f 383 857 855
f 857 380 841
f 855 841 361
f 857 841 855
f 256 843 765
f 843 381 846
f 765 846 363
f 843 846 765
f 381 844 858
f 844 264 854
f 858 854 383
f 844 854 858
f 363 856 766
f 856 383 853
f 766 853 260
f 856 853 766
f 381 858 846
f 858 383 856
f 846 856 363
f 858 856 846
f 224 428 575
f 428 279 577
f 575 577 318
f 428 577 575
f 279 429 583
f 429 240 581
f 583 581 320
f 429 581 583
f 318 584 576
f 584 320 582
f 576 582 251
f 584 582 576
f 279 583 577
f 583 320 584
f 577 584 318
f 583 584 577
f 240 432 633
f 432 280 635
f 633 635 333
f 432 635 633
f 280 431 627
f 431 228 625
f 627 625 331
f 431 625 627
f 333 637 634
f 637 331 626
f 634 626 254
f 637 626 634
f 280 627 635
f 627 331 637
f 635 637 333
f 627 637 635
f 251 643 580
f 643 335 645
f 580 645 319
f 643 645 580
f 335 644 647
f 644 254 630
f 647 630 332
f 644 630 647
f 319 631 579
f 631 332 629
f 579 629 232
f 631 629 579
f 335 647 645
f 647 332 631
f 645 631 319
f 647 631 645
f 240 633 581
f 633 333 636
f 581 636 320
f 633 636 581
f 333 634 648
f 634 254 644
f 648 644 335
f 634 644 648
f 320 646 582
f 646 335 643
f 582 643 251
f 646 643 582
f 333 648 636
f 648 335 646
f 636 646 320
f 648 646 636
f 228 805 447
f 805 373 808
f 447 808 284
f 805 808 447
f 373 806 822
f 806 263 819
f 822 819 376
f 806 819 822
f 284 820 448
f 820 376 818
f 448 818 241
f 820 818 448
f 373 822 808
f 822 376 820
f 808 820 284
f 822 820 808
f 263 810 830
f 810 374 833
f 830 833 378
f 810 833 830
f 374 809 812
f 809 234 787
f 812 787 369
f 809 787 812
f 378 831 829
f 831 369 788
f 829 788 262
f 831 788 829
f 374 812 833
f 812 369 831
f 833 831 378
f 812 831 833
f 241 795 446
f 795 371 797
f 446 797 283
f 795 797 446
f 371 796 798
f 796 262 784
f 798 784 368
f 796 784 798
f 283 786 445
f 786 368 783
f 445 783 227
f 786 783 445
f 371 798 797
f 798 368 786
f 797 786 283
f 798 786 797
f 263 830 819
f 830 378 834
f 819 834 376
f 830 834 819
f 378 829 832
f 829 262 796
f 832 796 371
f 829 796 832
f 376 821 818
f 821 371 795
f 818 795 241
f 821 795 818
f 378 832 834
f 832 371 821
f 834 821 376
f 832 821 834
f 234 839 773
f 839 380 842
f 773 842 365
f 839 842 773
f 380 840 863
f 840 264 860
f 863 860 384
f 840 860 863
f 365 861 774
f 861 384 859
f 774 859 261
f 861 859 774
f 380 863 842
f 863 384 861
f 842 861 365
f 863 861 842
f 264 836 849
f 836 379 852
f 849 852 382
f 836 852 849
f 379 835 838
f 835 233 697
f 838 697 347
f 835 697 838
f 382 850 848
f 850 347 698
f 848 698 257
f 850 698 848
f 379 838 852
f 838 347 850
f 852 850 382
f 838 850 852
f 261 780 770
f 780 367 782
f 770 782 364
f 780 782 770
f 367 779 781
f 779 257 695
f 781 695 346
f 779 695 781
f 364 772 769
f 772 346 694
f 769 694 225
f 772 694 769
f 367 781 782
f 781 346 772
f 782 772 364
f 781 772 782
f 264 849 860
f 849 382 864
f 860 864 384
f 849 864 860
f 382 848 851
f 848 257 779
f 851 779 367
f 848 779 851
f 384 862 859
f 862 367 780
f 859 780 261
f 862 780 859
f 382 851 864
f 851 367 862
f 864 862 384
f 851 862 864
f 233 729 707
f 729 355 732
f 707 732 350
f 729 732 707
f 355 730 753
f 730 259 750
f 753 750 359
f 730 750 753
f 350 751 708
f 751 359 749
f 708 749 258
f 751 749 708
f 355 753 732
f 753 359 751
f 732 751 350
f 753 751 732
f 259 726 739
f 726 354 742
f 739 742 357
f 726 742 739
f 354 725 728
f 725 230 503
f 728 503 300
f 725 503 728
f 357 740 738
f 740 300 504
f 738 504 246
f 740 504 738
f 354 728 742
f 728 300 740
f 742 740 357
f 728 740 742
f 258 716 704
f 716 352 718
f 704 718 349
f 716 718 704
f 352 715 717
f 715 246 502
f 717 502 299
f 715 502 717
f 349 706 703
f 706 299 501
f 703 501 229
f 706 501 703
f 352 717 718
f 717 299 706
f 718 706 349
f 717 706 718
f 259 739 750
f 739 357 754
f 750 754 359
f 739 754 750
f 357 738 741
f 738 246 715
f 741 715 352
f 738 715 741
f 359 752 749
f 752 352 716
f 749 716 258
f 752 716 749
f 357 741 754
f 741 352 752
f 754 752 359
f 741 752 754
f 230 487 545
f 487 296 547
f 545 547 312
f 487 547 545
f 296 488 555
f 488 245 553
f 555 553 314
f 488 553 555
f 312 557 546
f 557 314 554
f 546 554 250
f 557 554 546
f 296 555 547
f 555 314 557
f 547 557 312
f 555 557 547
f 245 485 510
f 485 295 512
f 510 512 303
f 485 512 510
f 295 484 507
f 484 224 505
f 507 505 301
f 484 505 507
f 303 513 511
f 513 301 506
f 511 506 247
f 513 506 511
f 295 507 512
f 507 301 513
f 512 513 303
f 507 513 512
f 250 564 550
f 564 316 567
f 550 567 313
f 564 567 550
f 316 563 565
f 563 247 509
f 565 509 302
f 563 509 565
f 313 551 549
f 551 302 508
f 549 508 231
f 551 508 549
f 316 565 567
f 565 302 551
f 567 551 313
f 565 551 567
f 245 510 553
f 510 303 556
f 553 556 314
f 510 556 553
f 303 511 566
f 511 247 563
f 566 563 316
f 511 563 566
f 314 568 554
f 568 316 564
f 554 564 250
f 568 564 554
f 303 566 556
f 566 316 568
f 556 568 314
f 566 568 556
f 226 589 402
f 589 322 591
f 402 591 272
f 589 591 402
f 322 590 598
f 590 252 596
f 598 596 324
f 590 596 598
f 272 597 403
f 597 324 595
f 403 595 238
f 597 595 403
f 322 598 591
f 598 324 597
f 591 597 272
f 598 597 591
f 252 594 619
f 594 323 621
f 619 621 330
f 594 621 619
f 323 593 609
f 593 232 607
f 609 607 327
f 593 607 609
f 330 623 620
f 623 327 608
f 620 608 253
f 623 608 620
f 323 609 621
f 609 327 623
f 621 623 330
f 609 623 621
f 238 610 406
f 610 328 612
f 406 612 273
f 610 612 406
f 328 611 614
f 611 253 604
f 614 604 326
f 611 604 614
f 273 605 405
f 605 326 603
f 405 603 227
f 605 603 405
f 328 614 612
f 614 326 605
f 612 605 273
f 614 605 612
f 252 619 596
f 619 330 622
f 596 622 324
f 619 622 596
f 330 620 624
f 620 253 611
f 624 611 328
f 620 611 624
f 324 613 595
f 613 328 610
f 595 610 238
f 613 610 595
f 330 624 622
f 624 328 613
f 622 613 324
f 624 613 622
f 226 402 391
f 402 272 404
f 391 404 268
f 402 404 391
f 272 403 412
f 403 238 409
f 412 409 274
f 403 409 412
f 268 410 392
f 410 274 408
f 392 408 236
f 410 408 392
f 272 412 404
f 412 274 410
f 404 410 268
f 412 410 404
f 238 406 414
f 406 273 417
f 414 417 275
f 406 417 414
f 273 405 407
f 405 227 396
f 407 396 270
f 405 396 407
f 275 415 413
f 415 270 397
f 413 397 237
f 415 397 413
f 273 407 417
f 407 270 415
f 417 415 275
f 407 415 417
f 236 398 390
f 398 271 400
f 390 400 267
f 398 400 390
f 271 399 401
f 399 237 394
f 401 394 269
f 399 394 401
f 267 395 389
f 395 269 393
f 389 393 225
f 395 393 389
f 271 401 400
f 401 269 395
f 400 395 267
f 401 395 400
f 238 414 409
f 414 275 418
f 409 418 274
f 414 418 409
f 275 413 416
f 413 237 399
f 416 399 271
f 413 399 416
f 274 411 408
f 411 271 398
f 408 398 236
f 411 398 408
f 275 416 418
f 416 271 411
f 418 411 274
f 416 411 418
f 226 391 458
f 391 268 460
f 458 460 288
f 391 460 458
f 268 392 466
f 392 236 464
f 466 464 290
f 392 464 466
f 288 468 459
f 468 290 465
f 459 465 243
f 468 465 459
f 268 466 460
f 466 290 468
f 460 468 288
f 466 468 460
f 236 390 454
f 390 267 456
f 454 456 287
f 390 456 454
f 267 389 451
f 389 225 449
f 451 449 285
f 389 449 451
f 287 457 455
f 457 285 450
f 455 450 242
f 457 450 455
f 267 451 456
f 451 285 457
f 456 457 287
f 451 457 456
f 243 470 462
f 470 291 473
f 462 473 289
f 470 473 462
f 291 469 471
f 469 242 453
f 471 453 286
f 469 453 471
f 289 463 461
f 463 286 452
f 461 452 229
f 463 452 461
f 291 471 473
f 471 286 463
f 473 463 289
f 471 463 473
f 236 454 464
f 454 287 467
f 464 467 290
f 454 467 464
f 287 455 472
f 455 242 469
f 472 469 291
f 455 469 472
f 290 474 465
f 474 291 470
f 465 470 243
f 474 470 465
f 287 472 467
f 472 291 474
f 467 474 290
f 472 474 467
f 226 458 514
f 458 288 516
f 514 516 304
f 458 516 514
f 288 459 521
f 459 243 519
f 521 519 306
f 459 519 521
f 304 522 515
f 522 306 520
f 515 520 248
f 522 520 515
f 288 521 516
f 521 306 522
f 516 522 304
f 521 522 516
f 243 462 530
f 462 289 532
f 530 532 309
f 462 532 530
f 289 461 525
f 461 229 523
f 525 523 307
f 461 523 525
f 309 534 531
f 534 307 524
f 531 524 249
f 534 524 531
f 289 525 532
f 525 307 534
f 532 534 309
f 525 534 532
f 248 539 518
f 539 311 541
f 518 541 305
f 539 541 518
f 311 540 543
f 540 249 528
f 543 528 308
f 540 528 543
f 305 529 517
f 529 308 527
f 517 527 231
f 529 527 517
f 311 543 541
f 543 308 529
f 541 529 305
f 543 529 541
f 243 530 519
f 530 309 533
f 519 533 306
f 530 533 519
f 309 531 544
f 531 249 540
f 544 540 311
f 531 540 544
f 306 542 520
f 542 311 539
f 520 539 248
f 542 539 520
f 309 544 533
f 544 311 542
f 533 542 306
f 544 542 533
f 226 514 589
f 514 304 592
f 589 592 322
f 514 592 589
f 304 515 601
f 515 248 599
f 601 599 325
f 515 599 601
f 322 602 590
f 602 325 600
f 590 600 252
f 602 600 590
f 304 601 592
f 601 325 602
f 592 602 322
f 601 602 592
f 248 518 668
f 518 305 670
f 668 670 340
f 518 670 668
f 305 517 658
f 517 231 655
f 658 655 337
f 517 655 658
f 340 672 669
f 672 337 656
f 669 656 255
f 672 656 669
f 305 658 670
f 658 337 672
f 670 672 340
f 658 672 670
f 252 679 594
f 679 342 681
f 594 681 323
f 679 681 594
f 342 680 683
f 680 255 660
f 683 660 338
f 680 660 683
f 323 662 593
f 662 338 659
f 593 659 232
f 662 659 593
f 342 683 681
f 683 338 662
f 681 662 323
f 683 662 681
f 248 668 599
f 668 340 671
f 599 671 325
f 668 671 599
f 340 669 684
f 669 255 680
f 684 680 342
f 669 680 684
f 325 682 600
f 682 342 679
f 600 679 252
f 682 679 600
f 340 684 671
f 684 342 682
f 671 682 325
f 684 682 671
f 227 603 445
f 603 326 606
f 445 606 283
f 603 606 445
f 326 604 618
f 604 253 616
f 618 616 329
f 604 616 618
f 283 617 446
f 617 329 615
f 446 615 241
f 617 615 446
f 326 618 606
f 618 329 617
f 606 617 283
f 618 617 606
f 253 608 649
f 608 327 651
f 649 651 336
f 608 651 649
f 327 607 632
f 607 232 629
f 632 629 332
f 607 629 632
f 336 653 650
f 653 332 630
f 650 630 254
f 653 630 650
f 327 632 651
f 632 332 653
f 651 653 336
f 632 653 651
f 241 638 448
f 638 334 640
f 448 640 284
f 638 640 448
f 334 639 642
f 639 254 626
f 642 626 331
f 639 626 642
f 284 628 447
f 628 331 625
f 447 625 228
f 628 625 447
f 334 642 640
f 642 331 628
f 640 628 284
f 642 628 640
f 253 649 616
f 649 336 652
f 616 652 329
f 649 652 616
f 336 650 654
f 650 254 639
f 654 639 334
f 650 639 654
f 329 641 615
f 641 334 638
f 615 638 241
f 641 638 615
f 336 654 652
f 654 334 641
f 652 641 329
f 654 641 652
f 225 393 769
f 393 269 771
f 769 771 364
f 393 771 769
f 269 394 777
f 394 237 775
f 777 775 366
f 394 775 777
f 364 778 770
f 778 366 776
f 770 776 261
f 778 776 770
f 269 777 771
f 777 366 778
f 771 778 364
f 777 778 771
f 237 397 790
f 397 270 792
f 790 792 370
f 397 792 790
f 270 396 785
f 396 227 783
f 785 783 368
f 396 783 785
f 370 794 791
f 794 368 784
f 791 784 262
f 794 784 791
f 270 785 792
f 785 368 794
f 792 794 370
f 785 794 792
f 261 799 774
f 799 372 801
f 774 801 365
f 799 801 774
f 372 800 803
f 800 262 788
f 803 788 369
f 800 788 803
f 365 789 773
f 789 369 787
f 773 787 234
f 789 787 773
f 372 803 801
f 803 369 789
f 801 789 365
f 803 789 801
f 237 790 775
f 790 370 793
f 775 793 366
f 790 793 775
f 370 791 804
f 791 262 800
f 804 800 372
f 791 800 804
f 366 802 776
f 802 372 799
f 776 799 261
f 802 799 776
f 370 804 793
f 804 372 802
f 793 802 366
f 804 802 793
f 229 452 703
f 452 286 705
f 703 705 349
f 452 705 703
f 286 453 712
f 453 242 710
f 712 710 351
f 453 710 712
f 349 714 704
f 714 351 711
f 704 711 258
f 714 711 704
f 286 712 705
f 712 351 714
f 705 714 349
f 712 714 705
f 242 450 699
f 450 285 701
f 699 701 348
f 450 701 699
f 285 449 696
f 449 225 694
f 696 694 346
f 449 694 696
f 348 702 700
f 702 346 695
f 700 695 257
f 702 695 700
f 285 696 701
f 696 346 702
f 701 702 348
f 696 702 701
f 258 720 708
f 720 353 723
f 708 723 350
f 720 723 708
f 353 719 721
f 719 257 698
f 721 698 347
f 719 698 721
f 350 709 707
f 709 347 697
f 707 697 233
f 709 697 707
f 353 721 723
f 721 347 709
f 723 709 350
f 721 709 723
f 242 699 710
f 699 348 713
f 710 713 351
f 699 713 710
f 348 700 722
f 700 257 719
f 722 719 353
f 700 719 722
f 351 724 711
f 724 353 720
f 711 720 258
f 724 720 711
f 348 722 713
f 722 353 724
f 713 724 351
f 722 724 713
f 231 527 549
f 527 308 552
f 549 552 313
f 527 552 549
f 308 528 571
f 528 249 569
f 571 569 317
f 528 569 571
f 313 573 550
f 573 317 570
f 550 570 250
f 573 570 550
f 308 571 552
f 571 317 573
f 552 573 313
f 571 573 552
f 249 524 536
f 524 307 538
f 536 538 310
f 524 538 536
f 307 523 526
f 523 229 501
f 526 501 299
f 523 501 526
f 310 537 535
f 537 299 502
f 535 502 246
f 537 502 535
f 307 526 538
f 526 299 537
f 538 537 310
f 526 537 538
f 250 559 546
f 559 315 562
f 546 562 312
f 559 562 546
f 315 558 560
f 558 246 504
f 560 504 300
f 558 504 560
f 312 548 545
f 548 300 503
f 545 503 230
f 548 503 545
f 315 560 562
f 560 300 548
f 562 548 312
f 560 548 562
f 249 536 569
f 536 310 572
f 569 572 317
f 536 572 569
f 310 535 561
f 535 246 558
f 561 558 315
f 535 558 561
f 317 574 570
f 574 315 559
f 570 559 250
f 574 559 570
f 310 561 572
f 561 315 574
f 572 574 317
f 561 574 572
f 232 659 579
f 659 338 661
f 579 661 319
f 659 661 579
f 338 660 677
f 660 255 674
f 677 674 341
f 660 674 677
f 319 675 580
f 675 341 673
f 580 673 251
f 675 673 580
f 338 677 661
f 677 341 675
f 661 675 319
f 677 675 661
f 255 656 664
f 656 337 667
f 664 667 339
f 656 667 664
f 337 655 657
f 655 231 508
f 657 508 302
f 655 508 657
f 339 665 663
f 665 302 509
f 663 509 247
f 665 509 663
f 337 657 667
f 657 302 665
f 667 665 339
f 657 665 667
f 251 586 576
f 586 321 588
f 576 588 318
f 586 588 576
f 321 585 587
f 585 247 506
f 587 506 301
f 585 506 587
f 318 578 575
f 578 301 505
f 575 505 224
f 578 505 575
f 321 587 588
f 587 301 578
f 588 578 318
f 587 578 588
f 255 664 674
f 664 339 678
f 674 678 341
f 664 678 674
f 339 663 666
f 663 247 585
f 666 585 321
f 663 585 666
f 341 676 673
f 676 321 586
f 673 586 251
f 676 586 673
f 339 666 678
f 666 321 676
f 678 676 341
f 666 676 678
f 866 865 869
f 866 869 867
f 867 869 870
f 867 870 868
f 869 865 871
f 869 871 870
f 870 871 872
f 870 872 868
f 871 865 873
f 871 873 872
f 872 873 874
f 872 874 868
f 873 865 875
f 873 875 874
f 874 875 876
f 874 876 868
f 875 865 877
f 875 877 876
f 876 877 878
f 876 878 868
f 877 865 879
f 877 879 878
f 878 879 880
f 878 880 868
f 879 865 881
f 879 881 880
f 880 881 882
f 880 882 868
f 881 865 866
f 881 866 882
f 882 866 867
f 882 867 868
f 884 883 887
f 884 887 885
f 885 887 888
f 885 888 886
f 887 883 889
f 887 889 888
f 888 889 890
f 888 890 886
f 889 883 891
f 889 891 890
f 890 891 892
f 890 892 886
f 891 883 893
f 891 893 892
f 892 893 894
f 892 894 886
f 893 883 895
f 893 895 894
f 894 895 896
f 894 896 886
f 895 883 897
f 895 897 896
f 896 897 898
f 896 898 886
f 897 883 899
f 897 899 898
f 898 899 900
f 898 900 886
f 899 883 884
f 899 884 900
f 900 884 885
f 900 885 886
f 902 901 905
f 902 905 903
f 903 905 906
f 903 906 904
f 905 901 907
f 905 907 906
f 906 907 908
f 906 908 904
f 907 901 909
f 907 909 908
f 908 909 910
f 908 910 904
f 909 901 911
f 909 911 910
f 910 911 912
f 910 912 904
f 911 901 913
f 911 913 912
f 912 913 914
f 912 914 904
f 913 901 915
f 913 915 914
f 914 915 916
f 914 916 904
f 915 901 917
f 915 917 916
f 916 917 918
f 916 918 904
f 917 901 919
f 917 919 918
f 918 919 920
f 918 920 904
f 919 901 921
f 919 921 920
f 920 921 922
f 920 922 904
f 921 901 923
f 921 923 922
f 922 923 924
f 922 924 904
f 923 901 925
f 923 925 924
f 924 925 926
f 924 926 904
f 925 901 902
f 925 902 926
f 926 902 903
f 926 903 904
f 928 927 931
f 928 931 929
f 929 931 932
f 929 932 930
f 931 927 933
f 931 933 932
f 932 933 934
f 932 934 930
f 933 927 935
f 933 935 934
f 934 935 936
f 934 936 930
f 935 927 937
f 935 937 936
f 936 937 938
f 936 938 930
f 937 927 939
f 937 939 938
f 938 939 940
f 938 940 930
f 939 927 941
f 939 941 940
f 940 941 942
f 940 942 930
f 941 927 943
f 941 943 942
f 942 943 944
f 942 944 930
f 943 927 945
f 943 945 944
f 944 945 946
f 944 946 930
f 945 927 947
f 945 947 946
f 946 947 948
f 946 948 930
f 947 927 949
f 947 949 948
f 948 949 950
f 948 950 930
f 949 927 951
f 949 951 950
f 950 951 952
f 950 952 930
f 951 927 928
f 951 928 952
f 952 928 929
f 952 929 930
f 954 953 957
f 954 957 955
f 955 957 958
f 955 958 956
f 957 953 959
f 957 959 958
f 958 959 960
f 958 960 956
f 959 953 961
f 959 961 960
f 960 961 962
f 960 962 956
f 961 953 963
f 961 963 962
f 962 963 964
f 962 964 956
f 963 953 965
f 963 965 964
f 964 965 966
f 964 966 956
f 965 953 967
f 965 967 966
f 966 967 968
f 966 968 956
f 967 953 969
f 967 969 968
f 968 969 970
f 968 970 956
f 969 953 971
f 969 971 970
f 970 971 972
f 970 972 956
f 971 953 973
f 971 973 972
f 972 973 974
f 972 974 956
f 973 953 975
f 973 975 974
f 974 975 976
f 974 976 956
f 975 953 977
f 975 977 976
f 976 977 978
f 976 978 956
f 977 953 954
f 977 954 978
f 978 954 955
f 978 955 956
f 980 979 983
f 980 983 981
f 981 983 984
f 981 984 982
f 983 979 985
f 983 985 984
f 984 985 986
f 984 986 982
f 985 979 987
f 985 987 986
f 986 987 988
f 986 988 982
f 987 979 989
f 987 989 988
f 988 989 990
f 988 990 982
f 989 979 991
f 989 991 990
f 990 991 992
f 990 992 982
f 991 979 993
f 991 993 992
f 992 993 994
f 992 994 982
f 993 979 995
f 993 995 994
f 994 995 996
f 994 996 982
f 995 979 980
f 995 980 996
f 996 980 981
f 996 981 982
f 998 997 1001
f 998 1001 999
f 999 1001 1002
f 999 1002 1000
f 1001 997 1003
f 1001 1003 1002
f 1002 1003 1004
f 1002 1004 1000
f 1003 997 1005
f 1003 1005 1004
f 1004 1005 1006
f 1004 1006 1000
f 1005 997 1007
f 1005 1007 1006
f 1006 1007 1008
f 1006 1008 1000
f 1007 997 1009
f 1007 1009 1008
f 1008 1009 1010
f 1008 1010 1000
f 1009 997 1011
f 1009 1011 1010
f 1010 1011 1012
f 1010 1012 1000
f 1011 997 1013
f 1011 1013 1012
f 1012 1013 1014
f 1012 1014 1000
f 1013 997 998
f 1013 998 1014
f 1014 998 999
f 1014 999 1000
f 1016 1015 1019
f 1016 1019 1017
f 1017 1019 1020
f 1017 1020 1018
f 1019 1015 1021
f 1019 1021 1020
f 1020 1021 1022
f 1020 1022 1018
f 1021 1015 1023
f 1021 1023 1022
f 1022 1023 1024
f 1022 1024 1018
f 1023 1015 1025
f 1023 1025 1024
f 1024 1025 1026
f 1024 1026 1018
f 1025 1015 1027
f 1025 1027 1026
f 1026 1027 1028
f 1026 1028 1018
f 1027 1015 1029
f 1027 1029 1028
f 1028 1029 1030
f 1028 1030 1018
f 1029 1015 1031
f 1029 1031 1030
f 1030 1031 1032
f 1030 1032 1018
f 1031 1015 1016
f 1031 1016 1032
f 1032 1016 1017
f 1032 1017 1018
f 1034 1033 1037
f 1034 1037 1035
f 1035 1037 1038
f 1035 1038 1036
f 1037 1033 1039
f 1037 1039 1038
f 1038 1039 1040
f 1038 1040 1036
f 1039 1033 1041
f 1039 1041 1040
f 1040 1041 1042
f 1040 1042 1036
f 1041 1033 1043
f 1041 1043 1042
f 1042 1043 1044
f 1042 1044 1036
f 1043 1033 1045
f 1043 1045 1044
f 1044 1045 1046
f 1044 1046 1036
f 1045 1033 1047
f 1045 1047 1046
f 1046 1047 1048
f 1046 1048 1036
f 1047 1033 1049
f 1047 1049 1048
f 1048 1049 1050
f 1048 1050 1036
f 1049 1033 1034
f 1049 1034 1050
f 1050 1034 1035
f 1050 1035 1036
f 1052 1051 1055
f 1052 1055 1053
f 1053 1055 1056
f 1053 1056 1054
f 1055 1051 1057
f 1055 1057 1056
f 1056 1057 1058
f 1056 1058 1054
f 1057 1051 1059
f 1057 1059 1058
f 1058 1059 1060
f 1058 1060 1054
f 1059 1051 1061
f 1059 1061 1060
f 1060 1061 1062
f 1060 1062 1054
f 1061 1051 1063
f 1061 1063 1062
f 1062 1063 1064
f 1062 1064 1054
f 1063 1051 1065
f 1063 1065 1064
f 1064 1065 1066
f 1064 1066 1054
f 1065 1051 1067
f 1065 1067 1066
f 1066 1067 1068
f 1066 1068 1054
f 1067 1051 1069
f 1067 1069 1068
f 1068 1069 1070
f 1068 1070 1054
f 1069 1051 1071
f 1069 1071 1070
f 1070 1071 1072
f 1070 1072 1054
f 1071 1051 1073
f 1071 1073 1072
f 1072 1073 1074
f 1072 1074 1054
f 1073 1051 1075
f 1073 1075 1074
f 1074 1075 1076
f 1074 1076 1054
f 1075 1051 1052
f 1075 1052 1076
f 1076 1052 1053
f 1076 1053 1054
f 1078 1077 1081
f 1078 1081 1079
f 1079 1081 1082
f 1079 1082 1080
f 1081 1077 1083
f 1081 1083 1082
f 1082 1083 1084
f 1082 1084 1080
f 1083 1077 1085
f 1083 1085 1084
f 1084 1085 1086
f 1084 1086 1080
f 1085 1077 1087
f 1085 1087 1086
f 1086 1087 1088
f 1086 1088 1080
f 1087 1077 1089
f 1087 1089 1088
f 1088 1089 1090
f 1088 1090 1080
f 1089 1077 1091
f 1089 1091 1090
f 1090 1091 1092
f 1090 1092 1080
f 1091 1077 1093
f 1091 1093 1092
f 1092 1093 1094
f 1092 1094 1080
f 1093 1077 1095
f 1093 1095 1094
f 1094 1095 1096
f 1094 1096 1080
f 1095 1077 1097
f 1095 1097 1096
f 1096 1097 1098
f 1096 1098 1080
f 1097 1077 1099
f 1097 1099 1098
f 1098 1099 1100
f 1098 1100 1080
f 1099 1077 1101
f 1099 1101 1100
f 1100 1101 1102
f 1100 1102 1080
f 1101 1077 1078
f 1101 1078 1102
f 1102 1078 1079
f 1102 1079 1080
f 1104 1103 1107
f 1104 1107 1105
f 1105 1107 1108
f 1105 1108 1106
f 1107 1103 1109
f 1107 1109 1108
f 1108 1109 1110
f 1108 1110 1106
f 1109 1103 1111
f 1109 1111 1110
f 1110 1111 1112
f 1110 1112 1106
f 1111 1103 1113
f 1111 1113 1112
f 1112 1113 1114
f 1112 1114 1106
f 1113 1103 1115
f 1113 1115 1114
f 1114 1115 1116
f 1114 1116 1106
f 1115 1103 1117
f 1115 1117 1116
f 1116 1117 1118
f 1116 1118 1106
f 1117 1103 1119
f 1117 1119 1118
f 1118 1119 1120
f 1118 1120 1106
f 1119 1103 1121
f 1119 1121 1120
f 1120 1121 1122
f 1120 1122 1106
f 1121 1103 1123
f 1121 1123 1122
f 1122 1123 1124
f 1122 1124 1106
f 1123 1103 1125
f 1123 1125 1124
f 1124 1125 1126
f 1124 1126 1106
f 1125 1103 1127
f 1125 1127 1126
f 1126 1127 1128
f 1126 1128 1106
f 1127 1103 1104
f 1127 1104 1128
f 1128 1104 1105
f 1128 1105 1106
f 1130 1129 1133
f 1130 1133 1131
f 1131 1133 1134
f 1131 1134 1132
f 1133 1129 1135
f 1133 1135 1134
f 1134 1135 1136
f 1134 1136 1132
f 1135 1129 1137
f 1135 1137 1136
f 1136 1137 1138
f 1136 1138 1132
f 1137 1129 1139
f 1137 1139 1138
f 1138 1139 1140
f 1138 1140 1132
f 1139 1129 1141
f 1139 1141 1140
f 1140 1141 1142
f 1140 1142 1132
f 1141 1129 1143
f 1141 1143 1142
f 1142 1143 1144
f 1142 1144 1132
f 1143 1129 1145
f 1143 1145 1144
f 1144 1145 1146
f 1144 1146 1132
f 1145 1129 1130
f 1145 1130 1146
f 1146 1130 1131
f 1146 1131 1132
f 1148 1147 1151
f 1148 1151 1149
f 1149 1151 1152
f 1149 1152 1150
f 1151 1147 1153
f 1151 1153 1152
f 1152 1153 1154
f 1152 1154 1150
f 1153 1147 1155
f 1153 1155 1154
f 1154 1155 1156
f 1154 1156 1150
f 1155 1147 1157
f 1155 1157 1156
f 1156 1157 1158
f 1156 1158 1150
f 1157 1147 1159
f 1157 1159 1158
f 1158 1159 1160
f 1158 1160 1150
f 1159 1147 1161
f 1159 1161 1160
f 1160 1161 1162
f 1160 1162 1150
f 1161 1147 1163
f 1161 1163 1162
f 1162 1163 1164
f 1162 1164 1150
f 1163 1147 1148
f 1163 1148 1164
f 1164 1148 1149
f 1164 1149 1150
f 1166 1165 1169
f 1166 1169 1167
f 1167 1169 1170
f 1167 1170 1168
f 1169 1165 1171
f 1169 1171 1170
f 1170 1171 1172
f 1170 1172 1168
f 1171 1165 1173
f 1171 1173 1172
f 1172 1173 1174
f 1172 1174 1168
f 1173 1165 1175
f 1173 1175 1174
f 1174 1175 1176
f 1174 1176 1168
f 1175 1165 1177
f 1175 1177 1176
f 1176 1177 1178
f 1176 1178 1168
f 1177 1165 1179
f 1177 1179 1178
f 1178 1179 1180
f 1178 1180 1168
f 1179 1165 1181
f 1179 1181 1180
f 1180 1181 1182
f 1180 1182 1168
f 1181 1165 1166
f 1181 1166 1182
f 1182 1166 1167
f 1182 1167 1168
f 1184 1183 1187
f 1184 1187 1185
f 1185 1187 1188
f 1185 1188 1186
f 1187 1183 1189
f 1187 1189 1188
f 1188 1189 1190
f 1188 1190 1186
f 1189 1183 1191
f 1189 1191 1190
f 1190 1191 1192
f 1190 1192 1186
f 1191 1183 1193
f 1191 1193 1192
f 1192 1193 1194
f 1192 1194 1186
f 1193 1183 1195
f 1193 1195 1194
f 1194 1195 1196
f 1194 1196 1186
f 1195 1183 1197
f 1195 1197 1196
f 1196 1197 1198
f 1196 1198 1186
f 1197 1183 1199
f 1197 1199 1198
f 1198 1199 1200
f 1198 1200 1186
f 1199 1183 1184
f 1199 1184 1200
f 1200 1184 1185
f 1200 1185 1186
f 1201 1209 1202
f 1202 1209 1210
f 1202 1210 1203
f 1203 1210 1211
f 1203 1211 1204
f 1204 1211 1212
f 1204 1212 1205
f 1205 1212 1213
f 1205 1213 1206
f 1206 1213 1214
f 1206 1214 1207
f 1207 1214 1215
f 1207 1215 1208
f 1208 1215 1216
f 1208 1216 1201
f 1201 1216 1209
f 1209 1217 1210
f 1210 1217 1218
f 1210 1218 1211
f 1211 1218 1219
f 1211 1219 1212
f 1212 1219 1220
f 1212 1220 1213
f 1213 1220 1221
f 1213 1221 1214
f 1214 1221 1222
f 1214 1222 1215
f 1215 1222 1223
f 1215 1223 1216
f 1216 1223 1224
f 1216 1224 1209
f 1209 1224 1217
f 1217 1225 1218
f 1218 1225 1226
f 1218 1226 1219
f 1219 1226 1227
f 1219 1227 1220
f 1220 1227 1228
f 1220 1228 1221
f 1221 1228 1229
f 1221 1229 1222
f 1222 1229 1230
f 1222 1230 1223
f 1223 1230 1231
f 1223 1231 1224
f 1224 1231 1232
f 1224 1232 1217
f 1217 1232 1225
f 1225 1233 1226
f 1226 1233 1234
f 1226 1234 1227
f 1227 1234 1235
f 1227 1235 1228
f 1228 1235 1236
f 1228 1236 1229
f 1229 1236 1237
f 1229 1237 1230
f 1230 1237 1238
f 1230 1238 1231
f 1231 1238 1239
f 1231 1239 1232
f 1232 1239 1240
f 1232 1240 1225
f 1225 1240 1233
f 1233 1241 1234
f 1234 1241 1242
f 1234 1242 1235
f 1235 1242 1243
f 1235 1243 1236
f 1236 1243 1244
f 1236 1244 1237
f 1237 1244 1245
f 1237 1245 1238
f 1238 1245 1246
f 1238 1246 1239
f 1239 1246 1247
f 1239 1247 1240
f 1240 1247 1248
f 1240 1248 1233
f 1233 1248 1241
f 1241 1249 1242
f 1242 1249 1250
f 1242 1250 1243
f 1243 1250 1251
f 1243 1251 1244
f 1244 1251 1252
f 1244 1252 1245
f 1245 1252 1253
f 1245 1253 1246
f 1246 1253 1254
f 1246 1254 1247
f 1247 1254 1255
f 1247 1255 1248
f 1248 1255 1256
f 1248 1256 1241
f 1241 1256 1249
f 1249 1257 1250
f 1250 1257 1258
f 1250 1258 1251
f 1251 1258 1259
f 1251 1259 1252
f 1252 1259 1260
f 1252 1260 1253
f 1253 1260 1261
f 1253 1261 1254
f 1254 1261 1262
f 1254 1262 1255
f 1255 1262 1263
f 1255 1263 1256
f 1256 1263 1264
f 1256 1264 1249
f 1249 1264 1257
f 1257 1265 1258
f 1258 1265 1266
f 1258 1266 1259
f 1259 1266 1267
f 1259 1267 1260
f 1260 1267 1268
f 1260 1268 1261
f 1261 1268 1269
f 1261 1269 1262
f 1262 1269 1270
f 1262 1270 1263
f 1263 1270 1271
f 1263 1271 1264
f 1264 1271 1272
f 1264 1272 1257
f 1257 1272 1265
f 1265 1273 1266
f 1266 1273 1274
f 1266 1274 1267
f 1267 1274 1275
f 1267 1275 1268
f 1268 1275 1276
f 1268 1276 1269
f 1269 1276 1277
f 1269 1277 1270
f 1270 1277 1278
f 1270 1278 1271
f 1271 1278 1279
f 1271 1279 1272
f 1272 1279 1280
f 1272 1280 1265
f 1265 1280 1273
f 1273 1281 1274
f 1274 1281 1282
f 1274 1282 1275
f 1275 1282 1283
f 1275 1283 1276
f 1276 1283 1284
f 1276 1284 1277
f 1277 1284 1285
f 1277 1285 1278
f 1278 1285 1286
f 1278 1286 1279
f 1279 1286 1287
f 1279 1287 1280
f 1280 1287 1288
f 1280 1288 1273
f 1273 1288 1281
f 1281 1289 1282
f 1282 1289 1290
f 1282 1290 1283
f 1283 1290 1291
f 1283 1291 1284
f 1284 1291 1292
f 1284 1292 1285
f 1285 1292 1293
f 1285 1293 1286
f 1286 1293 1294
f 1286 1294 1287
f 1287 1294 1295
f 1287 1295 1288
f 1288 1295 1296
f 1288 1296 1281
f 1281 1296 1289
f 1289 1297 1290
f 1290 1297 1298
f 1290 1298 1291
f 1291 1298 1299
f 1291 1299 1292
f 1292 1299 1300
f 1292 1300 1293
f 1293 1300 1301
f 1293 1301 1294
f 1294 1301 1302
f 1294 1302 1295
f 1295 1302 1303
f 1295 1303 1296
f 1296 1303 1304
f 1296 1304 1289
f 1289 1304 1297
f 1297 1305 1298
f 1298 1305 1306
f 1298 1306 1299
f 1299 1306 1307
f 1299 1307 1300
f 1300 1307 1308
f 1300 1308 1301
f 1301 1308 1309
f 1301 1309 1302
f 1302 1309 1310
f 1302 1310 1303
f 1303 1310 1311
f 1303 1311 1304
f 1304 1311 1312
f 1304 1312 1297
f 1297 1312 1305
f 1305 1313 1306
f 1306 1313 1314
f 1306 1314 1307
f 1307 1314 1315
f 1307 1315 1308
f 1308 1315 1316
f 1308 1316 1309
f 1309 1316 1317
f 1309 1317 1310
f 1310 1317 1318
f 1310 1318 1311
f 1311 1318 1319
f 1311 1319 1312
f 1312 1319 1320
f 1312 1320 1305
f 1305 1320 1313
f 1313 1321 1314
f 1314 1321 1322
f 1314 1322 1315
f 1315 1322 1323
f 1315 1323 1316
f 1316 1323 1324
f 1316 1324 1317
f 1317 1324 1325
f 1317 1325 1318
f 1318 1325 1326
f 1318 1326 1319
f 1319 1326 1327
f 1319 1327 1320
f 1320 1327 1328
f 1320 1328 1313
f 1313 1328 1321
f 1321 1329 1322
f 1322 1329 1330
f 1322 1330 1323
f 1323 1330 1331
f 1323 1331 1324
f 1324 1331 1332
f 1324 1332 1325
f 1325 1332 1333
f 1325 1333 1326
f 1326 1333 1334
f 1326 1334 1327
f 1327 1334 1335
f 1327 1335 1328
f 1328 1335 1336
f 1328 1336 1321
f 1321 1336 1329
f 1329 1337 1330
f 1330 1337 1338
f 1330 1338 1331
f 1331 1338 1339
f 1331 1339 1332
f 1332 1339 1340
f 1332 1340 1333
f 1333 1340 1341
f 1333 1341 1334
f 1334 1341 1342
f 1334 1342 1335
f 1335 1342 1343
f 1335 1343 1336
f 1336 1343 1344
f 1336 1344 1329
f 1329 1344 1337
f 1337 1345 1338
f 1338 1345 1346
f 1338 1346 1339
f 1339 1346 1347
f 1339 1347 1340
f 1340 1347 1348
f 1340 1348 1341
f 1341 1348 1349
f 1341 1349 1342
f 1342 1349 1350
f 1342 1350 1343
f 1343 1350 1351
f 1343 1351 1344
f 1344 1351 1352
f 1344 1352 1337
f 1337 1352 1345
f 1345 1353 1346
f 1346 1353 1354
f 1346 1354 1347
f 1347 1354 1355
f 1347 1355 1348
f 1348 1355 1356
f 1348 1356 1349
f 1349 1356 1357
f 1349 1357 1350
f 1350 1357 1358
f 1350 1358 1351
f 1351 1358 1359
f 1351 1359 1352
f 1352 1359 1360
f 1352 1360 1345
f 1345 1360 1353
f 1353 1361 1354
f 1354 1361 1362
f 1354 1362 1355
f 1355 1362 1363
f 1355 1363 1356
f 1356 1363 1364
f 1356 1364 1357
f 1357 1364 1365
f 1357 1365 1358
f 1358 1365 1366
f 1358 1366 1359
f 1359 1366 1367
f 1359 1367 1360
f 1360 1367 1368
f 1360 1368 1353
f 1353 1368 1361
f 1361 1369 1362
f 1362 1369 1370
f 1362 1370 1363
f 1363 1370 1371
f 1363 1371 1364
f 1364 1371 1372
f 1364 1372 1365
f 1365 1372 1373
f 1365 1373 1366
f 1366 1373 1374
f 1366 1374 1367
f 1367 1374 1375
f 1367 1375 1368
f 1368 1375 1376
f 1368 1376 1361
f 1361 1376 1369
f 1369 1377 1370
f 1370 1377 1378
f 1370 1378 1371
f 1371 1378 1379
f 1371 1379 1372
f 1372 1379 1380
f 1372 1380 1373
f 1373 1380 1381
f 1373 1381 1374
f 1374 1381 1382
f 1374 1382 1375
f 1375 1382 1383
f 1375 1383 1376
f 1376 1383 1384
f 1376 1384 1369
f 1369 1384 1377
f 1377 1385 1378
f 1378 1385 1386
f 1378 1386 1379
f 1379 1386 1387
f 1379 1387 1380
f 1380 1387 1388
f 1380 1388 1381
f 1381 1388 1389
f 1381 1389 1382
f 1382 1389 1390
f 1382 1390 1383
f 1383 1390 1391
f 1383 1391 1384
f 1384 1391 1392
f 1384 1392 1377
f 1377 1392 1385
f 1385 1201 1386
f 1386 1201 1202
f 1386 1202 1387
f 1387 1202 1203
f 1387 1203 1388
f 1388 1203 1204
f 1388 1204 1389
f 1389 1204 1205
f 1389 1205 1390
f 1390 1205 1206
f 1390 1206 1391
f 1391 1206 1207
f 1391 1207 1392
f 1392 1207 1208
f 1392 1208 1385
f 1385 1208 1201
f 1394 1396 1393
f 1397 1394 1393
f 1393 1396 1395
f 1395 1397 1393
f 1394 1400 1396
f 1398 1394 1397
f 1398 1400 1394
f 1396 1400 1395
f 1399 1397 1395
f 1395 1400 1399
f 1399 1398 1397
f 1400 1398 1399
f 1402 1404 1401
f 1405 1402 1401
f 1401 1404 1403
f 1403 1405 1401
f 1402 1408 1404
f 1406 1402 1405
f 1406 1408 1402
f 1404 1408 1403
f 1407 1405 1403
f 1403 1408 1407
f 1407 1406 1405
f 1408 1406 1407
f 1410 1412 1409
f 1413 1410 1409
f 1409 1412 1411
f 1411 1413 1409
f 1410 1416 1412
f 1414 1410 1413
f 1414 1416 1410
f 1412 1416 1411
f 1415 1413 1411
f 1411 1416 1415
f 1415 1414 1413
f 1416 1414 1415
f 1418 1420 1417
f 1421 1418 1417
f 1417 1420 1419
f 1419 1421 1417
f 1418 1424 1420
f 1422 1418 1421
f 1422 1424 1418
f 1420 1424 1419
f 1423 1421 1419
f 1419 1424 1423
f 1423 1422 1421
f 1424 1422 1423
f 1426 1428 1425
f 1429 1426 1425
f 1425 1428 1427
f 1427 1429 1425
f 1426 1432 1428
f 1430 1426 1429
f 1430 1432 1426
f 1428 1432 1427
f 1431 1429 1427
f 1427 1432 1431
f 1431 1430 1429
f 1432 1430 1431
f 1434 1436 1433
f 1437 1434 1433
f 1433 1436 1435
f 1435 1437 1433
f 1434 1440 1436
f 1438 1434 1437
f 1438 1440 1434
f 1436 1440 1435
f 1439 1437 1435
f 1435 1440 1439
f 1439 1438 1437
f 1440 1438 1439
f 1442 1444 1441
f 1445 1442 1441
f 1441 1444 1443
f 1443 1445 1441
f 1442 1448 1444
f 1446 1442 1445
f 1446 1448 1442
f 1444 1448 1443
f 1447 1445 1443
f 1443 1448 1447
f 1447 1446 1445
f 1448 1446 1447
f 1450 1452 1449
f 1453 1450 1449
f 1449 1452 1451
f 1451 1453 1449
f 1450 1456 1452
f 1454 1450 1453
f 1454 1456 1450
f 1452 1456 1451
f 1455 1453 1451
f 1451 1456 1455
f 1455 1454 1453
f 1456 1454 1455
f 1458 1460 1457
f 1461 1458 1457
f 1457 1460 1459
f 1459 1461 1457
f 1458 1464 1460
f 1462 1458 1461
f 1462 1464 1458
f 1460 1464 1459
f 1463 1461 1459
f 1459 1464 1463
f 1463 1462 1461
f 1464 1462 1463
f 1466 1468 1465
f 1469 1466 1465
f 1465 1468 1467
f 1467 1469 1465
f 1466 1472 1468
f 1470 1466 1469
f 1470 1472 1466
f 1468 1472 1467
f 1471 1469 1467
f 1467 1472 1471
f 1471 1470 1469
f 1472 1470 1471
f 1474 1476 1473
f 1477 1474 1473
f 1473 1476 1475
f 1475 1477 1473
f 1474 1480 1476
f 1478 1474 1477
f 1478 1480 1474
f 1476 1480 1475
f 1479 1477 1475
f 1475 1480 1479
f 1479 1478 1477
f 1480 1478 1479
f 1482 1484 1481
f 1485 1482 1481
f 1481 1484 1483
f 1483 1485 1481
f 1482 1488 1484
f 1486 1482 1485
f 1486 1488 1482
f 1484 1488 1483
f 1487 1485 1483
f 1483 1488 1487
f 1487 1486 1485
f 1488 1486 1487
f 1490 1492 1489
f 1493 1490 1489
f 1489 1492 1491
f 1491 1493 1489
f 1490 1496 1492
f 1494 1490 1493
f 1494 1496 1490
f 1492 1496 1491
f 1495 1493 1491
f 1491 1496 1495
f 1495 1494 1493
f 1496 1494 1495
f 1497 1634 1550
f 1634 1534 1636
f 1550 1636 1513
f 1634 1636 1550
f 1534 1635 1651
f 1635 1508 1648
f 1651 1648 1537
f 1635 1648 1651
f 1513 1649 1551
f 1649 1537 1647
f 1551 1647 1502
f 1649 1647 1551
f 1534 1651 1636
f 1651 1537 1649
f 1636 1649 1513
f 1651 1649 1636
f 1497 1550 1539
f 1550 1513 1552
f 1539 1552 1509
f 1550 1552 1539
f 1513 1551 1556
f 1551 1502 1554
f 1556 1554 1514
f 1551 1554 1556
f 1509 1555 1540
f 1555 1514 1553
f 1540 1553 1498
f 1555 1553 1540
f 1513 1556 1552
f 1556 1514 1555
f 1552 1555 1509
f 1556 1555 1552
f 1497 1539 1566
f 1539 1509 1568
f 1566 1568 1518
f 1539 1568 1566
f 1509 1540 1571
f 1540 1498 1569
f 1571 1569 1519
f 1540 1569 1571
f 1518 1572 1567
f 1572 1519 1570
f 1567 1570 1504
f 1572 1570 1567
f 1509 1571 1568
f 1571 1519 1572
f 1568 1572 1518
f 1571 1572 1568
f 1497 1566 1617
f 1566 1518 1619
f 1617 1619 1530
f 1566 1619 1617
f 1518 1567 1630
f 1567 1504 1628
f 1630 1628 1533
f 1567 1628 1630
f 1530 1632 1618
f 1632 1533 1629
f 1618 1629 1507
f 1632 1629 1618
f 1518 1630 1619
f 1630 1533 1632
f 1619 1632 1530
f 1630 1632 1619
f 1497 1617 1634
f 1617 1530 1637
f 1634 1637 1534
f 1617 1637 1634
f 1530 1618 1655
f 1618 1507 1653
f 1655 1653 1538
f 1618 1653 1655
f 1534 1657 1635
f 1657 1538 1654
f 1635 1654 1508
f 1657 1654 1635
f 1530 1655 1637
f 1655 1538 1657
f 1637 1657 1534
f 1655 1657 1637
f 1498 1553 1592
f 1553 1514 1594
f 1592 1594 1525
f 1553 1594 1592
f 1514 1554 1607
f 1554 1502 1605
f 1607 1605 1528
f 1554 1605 1607
f 1525 1609 1593
f 1609 1528 1606
f 1593 1606 1506
f 1609 1606 1593
f 1514 1607 1594
f 1607 1528 1609
f 1594 1609 1525
f 1607 1609 1594
f 1502 1647 1558
f 1647 1537 1650
f 1558 1650 1515
f 1647 1650 1558
f 1537 1648 1652
f 1648 1508 1643
f 1652 1643 1536
f 1648 1643 1652
f 1515 1645 1557
f 1645 1536 1642
f 1557 1642 1501
f 1645 1642 1557
f 1537 1652 1650
f 1652 1536 1645
f 1650 1645 1515
f 1652 1645 1650
f 1508 1654 1639
f 1654 1538 1658
f 1639 1658 1535
f 1654 1658 1639
f 1538 1653 1656
f 1653 1507 1621
f 1656 1621 1531
f 1653 1621 1656
f 1535 1641 1638
f 1641 1531 1620
f 1638 1620 1499
f 1641 1620 1638
f 1538 1656 1658
f 1656 1531 1641
f 1658 1641 1535
f 1656 1641 1658
f 1507 1629 1624
f 1629 1533 1633
f 1624 1633 1532
f 1629 1633 1624
f 1533 1628 1631
f 1628 1504 1574
f 1631 1574 1520
f 1628 1574 1631
f 1532 1626 1623
f 1626 1520 1573
f 1623 1573 1503
f 1626 1573 1623
f 1533 1631 1633
f 1631 1520 1626
f 1633 1626 1532
f 1631 1626 1633
f 1504 1570 1586
f 1570 1519 1588
f 1586 1588 1524
f 1570 1588 1586
f 1519 1569 1577
f 1569 1498 1575
f 1577 1575 1521
f 1569 1575 1577
f 1524 1590 1587
f 1590 1521 1576
f 1587 1576 1505
f 1590 1576 1587
f 1519 1577 1588
f 1577 1521 1590
f 1588 1590 1524
f 1577 1590 1588
f 1500 1596 1546
f 1596 1526 1598
f 1546 1598 1512
f 1596 1598 1546
f 1526 1597 1604
f 1597 1506 1601
f 1604 1601 1527
f 1597 1601 1604
f 1512 1602 1547
f 1602 1527 1600
f 1547 1600 1501
f 1602 1600 1547
f 1526 1604 1598
f 1604 1527 1602
f 1598 1602 1512
f 1604 1602 1598
f 1500 1546 1542
f 1546 1512 1548
f 1542 1548 1510
f 1546 1548 1542
f 1512 1547 1549
f 1547 1501 1544
f 1549 1544 1511
f 1547 1544 1549
f 1510 1545 1541
f 1545 1511 1543
f 1541 1543 1499
f 1545 1543 1541
f 1512 1549 1548
f 1549 1511 1545
f 1548 1545 1510
f 1549 1545 1548
f 1500 1542 1562
f 1542 1510 1564
f 1562 1564 1517
f 1542 1564 1562
f 1510 1541 1561
f 1541 1499 1559
f 1561 1559 1516
f 1541 1559 1561
f 1517 1565 1563
f 1565 1516 1560
f 1563 1560 1503
f 1565 1560 1563
f 1510 1561 1564
f 1561 1516 1565
f 1564 1565 1517
f 1561 1565 1564
f 1500 1562 1578
f 1562 1517 1580
f 1578 1580 1522
f 1562 1580 1578
f 1517 1563 1583
f 1563 1503 1581
f 1583 1581 1523
f 1563 1581 1583
f 1522 1585 1579
f 1585 1523 1582
f 1579 1582 1505
f 1585 1582 1579
f 1517 1583 1580
f 1583 1523 1585
f 1580 1585 1522
f 1583 1585 1580
f 1500 1578 1596
f 1578 1522 1599
f 1596 1599 1526
f 1578 1599 1596
f 1522 1579 1614
f 1579 1505 1611
f 1614 1611 1529
f 1579 1611 1614
f 1526 1616 1597
f 1616 1529 1612
f 1597 1612 1506
f 1616 1612 1597
f 1522 1614 1599
f 1614 1529 1616
f 1599 1616 1526
f 1614 1616 1599
f 1501 1600 1557
f 1600 1527 1603
f 1557 1603 1515
f 1600 1603 1557
f 1527 1601 1610
f 1601 1506 1606
f 1610 1606 1528
f 1601 1606 1610
f 1515 1608 1558
f 1608 1528 1605
f 1558 1605 1502
f 1608 1605 1558
f 1527 1610 1603
f 1610 1528 1608
f 1603 1608 1515
f 1610 1608 1603
f 1499 1543 1638
f 1543 1511 1640
f 1638 1640 1535
f 1543 1640 1638
f 1511 1544 1644
f 1544 1501 1642
f 1644 1642 1536
f 1544 1642 1644
f 1535 1646 1639
f 1646 1536 1643
f 1639 1643 1508
f 1646 1643 1639
f 1511 1644 1640
f 1644 1536 1646
f 1640 1646 1535
f 1644 1646 1640
f 1503 1560 1623
f 1560 1516 1625
f 1623 1625 1532
f 1560 1625 1623
f 1516 1559 1622
f 1559 1499 1620
f 1622 1620 1531
f 1559 1620 1622
f 1532 1627 1624
f 1627 1531 1621
f 1624 1621 1507
f 1627 1621 1624
f 1516 1622 1625
f 1622 1531 1627
f 1625 1627 1532
f 1622 1627 1625
f 1505 1582 1587
f 1582 1523 1591
f 1587 1591 1524
f 1582 1591 1587
f 1523 1581 1584
f 1581 1503 1573
f 1584 1573 1520
f 1581 1573 1584
f 1524 1589 1586
f 1589 1520 1574
f 1586 1574 1504
f 1589 1574 1586
f 1523 1584 1591
f 1584 1520 1589
f 1591 1589 1524
f 1584 1589 1591
f 1506 1612 1593
f 1612 1529 1615
f 1593 1615 1525
f 1612 1615 1593
f 1529 1611 1613
f 1611 1505 1576
f 1613 1576 1521
f 1611 1576 1613
f 1525 1595 1592
f 1595 1521 1575
f 1592 1575 1498
f 1595 1575 1592
f 1529 1613 1615
f 1613 1521 1595
f 1615 1595 1525
f 1613 1595 1615
f 1659 1796 1712
f 1796 1696 1798
f 1712 1798 1675
f 1796 1798 1712
f 1696 1797 1813
f 1797 1670 1810
f 1813 1810 1699
f 1797 1810 1813
f 1675 1811 1713
f 1811 1699 1809
f 1713 1809 1664
f 1811 1809 1713
f 1696 1813 1798
f 1813 1699 1811
f 1798 1811 1675
f 1813 1811 1798
f 1659 1712 1701
f 1712 1675 1714
f 1701 1714 1671
f 1712 1714 1701
f 1675 1713 1718
f 1713 1664 1716
f 1718 1716 1676
f 1713 1716 1718
f 1671 1717 1702
f 1717 1676 1715
f 1702 1715 1660
f 1717 1715 1702
f 1675 1718 1714
f 1718 1676 1717
f 1714 1717 1671
f 1718 1717 1714
f 1659 1701 1728
f 1701 1671 1730
f 1728 1730 1680
f 1701 1730 1728
f 1671 1702 1733
f 1702 1660 1731
f 1733 1731 1681
f 1702 1731 1733
f 1680 1734 1729
f 1734 1681 1732
f 1729 1732 1666
f 1734 1732 1729
f 1671 1733 1730
f 1733 1681 1734
f 1730 1734 1680
f 1733 1734 1730
f 1659 1728 1779
f 1728 1680 1781
f 1779 1781 1692
f 1728 1781 1779
f 1680 1729 1792
f 1729 1666 1790
f 1792 1790 1695
f 1729 1790 1792
f 1692 1794 1780
f 1794 1695 1791
f 1780 1791 1669
f 1794 1791 1780
f 1680 1792 1781
f 1792 1695 1794
f 1781 1794 1692
f 1792 1794 1781
f 1659 1779 1796
f 1779 1692 1799
f 1796 1799 1696
f 1779 1799 1796
f 1692 1780 1817
f 1780 1669 1815
f 1817 1815 1700
f 1780 1815 1817
f 1696 1819 1797
f 1819 1700 1816
f 1797 1816 1670
f 1819 1816 1797
f 1692 1817 1799
f 1817 1700 1819
f 1799 1819 1696
f 1817 1819 1799
f 1660 1715 1754
f 1715 1676 1756
f 1754 1756 1687
f 1715 1756 1754
f 1676 1716 1769
f 1716 1664 1767
f 1769 1767 1690
f 1716 1767 1769
f 1687 1771 1755
f 1771 1690 1768
f 1755 1768 1668
f 1771 1768 1755
f 1676 1769 1756
f 1769 1690 1771
f 1756 1771 1687
f 1769 1771 1756
f 1664 1809 1720
f 1809 1699 1812
f 1720 1812 1677
f 1809 1812 1720
f 1699 1810 1814
f 1810 1670 1805
f 1814 1805 1698
f 1810 1805 1814
f 1677 1807 1719
f 1807 1698 1804
f 1719 1804 1663
f 1807 1804 1719
f 1699 1814 1812
f 1814 1698 1807
f 1812 1807 1677
f 1814 1807 1812
f 1670 1816 1801
f 1816 1700 1820
f 1801 1820 1697
f 1816 1820 1801
f 1700 1815 1818
f 1815 1669 1783
f 1818 1783 1693
f 1815 1783 1818
f 1697 1803 1800
f 1803 1693 1782
f 1800 1782 1661
f 1803 1782 1800
f 1700 1818 1820
f 1818 1693 1803
f 1820 1803 1697
f 1818 1803 1820
f 1669 1791 1786
f 1791 1695 1795
f 1786 1795 1694
f 1791 1795 1786
f 1695 1790 1793
f 1790 1666 1736
f 1793 1736 1682
f 1790 1736 1793
f 1694 1788 1785
f 1788 1682 1735
f 1785 1735 1665
f 1788 1735 1785
f 1695 1793 1795
f 1793 1682 1788
f 1795 1788 1694
f 1793 1788 1795
f 1666 1732 1748
f 1732 1681 1750
f 1748 1750 1686
f 1732 1750 1748
f 1681 1731 1739
f 1731 1660 1737
f 1739 1737 1683
f 1731 1737 1739
f 1686 1752 1749
f 1752 1683 1738
f 1749 1738 1667
f 1752 1738 1749
f 1681 1739 1750
f 1739 1683 1752
f 1750 1752 1686
f 1739 1752 1750
f 1662 1758 1708
f 1758 1688 1760
f 1708 1760 1674
f 1758 1760 1708
f 1688 1759 1766
f 1759 1668 1763
f 1766 1763 1689
f 1759 1763 1766
f 1674 1764 1709
f 1764 1689 1762
f 1709 1762 1663
f 1764 1762 1709
f 1688 1766 1760
f 1766 1689 1764
f 1760 1764 1674
f 1766 1764 1760
f 1662 1708 1704
f 1708 1674 1710
f 1704 1710 1672
f 1708 1710 1704
f 1674 1709 1711
f 1709 1663 1706
f 1711 1706 1673
f 1709 1706 1711
f 1672 1707 1703
f 1707 1673 1705
f 1703 1705 1661
f 1707 1705 1703
f 1674 1711 1710
f 1711 1673 1707
f 1710 1707 1672
f 1711 1707 1710
f 1662 1704 1724
f 1704 1672 1726
f 1724 1726 1679
f 1704 1726 1724
f 1672 1703 1723
f 1703 1661 1721
f 1723 1721 1678
f 1703 1721 1723
f 1679 1727 1725
f 1727 1678 1722
f 1725 1722 1665
f 1727 1722 1725
f 1672 1723 1726
f 1723 1678 1727
f 1726 1727 1679
f 1723 1727 1726
f 1662 1724 1740
f 1724 1679 1742
f 1740 1742 1684
f 1724 1742 1740
f 1679 1725 1745
f 1725 1665 1743
f 1745 1743 1685
f 1725 1743 1745
f 1684 1747 1741
f 1747 1685 1744
f 1741 1744 1667
f 1747 1744 1741
f 1679 1745 1742
f 1745 1685 1747
f 1742 1747 1684
f 1745 1747 1742
f 1662 1740 1758
f 1740 1684 1761
f 1758 1761 1688
f 1740 1761 1758
f 1684 1741 1776
f 1741 1667 1773
f 1776 1773 1691
f 1741 1773 1776
f 1688 1778 1759
f 1778 1691 1774
f 1759 1774 1668
f 1778 1774 1759
f 1684 1776 1761
f 1776 1691 1778
f 1761 1778 1688
f 1776 1778 1761
f 1663 1762 1719
f 1762 1689 1765
f 1719 1765 1677
f 1762 1765 1719
f 1689 1763 1772
f 1763 1668 1768
f 1772 1768 1690
f 1763 1768 1772
f 1677 1770 1720
f 1770 1690 1767
f 1720 1767 1664
f 1770 1767 1720
f 1689 1772 1765
f 1772 1690 1770
f 1765 1770 1677
f 1772 1770 1765
f 1661 1705 1800
f 1705 1673 1802
f 1800 1802 1697
f 1705 1802 1800
f 1673 1706 1806
f 1706 1663 1804
f 1806 1804 1698
f 1706 1804 1806
f 1697 1808 1801
f 1808 1698 1805
f 1801 1805 1670
f 1808 1805 1801
f 1673 1806 1802
f 1806 1698 1808
f 1802 1808 1697
f 1806 1808 1802
f 1665 1722 1785
f 1722 1678 1787
f 1785 1787 1694
f 1722 1787 1785
f 1678 1721 1784
f 1721 1661 1782
f 1784 1782 1693
f 1721 1782 1784
f 1694 1789 1786
f 1789 1693 1783
f 1786 1783 1669
f 1789 1783 1786
f 1678 1784 1787
f 1784 1693 1789
f 1787 1789 1694
f 1784 1789 1787
f 1667 1744 1749
f 1744 1685 1753
f 1749 1753 1686
f 1744 1753 1749
f 1685 1743 1746
f 1743 1665 1735
f 1746 1735 1682
f 1743 1735 1746
f 1686 1751 1748
f 1751 1682 1736
f 1748 1736 1666
f 1751 1736 1748
f 1685 1746 1753
f 1746 1682 1751
f 1753 1751 1686
f 1746 1751 1753
f 1668 1774 1755
f 1774 1691 1777
f 1755 1777 1687
f 1774 1777 1755
f 1691 1773 1775
f 1773 1667 1738
f 1775 1738 1683
f 1773 1738 1775
f 1687 1757 1754
f 1757 1683 1737
f 1754 1737 1660
f 1757 1737 1754
f 1691 1775 1777
f 1775 1683 1757
f 1777 1757 1687
f 1775 1757 1777
f 1821 1958 1874
f 1958 1858 1960
f 1874 1960 1837
f 1958 1960 1874
f 1858 1959 1975
f 1959 1832 1972
f 1975 1972 1861
f 1959 1972 1975
f 1837 1973 1875
f 1973 1861 1971
f 1875 1971 1826
f 1973 1971 1875
f 1858 1975 1960
f 1975 1861 1973
f 1960 1973 1837
f 1975 1973 1960
f 1821 1874 1863
f 1874 1837 1876
f 1863 1876 1833
f 1874 1876 1863
f 1837 1875 1880
f 1875 1826 1878
f 1880 1878 1838
f 1875 1878 1880
f 1833 1879 1864
f 1879 1838 1877
f 1864 1877 1822
f 1879 1877 1864
f 1837 1880 1876
f 1880 1838 1879
f 1876 1879 1833
f 1880 1879 1876
f 1821 1863 1890
f 1863 1833 1892
f 1890 1892 1842
f 1863 1892 1890
f 1833 1864 1895
f 1864 1822 1893
f 1895 1893 1843
f 1864 1893 1895
f 1842 1896 1891
f 1896 1843 1894
f 1891 1894 1828
f 1896 1894 1891
f 1833 1895 1892
f 1895 1843 1896
f 1892 1896 1842
f 1895 1896 1892
f 1821 1890 1941
f 1890 1842 1943
f 1941 1943 1854
f 1890 1943 1941
f 1842 1891 1954
f 1891 1828 1952
f 1954 1952 1857
f 1891 1952 1954
f 1854 1956 1942
f 1956 1857 1953
f 1942 1953 1831
f 1956 1953 1942
f 1842 1954 1943
f 1954 1857 1956
f 1943 1956 1854
f 1954 1956 1943
f 1821 1941 1958
f 1941 1854 1961
f 1958 1961 1858
f 1941 1961 1958
f 1854 1942 1979
f 1942 1831 1977
f 1979 1977 1862
f 1942 1977 1979
f 1858 1981 1959
f 1981 1862 1978
f 1959 1978 1832
f 1981 1978 1959
f 1854 1979 1961
f 1979 1862 1981
f 1961 1981 1858
f 1979 1981 1961
f 1822 1877 1916
f 1877 1838 1918
f 1916 1918 1849
f 1877 1918 1916
f 1838 1878 1931
f 1878 1826 1929
f 1931 1929 1852
f 1878 1929 1931
f 1849 1933 1917
f 1933 1852 1930
f 1917 1930 1830
f 1933 1930 1917
f 1838 1931 1918
f 1931 1852 1933
f 1918 1933 1849
f 1931 1933 1918
f 1826 1971 1882
f 1971 1861 1974
f 1882 1974 1839
f 1971 1974 1882
f 1861 1972 1976
f 1972 1832 1967
f 1976 1967 1860
f 1972 1967 1976
f 1839 1969 1881
f 1969 1860 1966
f 1881 1966 1825
f 1969 1966 1881
f 1861 1976 1974
f 1976 1860 1969
f 1974 1969 1839
f 1976 1969 1974
f 1832 1978 1963
f 1978 1862 1982
f 1963 1982 1859
f 1978 1982 1963
f 1862 1977 1980
f 1977 1831 1945
f 1980 1945 1855
f 1977 1945 1980
f 1859 1965 1962
f 1965 1855 1944
f 1962 1944 1823
f 1965 1944 1962
f 1862 1980 1982
f 1980 1855 1965
f 1982 1965 1859
f 1980 1965 1982
f 1831 1953 1948
f 1953 1857 1957
f 1948 1957 1856
f 1953 1957 1948
f 1857 1952 1955
f 1952 1828 1898
f 1955 1898 1844
f 1952 1898 1955
f 1856 1950 1947
f 1950 1844 1897
f 1947 1897 1827
f 1950 1897 1947
f 1857 1955 1957
f 1955 1844 1950
f 1957 1950 1856
f 1955 1950 1957
f 1828 1894 1910
f 1894 1843 1912
f 1910 1912 1848
f 1894 1912 1910
f 1843 1893 1901
f 1893 1822 1899
f 1901 1899 1845
f 1893 1899 1901
f 1848 1914 1911
f 1914 1845 1900
f 1911 1900 1829
f 1914 1900 1911
f 1843 1901 1912
f 1901 1845 1914
f 1912 1914 1848
f 1901 1914 1912
f 1824 1920 1870
f 1920 1850 1922
f 1870 1922 1836
f 1920 1922 1870
f 1850 1921 1928
f 1921 1830 1925
f 1928 1925 1851
f 1921 1925 1928
f 1836 1926 1871
f 1926 1851 1924
f 1871 1924 1825
f 1926 1924 1871
f 1850 1928 1922
f 1928 1851 1926
f 1922 1926 1836
f 1928 1926 1922
f 1824 1870 1866
f 1870 1836 1872
f 1866 1872 1834
f 1870 1872 1866
f 1836 1871 1873
f 1871 1825 1868
f 1873 1868 1835
f 1871 1868 1873
f 1834 1869 1865
f 1869 1835 1867
f 1865 1867 1823
f 1869 1867 1865
f 1836 1873 1872
f 1873 1835 1869
f 1872 1869 1834
f 1873 1869 1872
f 1824 1866 1886
f 1866 1834 1888
f 1886 1888 1841
f 1866 1888 1886
f 1834 1865 1885
f 1865 1823 1883
f 1885 1883 1840
f 1865 1883 1885
f 1841 1889 1887
f 1889 1840 1884
f 1887 1884 1827
f 1889 1884 1887
f 1834 1885 1888
f 1885 1840 1889
f 1888 1889 1841
f 1885 1889 1888
f 1824 1886 1902
f 1886 1841 1904
f 1902 1904 1846
f 1886 1904 1902
f 1841 1887 1907
f 1887 1827 1905
f 1907 1905 1847
f 1887 1905 1907
f 1846 1909 1903
f 1909 1847 1906
f 1903 1906 1829
f 1909 1906 1903
f 1841 1907 1904
f 1907 1847 1909
f 1904 1909 1846
f 1907 1909 1904
f 1824 1902 1920
f 1902 1846 1923
f 1920 1923 1850
f 1902 1923 1920
f 1846 1903 1938
f 1903 1829 1935
f 1938 1935 1853
f 1903 1935 1938
f 1850 1940 1921
f 1940 1853 1936
f 1921 1936 1830
f 1940 1936 1921
f 1846 1938 1923
f 1938 1853 1940
f 1923 1940 1850
f 1938 1940 1923
f 1825 1924 1881
f 1924 1851 1927
f 1881 1927 1839
f 1924 1927 1881
f 1851 1925 1934
f 1925 1830 1930
f 1934 1930 1852
f 1925 1930 1934
f 1839 1932 1882
f 1932 1852 1929
f 1882 1929 1826
f 1932 1929 1882
f 1851 1934 1927
f 1934 1852 1932
f 1927 1932 1839
f 1934 1932 1927
f 1823 1867 1962
f 1867 1835 1964
f 1962 1964 1859
f 1867 1964 1962
f 1835 1868 1968
f 1868 1825 1966
f 1968 1966 1860
f 1868 1966 1968
f 1859 1970 1963
f 1970 1860 1967
f 1963 1967 1832
f 1970 1967 1963
f 1835 1968 1964
f 1968 1860 1970
f 1964 1970 1859
f 1968 1970 1964
f 1827 1884 1947
f 1884 1840 1949
f 1947 1949 1856
f 1884 1949 1947
f 1840 1883 1946
f 1883 1823 1944
f 1946 1944 1855
f 1883 1944 1946
f 1856 1951 1948
f 1951 1855 1945
f 1948 1945 1831
f 1951 1945 1948
f 1840 1946 1949
f 1946 1855 1951
f 1949 1951 1856
f 1946 1951 1949
f 1829 1906 1911
f 1906 1847 1915
f 1911 1915 1848
f 1906 1915 1911
f 1847 1905 1908
f 1905 1827 1897
f 1908 1897 1844
f 1905 1897 1908
f 1848 1913 1910
f 1913 1844 1898
f 1910 1898 1828
f 1913 1898 1910
f 1847 1908 1915
f 1908 1844 1913
f 1915 1913 1848
f 1908 1913 1915
f 1830 1936 1917
f 1936 1853 1939
f 1917 1939 1849
f 1936 1939 1917
f 1853 1935 1937
f 1935 1829 1900
f 1937 1900 1845
f 1935 1900 1937
f 1849 1919 1916
f 1919 1845 1899
f 1916 1899 1822
f 1919 1899 1916
f 1853 1937 1939
f 1937 1845 1919
f 1939 1919 1849
f 1937 1919 1939
f 1983 2120 2036
f 2120 2020 2122
f 2036 2122 1999
f 2120 2122 2036
f 2020 2121 2137
f 2121 1994 2134
f 2137 2134 2023
f 2121 2134 2137
f 1999 2135 2037
f 2135 2023 2133
f 2037 2133 1988
f 2135 2133 2037
f 2020 2137 2122
f 2137 2023 2135
f 2122 2135 1999
f 2137 2135 2122
f 1983 2036 2025
f 2036 1999 2038
f 2025 2038 1995
f 2036 2038 2025
f 1999 2037 2042
f 2037 1988 2040
f 2042 2040 2000
f 2037 2040 2042
f 1995 2041 2026
f 2041 2000 2039
f 2026 2039 1984
f 2041 2039 2026
f 1999 2042 2038
f 2042 2000 2041
f 2038 2041 1995
f 2042 2041 2038
f 1983 2025 2052
f 2025 1995 2054
f 2052 2054 2004
f 2025 2054 2052
f 1995 2026 2057
f 2026 1984 2055
f 2057 2055 2005
f 2026 2055 2057
f 2004 2058 2053
f 2058 2005 2056
f 2053 2056 1990
f 2058 2056 2053
f 1995 2057 2054
f 2057 2005 2058
f 2054 2058 2004
f 2057 2058 2054
f 1983 2052 2103
f 2052 2004 2105
f 2103 2105 2016
f 2052 2105 2103
f 2004 2053 2116
f 2053 1990 2114
f 2116 2114 2019
f 2053 2114 2116
f 2016 2118 2104
f 2118 2019 2115
f 2104 2115 1993
f 2118 2115 2104
f 2004 2116 2105
f 2116 2019 2118
f 2105 2118 2016
f 2116 2118 2105
f 1983 2103 2120
f 2103 2016 2123
f 2120 2123 2020
f 2103 2123 2120
f 2016 2104 2141
f 2104 1993 2139
f 2141 2139 2024
f 2104 2139 2141
f 2020 2143 2121
f 2143 2024 2140
f 2121 2140 1994
f 2143 2140 2121
f 2016 2141 2123
f 2141 2024 2143
f 2123 2143 2020
f 2141 2143 2123
f 1984 2039 2078
f 2039 2000 2080
f 2078 2080 2011
f 2039 2080 2078
f 2000 2040 2093
f 2040 1988 2091
f 2093 2091 2014
f 2040 2091 2093
f 2011 2095 2079
f 2095 2014 2092
f 2079 2092 1992
f 2095 2092 2079
f 2000 2093 2080
f 2093 2014 2095
f 2080 2095 2011
f 2093 2095 2080
f 1988 2133 2044
f 2133 2023 2136
f 2044 2136 2001
f 2133 2136 2044
f 2023 2134 2138
f 2134 1994 2129
f 2138 2129 2022
f 2134 2129 2138
f 2001 2131 2043
f 2131 2022 2128
f 2043 2128 1987
f 2131 2128 2043
f 2023 2138 2136
f 2138 2022 2131
f 2136 2131 2001
f 2138 2131 2136
f 1994 2140 2125
f 2140 2024 2144
f 2125 2144 2021
f 2140 2144 2125
f 2024 2139 2142
f 2139 1993 2107
f 2142 2107 2017
f 2139 2107 2142
f 2021 2127 2124
f 2127 2017 2106
f 2124 2106 1985
f 2127 2106 2124
f 2024 2142 2144
f 2142 2017 2127
f 2144 2127 2021
f 2142 2127 2144
f 1993 2115 2110
f 2115 2019 2119
f 2110 2119 2018
f 2115 2119 2110
f 2019 2114 2117
f 2114 1990 2060
f 2117 2060 2006
f 2114 2060 2117
f 2018 2112 2109
f 2112 2006 2059
f 2109 2059 1989
f 2112 2059 2109
f 2019 2117 2119
f 2117 2006 2112
f 2119 2112 2018
f 2117 2112 2119
f 1990 2056 2072
f 2056 2005 2074
f 2072 2074 2010
f 2056 2074 2072
f 2005 2055 2063
f 2055 1984 2061
f 2063 2061 2007
f 2055 2061 2063
f 2010 2076 2073
f 2076 2007 2062
f 2073 2062 1991
f 2076 2062 2073
f 2005 2063 2074
f 2063 2007 2076
f 2074 2076 2010
f 2063 2076 2074
f 1986 2082 2032
f 2082 2012 2084
f 2032 2084 1998
f 2082 2084 2032
f 2012 2083 2090
f 2083 1992 2087
f 2090 2087 2013
f 2083 2087 2090
f 1998 2088 2033
f 2088 2013 2086
f 2033 2086 1987
f 2088 2086 2033
f 2012 2090 2084
f 2090 2013 2088
f 2084 2088 1998
f 2090 2088 2084
f 1986 2032 2028
f 2032 1998 2034
f 2028 2034 1996
f 2032 2034 2028
f 1998 2033 2035
f 2033 1987 2030
f 2035 2030 1997
f 2033 2030 2035
f 1996 2031 2027
f 2031 1997 2029
f 2027 2029 1985
f 2031 2029 2027
f 1998 2035 2034
f 2035 1997 2031
f 2034 2031 1996
f 2035 2031 2034
f 1986 2028 2048
f 2028 1996 2050
f 2048 2050 2003
f 2028 2050 2048
f 1996 2027 2047
f 2027 1985 2045
f 2047 2045 2002
f 2027 2045 2047
f 2003 2051 2049
f 2051 2002 2046
f 2049 2046 1989
f 2051 2046 2049
f 1996 2047 2050
f 2047 2002 2051
f 2050 2051 2003
f 2047 2051 2050
f 1986 2048 2064
f 2048 2003 2066
f 2064 2066 2008
f 2048 2066 2064
f 2003 2049 2069
f 2049 1989 2067
f 2069 2067 2009
f 2049 2067 2069
f 2008 2071 2065
f 2071 2009 2068
f 2065 2068 1991
f 2071 2068 2065
f 2003 2069 2066
f 2069 2009 2071
f 2066 2071 2008
f 2069 2071 2066
f 1986 2064 2082
f 2064 2008 2085
f 2082 2085 2012
f 2064 2085 2082
f 2008 2065 2100
f 2065 1991 2097
f 2100 2097 2015
f 2065 2097 2100
f 2012 2102 2083
f 2102 2015 2098
f 2083 2098 1992
f 2102 2098 2083
f 2008 2100 2085
f 2100 2015 2102
f 2085 2102 2012
f 2100 2102 2085
f 1987 2086 2043
f 2086 2013 2089
f 2043 2089 2001
f 2086 2089 2043
f 2013 2087 2096
f 2087 1992 2092
f 2096 2092 2014
f 2087 2092 2096
f 2001 2094 2044
f 2094 2014 2091
f 2044 2091 1988
f 2094 2091 2044
f 2013 2096 2089
f 2096 2014 2094
f 2089 2094 2001
f 2096 2094 2089
f 1985 2029 2124
f 2029 1997 2126
f 2124 2126 2021
f 2029 2126 2124
f 1997 2030 2130
f 2030 1987 2128
f 2130 2128 2022
f 2030 2128 2130
f 2021 2132 2125
f 2132 2022 2129
f 2125 2129 1994
f 2132 2129 2125
f 1997 2130 2126
f 2130 2022 2132
f 2126 2132 2021
f 2130 2132 2126
f 1989 2046 2109
f 2046 2002 2111
f 2109 2111 2018
f 2046 2111 2109
f 2002 2045 2108
f 2045 1985 2106
f 2108 2106 2017
f 2045 2106 2108
f 2018 2113 2110
f 2113 2017 2107
f 2110 2107 1993
f 2113 2107 2110
f 2002 2108 2111
f 2108 2017 2113
f 2111 2113 2018
f 2108 2113 2111
f 1991 2068 2073
f 2068 2009 2077
f 2073 2077 2010
f 2068 2077 2073
f 2009 2067 2070
f 2067 1989 2059
f 2070 2059 2006
f 2067 2059 2070
f 2010 2075 2072
f 2075 2006 2060
f 2072 2060 1990
f 2075 2060 2072
f 2009 2070 2077
f 2070 2006 2075
f 2077 2075 2010
f 2070 2075 2077
f 1992 2098 2079
f 2098 2015 2101
f 2079 2101 2011
f 2098 2101 2079
f 2015 2097 2099
f 2097 1991 2062
f 2099 2062 2007
f 2097 2062 2099
f 2011 2081 2078
f 2081 2007 2061
f 2078 2061 1984
f 2081 2061 2078
f 2015 2099 2101
f 2099 2007 2081
f 2101 2081 2011
f 2099 2081 2101
f 2145 2282 2198
f 2282 2182 2284
f 2198 2284 2161
f 2282 2284 2198
f 2182 2283 2299
f 2283 2156 2296
f 2299 2296 2185
f 2283 2296 2299
f 2161 2297 2199
f 2297 2185 2295
f 2199 2295 2150
f 2297 2295 2199
f 2182 2299 2284
f 2299 2185 2297
f 2284 2297 2161
f 2299 2297 2284
f 2145 2198 2187
f 2198 2161 2200
f 2187 2200 2157
f 2198 2200 2187
f 2161 2199 2204
f 2199 2150 2202
f 2204 2202 2162
f 2199 2202 2204
f 2157 2203 2188
f 2203 2162 2201
f 2188 2201 2146
f 2203 2201 2188
f 2161 2204 2200
f 2204 2162 2203
f 2200 2203 2157
f 2204 2203 2200
f 2145 2187 2214
f 2187 2157 2216
f 2214 2216 2166
f 2187 2216 2214
f 2157 2188 2219
f 2188 2146 2217
f 2219 2217 2167
f 2188 2217 2219
f 2166 2220 2215
f 2220 2167 2218
f 2215 2218 2152
f 2220 2218 2215
f 2157 2219 2216
f 2219 2167 2220
f 2216 2220 2166
f 2219 2220 2216
f 2145 2214 2265
f 2214 2166 2267
f 2265 2267 2178
f 2214 2267 2265
f 2166 2215 2278
f 2215 2152 2276
f 2278 2276 2181
f 2215 2276 2278
f 2178 2280 2266
f 2280 2181 2277
f 2266 2277 2155
f 2280 2277 2266
f 2166 2278 2267
f 2278 2181 2280
f 2267 2280 2178
f 2278 2280 2267
f 2145 2265 2282
f 2265 2178 2285
f 2282 2285 2182
f 2265 2285 2282
f 2178 2266 2303
f 2266 2155 2301
f 2303 2301 2186
f 2266 2301 2303
f 2182 2305 2283
f 2305 2186 2302
f 2283 2302 2156
f 2305 2302 2283
f 2178 2303 2285
f 2303 2186 2305
f 2285 2305 2182
f 2303 2305 2285
f 2146 2201 2240
f 2201 2162 2242
f 2240 2242 2173
f 2201 2242 2240
f 2162 2202 2255
f 2202 2150 2253
f 2255 2253 2176
f 2202 2253 2255
f 2173 2257 2241
f 2257 2176 2254
f 2241 2254 2154
f 2257 2254 2241
f 2162 2255 2242
f 2255 2176 2257
f 2242 2257 2173
f 2255 2257 2242
f 2150 2295 2206
f 2295 2185 2298
f 2206 2298 2163
f 2295 2298 2206
f 2185 2296 2300
f 2296 2156 2291
f 2300 2291 2184
f 2296 2291 2300
f 2163 2293 2205
f 2293 2184 2290
f 2205 2290 2149
f 2293 2290 2205
f 2185 2300 2298
f 2300 2184 2293
f 2298 2293 2163
f 2300 2293 2298
f 2156 2302 2287
f 2302 2186 2306
f 2287 2306 2183
f 2302 2306 2287
f 2186 2301 2304
f 2301 2155 2269
f 2304 2269 2179
f 2301 2269 2304
f 2183 2289 2286
f 2289 2179 2268
f 2286 2268 2147
f 2289 2268 2286
f 2186 2304 2306
f 2304 2179 2289
f 2306 2289 2183
f 2304 2289 2306
f 2155 2277 2272
f 2277 2181 2281
f 2272 2281 2180
f 2277 2281 2272
f 2181 2276 2279
f 2276 2152 2222
f 2279 2222 2168
f 2276 2222 2279
f 2180 2274 2271
f 2274 2168 2221
f 2271 2221 2151
f 2274 2221 2271
f 2181 2279 2281
f 2279 2168 2274
f 2281 2274 2180
f 2279 2274 2281
f 2152 2218 2234
f 2218 2167 2236
f 2234 2236 2172
f 2218 2236 2234
f 2167 2217 2225
f 2217 2146 2223
f 2225 2223 2169
f 2217 2223 2225
f 2172 2238 2235
f 2238 2169 2224
f 2235 2224 2153
f 2238 2224 2235
f 2167 2225 2236
f 2225 2169 2238
f 2236 2238 2172
f 2225 2238 2236
f 2148 2244 2194
f 2244 2174 2246
f 2194 2246 2160
f 2244 2246 2194
f 2174 2245 2252
f 2245 2154 2249
f 2252 2249 2175
f 2245 2249 2252
f 2160 2250 2195
f 2250 2175 2248
f 2195 2248 2149
f 2250 2248 2195
f 2174 2252 2246
f 2252 2175 2250
f 2246 2250 2160
f 2252 2250 2246
f 2148 2194 2190
f 2194 2160 2196
f 2190 2196 2158
f 2194 2196 2190
f 2160 2195 2197
f 2195 2149 2192
f 2197 2192 2159
f 2195 2192 2197
f 2158 2193 2189
f 2193 2159 2191
f 2189 2191 2147
f 2193 2191 2189
f 2160 2197 2196
f 2197 2159 2193
f 2196 2193 2158
f 2197 2193 2196
f 2148 2190 2210
f 2190 2158 2212
f 2210 2212 2165
f 2190 2212 2210
f 2158 2189 2209
f 2189 2147 2207
f 2209 2207 2164
f 2189 2207 2209
f 2165 2213 2211
f 2213 2164 2208
f 2211 2208 2151
f 2213 2208 2211
f 2158 2209 2212
f 2209 2164 2213
f 2212 2213 2165
f 2209 2213 2212
f 2148 2210 2226
f 2210 2165 2228
f 2226 2228 2170
f 2210 2228 2226
f 2165 2211 2231
f 2211 2151 2229
f 2231 2229 2171
f 2211 2229 2231
f 2170 2233 2227
f 2233 2171 2230
f 2227 2230 2153
f 2233 2230 2227
f 2165 2231 2228
f 2231 2171 2233
f 2228 2233 2170
f 2231 2233 2228
f 2148 2226 2244
f 2226 2170 2247
f 2244 2247 2174
f 2226 2247 2244
f 2170 2227 2262
f 2227 2153 2259
f 2262 2259 2177
f 2227 2259 2262
f 2174 2264 2245
f 2264 2177 2260
f 2245 2260 2154
f 2264 2260 2245
f 2170 2262 2247
f 2262 2177 2264
f 2247 2264 2174
f 2262 2264 2247
f 2149 2248 2205
f 2248 2175 2251
f 2205 2251 2163
f 2248 2251 2205
f 2175 2249 2258
f 2249 2154 2254
f 2258 2254 2176
f 2249 2254 2258
f 2163 2256 2206
f 2256 2176 2253
f 2206 2253 2150
f 2256 2253 2206
f 2175 2258 2251
f 2258 2176 2256
f 2251 2256 2163
f 2258 2256 2251
f 2147 2191 2286
f 2191 2159 2288
f 2286 2288 2183
f 2191 2288 2286
f 2159 2192 2292
f 2192 2149 2290
f 2292 2290 2184
f 2192 2290 2292
f 2183 2294 2287
f 2294 2184 2291
f 2287 2291 2156
f 2294 2291 2287
f 2159 2292 2288
f 2292 2184 2294
f 2288 2294 2183
f 2292 2294 2288
f 2151 2208 2271
f 2208 2164 2273
f 2271 2273 2180
f 2208 2273 2271
f 2164 2207 2270
f 2207 2147 2268
f 2270 2268 2179
f 2207 2268 2270
f 2180 2275 2272
f 2275 2179 2269
f 2272 2269 2155
f 2275 2269 2272
f 2164 2270 2273
f 2270 2179 2275
f 2273 2275 2180
f 2270 2275 2273
f 2153 2230 2235
f 2230 2171 2239
f 2235 2239 2172
f 2230 2239 2235
f 2171 2229 2232
f 2229 2151 2221
f 2232 2221 2168
f 2229 2221 2232
f 2172 2237 2234
f 2237 2168 2222
f 2234 2222 2152
f 2237 2222 2234
f 2171 2232 2239
f 2232 2168 2237
f 2239 2237 2172
f 2232 2237 2239
f 2154 2260 2241
f 2260 2177 2263
f 2241 2263 2173
f 2260 2263 2241
f 2177 2259 2261
f 2259 2153 2224
f 2261 2224 2169
f 2259 2224 2261
f 2173 2243 2240
f 2243 2169 2223
f 2240 2223 2146
f 2243 2223 2240
f 2177 2261 2263
f 2261 2169 2243
f 2263 2243 2173
f 2261 2243 2263
f 2307 2444 2360
f 2444 2344 2446
f 2360 2446 2323
f 2444 2446 2360
f 2344 2445 2461
f 2445 2318 2458
f 2461 2458 2347
f 2445 2458 2461
f 2323 2459 2361
f 2459 2347 2457
f 2361 2457 2312
f 2459 2457 2361
f 2344 2461 2446
f 2461 2347 2459
f 2446 2459 2323
f 2461 2459 2446
f 2307 2360 2349
f 2360 2323 2362
f 2349 2362 2319
f 2360 2362 2349
f 2323 2361 2366
f 2361 2312 2364
f 2366 2364 2324
f 2361 2364 2366
f 2319 2365 2350
f 2365 2324 2363
f 2350 2363 2308
f 2365 2363 2350
f 2323 2366 2362
f 2366 2324 2365
f 2362 2365 2319
f 2366 2365 2362
f 2307 2349 2376
f 2349 2319 2378
f 2376 2378 2328
f 2349 2378 2376
f 2319 2350 2381
f 2350 2308 2379
f 2381 2379 2329
f 2350 2379 2381
f 2328 2382 2377
f 2382 2329 2380
f 2377 2380 2314
f 2382 2380 2377
f 2319 2381 2378
f 2381 2329 2382
f 2378 2382 2328
f 2381 2382 2378
f 2307 2376 2427
f 2376 2328 2429
f 2427 2429 2340
f 2376 2429 2427
f 2328 2377 2440
f 2377 2314 2438
f 2440 2438 2343
f 2377 2438 2440
f 2340 2442 2428
f 2442 2343 2439
f 2428 2439 2317
f 2442 2439 2428
f 2328 2440 2429
f 2440 2343 2442
f 2429 2442 2340
f 2440 2442 2429
f 2307 2427 2444
f 2427 2340 2447
f 2444 2447 2344
f 2427 2447 2444
f 2340 2428 2465
f 2428 2317 2463
f 2465 2463 2348
f 2428 2463 2465
f 2344 2467 2445
f 2467 2348 2464
f 2445 2464 2318
f 2467 2464 2445
f 2340 2465 2447
f 2465 2348 2467
f 2447 2467 2344
f 2465 2467 2447
f 2308 2363 2402
f 2363 2324 2404
f 2402 2404 2335
f 2363 2404 2402
f 2324 2364 2417
f 2364 2312 2415
f 2417 2415 2338
f 2364 2415 2417
f 2335 2419 2403
f 2419 2338 2416
f 2403 2416 2316
f 2419 2416 2403
f 2324 2417 2404
f 2417 2338 2419
f 2404 2419 2335
f 2417 2419 2404
f 2312 2457 2368
f 2457 2347 2460
f 2368 2460 2325
f 2457 2460 2368
f 2347 2458 2462
f 2458 2318 2453
f 2462 2453 2346
f 2458 2453 2462
f 2325 2455 2367
f 2455 2346 2452
f 2367 2452 2311
f 2455 2452 2367
f 2347 2462 2460
f 2462 2346 2455
f 2460 2455 2325
f 2462 2455 2460
f 2318 2464 2449
f 2464 2348 2468
f 2449 2468 2345
f 2464 2468 2449
f 2348 2463 2466
f 2463 2317 2431
f 2466 2431 2341
f 2463 2431 2466
f 2345 2451 2448
f 2451 2341 2430
f 2448 2430 2309
f 2451 2430 2448
f 2348 2466 2468
f 2466 2341 2451
f 2468 2451 2345
f 2466 2451 2468
f 2317 2439 2434
f 2439 2343 2443
f 2434 2443 2342
f 2439 2443 2434
f 2343 2438 2441
f 2438 2314 2384
f 2441 2384 2330
f 2438 2384 2441
f 2342 2436 2433
f 2436 2330 2383
f 2433 2383 2313
f 2436 2383 2433
f 2343 2441 2443
f 2441 2330 2436
f 2443 2436 2342
f 2441 2436 2443
f 2314 2380 2396
f 2380 2329 2398
f 2396 2398 2334
f 2380 2398 2396
f 2329 2379 2387
f 2379 2308 2385
f 2387 2385 2331
f 2379 2385 2387
f 2334 2400 2397
f 2400 2331 2386
f 2397 2386 2315
f 2400 2386 2397
f 2329 2387 2398
f 2387 2331 2400
f 2398 2400 2334
f 2387 2400 2398
f 2310 2406 2356
f 2406 2336 2408
f 2356 2408 2322
f 2406 2408 2356
f 2336 2407 2414
f 2407 2316 2411
f 2414 2411 2337
f 2407 2411 2414
f 2322 2412 2357
f 2412 2337 2410
f 2357 2410 2311
f 2412 2410 2357
f 2336 2414 2408
f 2414 2337 2412
f 2408 2412 2322
f 2414 2412 2408
f 2310 2356 2352
f 2356 2322 2358
f 2352 2358 2320
f 2356 2358 2352
f 2322 2357 2359
f 2357 2311 2354
f 2359 2354 2321
f 2357 2354 2359
f 2320 2355 2351
f 2355 2321 2353
f 2351 2353 2309
f 2355 2353 2351
f 2322 2359 2358
f 2359 2321 2355
f 2358 2355 2320
f 2359 2355 2358
f 2310 2352 2372
f 2352 2320 2374
f 2372 2374 2327
f 2352 2374 2372
f 2320 2351 2371
f 2351 2309 2369
f 2371 2369 2326
f 2351 2369 2371
f 2327 2375 2373
f 2375 2326 2370
f 2373 2370 2313
f 2375 2370 2373
f 2320 2371 2374
f 2371 2326 2375
f 2374 2375 2327
f 2371 2375 2374
f 2310 2372 2388
f 2372 2327 2390
f 2388 2390 2332
f 2372 2390 2388
f 2327 2373 2393
f 2373 2313 2391
f 2393 2391 2333
f 2373 2391 2393
f 2332 2395 2389
f 2395 2333 2392
f 2389 2392 2315
f 2395 2392 2389
f 2327 2393 2390
f 2393 2333 2395
f 2390 2395 2332
f 2393 2395 2390
f 2310 2388 2406
f 2388 2332 2409
f 2406 2409 2336
f 2388 2409 2406
f 2332 2389 2424
f 2389 2315 2421
f 2424 2421 2339
f 2389 2421 2424
f 2336 2426 2407
f 2426 2339 2422
f 2407 2422 2316
f 2426 2422 2407
f 2332 2424 2409
f 2424 2339 2426
f 2409 2426 2336
f 2424 2426 2409
f 2311 2410 2367
f 2410 2337 2413
f 2367 2413 2325
f 2410 2413 2367
f 2337 2411 2420
f 2411 2316 2416
f 2420 2416 2338
f 2411 2416 2420
f 2325 2418 2368
f 2418 2338 2415
f 2368 2415 2312
f 2418 2415 2368
f 2337 2420 2413
f 2420 2338 2418
f 2413 2418 2325
f 2420 2418 2413
f 2309 2353 2448
f 2353 2321 2450
f 2448 2450 2345
f 2353 2450 2448
f 2321 2354 2454
f 2354 2311 2452
f 2454 2452 2346
f 2354 2452 2454
f 2345 2456 2449
f 2456 2346 2453
f 2449 2453 2318
f 2456 2453 2449
f 2321 2454 2450
f 2454 2346 2456
f 2450 2456 2345
f 2454 2456 2450
f 2313 2370 2433
f 2370 2326 2435
f 2433 2435 2342
f 2370 2435 2433
f 2326 2369 2432
f 2369 2309 2430
f 2432 2430 2341
f 2369 2430 2432
f 2342 2437 2434
f 2437 2341 2431
f 2434 2431 2317
f 2437 2431 2434
f 2326 2432 2435
f 2432 2341 2437
f 2435 2437 2342
f 2432 2437 2435
f 2315 2392 2397
f 2392 2333 2401
f 2397 2401 2334
f 2392 2401 2397
f 2333 2391 2394
f 2391 2313 2383
f 2394 2383 2330
f 2391 2383 2394
f 2334 2399 2396
f 2399 2330 2384
f 2396 2384 2314
f 2399 2384 2396
f 2333 2394 2401
f 2394 2330 2399
f 2401 2399 2334
f 2394 2399 2401
f 2316 2422 2403
f 2422 2339 2425
f 2403 2425 2335
f 2422 2425 2403
f 2339 2421 2423
f 2421 2315 2386
f 2423 2386 2331
f 2421 2386 2423
f 2335 2405 2402
f 2405 2331 2385
f 2402 2385 2308
f 2405 2385 2402
f 2339 2423 2425
f 2423 2331 2405
f 2425 2405 2335
f 2423 2405 2425
f 2469 2606 2522
f 2606 2506 2608
f 2522 2608 2485
f 2606 2608 2522
f 2506 2607 2623
f 2607 2480 2620
f 2623 2620 2509
f 2607 2620 2623
f 2485 2621 2523
f 2621 2509 2619
f 2523 2619 2474
f 2621 2619 2523
f 2506 2623 2608
f 2623 2509 2621
f 2608 2621 2485
f 2623 2621 2608
f 2469 2522 2511
f 2522 2485 2524
f 2511 2524 2481
f 2522 2524 2511
f 2485 2523 2528
f 2523 2474 2526
f 2528 2526 2486
f 2523 2526 2528
f 2481 2527 2512
f 2527 2486 2525
f 2512 2525 2470
f 2527 2525 2512
f 2485 2528 2524
f 2528 2486 2527
f 2524 2527 2481
f 2528 2527 2524
f 2469 2511 2538
f 2511 2481 2540
f 2538 2540 2490
f 2511 2540 2538
f 2481 2512 2543
f 2512 2470 2541
f 2543 2541 2491
f 2512 2541 2543
f 2490 2544 2539
f 2544 2491 2542
f 2539 2542 2476
f 2544 2542 2539
f 2481 2543 2540
f 2543 2491 2544
f 2540 2544 2490
f 2543 2544 2540
f 2469 2538 2589
f 2538 2490 2591
f 2589 2591 2502
f 2538 2591 2589
f 2490 2539 2602
f 2539 2476 2600
f 2602 2600 2505
f 2539 2600 2602
f 2502 2604 2590
f 2604 2505 2601
f 2590 2601 2479
f 2604 2601 2590
f 2490 2602 2591
f 2602 2505 2604
f 2591 2604 2502
f 2602 2604 2591
f 2469 2589 2606
f 2589 2502 2609
f 2606 2609 2506
f 2589 2609 2606
f 2502 2590 2627
f 2590 2479 2625
f 2627 2625 2510
f 2590 2625 2627
f 2506 2629 2607
f 2629 2510 2626
f 2607 2626 2480
f 2629 2626 2607
f 2502 2627 2609
f 2627 2510 2629
f 2609 2629 2506
f 2627 2629 2609
f 2470 2525 2564
f 2525 2486 2566
f 2564 2566 2497
f 2525 2566 2564
f 2486 2526 2579
f 2526 2474 2577
f 2579 2577 2500
f 2526 2577 2579
f 2497 2581 2565
f 2581 2500 2578
f 2565 2578 2478
f 2581 2578 2565
f 2486 2579 2566
f 2579 2500 2581
f 2566 2581 2497
f 2579 2581 2566
f 2474 2619 2530
f 2619 2509 2622
f 2530 2622 2487
f 2619 2622 2530
f 2509 2620 2624
f 2620 2480 2615
f 2624 2615 2508
f 2620 2615 2624
f 2487 2617 2529
f 2617 2508 2614
f 2529 2614 2473
f 2617 2614 2529
f 2509 2624 2622
f 2624 2508 2617
f 2622 2617 2487
f 2624 2617 2622
f 2480 2626 2611
f 2626 2510 2630
f 2611 2630 2507
f 2626 2630 2611
f 2510 2625 2628
f 2625 2479 2593
f 2628 2593 2503
f 2625 2593 2628
f 2507 2613 2610
f 2613 2503 2592
f 2610 2592 2471
f 2613 2592 2610
f 2510 2628 2630
f 2628 2503 2613
f 2630 2613 2507
f 2628 2613 2630
f 2479 2601 2596
f 2601 2505 2605
f 2596 2605 2504
f 2601 2605 2596
f 2505 2600 2603
f 2600 2476 2546
f 2603 2546 2492
f 2600 2546 2603
f 2504 2598 2595
f 2598 2492 2545
f 2595 2545 2475
f 2598 2545 2595
f 2505 2603 2605
f 2603 2492 2598
f 2605 2598 2504
f 2603 2598 2605
f 2476 2542 2558
f 2542 2491 2560
f 2558 2560 2496
f 2542 2560 2558
f 2491 2541 2549
f 2541 2470 2547
f 2549 2547 2493
f 2541 2547 2549
f 2496 2562 2559
f 2562 2493 2548
f 2559 2548 2477
f 2562 2548 2559
f 2491 2549 2560
f 2549 2493 2562
f 2560 2562 2496
f 2549 2562 2560
f 2472 2568 2518
f 2568 2498 2570
f 2518 2570 2484
f 2568 2570 2518
f 2498 2569 2576
f 2569 2478 2573
f 2576 2573 2499
f 2569 2573 2576
f 2484 2574 2519
f 2574 2499 2572
f 2519 2572 2473
f 2574 2572 2519
f 2498 2576 2570
f 2576 2499 2574
f 2570 2574 2484
f 2576 2574 2570
f 2472 2518 2514
f 2518 2484 2520
f 2514 2520 2482
f 2518 2520 2514
f 2484 2519 2521
f 2519 2473 2516
f 2521 2516 2483
f 2519 2516 2521
f 2482 2517 2513
f 2517 2483 2515
f 2513 2515 2471
f 2517 2515 2513
f 2484 2521 2520
f 2521 2483 2517
f 2520 2517 2482
f 2521 2517 2520
f 2472 2514 2534
f 2514 2482 2536
f 2534 2536 2489
f 2514 2536 2534
f 2482 2513 2533
f 2513 2471 2531
f 2533 2531 2488
f 2513 2531 2533
f 2489 2537 2535
f 2537 2488 2532
f 2535 2532 2475
f 2537 2532 2535
f 2482 2533 2536
f 2533 2488 2537
f 2536 2537 2489
f 2533 2537 2536
f 2472 2534 2550
f 2534 2489 2552
f 2550 2552 2494
f 2534 2552 2550
f 2489 2535 2555
f 2535 2475 2553
f 2555 2553 2495
f 2535 2553 2555
f 2494 2557 2551
f 2557 2495 2554
f 2551 2554 2477
f 2557 2554 2551
f 2489 2555 2552
f 2555 2495 2557
f 2552 2557 2494
f 2555 2557 2552
f 2472 2550 2568
f 2550 2494 2571
f 2568 2571 2498
f 2550 2571 2568
f 2494 2551 2586
f 2551 2477 2583
f 2586 2583 2501
f 2551 2583 2586
f 2498 2588 2569
f 2588 2501 2584
f 2569 2584 2478
f 2588 2584 2569
f 2494 2586 2571
f 2586 2501 2588
f 2571 2588 2498
f 2586 2588 2571
f 2473 2572 2529
f 2572 2499 2575
f 2529 2575 2487
f 2572 2575 2529
f 2499 2573 2582
f 2573 2478 2578
f 2582 2578 2500
f 2573 2578 2582
f 2487 2580 2530
f 2580 2500 2577
f 2530 2577 2474
f 2580 2577 2530
f 2499 2582 2575
f 2582 2500 2580
f 2575 2580 2487
f 2582 2580 2575
f 2471 2515 2610
f 2515 2483 2612
f 2610 2612 2507
f 2515 2612 2610
f 2483 2516 2616
f 2516 2473 2614
f 2616 2614 2508
f 2516 2614 2616
f 2507 2618 2611
f 2618 2508 2615
f 2611 2615 2480
f 2618 2615 2611
f 2483 2616 2612
f 2616 2508 2618
f 2612 2618 2507
f 2616 2618 2612
f 2475 2532 2595
f 2532 2488 2597
f 2595 2597 2504
f 2532 2597 2595
f 2488 2531 2594
f 2531 2471 2592
f 2594 2592 2503
f 2531 2592 2594
f 2504 2599 2596
f 2599 2503 2593
f 2596 2593 2479
f 2599 2593 2596
f 2488 2594 2597
f 2594 2503 2599
f 2597 2599 2504
f 2594 2599 2597
f 2477 2554 2559
f 2554 2495 2563
f 2559 2563 2496
f 2554 2563 2559
f 2495 2553 2556
f 2553 2475 2545
f 2556 2545 2492
f 2553 2545 2556
f 2496 2561 2558
f 2561 2492 2546
f 2558 2546 2476
f 2561 2546 2558
f 2495 2556 2563
f 2556 2492 2561
f 2563 2561 2496
f 2556 2561 2563
f 2478 2584 2565
f 2584 2501 2587
f 2565 2587 2497
f 2584 2587 2565
f 2501 2583 2585
f 2583 2477 2548
f 2585 2548 2493
f 2583 2548 2585
f 2497 2567 2564
f 2567 2493 2547
f 2564 2547 2470
f 2567 2547 2564
f 2501 2585 2587
f 2585 2493 2567
f 2587 2567 2497
f 2585 2567 2587
f 2631 2768 2684
f 2768 2668 2770
f 2684 2770 2647
f 2768 2770 2684
f 2668 2769 2785
f 2769 2642 2782
f 2785 2782 2671
f 2769 2782 2785
f 2647 2783 2685
f 2783 2671 2781
f 2685 2781 2636
f 2783 2781 2685
f 2668 2785 2770
f 2785 2671 2783
f 2770 2783 2647
f 2785 2783 2770
f 2631 2684 2673
f 2684 2647 2686
f 2673 2686 2643
f 2684 2686 2673
f 2647 2685 2690
f 2685 2636 2688
f 2690 2688 2648
f 2685 2688 2690
f 2643 2689 2674
f 2689 2648 2687
f 2674 2687 2632
f 2689 2687 2674
f 2647 2690 2686
f 2690 2648 2689
f 2686 2689 2643
f 2690 2689 2686
f 2631 2673 2700
f 2673 2643 2702
f 2700 2702 2652
f 2673 2702 2700
f 2643 2674 2705
f 2674 2632 2703
f 2705 2703 2653
f 2674 2703 2705
f 2652 2706 2701
f 2706 2653 2704
f 2701 2704 2638
f 2706 2704 2701
f 2643 2705 2702
f 2705 2653 2706
f 2702 2706 2652
f 2705 2706 2702
f 2631 2700 2751
f 2700 2652 2753
f 2751 2753 2664
f 2700 2753 2751
f 2652 2701 2764
f 2701 2638 2762
f 2764 2762 2667
f 2701 2762 2764
f 2664 2766 2752
f 2766 2667 2763
f 2752 2763 2641
f 2766 2763 2752
f 2652 2764 2753
f 2764 2667 2766
f 2753 2766 2664
f 2764 2766 2753
f 2631 2751 2768
f 2751 2664 2771
f 2768 2771 2668
f 2751 2771 2768
f 2664 2752 2789
f 2752 2641 2787
f 2789 2787 2672
f 2752 2787 2789
f 2668 2791 2769
f 2791 2672 2788
f 2769 2788 2642
f 2791 2788 2769
f 2664 2789 2771
f 2789 2672 2791
f 2771 2791 2668
f 2789 2791 2771
f 2632 2687 2726
f 2687 2648 2728
f 2726 2728 2659
f 2687 2728 2726
f 2648 2688 2741
f 2688 2636 2739
f 2741 2739 2662
f 2688 2739 2741
f 2659 2743 2727
f 2743 2662 2740
f 2727 2740 2640
f 2743 2740 2727
f 2648 2741 2728
f 2741 2662 2743
f 2728 2743 2659
f 2741 2743 2728
f 2636 2781 2692
f 2781 2671 2784
f 2692 2784 2649
f 2781 2784 2692
f 2671 2782 2786
f 2782 2642 2777
f 2786 2777 2670
f 2782 2777 2786
f 2649 2779 2691
f 2779 2670 2776
f 2691 2776 2635
f 2779 2776 2691
f 2671 2786 2784
f 2786 2670 2779
f 2784 2779 2649
f 2786 2779 2784
f 2642 2788 2773
f 2788 2672 2792
f 2773 2792 2669
f 2788 2792 2773
f 2672 2787 2790
f 2787 2641 2755
f 2790 2755 2665
f 2787 2755 2790
f 2669 2775 2772
f 2775 2665 2754
f 2772 2754 2633
f 2775 2754 2772
f 2672 2790 2792
f 2790 2665 2775
f 2792 2775 2669
f 2790 2775 2792
f 2641 2763 2758
f 2763 2667 2767
f 2758 2767 2666
f 2763 2767 2758
f 2667 2762 2765
f 2762 2638 2708
f 2765 2708 2654
f 2762 2708 2765
f 2666 2760 2757
f 2760 2654 2707
f 2757 2707 2637
f 2760 2707 2757
f 2667 2765 2767
f 2765 2654 2760
f 2767 2760 2666
f 2765 2760 2767
f 2638 2704 2720
f 2704 2653 2722
f 2720 2722 2658
f 2704 2722 2720
f 2653 2703 2711
f 2703 2632 2709
f 2711 2709 2655
f 2703 2709 2711
f 2658 2724 2721
f 2724 2655 2710
f 2721 2710 2639
f 2724 2710 2721
f 2653 2711 2722
f 2711 2655 2724
f 2722 2724 2658
f 2711 2724 2722
f 2634 2730 2680
f 2730 2660 2732
f 2680 2732 2646
f 2730 2732 2680
f 2660 2731 2738
f 2731 2640 2735
f 2738 2735 2661
f 2731 2735 2738
f 2646 2736 2681
f 2736 2661 2734
f 2681 2734 2635
f 2736 2734 2681
f 2660 2738 2732
f 2738 2661 2736
f 2732 2736 2646
f 2738 2736 2732
f 2634 2680 2676
f 2680 2646 2682
f 2676 2682 2644
f 2680 2682 2676
f 2646 2681 2683
f 2681 2635 2678
f 2683 2678 2645
f 2681 2678 2683
f 2644 2679 2675
f 2679 2645 2677
f 2675 2677 2633
f 2679 2677 2675
f 2646 2683 2682
f 2683 2645 2679
f 2682 2679 2644
f 2683 2679 2682
f 2634 2676 2696
f 2676 2644 2698
f 2696 2698 2651
f 2676 2698 2696
f 2644 2675 2695
f 2675 2633 2693
f 2695 2693 2650
f 2675 2693 2695
f 2651 2699 2697
f 2699 2650 2694
f 2697 2694 2637
f 2699 2694 2697
f 2644 2695 2698
f 2695 2650 2699
f 2698 2699 2651
f 2695 2699 2698
f 2634 2696 2712
f 2696 2651 2714
f 2712 2714 2656
f 2696 2714 2712
f 2651 2697 2717
f 2697 2637 2715
f 2717 2715 2657
f 2697 2715 2717
f 2656 2719 2713
f 2719 2657 2716
f 2713 2716 2639
f 2719 2716 2713
f 2651 2717 2714
f 2717 2657 2719
f 2714 2719 2656
f 2717 2719 2714
f 2634 2712 2730
f 2712 2656 2733
f 2730 2733 2660
f 2712 2733 2730
f 2656 2713 2748
f 2713 2639 2745
f 2748 2745 2663
f 2713 2745 2748
f 2660 2750 2731
f 2750 2663 2746
f 2731 2746 2640
f 2750 2746 2731
f 2656 2748 2733
f 2748 2663 2750
f 2733 2750 2660
f 2748 2750 2733
f 2635 2734 2691
f 2734 2661 2737
f 2691 2737 2649
f 2734 2737 2691
f 2661 2735 2744
f 2735 2640 2740
f 2744 2740 2662
f 2735 2740 2744
f 2649 2742 2692
f 2742 2662 2739
f 2692 2739 2636
f 2742 2739 2692
f 2661 2744 2737
f 2744 2662 2742
f 2737 2742 2649
f 2744 2742 2737
f 2633 2677 2772
f 2677 2645 2774
f 2772 2774 2669
f 2677 2774 2772
f 2645 2678 2778
f 2678 2635 2776
f 2778 2776 2670
f 2678 2776 2778
f 2669 2780 2773
f 2780 2670 2777
f 2773 2777 2642
f 2780 2777 2773
f 2645 2778 2774
f 2778 2670 2780
f 2774 2780 2669
f 2778 2780 2774
f 2637 2694 2757
f 2694 2650 2759
f 2757 2759 2666
f 2694 2759 2757
f 2650 2693 2756
f 2693 2633 2754
f 2756 2754 2665
f 2693 2754 2756
f 2666 2761 2758
f 2761 2665 2755
f 2758 2755 2641
f 2761 2755 2758
f 2650 2756 2759
f 2756 2665 2761
f 2759 2761 2666
f 2756 2761 2759
f 2639 2716 2721
f 2716 2657 2725
f 2721 2725 2658
f 2716 2725 2721
f 2657 2715 2718
f 2715 2637 2707
f 2718 2707 2654
f 2715 2707 2718
f 2658 2723 2720
f 2723 2654 2708
f 2720 2708 2638
f 2723 2708 2720
f 2657 2718 2725
f 2718 2654 2723
f 2725 2723 2658
f 2718 2723 2725
f 2640 2746 2727
f 2746 2663 2749
f 2727 2749 2659
f 2746 2749 2727
f 2663 2745 2747
f 2745 2639 2710
f 2747 2710 2655
f 2745 2710 2747
f 2659 2729 2726
f 2729 2655 2709
f 2726 2709 2632
f 2729 2709 2726
f 2663 2747 2749
f 2747 2655 2729
f 2749 2729 2659
f 2747 2729 2749
f 2793 2930 2846
f 2930 2830 2932
f 2846 2932 2809
f 2930 2932 2846
f 2830 2931 2947
f 2931 2804 2944
f 2947 2944 2833
f 2931 2944 2947
f 2809 2945 2847
f 2945 2833 2943
f 2847 2943 2798
f 2945 2943 2847
f 2830 2947 2932
f 2947 2833 2945
f 2932 2945 2809
f 2947 2945 2932
f 2793 2846 2835
f 2846 2809 2848
f 2835 2848 2805
f 2846 2848 2835
f 2809 2847 2852
f 2847 2798 2850
f 2852 2850 2810
f 2847 2850 2852
f 2805 2851 2836
f 2851 2810 2849
f 2836 2849 2794
f 2851 2849 2836
f 2809 2852 2848
f 2852 2810 2851
f 2848 2851 2805
f 2852 2851 2848
f 2793 2835 2862
f 2835 2805 2864
f 2862 2864 2814
f 2835 2864 2862
f 2805 2836 2867
f 2836 2794 2865
f 2867 2865 2815
f 2836 2865 2867
f 2814 2868 2863
f 2868 2815 2866
f 2863 2866 2800
f 2868 2866 2863
f 2805 2867 2864
f 2867 2815 2868
f 2864 2868 2814
f 2867 2868 2864
f 2793 2862 2913
f 2862 2814 2915
f 2913 2915 2826
f 2862 2915 2913
f 2814 2863 2926
f 2863 2800 2924
f 2926 2924 2829
f 2863 2924 2926
f 2826 2928 2914
f 2928 2829 2925
f 2914 2925 2803
f 2928 2925 2914
f 2814 2926 2915
f 2926 2829 2928
f 2915 2928 2826
f 2926 2928 2915
f 2793 2913 2930
f 2913 2826 2933
f 2930 2933 2830
f 2913 2933 2930
f 2826 2914 2951
f 2914 2803 2949
f 2951 2949 2834
f 2914 2949 2951
f 2830 2953 2931
f 2953 2834 2950
f 2931 2950 2804
f 2953 2950 2931
f 2826 2951 2933
f 2951 2834 2953
f 2933 2953 2830
f 2951 2953 2933
f 2794 2849 2888
f 2849 2810 2890
f 2888 2890 2821
f 2849 2890 2888
f 2810 2850 2903
f 2850 2798 2901
f 2903 2901 2824
f 2850 2901 2903
f 2821 2905 2889
f 2905 2824 2902
f 2889 2902 2802
f 2905 2902 2889
f 2810 2903 2890
f 2903 2824 2905
f 2890 2905 2821
f 2903 2905 2890
f 2798 2943 2854
f 2943 2833 2946
f 2854 2946 2811
f 2943 2946 2854
f 2833 2944 2948
f 2944 2804 2939
f 2948 2939 2832
f 2944 2939 2948
f 2811 2941 2853
f 2941 2832 2938
f 2853 2938 2797
f 2941 2938 2853
f 2833 2948 2946
f 2948 2832 2941
f 2946 2941 2811
f 2948 2941 2946
f 2804 2950 2935
f 2950 2834 2954
f 2935 2954 2831
f 2950 2954 2935
f 2834 2949 2952
f 2949 2803 2917
f 2952 2917 2827
f 2949 2917 2952
f 2831 2937 2934
f 2937 2827 2916
f 2934 2916 2795
f 2937 2916 2934
f 2834 2952 2954
f 2952 2827 2937
f 2954 2937 2831
f 2952 2937 2954
f 2803 2925 2920
f 2925 2829 2929
f 2920 2929 2828
f 2925 2929 2920
f 2829 2924 2927
f 2924 2800 2870
f 2927 2870 2816
f 2924 2870 2927
f 2828 2922 2919
f 2922 2816 2869
f 2919 2869 2799
f 2922 2869 2919
f 2829 2927 2929
f 2927 2816 2922
f 2929 2922 2828
f 2927 2922 2929
f 2800 2866 2882
f 2866 2815 2884
f 2882 2884 2820
f 2866 2884 2882
f 2815 2865 2873
f 2865 2794 2871
f 2873 2871 2817
f 2865 2871 2873
f 2820 2886 2883
f 2886 2817 2872
f 2883 2872 2801
f 2886 2872 2883
f 2815 2873 2884
f 2873 2817 2886
f 2884 2886 2820
f 2873 2886 2884
f 2796 2892 2842
f 2892 2822 2894
f 2842 2894 2808
f 2892 2894 2842
f 2822 2893 2900
f 2893 2802 2897
f 2900 2897 2823
f 2893 2897 2900
f 2808 2898 2843
f 2898 2823 2896
f 2843 2896 2797
f 2898 2896 2843
f 2822 2900 2894
f 2900 2823 2898
f 2894 2898 2808
f 2900 2898 2894
f 2796 2842 2838
f 2842 2808 2844
f 2838 2844 2806
f 2842 2844 2838
f 2808 2843 2845
f 2843 2797 2840
f 2845 2840 2807
f 2843 2840 2845
f 2806 2841 2837
f 2841 2807 2839
f 2837 2839 2795
f 2841 2839 2837
f 2808 2845 2844
f 2845 2807 2841
f 2844 2841 2806
f 2845 2841 2844
f 2796 2838 2858
f 2838 2806 2860
f 2858 2860 2813
f 2838 2860 2858
f 2806 2837 2857
f 2837 2795 2855
f 2857 2855 2812
f 2837 2855 2857
f 2813 2861 2859
f 2861 2812 2856
f 2859 2856 2799
f 2861 2856 2859
f 2806 2857 2860
f 2857 2812 2861
f 2860 2861 2813
f 2857 2861 2860
f 2796 2858 2874
f 2858 2813 2876
f 2874 2876 2818
f 2858 2876 2874
f 2813 2859 2879
f 2859 2799 2877
f 2879 2877 2819
f 2859 2877 2879
f 2818 2881 2875
f 2881 2819 2878
f 2875 2878 2801
f 2881 2878 2875
f 2813 2879 2876
f 2879 2819 2881
f 2876 2881 2818
f 2879 2881 2876
f 2796 2874 2892
f 2874 2818 2895
f 2892 2895 2822
f 2874 2895 2892
f 2818 2875 2910
f 2875 2801 2907
f 2910 2907 2825
f 2875 2907 2910
f 2822 2912 2893
f 2912 2825 2908
f 2893 2908 2802
f 2912 2908 2893
f 2818 2910 2895
f 2910 2825 2912
f 2895 2912 2822
f 2910 2912 2895
f 2797 2896 2853
f 2896 2823 2899
f 2853 2899 2811
f 2896 2899 2853
f 2823 2897 2906
f 2897 2802 2902
f 2906 2902 2824
f 2897 2902 2906
f 2811 2904 2854
f 2904 2824 2901
f 2854 2901 2798
f 2904 2901 2854
f 2823 2906 2899
f 2906 2824 2904
f 2899 2904 2811
f 2906 2904 2899
f 2795 2839 2934
f 2839 2807 2936
f 2934 2936 2831
f 2839 2936 2934
f 2807 2840 2940
f 2840 2797 2938
f 2940 2938 2832
f 2840 2938 2940
f 2831 2942 2935
f 2942 2832 2939
f 2935 2939 2804
f 2942 2939 2935
f 2807 2940 2936
f 2940 2832 2942
f 2936 2942 2831
f 2940 2942 2936
f 2799 2856 2919
f 2856 2812 2921
f 2919 2921 2828
f 2856 2921 2919
f 2812 2855 2918
f 2855 2795 2916
f 2918 2916 2827
f 2855 2916 2918
f 2828 2923 2920
f 2923 2827 2917
f 2920 2917 2803
f 2923 2917 2920
f 2812 2918 2921
f 2918 2827 2923
f 2921 2923 2828
f 2918 2923 2921
f 2801 2878 2883
f 2878 2819 2887
f 2883 2887 2820
f 2878 2887 2883
f 2819 2877 2880
f 2877 2799 2869
f 2880 2869 2816
f 2877 2869 2880
f 2820 2885 2882
f 2885 2816 2870
f 2882 2870 2800
f 2885 2870 2882
f 2819 2880 2887
f 2880 2816 2885
f 2887 2885 2820
f 2880 2885 2887
f 2802 2908 2889
f 2908 2825 2911
f 2889 2911 2821
f 2908 2911 2889
f 2825 2907 2909
f 2907 2801 2872
f 2909 2872 2817
f 2907 2872 2909
f 2821 2891 2888
f 2891 2817 2871
f 2888 2871 2794
f 2891 2871 2888
f 2825 2909 2911
f 2909 2817 2891
f 2911 2891 2821
f 2909 2891 2911
f 2955 3092 3008
f 3092 2992 3094
f 3008 3094 2971
f 3092 3094 3008
f 2992 3093 3109
f 3093 2966 3106
f 3109 3106 2995
f 3093 3106 3109
f 2971 3107 3009
f 3107 2995 3105
f 3009 3105 2960
f 3107 3105 3009
f 2992 3109 3094
f 3109 2995 3107
f 3094 3107 2971
f 3109 3107 3094
f 2955 3008 2997
f 3008 2971 3010
f 2997 3010 2967
f 3008 3010 2997
f 2971 3009 3014
f 3009 2960 3012
f 3014 3012 2972
f 3009 3012 3014
f 2967 3013 2998
f 3013 2972 3011
f 2998 3011 2956
f 3013 3011 2998
f 2971 3014 3010
f 3014 2972 3013
f 3010 3013 2967
f 3014 3013 3010
f 2955 2997 3024
f 2997 2967 3026
f 3024 3026 2976
f 2997 3026 3024
f 2967 2998 3029
f 2998 2956 3027
f 3029 3027 2977
f 2998 3027 3029
f 2976 3030 3025
f 3030 2977 3028
f 3025 3028 2962
f 3030 3028 3025
f 2967 3029 3026
f 3029 2977 3030
f 3026 3030 2976
f 3029 3030 3026
f 2955 3024 3075
f 3024 2976 3077
f 3075 3077 2988
f 3024 3077 3075
f 2976 3025 3088
f 3025 2962 3086
f 3088 3086 2991
f 3025 3086 3088
f 2988 3090 3076
f 3090 2991 3087
f 3076 3087 2965
f 3090 3087 3076
f 2976 3088 3077
f 3088 2991 3090
f 3077 3090 2988
f 3088 3090 3077
f 2955 3075 3092
f 3075 2988 3095
f 3092 3095 2992
f 3075 3095 3092
f 2988 3076 3113
f 3076 2965 3111
f 3113 3111 2996
f 3076 3111 3113
f 2992 3115 3093
f 3115 2996 3112
f 3093 3112 2966
f 3115 3112 3093
f 2988 3113 3095
f 3113 2996 3115
f 3095 3115 2992
f 3113 3115 3095
f 2956 3011 3050
f 3011 2972 3052
f 3050 3052 2983
f 3011 3052 3050
f 2972 3012 3065
f 3012 2960 3063
f 3065 3063 2986
f 3012 3063 3065
f 2983 3067 3051
f 3067 2986 3064
f 3051 3064 2964
f 3067 3064 3051
f 2972 3065 3052
f 3065 2986 3067
f 3052 3067 2983
f 3065 3067 3052
f 2960 3105 3016
f 3105 2995 3108
f 3016 3108 2973
f 3105 3108 3016
f 2995 3106 3110
f 3106 2966 3101
f 3110 3101 2994
f 3106 3101 3110
f 2973 3103 3015
f 3103 2994 3100
f 3015 3100 2959
f 3103 3100 3015
f 2995 3110 3108
f 3110 2994 3103
f 3108 3103 2973
f 3110 3103 3108
f 2966 3112 3097
f 3112 2996 3116
f 3097 3116 2993
f 3112 3116 3097
f 2996 3111 3114
f 3111 2965 3079
f 3114 3079 2989
f 3111 3079 3114
f 2993 3099 3096
f 3099 2989 3078
f 3096 3078 2957
f 3099 3078 3096
f 2996 3114 3116
f 3114 2989 3099
f 3116 3099 2993
f 3114 3099 3116
f 2965 3087 3082
f 3087 2991 3091
f 3082 3091 2990
f 3087 3091 3082
f 2991 3086 3089
f 3086 2962 3032
f 3089 3032 2978
f 3086 3032 3089
f 2990 3084 3081
f 3084 2978 3031
f 3081 3031 2961
f 3084 3031 3081
f 2991 3089 3091
f 3089 2978 3084
f 3091 3084 2990
f 3089 3084 3091
f 2962 3028 3044
f 3028 2977 3046
f 3044 3046 2982
f 3028 3046 3044
f 2977 3027 3035
f 3027 2956 3033
f 3035 3033 2979
f 3027 3033 3035
f 2982 3048 3045
f 3048 2979 3034
f 3045 3034 2963
f 3048 3034 3045
f 2977 3035 3046
f 3035 2979 3048
f 3046 3048 2982
f 3035 3048 3046
f 2958 3054 3004
f 3054 2984 3056
f 3004 3056 2970
f 3054 3056 3004
f 2984 3055 3062
f 3055 2964 3059
f 3062 3059 2985
f 3055 3059 3062
f 2970 3060 3005
f 3060 2985 3058
f 3005 3058 2959
f 3060 3058 3005
f 2984 3062 3056
f 3062 2985 3060
f 3056 3060 2970
f 3062 3060 3056
f 2958 3004 3000
f 3004 2970 3006
f 3000 3006 2968
f 3004 3006 3000
f 2970 3005 3007
f 3005 2959 3002
f 3007 3002 2969
f 3005 3002 3007
f 2968 3003 2999
f 3003 2969 3001
f 2999 3001 2957
f 3003 3001 2999
f 2970 3007 3006
f 3007 2969 3003
f 3006 3003 2968
f 3007 3003 3006
f 2958 3000 3020
f 3000 2968 3022
f 3020 3022 2975
f 3000 3022 3020
f 2968 2999 3019
f 2999 2957 3017
f 3019 3017 2974
f 2999 3017 3019
f 2975 3023 3021
f 3023 2974 3018
f 3021 3018 2961
f 3023 3018 3021
f 2968 3019 3022
f 3019 2974 3023
f 3022 3023 2975
f 3019 3023 3022
f 2958 3020 3036
f 3020 2975 3038
f 3036 3038 2980
f 3020 3038 3036
f 2975 3021 3041
f 3021 2961 3039
f 3041 3039 2981
f 3021 3039 3041
f 2980 3043 3037
f 3043 2981 3040
f 3037 3040 2963
f 3043 3040 3037
f 2975 3041 3038
f 3041 2981 3043
f 3038 3043 2980
f 3041 3043 3038
f 2958 3036 3054
f 3036 2980 3057
f 3054 3057 2984
f 3036 3057 3054
f 2980 3037 3072
f 3037 2963 3069
f 3072 3069 2987
f 3037 3069 3072
f 2984 3074 3055
f 3074 2987 3070
f 3055 3070 2964
f 3074 3070 3055
f 2980 3072 3057
f 3072 2987 3074
f 3057 3074 2984
f 3072 3074 3057
f 2959 3058 3015
f 3058 2985 3061
f 3015 3061 2973
f 3058 3061 3015
f 2985 3059 3068
f 3059 2964 3064
f 3068 3064 2986
f 3059 3064 3068
f 2973 3066 3016
f 3066 2986 3063
f 3016 3063 2960
f 3066 3063 3016
f 2985 3068 3061
f 3068 2986 3066
f 3061 3066 2973
f 3068 3066 3061
f 2957 3001 3096
f 3001 2969 3098
f 3096 3098 2993
f 3001 3098 3096
f 2969 3002 3102
f 3002 2959 3100
f 3102 3100 2994
f 3002 3100 3102
f 2993 3104 3097
f 3104 2994 3101
f 3097 3101 2966
f 3104 3101 3097
f 2969 3102 3098
f 3102 2994 3104
f 3098 3104 2993
f 3102 3104 3098
f 2961 3018 3081
f 3018 2974 3083
f 3081 3083 2990
f 3018 3083 3081
f 2974 3017 3080
f 3017 2957 3078
f 3080 3078 2989
f 3017 3078 3080
f 2990 3085 3082
f 3085 2989 3079
f 3082 3079 2965
f 3085 3079 3082
f 2974 3080 3083
f 3080 2989 3085
f 3083 3085 2990
f 3080 3085 3083
f 2963 3040 3045
f 3040 2981 3049
f 3045 3049 2982
f 3040 3049 3045
f 2981 3039 3042
f 3039 2961 3031
f 3042 3031 2978
f 3039 3031 3042
f 2982 3047 3044
f 3047 2978 3032
f 3044 3032 2962
f 3047 3032 3044
f 2981 3042 3049
f 3042 2978 3047
f 3049 3047 2982
f 3042 3047 3049
f 2964 3070 3051
f 3070 2987 3073
f 3051 3073 2983
f 3070 3073 3051
f 2987 3069 3071
f 3069 2963 3034
f 3071 3034 2979
f 3069 3034 3071
f 2983 3053 3050
f 3053 2979 3033
f 3050 3033 2956
f 3053 3033 3050
f 2987 3071 3073
f 3071 2979 3053
f 3073 3053 2983
f 3071 3053 3073
f 3118 3117 3121
f 3118 3121 3119
f 3119 3121 3122
f 3119 3122 3120
f 3121 3117 3123
f 3121 3123 3122
f 3122 3123 3124
f 3122 3124 3120
f 3123 3117 3125
f 3123 3125 3124
f 3124 3125 3126
f 3124 3126 3120
f 3125 3117 3127
f 3125 3127 3126
f 3126 3127 3128
f 3126 3128 3120
f 3127 3117 3129
f 3127 3129 3128
f 3128 3129 3130
f 3128 3130 3120
f 3129 3117 3131
f 3129 3131 3130
f 3130 3131 3132
f 3130 3132 3120
f 3131 3117 3133
f 3131 3133 3132
f 3132 3133 3134
f 3132 3134 3120
f 3133 3117 3118
f 3133 3118 3134
f 3134 3118 3119
f 3134 3119 3120
f 3136 3135 3139
f 3136 3139 3137
f 3137 3139 3140
f 3137 3140 3138
f 3139 3135 3141
f 3139 3141 3140
f 3140 3141 3142
f 3140 3142 3138
f 3141 3135 3143
f 3141 3143 3142
f 3142 3143 3144
f 3142 3144 3138
f 3143 3135 3145
f 3143 3145 3144
f 3144 3145 3146
f 3144 3146 3138
f 3145 3135 3147
f 3145 3147 3146
f 3146 3147 3148
f 3146 3148 3138
f 3147 3135 3149
f 3147 3149 3148
f 3148 3149 3150
f 3148 3150 3138
f 3149 3135 3151
f 3149 3151 3150
f 3150 3151 3152
f 3150 3152 3138
f 3151 3135 3136
f 3151 3136 3152
f 3152 3136 3137
f 3152 3137 3138
f 3154 3153 3157
f 3154 3157 3155
f 3155 3157 3158
f 3155 3158 3156
f 3157 3153 3159
f 3157 3159 3158
f 3158 3159 3160
f 3158 3160 3156
f 3159 3153 3161
f 3159 3161 3160
f 3160 3161 3162
f 3160 3162 3156
f 3161 3153 3163
f 3161 3163 3162
f 3162 3163 3164
f 3162 3164 3156
f 3163 3153 3165
f 3163 3165 3164
f 3164 3165 3166
f 3164 3166 3156
f 3165 3153 3167
f 3165 3167 3166
f 3166 3167 3168
f 3166 3168 3156
f 3167 3153 3169
f 3167 3169 3168
f 3168 3169 3170
f 3168 3170 3156
f 3169 3153 3154
f 3169 3154 3170
f 3170 3154 3155
f 3170 3155 3156
f 3172 3171 3175
f 3172 3175 3173
f 3173 3175 3176
f 3173 3176 3174
f 3175 3171 3177
f 3175 3177 3176
f 3176 3177 3178
f 3176 3178 3174
f 3177 3171 3179
f 3177 3179 3178
f 3178 3179 3180
f 3178 3180 3174
f 3179 3171 3181
f 3179 3181 3180
f 3180 3181 3182
f 3180 3182 3174
f 3181 3171 3183
f 3181 3183 3182
f 3182 3183 3184
f 3182 3184 3174
f 3183 3171 3185
f 3183 3185 3184
f 3184 3185 3186
f 3184 3186 3174
f 3185 3171 3187
f 3185 3187 3186
f 3186 3187 3188
f 3186 3188 3174
f 3187 3171 3172
f 3187 3172 3188
f 3188 3172 3173
f 3188 3173 3174
f 3190 3189 3193
f 3190 3193 3191
f 3191 3193 3194
f 3191 3194 3192
f 3193 3189 3195
f 3193 3195 3194
f 3194 3195 3196
f 3194 3196 3192
f 3195 3189 3197
f 3195 3197 3196
f 3196 3197 3198
f 3196 3198 3192
f 3197 3189 3199
f 3197 3199 3198
f 3198 3199 3200
f 3198 3200 3192
f 3199 3189 3201
f 3199 3201 3200
f 3200 3201 3202
f 3200 3202 3192
f 3201 3189 3203
f 3201 3203 3202
f 3202 3203 3204
f 3202 3204 3192
f 3203 3189 3205
f 3203 3205 3204
f 3204 3205 3206
f 3204 3206 3192
f 3205 3189 3190
f 3205 3190 3206
f 3206 3190 3191
f 3206 3191 3192
f 3207 3739 3403
f 3739 3344 3741
f 3403 3741 3260
f 3739 3741 3403
f 3344 3740 3748
f 3740 3244 3746
f 3748 3746 3346
f 3740 3746 3748
f 3260 3747 3404
f 3747 3346 3745
f 3404 3745 3223
f 3747 3745 3404
f 3344 3748 3741
f 3748 3346 3747
f 3741 3747 3260
f 3748 3747 3741
f 3244 3744 3807
f 3744 3345 3809
f 3807 3809 3361
f 3744 3809 3807
f 3345 3743 3795
f 3743 3218 3793
f 3795 3793 3358
f 3743 3793 3795
f 3361 3811 3808
f 3811 3358 3794
f 3808 3794 3247
f 3811 3794 3808
f 3345 3795 3809
f 3795 3358 3811
f 3809 3811 3361
f 3795 3811 3809
f 3223 3797 3407
f 3797 3359 3799
f 3407 3799 3261
f 3797 3799 3407
f 3359 3798 3801
f 3798 3247 3790
f 3801 3790 3357
f 3798 3790 3801
f 3261 3791 3406
f 3791 3357 3789
f 3406 3789 3212
f 3791 3789 3406
f 3359 3801 3799
f 3801 3357 3791
f 3799 3791 3261
f 3801 3791 3799
f 3244 3807 3746
f 3807 3361 3810
f 3746 3810 3346
f 3807 3810 3746
f 3361 3808 3812
f 3808 3247 3798
f 3812 3798 3359
f 3808 3798 3812
f 3346 3800 3745
f 3800 3359 3797
f 3745 3797 3223
f 3800 3797 3745
f 3361 3812 3810
f 3812 3359 3800
f 3810 3800 3346
f 3812 3800 3810
f 3207 3403 3369
f 3403 3260 3405
f 3369 3405 3249
f 3403 3405 3369
f 3260 3404 3411
f 3404 3223 3409
f 3411 3409 3262
f 3404 3409 3411
f 3249 3410 3370
f 3410 3262 3408
f 3370 3408 3219
f 3410 3408 3370
f 3260 3411 3405
f 3411 3262 3410
f 3405 3410 3249
f 3411 3410 3405
f 3223 3407 3423
f 3407 3261 3425
f 3423 3425 3266
f 3407 3425 3423
f 3261 3406 3417
f 3406 3212 3415
f 3417 3415 3264
f 3406 3415 3417
f 3266 3427 3424
f 3427 3264 3416
f 3424 3416 3224
f 3427 3416 3424
f 3261 3417 3425
f 3417 3264 3427
f 3425 3427 3266
f 3417 3427 3425
f 3219 3418 3372
f 3418 3265 3420
f 3372 3420 3250
f 3418 3420 3372
f 3265 3419 3422
f 3419 3224 3413
f 3422 3413 3263
f 3419 3413 3422
f 3250 3414 3371
f 3414 3263 3412
f 3371 3412 3208
f 3414 3412 3371
f 3265 3422 3420
f 3422 3263 3414
f 3420 3414 3250
f 3422 3414 3420
f 3223 3423 3409
f 3423 3266 3426
f 3409 3426 3262
f 3423 3426 3409
f 3266 3424 3428
f 3424 3224 3419
f 3428 3419 3265
f 3424 3419 3428
f 3262 3421 3408
f 3421 3265 3418
f 3408 3418 3219
f 3421 3418 3408
f 3266 3428 3426
f 3428 3265 3421
f 3426 3421 3262
f 3428 3421 3426
f 3207 3369 3459
f 3369 3249 3461
f 3459 3461 3276
f 3369 3461 3459
f 3249 3370 3466
f 3370 3219 3464
f 3466 3464 3278
f 3370 3464 3466
f 3276 3467 3460
f 3467 3278 3465
f 3460 3465 3228
f 3467 3465 3460
f 3249 3466 3461
f 3466 3278 3467
f 3461 3467 3276
f 3466 3467 3461
f 3219 3372 3474
f 3372 3250 3476
f 3474 3476 3281
f 3372 3476 3474
f 3250 3371 3470
f 3371 3208 3468
f 3470 3468 3279
f 3371 3468 3470
f 3281 3478 3475
f 3478 3279 3469
f 3475 3469 3229
f 3478 3469 3475
f 3250 3470 3476
f 3470 3279 3478
f 3476 3478 3281
f 3470 3478 3476
f 3228 3479 3463
f 3479 3282 3481
f 3463 3481 3277
f 3479 3481 3463
f 3282 3480 3483
f 3480 3229 3472
f 3483 3472 3280
f 3480 3472 3483
f 3277 3473 3462
f 3473 3280 3471
f 3462 3471 3214
f 3473 3471 3462
f 3282 3483 3481
f 3483 3280 3473
f 3481 3473 3277
f 3483 3473 3481
f 3219 3474 3464
f 3474 3281 3477
f 3464 3477 3278
f 3474 3477 3464
f 3281 3475 3484
f 3475 3229 3480
f 3484 3480 3282
f 3475 3480 3484
f 3278 3482 3465
f 3482 3282 3479
f 3465 3479 3228
f 3482 3479 3465
f 3281 3484 3477
f 3484 3282 3482
f 3477 3482 3278
f 3484 3482 3477
f 3207 3459 3669
f 3459 3276 3671
f 3669 3671 3327
f 3459 3671 3669
f 3276 3460 3676
f 3460 3228 3674
f 3676 3674 3329
f 3460 3674 3676
f 3327 3677 3670
f 3677 3329 3675
f 3670 3675 3240
f 3677 3675 3670
f 3276 3676 3671
f 3676 3329 3677
f 3671 3677 3327
f 3676 3677 3671
f 3228 3463 3717
f 3463 3277 3719
f 3717 3719 3340
f 3463 3719 3717
f 3277 3462 3711
f 3462 3214 3709
f 3711 3709 3338
f 3462 3709 3711
f 3340 3721 3718
f 3721 3338 3710
f 3718 3710 3243
f 3721 3710 3718
f 3277 3711 3719
f 3711 3338 3721
f 3719 3721 3340
f 3711 3721 3719
f 3240 3727 3673
f 3727 3342 3729
f 3673 3729 3328
f 3727 3729 3673
f 3342 3728 3731
f 3728 3243 3714
f 3731 3714 3339
f 3728 3714 3731
f 3328 3715 3672
f 3715 3339 3713
f 3672 3713 3217
f 3715 3713 3672
f 3342 3731 3729
f 3731 3339 3715
f 3729 3715 3328
f 3731 3715 3729
f 3228 3717 3674
f 3717 3340 3720
f 3674 3720 3329
f 3717 3720 3674
f 3340 3718 3732
f 3718 3243 3728
f 3732 3728 3342
f 3718 3728 3732
f 3329 3730 3675
f 3730 3342 3727
f 3675 3727 3240
f 3730 3727 3675
f 3340 3732 3720
f 3732 3342 3730
f 3720 3730 3329
f 3732 3730 3720
f 3207 3669 3739
f 3669 3327 3742
f 3739 3742 3344
f 3669 3742 3739
f 3327 3670 3751
f 3670 3240 3749
f 3751 3749 3347
f 3670 3749 3751
f 3344 3752 3740
f 3752 3347 3750
f 3740 3750 3244
f 3752 3750 3740
f 3327 3751 3742
f 3751 3347 3752
f 3742 3752 3344
f 3751 3752 3742
f 3240 3673 3827
f 3673 3328 3829
f 3827 3829 3365
f 3673 3829 3827
f 3328 3672 3821
f 3672 3217 3819
f 3821 3819 3363
f 3672 3819 3821
f 3365 3831 3828
f 3831 3363 3820
f 3828 3820 3248
f 3831 3820 3828
f 3328 3821 3829
f 3821 3363 3831
f 3829 3831 3365
f 3821 3831 3829
f 3244 3837 3744
f 3837 3367 3839
f 3744 3839 3345
f 3837 3839 3744
f 3367 3838 3841
f 3838 3248 3824
f 3841 3824 3364
f 3838 3824 3841
f 3345 3825 3743
f 3825 3364 3823
f 3743 3823 3218
f 3825 3823 3743
f 3367 3841 3839
f 3841 3364 3825
f 3839 3825 3345
f 3841 3825 3839
f 3240 3827 3749
f 3827 3365 3830
f 3749 3830 3347
f 3827 3830 3749
f 3365 3828 3842
f 3828 3248 3838
f 3842 3838 3367
f 3828 3838 3842
f 3347 3840 3750
f 3840 3367 3837
f 3750 3837 3244
f 3840 3837 3750
f 3365 3842 3830
f 3842 3367 3840
f 3830 3840 3347
f 3842 3840 3830
f 3208 3412 3559
f 3412 3263 3561
f 3559 3561 3302
f 3412 3561 3559
f 3263 3413 3567
f 3413 3224 3565
f 3567 3565 3304
f 3413 3565 3567
f 3302 3568 3560
f 3568 3304 3566
f 3560 3566 3235
f 3568 3566 3560
f 3263 3567 3561
f 3567 3304 3568
f 3561 3568 3302
f 3567 3568 3561
f 3224 3416 3617
f 3416 3264 3619
f 3617 3619 3317
f 3416 3619 3617
f 3264 3415 3611
f 3415 3212 3609
f 3611 3609 3315
f 3415 3609 3611
f 3317 3621 3618
f 3621 3315 3610
f 3618 3610 3238
f 3621 3610 3618
f 3264 3611 3619
f 3611 3315 3621
f 3619 3621 3317
f 3611 3621 3619
f 3235 3627 3564
f 3627 3319 3629
f 3564 3629 3303
f 3627 3629 3564
f 3319 3628 3631
f 3628 3238 3614
f 3631 3614 3316
f 3628 3614 3631
f 3303 3615 3563
f 3615 3316 3613
f 3563 3613 3216
f 3615 3613 3563
f 3319 3631 3629
f 3631 3316 3615
f 3629 3615 3303
f 3631 3615 3629
f 3224 3617 3565
f 3617 3317 3620
f 3565 3620 3304
f 3617 3620 3565
f 3317 3618 3632
f 3618 3238 3628
f 3632 3628 3319
f 3618 3628 3632
f 3304 3630 3566
f 3630 3319 3627
f 3566 3627 3235
f 3630 3627 3566
f 3317 3632 3620
f 3632 3319 3630
f 3620 3630 3304
f 3632 3630 3620
f 3212 3789 3431
f 3789 3357 3792
f 3431 3792 3268
f 3789 3792 3431
f 3357 3790 3806
f 3790 3247 3803
f 3806 3803 3360
f 3790 3803 3806
f 3268 3804 3432
f 3804 3360 3802
f 3432 3802 3225
f 3804 3802 3432
f 3357 3806 3792
f 3806 3360 3804
f 3792 3804 3268
f 3806 3804 3792
f 3247 3794 3814
f 3794 3358 3817
f 3814 3817 3362
f 3794 3817 3814
f 3358 3793 3796
f 3793 3218 3771
f 3796 3771 3353
f 3793 3771 3796
f 3362 3815 3813
f 3815 3353 3772
f 3813 3772 3246
f 3815 3772 3813
f 3358 3796 3817
f 3796 3353 3815
f 3817 3815 3362
f 3796 3815 3817
f 3225 3779 3430
f 3779 3355 3781
f 3430 3781 3267
f 3779 3781 3430
f 3355 3780 3782
f 3780 3246 3768
f 3782 3768 3352
f 3780 3768 3782
f 3267 3770 3429
f 3770 3352 3767
f 3429 3767 3211
f 3770 3767 3429
f 3355 3782 3781
f 3782 3352 3770
f 3781 3770 3267
f 3782 3770 3781
f 3247 3814 3803
f 3814 3362 3818
f 3803 3818 3360
f 3814 3818 3803
f 3362 3813 3816
f 3813 3246 3780
f 3816 3780 3355
f 3813 3780 3816
f 3360 3805 3802
f 3805 3355 3779
f 3802 3779 3225
f 3805 3779 3802
f 3362 3816 3818
f 3816 3355 3805
f 3818 3805 3360
f 3816 3805 3818
f 3218 3823 3757
f 3823 3364 3826
f 3757 3826 3349
f 3823 3826 3757
f 3364 3824 3847
f 3824 3248 3844
f 3847 3844 3368
f 3824 3844 3847
f 3349 3845 3758
f 3845 3368 3843
f 3758 3843 3245
f 3845 3843 3758
f 3364 3847 3826
f 3847 3368 3845
f 3826 3845 3349
f 3847 3845 3826
f 3248 3820 3833
f 3820 3363 3836
f 3833 3836 3366
f 3820 3836 3833
f 3363 3819 3822
f 3819 3217 3681
f 3822 3681 3331
f 3819 3681 3822
f 3366 3834 3832
f 3834 3331 3682
f 3832 3682 3241
f 3834 3682 3832
f 3363 3822 3836
f 3822 3331 3834
f 3836 3834 3366
f 3822 3834 3836
f 3245 3764 3754
f 3764 3351 3766
f 3754 3766 3348
f 3764 3766 3754
f 3351 3763 3765
f 3763 3241 3679
f 3765 3679 3330
f 3763 3679 3765
f 3348 3756 3753
f 3756 3330 3678
f 3753 3678 3209
f 3756 3678 3753
f 3351 3765 3766
f 3765 3330 3756
f 3766 3756 3348
f 3765 3756 3766
f 3248 3833 3844
f 3833 3366 3848
f 3844 3848 3368
f 3833 3848 3844
f 3366 3832 3835
f 3832 3241 3763
f 3835 3763 3351
f 3832 3763 3835
f 3368 3846 3843
f 3846 3351 3764
f 3843 3764 3245
f 3846 3764 3843
f 3366 3835 3848
f 3835 3351 3846
f 3848 3846 3368
f 3835 3846 3848
f 3217 3713 3691
f 3713 3339 3716
f 3691 3716 3334
f 3713 3716 3691
f 3339 3714 3737
f 3714 3243 3734
f 3737 3734 3343
f 3714 3734 3737
f 3334 3735 3692
f 3735 3343 3733
f 3692 3733 3242
f 3735 3733 3692
f 3339 3737 3716
f 3737 3343 3735
f 3716 3735 3334
f 3737 3735 3716
f 3243 3710 3723
f 3710 3338 3726
f 3723 3726 3341
f 3710 3726 3723
f 3338 3709 3712
f 3709 3214 3487
f 3712 3487 3284
f 3709 3487 3712
f 3341 3724 3722
f 3724 3284 3488
f 3722 3488 3230
f 3724 3488 3722
f 3338 3712 3726
f 3712 3284 3724
f 3726 3724 3341
f 3712 3724 3726
f 3242 3700 3688
f 3700 3336 3702
f 3688 3702 3333
f 3700 3702 3688
f 3336 3699 3701
f 3699 3230 3486
f 3701 3486 3283
f 3699 3486 3701
f 3333 3690 3687
f 3690 3283 3485
f 3687 3485 3213
f 3690 3485 3687
f 3336 3701 3702
f 3701 3283 3690
f 3702 3690 3333
f 3701 3690 3702
f 3243 3723 3734
f 3723 3341 3738
f 3734 3738 3343
f 3723 3738 3734
f 3341 3722 3725
f 3722 3230 3699
f 3725 3699 3336
f 3722 3699 3725
f 3343 3736 3733
f 3736 3336 3700
f 3733 3700 3242
f 3736 3700 3733
f 3341 3725 3738
f 3725 3336 3736
f 3738 3736 3343
f 3725 3736 3738
f 3214 3471 3529
f 3471 3280 3531
f 3529 3531 3296
f 3471 3531 3529
f 3280 3472 3539
f 3472 3229 3537
f 3539 3537 3298
f 3472 3537 3539
f 3296 3541 3530
f 3541 3298 3538
f 3530 3538 3234
f 3541 3538 3530
f 3280 3539 3531
f 3539 3298 3541
f 3531 3541 3296
f 3539 3541 3531
f 3229 3469 3494
f 3469 3279 3496
f 3494 3496 3287
f 3469 3496 3494
f 3279 3468 3491
f 3468 3208 3489
f 3491 3489 3285
f 3468 3489 3491
f 3287 3497 3495
f 3497 3285 3490
f 3495 3490 3231
f 3497 3490 3495
f 3279 3491 3496
f 3491 3285 3497
f 3496 3497 3287
f 3491 3497 3496
f 3234 3548 3534
f 3548 3300 3551
f 3534 3551 3297
f 3548 3551 3534
f 3300 3547 3549
f 3547 3231 3493
f 3549 3493 3286
f 3547 3493 3549
f 3297 3535 3533
f 3535 3286 3492
f 3533 3492 3215
f 3535 3492 3533
f 3300 3549 3551
f 3549 3286 3535
f 3551 3535 3297
f 3549 3535 3551
f 3229 3494 3537
f 3494 3287 3540
f 3537 3540 3298
f 3494 3540 3537
f 3287 3495 3550
f 3495 3231 3547
f 3550 3547 3300
f 3495 3547 3550
f 3298 3552 3538
f 3552 3300 3548
f 3538 3548 3234
f 3552 3548 3538
f 3287 3550 3540
f 3550 3300 3552
f 3540 3552 3298
f 3550 3552 3540
f 3210 3573 3386
f 3573 3306 3575
f 3386 3575 3256
f 3573 3575 3386
f 3306 3574 3582
f 3574 3236 3580
f 3582 3580 3308
f 3574 3580 3582
f 3256 3581 3387
f 3581 3308 3579
f 3387 3579 3222
f 3581 3579 3387
f 3306 3582 3575
f 3582 3308 3581
f 3575 3581 3256
f 3582 3581 3575
f 3236 3578 3603
f 3578 3307 3605
f 3603 3605 3314
f 3578 3605 3603
f 3307 3577 3593
f 3577 3216 3591
f 3593 3591 3311
f 3577 3591 3593
f 3314 3607 3604
f 3607 3311 3592
f 3604 3592 3237
f 3607 3592 3604
f 3307 3593 3605
f 3593 3311 3607
f 3605 3607 3314
f 3593 3607 3605
f 3222 3594 3390
f 3594 3312 3596
f 3390 3596 3257
f 3594 3596 3390
f 3312 3595 3598
f 3595 3237 3588
f 3598 3588 3310
f 3595 3588 3598
f 3257 3589 3389
f 3589 3310 3587
f 3389 3587 3211
f 3589 3587 3389
f 3312 3598 3596
f 3598 3310 3589
f 3596 3589 3257
f 3598 3589 3596
f 3236 3603 3580
f 3603 3314 3606
f 3580 3606 3308
f 3603 3606 3580
f 3314 3604 3608
f 3604 3237 3595
f 3608 3595 3312
f 3604 3595 3608
f 3308 3597 3579
f 3597 3312 3594
f 3579 3594 3222
f 3597 3594 3579
f 3314 3608 3606
f 3608 3312 3597
f 3606 3597 3308
f 3608 3597 3606
f 3210 3386 3375
f 3386 3256 3388
f 3375 3388 3252
f 3386 3388 3375
f 3256 3387 3396
f 3387 3222 3393
f 3396 3393 3258
f 3387 3393 3396
f 3252 3394 3376
f 3394 3258 3392
f 3376 3392 3220
f 3394 3392 3376
f 3256 3396 3388
f 3396 3258 3394
f 3388 3394 3252
f 3396 3394 3388
f 3222 3390 3398
f 3390 3257 3401
f 3398 3401 3259
f 3390 3401 3398
f 3257 3389 3391
f 3389 3211 3380
f 3391 3380 3254
f 3389 3380 3391
f 3259 3399 3397
f 3399 3254 3381
f 3397 3381 3221
f 3399 3381 3397
f 3257 3391 3401
f 3391 3254 3399
f 3401 3399 3259
f 3391 3399 3401
f 3220 3382 3374
f 3382 3255 3384
f 3374 3384 3251
f 3382 3384 3374
f 3255 3383 3385
f 3383 3221 3378
f 3385 3378 3253
f 3383 3378 3385
f 3251 3379 3373
f 3379 3253 3377
f 3373 3377 3209
f 3379 3377 3373
f 3255 3385 3384
f 3385 3253 3379
f 3384 3379 3251
f 3385 3379 3384
f 3222 3398 3393
f 3398 3259 3402
f 3393 3402 3258
f 3398 3402 3393
f 3259 3397 3400
f 3397 3221 3383
f 3400 3383 3255
f 3397 3383 3400
f 3258 3395 3392
f 3395 3255 3382
f 3392 3382 3220
f 3395 3382 3392
f 3259 3400 3402
f 3400 3255 3395
f 3402 3395 3258
f 3400 3395 3402
f 3210 3375 3442
f 3375 3252 3444
f 3442 3444 3272
f 3375 3444 3442
f 3252 3376 3450
f 3376 3220 3448
f 3450 3448 3274
f 3376 3448 3450
f 3272 3452 3443
f 3452 3274 3449
f 3443 3449 3227
f 3452 3449 3443
f 3252 3450 3444
f 3450 3274 3452
f 3444 3452 3272
f 3450 3452 3444
f 3220 3374 3438
f 3374 3251 3440
f 3438 3440 3271
f 3374 3440 3438
f 3251 3373 3435
f 3373 3209 3433
f 3435 3433 3269
f 3373 3433 3435
f 3271 3441 3439
f 3441 3269 3434
f 3439 3434 3226
f 3441 3434 3439
f 3251 3435 3440
f 3435 3269 3441
f 3440 3441 3271
f 3435 3441 3440
f 3227 3454 3446
f 3454 3275 3457
f 3446 3457 3273
f 3454 3457 3446
f 3275 3453 3455
f 3453 3226 3437
f 3455 3437 3270
f 3453 3437 3455
f 3273 3447 3445
f 3447 3270 3436
f 3445 3436 3213
f 3447 3436 3445
f 3275 3455 3457
f 3455 3270 3447
f 3457 3447 3273
f 3455 3447 3457
f 3220 3438 3448
f 3438 3271 3451
f 3448 3451 3274
f 3438 3451 3448
f 3271 3439 3456
f 3439 3226 3453
f 3456 3453 3275
f 3439 3453 3456
f 3274 3458 3449
f 3458 3275 3454
f 3449 3454 3227
f 3458 3454 3449
f 3271 3456 3451
f 3456 3275 3458
f 3451 3458 3274
f 3456 3458 3451
f 3210 3442 3498
f 3442 3272 3500
f 3498 3500 3288
f 3442 3500 3498
f 3272 3443 3505
f 3443 3227 3503
f 3505 3503 3290
f 3443 3503 3505
f 3288 3506 3499
f 3506 3290 3504
f 3499 3504 3232
f 3506 3504 3499
f 3272 3505 3500
f 3505 3290 3506
f 3500 3506 3288
f 3505 3506 3500
f 3227 3446 3514
f 3446 3273 3516
f 3514 3516 3293
f 3446 3516 3514
f 3273 3445 3509
f 3445 3213 3507
f 3509 3507 3291
f 3445 3507 3509
f 3293 3518 3515
f 3518 3291 3508
f 3515 3508 3233
f 3518 3508 3515
f 3273 3509 3516
f 3509 3291 3518
f 3516 3518 3293
f 3509 3518 3516
f 3232 3523 3502
f 3523 3295 3525
f 3502 3525 3289
f 3523 3525 3502
f 3295 3524 3527
f 3524 3233 3512
f 3527 3512 3292
f 3524 3512 3527
f 3289 3513 3501
f 3513 3292 3511
f 3501 3511 3215
f 3513 3511 3501
f 3295 3527 3525
f 3527 3292 3513
f 3525 3513 3289
f 3527 3513 3525
f 3227 3514 3503
f 3514 3293 3517
f 3503 3517 3290
f 3514 3517 3503
f 3293 3515 3528
f 3515 3233 3524
f 3528 3524 3295
f 3515 3524 3528
f 3290 3526 3504
f 3526 3295 3523
f 3504 3523 3232
f 3526 3523 3504
f 3293 3528 3517
f 3528 3295 3526
f 3517 3526 3290
f 3528 3526 3517
f 3210 3498 3573
f 3498 3288 3576
f 3573 3576 3306
f 3498 3576 3573
f 3288 3499 3585
f 3499 3232 3583
f 3585 3583 3309
f 3499 3583 3585
f 3306 3586 3574
f 3586 3309 3584
f 3574 3584 3236
f 3586 3584 3574
f 3288 3585 3576
f 3585 3309 3586
f 3576 3586 3306
f 3585 3586 3576
f 3232 3502 3652
f 3502 3289 3654
f 3652 3654 3324
f 3502 3654 3652
f 3289 3501 3642
f 3501 3215 3639
f 3642 3639 3321
f 3501 3639 3642
f 3324 3656 3653
f 3656 3321 3640
f 3653 3640 3239
f 3656 3640 3653
f 3289 3642 3654
f 3642 3321 3656
f 3654 3656 3324
f 3642 3656 3654
f 3236 3663 3578
f 3663 3326 3665
f 3578 3665 3307
f 3663 3665 3578
f 3326 3664 3667
f 3664 3239 3644
f 3667 3644 3322
f 3664 3644 3667
f 3307 3646 3577
f 3646 3322 3643
f 3577 3643 3216
f 3646 3643 3577
f 3326 3667 3665
f 3667 3322 3646
f 3665 3646 3307
f 3667 3646 3665
f 3232 3652 3583
f 3652 3324 3655
f 3583 3655 3309
f 3652 3655 3583
f 3324 3653 3668
f 3653 3239 3664
f 3668 3664 3326
f 3653 3664 3668
f 3309 3666 3584
f 3666 3326 3663
f 3584 3663 3236
f 3666 3663 3584
f 3324 3668 3655
f 3668 3326 3666
f 3655 3666 3309
f 3668 3666 3655
f 3211 3587 3429
f 3587 3310 3590
f 3429 3590 3267
f 3587 3590 3429
f 3310 3588 3602
f 3588 3237 3600
f 3602 3600 3313
f 3588 3600 3602
f 3267 3601 3430
f 3601 3313 3599
f 3430 3599 3225
f 3601 3599 3430
f 3310 3602 3590
f 3602 3313 3601
f 3590 3601 3267
f 3602 3601 3590
f 3237 3592 3633
f 3592 3311 3635
f 3633 3635 3320
f 3592 3635 3633
f 3311 3591 3616
f 3591 3216 3613
f 3616 3613 3316
f 3591 3613 3616
f 3320 3637 3634
f 3637 3316 3614
f 3634 3614 3238
f 3637 3614 3634
f 3311 3616 3635
f 3616 3316 3637
f 3635 3637 3320
f 3616 3637 3635
f 3225 3622 3432
f 3622 3318 3624
f 3432 3624 3268
f 3622 3624 3432
f 3318 3623 3626
f 3623 3238 3610
f 3626 3610 3315
f 3623 3610 3626
f 3268 3612 3431
f 3612 3315 3609
f 3431 3609 3212
f 3612 3609 3431
f 3318 3626 3624
f 3626 3315 3612
f 3624 3612 3268
f 3626 3612 3624
f 3237 3633 3600
f 3633 3320 3636
f 3600 3636 3313
f 3633 3636 3600
f 3320 3634 3638
f 3634 3238 3623
f 3638 3623 3318
f 3634 3623 3638
f 3313 3625 3599
f 3625 3318 3622
f 3599 3622 3225
f 3625 3622 3599
f 3320 3638 3636
f 3638 3318 3625
f 3636 3625 3313
f 3638 3625 3636
f 3209 3377 3753
f 3377 3253 3755
f 3753 3755 3348
f 3377 3755 3753
f 3253 3378 3761
f 3378 3221 3759
f 3761 3759 3350
f 3378 3759 3761
f 3348 3762 3754
f 3762 3350 3760
f 3754 3760 3245
f 3762 3760 3754
f 3253 3761 3755
f 3761 3350 3762
f 3755 3762 3348
f 3761 3762 3755
f 3221 3381 3774
f 3381 3254 3776
f 3774 3776 3354
f 3381 3776 3774
f 3254 3380 3769
f 3380 3211 3767
f 3769 3767 3352
f 3380 3767 3769
f 3354 3778 3775
f 3778 3352 3768
f 3775 3768 3246
f 3778 3768 3775
f 3254 3769 3776
f 3769 3352 3778
f 3776 3778 3354
f 3769 3778 3776
f 3245 3783 3758
f 3783 3356 3785
f 3758 3785 3349
f 3783 3785 3758
f 3356 3784 3787
f 3784 3246 3772
f 3787 3772 3353
f 3784 3772 3787
f 3349 3773 3757
f 3773 3353 3771
f 3757 3771 3218
f 3773 3771 3757
f 3356 3787 3785
f 3787 3353 3773
f 3785 3773 3349
f 3787 3773 3785
f 3221 3774 3759
f 3774 3354 3777
f 3759 3777 3350
f 3774 3777 3759
f 3354 3775 3788
f 3775 3246 3784
f 3788 3784 3356
f 3775 3784 3788
f 3350 3786 3760
f 3786 3356 3783
f 3760 3783 3245
f 3786 3783 3760
f 3354 3788 3777
f 3788 3356 3786
f 3777 3786 3350
f 3788 3786 3777
f 3213 3436 3687
f 3436 3270 3689
f 3687 3689 3333
f 3436 3689 3687
f 3270 3437 3696
f 3437 3226 3694
f 3696 3694 3335
f 3437 3694 3696
f 3333 3698 3688
f 3698 3335 3695
f 3688 3695 3242
f 3698 3695 3688
f 3270 3696 3689
f 3696 3335 3698
f 3689 3698 3333
f 3696 3698 3689
f 3226 3434 3683
f 3434 3269 3685
f 3683 3685 3332
f 3434 3685 3683
f 3269 3433 3680
f 3433 3209 3678
f 3680 3678 3330
f 3433 3678 3680
f 3332 3686 3684
f 3686 3330 3679
f 3684 3679 3241
f 3686 3679 3684
f 3269 3680 3685
f 3680 3330 3686
f 3685 3686 3332
f 3680 3686 3685
f 3242 3704 3692
f 3704 3337 3707
f 3692 3707 3334
f 3704 3707 3692
f 3337 3703 3705
f 3703 3241 3682
f 3705 3682 3331
f 3703 3682 3705
f 3334 3693 3691
f 3693 3331 3681
f 3691 3681 3217
f 3693 3681 3691
f 3337 3705 3707
f 3705 3331 3693
f 3707 3693 3334
f 3705 3693 3707
f 3226 3683 3694
f 3683 3332 3697
f 3694 3697 3335
f 3683 3697 3694
f 3332 3684 3706
f 3684 3241 3703
f 3706 3703 3337
f 3684 3703 3706
f 3335 3708 3695
f 3708 3337 3704
f 3695 3704 3242
f 3708 3704 3695
f 3332 3706 3697
f 3706 3337 3708
f 3697 3708 3335
f 3706 3708 3697
f 3215 3511 3533
f 3511 3292 3536
f 3533 3536 3297
f 3511 3536 3533
f 3292 3512 3555
f 3512 3233 3553
f 3555 3553 3301
f 3512 3553 3555
f 3297 3557 3534
f 3557 3301 3554
f 3534 3554 3234
f 3557 3554 3534
f 3292 3555 3536
f 3555 3301 3557
f 3536 3557 3297
f 3555 3557 3536
f 3233 3508 3520
f 3508 3291 3522
f 3520 3522 3294
f 3508 3522 3520
f 3291 3507 3510
f 3507 3213 3485
f 3510 3485 3283
f 3507 3485 3510
f 3294 3521 3519
f 3521 3283 3486
f 3519 3486 3230
f 3521 3486 3519
f 3291 3510 3522
f 3510 3283 3521
f 3522 3521 3294
f 3510 3521 3522
f 3234 3543 3530
f 3543 3299 3546
f 3530 3546 3296
f 3543 3546 3530
f 3299 3542 3544
f 3542 3230 3488
f 3544 3488 3284
f 3542 3488 3544
f 3296 3532 3529
f 3532 3284 3487
f 3529 3487 3214
f 3532 3487 3529
f 3299 3544 3546
f 3544 3284 3532
f 3546 3532 3296
f 3544 3532 3546
f 3233 3520 3553
f 3520 3294 3556
f 3553 3556 3301
f 3520 3556 3553
f 3294 3519 3545
f 3519 3230 3542
f 3545 3542 3299
f 3519 3542 3545
f 3301 3558 3554
f 3558 3299 3543
f 3554 3543 3234
f 3558 3543 3554
f 3294 3545 3556
f 3545 3299 3558
f 3556 3558 3301
f 3545 3558 3556
f 3216 3643 3563
f 3643 3322 3645
f 3563 3645 3303
f 3643 3645 3563
f 3322 3644 3661
f 3644 3239 3658
f 3661 3658 3325
f 3644 3658 3661
f 3303 3659 3564
f 3659 3325 3657
f 3564 3657 3235
f 3659 3657 3564
f 3322 3661 3645
f 3661 3325 3659
f 3645 3659 3303
f 3661 3659 3645
f 3239 3640 3648
f 3640 3321 3651
f 3648 3651 3323
f 3640 3651 3648
f 3321 3639 3641
f 3639 3215 3492
f 3641 3492 3286
f 3639 3492 3641
f 3323 3649 3647
f 3649 3286 3493
f 3647 3493 3231
f 3649 3493 3647
f 3321 3641 3651
f 3641 3286 3649
f 3651 3649 3323
f 3641 3649 3651
f 3235 3570 3560
f 3570 3305 3572
f 3560 3572 3302
f 3570 3572 3560
f 3305 3569 3571
f 3569 3231 3490
f 3571 3490 3285
f 3569 3490 3571
f 3302 3562 3559
f 3562 3285 3489
f 3559 3489 3208
f 3562 3489 3559
f 3305 3571 3572
f 3571 3285 3562
f 3572 3562 3302
f 3571 3562 3572
f 3239 3648 3658
f 3648 3323 3662
f 3658 3662 3325
f 3648 3662 3658
f 3323 3647 3650
f 3647 3231 3569
f 3650 3569 3305
f 3647 3569 3650
f 3325 3660 3657
f 3660 3305 3570
f 3657 3570 3235
f 3660 3570 3657
f 3323 3650 3662
f 3650 3305 3660
f 3662 3660 3325
f 3650 3660 3662

